19:43:36:438  INFO 11224 --- [item-service] [main] c.a.nacos.client.logging.NacosLogging    : Nacos Logging Adapter Builder: com.alibaba.nacos.logger.adapter.logback12.LogbackNacosLoggingAdapterBuilder
19:43:36:452  INFO 11224 --- [item-service] [main] c.a.nacos.client.logging.NacosLogging    : Nacos Logging Adapter Builder: com.alibaba.nacos.logger.adapter.logback14.LogbackNacosLoggingAdapterBuilder
19:43:36:453  INFO 11224 --- [item-service] [main] c.a.nacos.client.logging.NacosLogging    : Nacos Logging Adapter: com.alibaba.nacos.logger.adapter.logback14.LogbackNacosLoggingAdapter match ch.qos.logback.classic.Logger success.
19:43:36:460  INFO 11224 --- [item-service] [main] c.a.nacos.client.logging.NacosLogging    : Nacos Logging Adapter Builder: com.alibaba.nacos.logger.adapter.log4j2.Log4j2NacosLoggingAdapterBuilder
19:43:36:570  WARN 11224 --- [item-service] [main] c.a.nacos.client.logging.NacosLogging    : Load ch.qos.logback.classic.Logger Configuration of Nacos fail, message: 'void ch.qos.logback.core.model.ModelUtil.setProperty(ch.qos.logback.core.model.processor.ModelInterpretationContext, java.lang.String, java.lang.String, ch.qos.logback.core.joran.action.ActionUtil$Scope)'
19:43:36:632  WARN 11224 --- [item-service] [main] c.a.nacos.client.logging.NacosLogging    : Load ch.qos.logback.classic.Logger Configuration of Nacos fail, message: 'void ch.qos.logback.core.model.ModelUtil.setProperty(ch.qos.logback.core.model.processor.ModelInterpretationContext, java.lang.String, java.lang.String, ch.qos.logback.core.joran.action.ActionUtil$Scope)'
19:43:36:642  INFO 11224 --- [item-service] [main] c.g.item.elastic.ElasticDocumentTest     : Starting ElasticDocumentTest using Java 21.0.11 with PID 11224 (started by lindu in E:\hmall\hm-item\item-service)
19:43:36:643  INFO 11224 --- [item-service] [main] c.g.item.elastic.ElasticDocumentTest     : The following 1 profile is active: "local"
19:43:37:888  INFO 11224 --- [item-service] [main] o.s.cloud.context.scope.GenericScope     : BeanFactory id=47d6e0ea-b2a4-3bea-86c5-5bfe4470e366
19:43:37:998  WARN 11224 --- [item-service] [main] trationDelegate$BeanPostProcessorChecker : Bean 'org.apache.seata.spring.boot.autoconfigure.SeataCoreAutoConfiguration' of type [org.apache.seata.spring.boot.autoconfigure.SeataCoreAutoConfiguration] is not eligible for getting processed by all BeanPostProcessors (for example: not eligible for auto-proxying). Is this bean getting eagerly injected/applied to a currently created BeanPostProcessor []? Check the corresponding BeanPostProcessor declaration and its dependencies/advisors. If this bean does not have to be post-processed, declare it with ROLE_INFRASTRUCTURE.
19:43:37:999  WARN 11224 --- [item-service] [main] trationDelegate$BeanPostProcessorChecker : Bean 'springApplicationContextProvider' of type [org.apache.seata.spring.boot.autoconfigure.provider.SpringApplicationContextProvider] is not eligible for getting processed by all BeanPostProcessors (for example: not eligible for auto-proxying). Is this bean getting eagerly injected/applied to a currently created BeanPostProcessor []? Check the corresponding BeanPostProcessor declaration and its dependencies/advisors. If this bean does not have to be post-processed, declare it with ROLE_INFRASTRUCTURE.
19:43:37:999  WARN 11224 --- [item-service] [main] trationDelegate$BeanPostProcessorChecker : Bean 'org.apache.seata.spring.boot.autoconfigure.SeataAutoConfiguration' of type [org.apache.seata.spring.boot.autoconfigure.SeataAutoConfiguration] is not eligible for getting processed by all BeanPostProcessors (for example: not eligible for auto-proxying). Is this bean getting eagerly injected/applied to a currently created BeanPostProcessor []? Check the corresponding BeanPostProcessor declaration and its dependencies/advisors. If this bean does not have to be post-processed, declare it with ROLE_INFRASTRUCTURE.
19:43:38:080  WARN 11224 --- [item-service] [main] trationDelegate$BeanPostProcessorChecker : Bean 'failureHandler' of type [org.apache.seata.tm.api.DefaultFailureHandlerImpl] is not eligible for getting processed by all BeanPostProcessors (for example: not eligible for auto-proxying). Is this bean getting eagerly injected/applied to a currently created BeanPostProcessor []? Check the corresponding BeanPostProcessor declaration and its dependencies/advisors. If this bean does not have to be post-processed, declare it with ROLE_INFRASTRUCTURE.
19:43:38:087  WARN 11224 --- [item-service] [main] trationDelegate$BeanPostProcessorChecker : Bean 'org.springframework.cloud.commons.config.CommonsConfigAutoConfiguration' of type [org.springframework.cloud.commons.config.CommonsConfigAutoConfiguration] is not eligible for getting processed by all BeanPostProcessors (for example: not eligible for auto-proxying). Is this bean getting eagerly injected/applied to a currently created BeanPostProcessor [globalTransactionScanner]? Check the corresponding BeanPostProcessor declaration and its dependencies/advisors. If this bean does not have to be post-processed, declare it with ROLE_INFRASTRUCTURE.
19:43:38:121  WARN 11224 --- [item-service] [main] trationDelegate$BeanPostProcessorChecker : Bean 'org.springframework.cloud.client.loadbalancer.LoadBalancerDefaultMappingsProviderAutoConfiguration' of type [org.springframework.cloud.client.loadbalancer.LoadBalancerDefaultMappingsProviderAutoConfiguration] is not eligible for getting processed by all BeanPostProcessors (for example: not eligible for auto-proxying). Is this bean getting eagerly injected/applied to a currently created BeanPostProcessor [globalTransactionScanner]? Check the corresponding BeanPostProcessor declaration and its dependencies/advisors. If this bean does not have to be post-processed, declare it with ROLE_INFRASTRUCTURE.
19:43:38:122  WARN 11224 --- [item-service] [main] trationDelegate$BeanPostProcessorChecker : Bean 'loadBalancerClientsDefaultsMappingsProvider' of type [org.springframework.cloud.client.loadbalancer.LoadBalancerDefaultMappingsProviderAutoConfiguration$$Lambda/0x0000016db55b6ef0] is not eligible for getting processed by all BeanPostProcessors (for example: not eligible for auto-proxying). Is this bean getting eagerly injected/applied to a currently created BeanPostProcessor [globalTransactionScanner]? Check the corresponding BeanPostProcessor declaration and its dependencies/advisors. If this bean does not have to be post-processed, declare it with ROLE_INFRASTRUCTURE.
19:43:38:123  WARN 11224 --- [item-service] [main] trationDelegate$BeanPostProcessorChecker : Bean 'defaultsBindHandlerAdvisor' of type [org.springframework.cloud.commons.config.DefaultsBindHandlerAdvisor] is not eligible for getting processed by all BeanPostProcessors (for example: not eligible for auto-proxying). Is this bean getting eagerly injected/applied to a currently created BeanPostProcessor [globalTransactionScanner]? Check the corresponding BeanPostProcessor declaration and its dependencies/advisors. If this bean does not have to be post-processed, declare it with ROLE_INFRASTRUCTURE.
19:43:38:132  WARN 11224 --- [item-service] [main] trationDelegate$BeanPostProcessorChecker : Bean 'springCloudAlibabaConfiguration' of type [org.apache.seata.spring.boot.autoconfigure.properties.SpringCloudAlibabaConfiguration] is not eligible for getting processed by all BeanPostProcessors (for example: not eligible for auto-proxying). Is this bean getting eagerly injected/applied to a currently created BeanPostProcessor [globalTransactionScanner]? Check the corresponding BeanPostProcessor declaration and its dependencies/advisors. If this bean does not have to be post-processed, declare it with ROLE_INFRASTRUCTURE.
19:43:38:140  WARN 11224 --- [item-service] [main] trationDelegate$BeanPostProcessorChecker : Bean 'seataProperties' of type [org.apache.seata.spring.boot.autoconfigure.properties.SeataProperties] is not eligible for getting processed by all BeanPostProcessors (for example: not eligible for auto-proxying). Is this bean getting eagerly injected/applied to a currently created BeanPostProcessor [globalTransactionScanner]? Check the corresponding BeanPostProcessor declaration and its dependencies/advisors. If this bean does not have to be post-processed, declare it with ROLE_INFRASTRUCTURE.
19:43:38:146  INFO 11224 --- [item-service] [main] o.a.s.s.b.a.SeataAutoConfiguration       : Automatically configure Seata
19:43:38:172  INFO 11224 --- [item-service] [main] ServiceLoader$InnerEnhancedServiceLoader : Load compatible class io.seata.spring.annotation.ScannerChecker
19:43:38:224  INFO 11224 --- [item-service] [main] ServiceLoader$InnerEnhancedServiceLoader : Ignore load compatible class io.seata.config.ExtConfigurationProvider, because is not assignable from origin type org.apache.seata.config.ExtConfigurationProvider
19:43:38:236  INFO 11224 --- [item-service] [main] o.a.seata.config.ConfigurationFactory    : load Configuration from :Spring Configuration
19:43:38:264  INFO 11224 --- [item-service] [main] ServiceLoader$InnerEnhancedServiceLoader : Load compatible class io.seata.integration.tx.api.remoting.RemotingParser
19:43:38:265  INFO 11224 --- [item-service] [main] o.a.s.s.a.GlobalTransactionScanner       : Initializing Global Transaction Clients ... 
19:43:38:366  INFO 11224 --- [item-service] [main] ServiceLoader$InnerEnhancedServiceLoader : Load compatible class io.seata.core.auth.AuthSigner
19:43:38:384  INFO 11224 --- [item-service] [main] o.a.s.c.rpc.netty.NettyClientBootstrap   : NettyClientBootstrap has started
19:43:38:393  INFO 11224 --- [item-service] [main] o.a.s.d.registry.RegistryFactory         : use registry center type: file
19:43:38:400  INFO 11224 --- [item-service] [main] ServiceLoader$InnerEnhancedServiceLoader : Load compatible class io.seata.discovery.registry.RegistryProvider
19:43:38:403  INFO 11224 --- [item-service] [main] o.a.s.c.r.n.NettyClientChannelManager    : will connect to 192.168.41.128:8099
19:43:38:409  INFO 11224 --- [item-service] [main] o.a.s.c.rpc.netty.NettyPoolableFactory   : NettyPool create channel to transactionRole:TMROLE,address:192.168.41.128:8099,msg:< RegisterTMRequest{version='2.1.0', applicationId='item-service', transactionServiceGroup='hmall', extraData='ak=null
digest=hmall,172.29.160.1,1790595818407
timestamp=1790595818407
authVersion=V4
vgroup=hmall
ip=172.29.160.1
'} >
19:43:38:530  INFO 11224 --- [item-service] [NettyClientSelector_TMROLE_1_1] ServiceLoader$InnerEnhancedServiceLoader : Load compatible class io.seata.core.serializer.Serializer
19:43:43:506  INFO 11224 --- [item-service] [NettyClientSelector_TMROLE_1_1] o.a.s.c.r.n.AbstractNettyRemotingClient  : channel inactive: [id: 0x0706df60, L:/198.18.0.1:4571 ! R:/192.168.41.128:8099]
19:44:00:567  WARN 11224 --- [item-service] [Thread-2] c.a.n.common.executor.ThreadPoolManager  : [ThreadPoolManager] Start destroying ThreadPool
19:44:00:568  WARN 11224 --- [item-service] [Thread-2] c.a.n.common.executor.ThreadPoolManager  : [ThreadPoolManager] Destruction of the end
19:44:48:470  INFO 17108 --- [item-service] [main] c.a.nacos.client.logging.NacosLogging    : Nacos Logging Adapter Builder: com.alibaba.nacos.logger.adapter.logback12.LogbackNacosLoggingAdapterBuilder
19:44:48:481  INFO 17108 --- [item-service] [main] c.a.nacos.client.logging.NacosLogging    : Nacos Logging Adapter Builder: com.alibaba.nacos.logger.adapter.logback14.LogbackNacosLoggingAdapterBuilder
19:44:48:482  INFO 17108 --- [item-service] [main] c.a.nacos.client.logging.NacosLogging    : Nacos Logging Adapter: com.alibaba.nacos.logger.adapter.logback14.LogbackNacosLoggingAdapter match ch.qos.logback.classic.Logger success.
19:44:48:488  INFO 17108 --- [item-service] [main] c.a.nacos.client.logging.NacosLogging    : Nacos Logging Adapter Builder: com.alibaba.nacos.logger.adapter.log4j2.Log4j2NacosLoggingAdapterBuilder
19:44:48:582  WARN 17108 --- [item-service] [main] c.a.nacos.client.logging.NacosLogging    : Load ch.qos.logback.classic.Logger Configuration of Nacos fail, message: 'void ch.qos.logback.core.model.ModelUtil.setProperty(ch.qos.logback.core.model.processor.ModelInterpretationContext, java.lang.String, java.lang.String, ch.qos.logback.core.joran.action.ActionUtil$Scope)'
19:44:48:638  WARN 17108 --- [item-service] [main] c.a.nacos.client.logging.NacosLogging    : Load ch.qos.logback.classic.Logger Configuration of Nacos fail, message: 'void ch.qos.logback.core.model.ModelUtil.setProperty(ch.qos.logback.core.model.processor.ModelInterpretationContext, java.lang.String, java.lang.String, ch.qos.logback.core.joran.action.ActionUtil$Scope)'
19:44:48:650  INFO 17108 --- [item-service] [main] c.g.item.elastic.ElasticDocumentTest     : Starting ElasticDocumentTest using Java 21.0.11 with PID 17108 (started by lindu in E:\hmall\hm-item\item-service)
19:44:48:651  INFO 17108 --- [item-service] [main] c.g.item.elastic.ElasticDocumentTest     : The following 1 profile is active: "local"
19:44:49:823  INFO 17108 --- [item-service] [main] o.s.cloud.context.scope.GenericScope     : BeanFactory id=47d6e0ea-b2a4-3bea-86c5-5bfe4470e366
19:44:49:926  WARN 17108 --- [item-service] [main] trationDelegate$BeanPostProcessorChecker : Bean 'org.apache.seata.spring.boot.autoconfigure.SeataCoreAutoConfiguration' of type [org.apache.seata.spring.boot.autoconfigure.SeataCoreAutoConfiguration] is not eligible for getting processed by all BeanPostProcessors (for example: not eligible for auto-proxying). Is this bean getting eagerly injected/applied to a currently created BeanPostProcessor []? Check the corresponding BeanPostProcessor declaration and its dependencies/advisors. If this bean does not have to be post-processed, declare it with ROLE_INFRASTRUCTURE.
19:44:49:928  WARN 17108 --- [item-service] [main] trationDelegate$BeanPostProcessorChecker : Bean 'springApplicationContextProvider' of type [org.apache.seata.spring.boot.autoconfigure.provider.SpringApplicationContextProvider] is not eligible for getting processed by all BeanPostProcessors (for example: not eligible for auto-proxying). Is this bean getting eagerly injected/applied to a currently created BeanPostProcessor []? Check the corresponding BeanPostProcessor declaration and its dependencies/advisors. If this bean does not have to be post-processed, declare it with ROLE_INFRASTRUCTURE.
19:44:49:928  WARN 17108 --- [item-service] [main] trationDelegate$BeanPostProcessorChecker : Bean 'org.apache.seata.spring.boot.autoconfigure.SeataAutoConfiguration' of type [org.apache.seata.spring.boot.autoconfigure.SeataAutoConfiguration] is not eligible for getting processed by all BeanPostProcessors (for example: not eligible for auto-proxying). Is this bean getting eagerly injected/applied to a currently created BeanPostProcessor []? Check the corresponding BeanPostProcessor declaration and its dependencies/advisors. If this bean does not have to be post-processed, declare it with ROLE_INFRASTRUCTURE.
19:44:49:994  WARN 17108 --- [item-service] [main] trationDelegate$BeanPostProcessorChecker : Bean 'failureHandler' of type [org.apache.seata.tm.api.DefaultFailureHandlerImpl] is not eligible for getting processed by all BeanPostProcessors (for example: not eligible for auto-proxying). Is this bean getting eagerly injected/applied to a currently created BeanPostProcessor []? Check the corresponding BeanPostProcessor declaration and its dependencies/advisors. If this bean does not have to be post-processed, declare it with ROLE_INFRASTRUCTURE.
19:44:50:005  WARN 17108 --- [item-service] [main] trationDelegate$BeanPostProcessorChecker : Bean 'org.springframework.cloud.commons.config.CommonsConfigAutoConfiguration' of type [org.springframework.cloud.commons.config.CommonsConfigAutoConfiguration] is not eligible for getting processed by all BeanPostProcessors (for example: not eligible for auto-proxying). Is this bean getting eagerly injected/applied to a currently created BeanPostProcessor [globalTransactionScanner]? Check the corresponding BeanPostProcessor declaration and its dependencies/advisors. If this bean does not have to be post-processed, declare it with ROLE_INFRASTRUCTURE.
19:44:50:011  WARN 17108 --- [item-service] [main] trationDelegate$BeanPostProcessorChecker : Bean 'org.springframework.cloud.client.loadbalancer.LoadBalancerDefaultMappingsProviderAutoConfiguration' of type [org.springframework.cloud.client.loadbalancer.LoadBalancerDefaultMappingsProviderAutoConfiguration] is not eligible for getting processed by all BeanPostProcessors (for example: not eligible for auto-proxying). Is this bean getting eagerly injected/applied to a currently created BeanPostProcessor [globalTransactionScanner]? Check the corresponding BeanPostProcessor declaration and its dependencies/advisors. If this bean does not have to be post-processed, declare it with ROLE_INFRASTRUCTURE.
19:44:50:012  WARN 17108 --- [item-service] [main] trationDelegate$BeanPostProcessorChecker : Bean 'loadBalancerClientsDefaultsMappingsProvider' of type [org.springframework.cloud.client.loadbalancer.LoadBalancerDefaultMappingsProviderAutoConfiguration$$Lambda/0x0000027e815b46e0] is not eligible for getting processed by all BeanPostProcessors (for example: not eligible for auto-proxying). Is this bean getting eagerly injected/applied to a currently created BeanPostProcessor [globalTransactionScanner]? Check the corresponding BeanPostProcessor declaration and its dependencies/advisors. If this bean does not have to be post-processed, declare it with ROLE_INFRASTRUCTURE.
19:44:50:013  WARN 17108 --- [item-service] [main] trationDelegate$BeanPostProcessorChecker : Bean 'defaultsBindHandlerAdvisor' of type [org.springframework.cloud.commons.config.DefaultsBindHandlerAdvisor] is not eligible for getting processed by all BeanPostProcessors (for example: not eligible for auto-proxying). Is this bean getting eagerly injected/applied to a currently created BeanPostProcessor [globalTransactionScanner]? Check the corresponding BeanPostProcessor declaration and its dependencies/advisors. If this bean does not have to be post-processed, declare it with ROLE_INFRASTRUCTURE.
19:44:50:019  WARN 17108 --- [item-service] [main] trationDelegate$BeanPostProcessorChecker : Bean 'springCloudAlibabaConfiguration' of type [org.apache.seata.spring.boot.autoconfigure.properties.SpringCloudAlibabaConfiguration] is not eligible for getting processed by all BeanPostProcessors (for example: not eligible for auto-proxying). Is this bean getting eagerly injected/applied to a currently created BeanPostProcessor [globalTransactionScanner]? Check the corresponding BeanPostProcessor declaration and its dependencies/advisors. If this bean does not have to be post-processed, declare it with ROLE_INFRASTRUCTURE.
19:44:50:024  WARN 17108 --- [item-service] [main] trationDelegate$BeanPostProcessorChecker : Bean 'seataProperties' of type [org.apache.seata.spring.boot.autoconfigure.properties.SeataProperties] is not eligible for getting processed by all BeanPostProcessors (for example: not eligible for auto-proxying). Is this bean getting eagerly injected/applied to a currently created BeanPostProcessor [globalTransactionScanner]? Check the corresponding BeanPostProcessor declaration and its dependencies/advisors. If this bean does not have to be post-processed, declare it with ROLE_INFRASTRUCTURE.
19:44:50:029  INFO 17108 --- [item-service] [main] o.a.s.s.b.a.SeataAutoConfiguration       : Automatically configure Seata
19:44:50:054  INFO 17108 --- [item-service] [main] ServiceLoader$InnerEnhancedServiceLoader : Load compatible class io.seata.spring.annotation.ScannerChecker
19:44:50:120  INFO 17108 --- [item-service] [main] ServiceLoader$InnerEnhancedServiceLoader : Ignore load compatible class io.seata.config.ExtConfigurationProvider, because is not assignable from origin type org.apache.seata.config.ExtConfigurationProvider
19:44:50:137  INFO 17108 --- [item-service] [main] o.a.seata.config.ConfigurationFactory    : load Configuration from :Spring Configuration
19:44:50:166  INFO 17108 --- [item-service] [main] ServiceLoader$InnerEnhancedServiceLoader : Load compatible class io.seata.integration.tx.api.remoting.RemotingParser
19:44:50:168  INFO 17108 --- [item-service] [main] o.a.s.s.a.GlobalTransactionScanner       : Initializing Global Transaction Clients ... 
19:44:50:258  INFO 17108 --- [item-service] [main] ServiceLoader$InnerEnhancedServiceLoader : Load compatible class io.seata.core.auth.AuthSigner
19:44:50:279  INFO 17108 --- [item-service] [main] o.a.s.c.rpc.netty.NettyClientBootstrap   : NettyClientBootstrap has started
19:44:50:288  INFO 17108 --- [item-service] [main] o.a.s.d.registry.RegistryFactory         : use registry center type: file
19:44:50:296  INFO 17108 --- [item-service] [main] ServiceLoader$InnerEnhancedServiceLoader : Load compatible class io.seata.discovery.registry.RegistryProvider
19:44:50:308  INFO 17108 --- [item-service] [main] o.a.s.c.r.n.NettyClientChannelManager    : will connect to 192.168.68.128:8099
19:44:50:316  INFO 17108 --- [item-service] [main] o.a.s.c.rpc.netty.NettyPoolableFactory   : NettyPool create channel to transactionRole:TMROLE,address:192.168.68.128:8099,msg:< RegisterTMRequest{version='2.1.0', applicationId='item-service', transactionServiceGroup='hmall', extraData='ak=null
digest=hmall,172.29.160.1,1790595890314
timestamp=1790595890314
authVersion=V4
vgroup=hmall
ip=172.29.160.1
'} >
19:44:50:427  INFO 17108 --- [item-service] [NettyClientSelector_TMROLE_1_1] ServiceLoader$InnerEnhancedServiceLoader : Load compatible class io.seata.core.serializer.Serializer
19:44:50:952  INFO 17108 --- [item-service] [main] o.a.s.c.rpc.netty.TmNettyRemotingClient  : register TM success. client version:2.1.0, server version:2.0.0,channel:[id: 0x24d37017, L:/192.168.68.1:14238 - R:/192.168.68.128:8099]
19:44:50:957  INFO 17108 --- [item-service] [main] o.a.s.c.rpc.netty.NettyPoolableFactory   : register success, cost 566 ms, version:2.0.0,role:TMROLE,channel:[id: 0x24d37017, L:/192.168.68.1:14238 - R:/192.168.68.128:8099]
19:44:50:958  INFO 17108 --- [item-service] [main] o.a.s.s.a.GlobalTransactionScanner       : Transaction Manager Client is initialized. applicationId[item-service] txServiceGroup[hmall]
19:44:50:976  INFO 17108 --- [item-service] [main] ServiceLoader$InnerEnhancedServiceLoader : Load compatible class io.seata.core.model.ResourceManager
19:44:50:979  INFO 17108 --- [item-service] [main] o.a.seata.rm.datasource.AsyncWorker      : Async Commit Buffer Limit: 10000
19:44:50:980  INFO 17108 --- [item-service] [main] o.a.s.r.datasource.xa.ResourceManagerXA  : ResourceManagerXA init ...
19:44:50:989  INFO 17108 --- [item-service] [main] o.a.s.c.rpc.netty.NettyClientBootstrap   : NettyClientBootstrap has started
19:44:50:989  INFO 17108 --- [item-service] [main] o.a.s.s.a.GlobalTransactionScanner       : Resource Manager is initialized. applicationId[item-service] txServiceGroup[hmall]
19:44:50:990  INFO 17108 --- [item-service] [main] o.a.s.s.a.GlobalTransactionScanner       : Global Transaction Clients are initialized. 
19:44:51:063  INFO 17108 --- [item-service] [main] o.a.s.s.a.GlobalTransactionScanner       : The needed enhancement business beans are : []
19:44:51:084  INFO 17108 --- [item-service] [main] ServiceLoader$InnerEnhancedServiceLoader : Load compatible class io.seata.core.context.ContextCore
19:44:51:470  WARN 17108 --- [item-service] [main] trationDelegate$BeanPostProcessorChecker : Bean 'org.springframework.cloud.client.loadbalancer.LoadBalancerAutoConfiguration$DeferringLoadBalancerInterceptorConfig' of type [org.springframework.cloud.client.loadbalancer.LoadBalancerAutoConfiguration$DeferringLoadBalancerInterceptorConfig] is not eligible for getting processed by all BeanPostProcessors (for example: not eligible for auto-proxying). The currently created BeanPostProcessor [lbRestClientPostProcessor] is declared through a non-static factory method on that class; consider declaring it as static instead.
19:44:51:473  WARN 17108 --- [item-service] [main] trationDelegate$BeanPostProcessorChecker : Bean 'deferringLoadBalancerInterceptor' of type [org.springframework.cloud.client.loadbalancer.DeferringLoadBalancerInterceptor] is not eligible for getting processed by all BeanPostProcessors (for example: not eligible for auto-proxying). Is this bean getting eagerly injected/applied to a currently created BeanPostProcessor [lbRestClientPostProcessor]? Check the corresponding BeanPostProcessor declaration and its dependencies/advisors. If this bean does not have to be post-processed, declare it with ROLE_INFRASTRUCTURE.
19:44:51:627  INFO 17108 --- [item-service] [main] com.zaxxer.hikari.HikariDataSource       : HikariPool-1 - Starting...
19:44:57:783  WARN 17108 --- [item-service] [main] o.s.w.c.s.GenericWebApplicationContext   : Exception encountered during context initialization - cancelling refresh attempt: org.springframework.beans.factory.UnsatisfiedDependencyException: Error creating bean with name 'itemController' defined in file [E:\hmall\hm-item\item-service\target\classes\com\george\item\controller\ItemController.class]: Unsatisfied dependency expressed through constructor parameter 0: Error creating bean with name 'itemServiceImpl': Unsatisfied dependency expressed through field 'baseMapper': Error creating bean with name 'itemMapper' defined in file [E:\hmall\hm-item\item-service\target\classes\com\george\item\mapper\ItemMapper.class]: Unsatisfied dependency expressed through bean property 'sqlSessionFactory': Error creating bean with name 'sqlSessionFactory' defined in class path resource [com/baomidou/mybatisplus/autoconfigure/MybatisPlusAutoConfiguration.class]: Unsatisfied dependency expressed through method 'sqlSessionFactory' parameter 0: Error creating bean with name 'dataSource' defined in class path resource [org/springframework/boot/autoconfigure/jdbc/DataSourceConfiguration$Hikari.class]: can not init dataSource
19:44:57:785  INFO 17108 --- [item-service] [NettyClientSelector_TMROLE_1_1] o.a.s.c.r.n.AbstractNettyRemotingClient  : channel inactive: [id: 0x24d37017, L:/192.168.68.1:14238 ! R:/192.168.68.128:8099]
19:44:57:785  INFO 17108 --- [item-service] [NettyClientSelector_TMROLE_1_1] o.a.s.c.r.n.NettyClientChannelManager    : return to pool, rm channel:[id: 0x24d37017, L:/192.168.68.1:14238 ! R:/192.168.68.128:8099]
19:44:57:785  INFO 17108 --- [item-service] [NettyClientSelector_TMROLE_1_1] o.a.s.c.rpc.netty.NettyPoolableFactory   : channel valid false,channel:[id: 0x24d37017, L:/192.168.68.1:14238 ! R:/192.168.68.128:8099]
19:44:57:786  INFO 17108 --- [item-service] [NettyClientSelector_TMROLE_1_1] o.a.s.c.rpc.netty.NettyPoolableFactory   : will destroy channel:[id: 0x24d37017, L:/192.168.68.1:14238 ! R:/192.168.68.128:8099]
19:44:57:786  INFO 17108 --- [item-service] [NettyClientSelector_TMROLE_1_1] o.a.s.c.r.n.AbstractNettyRemotingClient  : ChannelHandlerContext(AbstractNettyRemotingClient$ClientHandler#0, [id: 0x24d37017, L:/192.168.68.1:14238 ! R:/192.168.68.128:8099]) will closed
19:44:57:786  INFO 17108 --- [item-service] [NettyClientSelector_TMROLE_1_1] o.a.s.c.r.n.AbstractNettyRemotingClient  : ChannelHandlerContext(AbstractNettyRemotingClient$ClientHandler#0, [id: 0x24d37017, L:/192.168.68.1:14238 ! R:/192.168.68.128:8099]) will closed
19:44:57:802  INFO 17108 --- [item-service] [main] .s.b.a.l.ConditionEvaluationReportLogger : 

Error starting ApplicationContext. To display the condition evaluation report re-run your application with 'debug' enabled.
19:44:57:832 ERROR 17108 --- [item-service] [main] o.s.boot.SpringApplication               : Application run failed

org.springframework.beans.factory.UnsatisfiedDependencyException: Error creating bean with name 'itemController' defined in file [E:\hmall\hm-item\item-service\target\classes\com\george\item\controller\ItemController.class]: Unsatisfied dependency expressed through constructor parameter 0: Error creating bean with name 'itemServiceImpl': Unsatisfied dependency expressed through field 'baseMapper': Error creating bean with name 'itemMapper' defined in file [E:\hmall\hm-item\item-service\target\classes\com\george\item\mapper\ItemMapper.class]: Unsatisfied dependency expressed through bean property 'sqlSessionFactory': Error creating bean with name 'sqlSessionFactory' defined in class path resource [com/baomidou/mybatisplus/autoconfigure/MybatisPlusAutoConfiguration.class]: Unsatisfied dependency expressed through method 'sqlSessionFactory' parameter 0: Error creating bean with name 'dataSource' defined in class path resource [org/springframework/boot/autoconfigure/jdbc/DataSourceConfiguration$Hikari.class]: can not init dataSource
	at org.springframework.beans.factory.support.ConstructorResolver.createArgumentArray(ConstructorResolver.java:795) ~[spring-beans-6.1.15.jar:6.1.15]
	at org.springframework.beans.factory.support.ConstructorResolver.autowireConstructor(ConstructorResolver.java:237) ~[spring-beans-6.1.15.jar:6.1.15]
	at org.springframework.beans.factory.support.AbstractAutowireCapableBeanFactory.autowireConstructor(AbstractAutowireCapableBeanFactory.java:1375) ~[spring-beans-6.1.15.jar:6.1.15]
	at org.springframework.beans.factory.support.AbstractAutowireCapableBeanFactory.createBeanInstance(AbstractAutowireCapableBeanFactory.java:1212) ~[spring-beans-6.1.15.jar:6.1.15]
	at org.springframework.beans.factory.support.AbstractAutowireCapableBeanFactory.doCreateBean(AbstractAutowireCapableBeanFactory.java:562) ~[spring-beans-6.1.15.jar:6.1.15]
	at org.springframework.beans.factory.support.AbstractAutowireCapableBeanFactory.createBean(AbstractAutowireCapableBeanFactory.java:522) ~[spring-beans-6.1.15.jar:6.1.15]
	at org.springframework.beans.factory.support.AbstractBeanFactory.lambda$doGetBean$0(AbstractBeanFactory.java:337) ~[spring-beans-6.1.15.jar:6.1.15]
	at org.springframework.beans.factory.support.DefaultSingletonBeanRegistry.getSingleton(DefaultSingletonBeanRegistry.java:234) ~[spring-beans-6.1.15.jar:6.1.15]
	at org.springframework.beans.factory.support.AbstractBeanFactory.doGetBean(AbstractBeanFactory.java:335) ~[spring-beans-6.1.15.jar:6.1.15]
	at org.springframework.beans.factory.support.AbstractBeanFactory.getBean(AbstractBeanFactory.java:200) ~[spring-beans-6.1.15.jar:6.1.15]
	at org.springframework.beans.factory.support.DefaultListableBeanFactory.preInstantiateSingletons(DefaultListableBeanFactory.java:975) ~[spring-beans-6.1.15.jar:6.1.15]
	at org.springframework.context.support.AbstractApplicationContext.finishBeanFactoryInitialization(AbstractApplicationContext.java:971) ~[spring-context-6.1.15.jar:6.1.15]
	at org.springframework.context.support.AbstractApplicationContext.refresh(AbstractApplicationContext.java:625) ~[spring-context-6.1.15.jar:6.1.15]
	at org.springframework.boot.SpringApplication.refresh(SpringApplication.java:754) ~[spring-boot-3.3.6.jar:3.3.6]
	at org.springframework.boot.SpringApplication.refreshContext(SpringApplication.java:456) ~[spring-boot-3.3.6.jar:3.3.6]
	at org.springframework.boot.SpringApplication.run(SpringApplication.java:335) ~[spring-boot-3.3.6.jar:3.3.6]
	at org.springframework.boot.test.context.SpringBootContextLoader.lambda$loadContext$3(SpringBootContextLoader.java:137) ~[spring-boot-test-3.3.6.jar:3.3.6]
	at org.springframework.util.function.ThrowingSupplier.get(ThrowingSupplier.java:58) ~[spring-core-6.1.15.jar:6.1.15]
	at org.springframework.util.function.ThrowingSupplier.get(ThrowingSupplier.java:46) ~[spring-core-6.1.15.jar:6.1.15]
	at org.springframework.boot.SpringApplication.withHook(SpringApplication.java:1463) ~[spring-boot-3.3.6.jar:3.3.6]
	at org.springframework.boot.test.context.SpringBootContextLoader$ContextLoaderHook.run(SpringBootContextLoader.java:553) ~[spring-boot-test-3.3.6.jar:3.3.6]
	at org.springframework.boot.test.context.SpringBootContextLoader.loadContext(SpringBootContextLoader.java:137) ~[spring-boot-test-3.3.6.jar:3.3.6]
	at org.springframework.boot.test.context.SpringBootContextLoader.loadContext(SpringBootContextLoader.java:108) ~[spring-boot-test-3.3.6.jar:3.3.6]
	at org.springframework.test.context.cache.DefaultCacheAwareContextLoaderDelegate.loadContextInternal(DefaultCacheAwareContextLoaderDelegate.java:225) ~[spring-test-6.1.15.jar:6.1.15]
	at org.springframework.test.context.cache.DefaultCacheAwareContextLoaderDelegate.loadContext(DefaultCacheAwareContextLoaderDelegate.java:152) ~[spring-test-6.1.15.jar:6.1.15]
	at org.springframework.test.context.support.DefaultTestContext.getApplicationContext(DefaultTestContext.java:130) ~[spring-test-6.1.15.jar:6.1.15]
	at org.springframework.test.context.web.ServletTestExecutionListener.setUpRequestContextIfNecessary(ServletTestExecutionListener.java:191) ~[spring-test-6.1.15.jar:6.1.15]
	at org.springframework.test.context.web.ServletTestExecutionListener.prepareTestInstance(ServletTestExecutionListener.java:130) ~[spring-test-6.1.15.jar:6.1.15]
	at org.springframework.test.context.TestContextManager.prepareTestInstance(TestContextManager.java:260) ~[spring-test-6.1.15.jar:6.1.15]
	at org.springframework.test.context.junit.jupiter.SpringExtension.postProcessTestInstance(SpringExtension.java:163) ~[spring-test-6.1.15.jar:6.1.15]
	at org.junit.jupiter.engine.descriptor.ClassBasedTestDescriptor.lambda$invokeTestInstancePostProcessors$10(ClassBasedTestDescriptor.java:378) ~[junit-jupiter-engine-5.10.5.jar:5.10.5]
	at org.junit.jupiter.engine.descriptor.ClassBasedTestDescriptor.executeAndMaskThrowable(ClassBasedTestDescriptor.java:383) ~[junit-jupiter-engine-5.10.5.jar:5.10.5]
	at org.junit.jupiter.engine.descriptor.ClassBasedTestDescriptor.lambda$invokeTestInstancePostProcessors$11(ClassBasedTestDescriptor.java:378) ~[junit-jupiter-engine-5.10.5.jar:5.10.5]
	at java.base/java.util.stream.ReferencePipeline$3$1.accept(ReferencePipeline.java:197) ~[na:na]
	at java.base/java.util.stream.ReferencePipeline$2$1.accept(ReferencePipeline.java:179) ~[na:na]
	at java.base/java.util.ArrayList$ArrayListSpliterator.forEachRemaining(ArrayList.java:1708) ~[na:na]
	at java.base/java.util.stream.AbstractPipeline.copyInto(AbstractPipeline.java:509) ~[na:na]
	at java.base/java.util.stream.AbstractPipeline.wrapAndCopyInto(AbstractPipeline.java:499) ~[na:na]
	at java.base/java.util.stream.StreamSpliterators$WrappingSpliterator.forEachRemaining(StreamSpliterators.java:310) ~[na:na]
	at java.base/java.util.stream.Streams$ConcatSpliterator.forEachRemaining(Streams.java:735) ~[na:na]
	at java.base/java.util.stream.Streams$ConcatSpliterator.forEachRemaining(Streams.java:734) ~[na:na]
	at java.base/java.util.stream.ReferencePipeline$Head.forEach(ReferencePipeline.java:762) ~[na:na]
	at org.junit.jupiter.engine.descriptor.ClassBasedTestDescriptor.invokeTestInstancePostProcessors(ClassBasedTestDescriptor.java:377) ~[junit-jupiter-engine-5.10.5.jar:5.10.5]
	at org.junit.jupiter.engine.descriptor.ClassBasedTestDescriptor.lambda$instantiateAndPostProcessTestInstance$6(ClassBasedTestDescriptor.java:290) ~[junit-jupiter-engine-5.10.5.jar:5.10.5]
	at org.junit.platform.engine.support.hierarchical.ThrowableCollector.execute(ThrowableCollector.java:73) ~[junit-platform-engine-1.10.5.jar:1.10.5]
	at org.junit.jupiter.engine.descriptor.ClassBasedTestDescriptor.instantiateAndPostProcessTestInstance(ClassBasedTestDescriptor.java:289) ~[junit-jupiter-engine-5.10.5.jar:5.10.5]
	at org.junit.jupiter.engine.descriptor.ClassBasedTestDescriptor.lambda$testInstancesProvider$4(ClassBasedTestDescriptor.java:279) ~[junit-jupiter-engine-5.10.5.jar:5.10.5]
	at java.base/java.util.Optional.orElseGet(Optional.java:364) ~[na:na]
	at org.junit.jupiter.engine.descriptor.ClassBasedTestDescriptor.lambda$testInstancesProvider$5(ClassBasedTestDescriptor.java:278) ~[junit-jupiter-engine-5.10.5.jar:5.10.5]
	at org.junit.jupiter.engine.execution.TestInstancesProvider.getTestInstances(TestInstancesProvider.java:31) ~[junit-jupiter-engine-5.10.5.jar:5.10.5]
	at org.junit.jupiter.engine.descriptor.TestMethodTestDescriptor.lambda$prepare$0(TestMethodTestDescriptor.java:106) ~[junit-jupiter-engine-5.10.5.jar:5.10.5]
	at org.junit.platform.engine.support.hierarchical.ThrowableCollector.execute(ThrowableCollector.java:73) ~[junit-platform-engine-1.10.5.jar:1.10.5]
	at org.junit.jupiter.engine.descriptor.TestMethodTestDescriptor.prepare(TestMethodTestDescriptor.java:105) ~[junit-jupiter-engine-5.10.5.jar:5.10.5]
	at org.junit.jupiter.engine.descriptor.TestMethodTestDescriptor.prepare(TestMethodTestDescriptor.java:69) ~[junit-jupiter-engine-5.10.5.jar:5.10.5]
	at org.junit.platform.engine.support.hierarchical.NodeTestTask.lambda$prepare$2(NodeTestTask.java:128) ~[junit-platform-engine-1.10.5.jar:1.10.5]
	at org.junit.platform.engine.support.hierarchical.ThrowableCollector.execute(ThrowableCollector.java:73) ~[junit-platform-engine-1.10.5.jar:1.10.5]
	at org.junit.platform.engine.support.hierarchical.NodeTestTask.prepare(NodeTestTask.java:128) ~[junit-platform-engine-1.10.5.jar:1.10.5]
	at org.junit.platform.engine.support.hierarchical.NodeTestTask.execute(NodeTestTask.java:95) ~[junit-platform-engine-1.10.5.jar:1.10.5]
	at java.base/java.util.ArrayList.forEach(ArrayList.java:1596) ~[na:na]
	at org.junit.platform.engine.support.hierarchical.SameThreadHierarchicalTestExecutorService.invokeAll(SameThreadHierarchicalTestExecutorService.java:41) ~[junit-platform-engine-1.10.5.jar:1.10.5]
	at org.junit.platform.engine.support.hierarchical.NodeTestTask.lambda$executeRecursively$6(NodeTestTask.java:160) ~[junit-platform-engine-1.10.5.jar:1.10.5]
	at org.junit.platform.engine.support.hierarchical.ThrowableCollector.execute(ThrowableCollector.java:73) ~[junit-platform-engine-1.10.5.jar:1.10.5]
	at org.junit.platform.engine.support.hierarchical.NodeTestTask.lambda$executeRecursively$8(NodeTestTask.java:146) ~[junit-platform-engine-1.10.5.jar:1.10.5]
	at org.junit.platform.engine.support.hierarchical.Node.around(Node.java:137) ~[junit-platform-engine-1.10.5.jar:1.10.5]
	at org.junit.platform.engine.support.hierarchical.NodeTestTask.lambda$executeRecursively$9(NodeTestTask.java:144) ~[junit-platform-engine-1.10.5.jar:1.10.5]
	at org.junit.platform.engine.support.hierarchical.ThrowableCollector.execute(ThrowableCollector.java:73) ~[junit-platform-engine-1.10.5.jar:1.10.5]
	at org.junit.platform.engine.support.hierarchical.NodeTestTask.executeRecursively(NodeTestTask.java:143) ~[junit-platform-engine-1.10.5.jar:1.10.5]
	at org.junit.platform.engine.support.hierarchical.NodeTestTask.execute(NodeTestTask.java:100) ~[junit-platform-engine-1.10.5.jar:1.10.5]
	at java.base/java.util.ArrayList.forEach(ArrayList.java:1596) ~[na:na]
	at org.junit.platform.engine.support.hierarchical.SameThreadHierarchicalTestExecutorService.invokeAll(SameThreadHierarchicalTestExecutorService.java:41) ~[junit-platform-engine-1.10.5.jar:1.10.5]
	at org.junit.platform.engine.support.hierarchical.NodeTestTask.lambda$executeRecursively$6(NodeTestTask.java:160) ~[junit-platform-engine-1.10.5.jar:1.10.5]
	at org.junit.platform.engine.support.hierarchical.ThrowableCollector.execute(ThrowableCollector.java:73) ~[junit-platform-engine-1.10.5.jar:1.10.5]
	at org.junit.platform.engine.support.hierarchical.NodeTestTask.lambda$executeRecursively$8(NodeTestTask.java:146) ~[junit-platform-engine-1.10.5.jar:1.10.5]
	at org.junit.platform.engine.support.hierarchical.Node.around(Node.java:137) ~[junit-platform-engine-1.10.5.jar:1.10.5]
	at org.junit.platform.engine.support.hierarchical.NodeTestTask.lambda$executeRecursively$9(NodeTestTask.java:144) ~[junit-platform-engine-1.10.5.jar:1.10.5]
	at org.junit.platform.engine.support.hierarchical.ThrowableCollector.execute(ThrowableCollector.java:73) ~[junit-platform-engine-1.10.5.jar:1.10.5]
	at org.junit.platform.engine.support.hierarchical.NodeTestTask.executeRecursively(NodeTestTask.java:143) ~[junit-platform-engine-1.10.5.jar:1.10.5]
	at org.junit.platform.engine.support.hierarchical.NodeTestTask.execute(NodeTestTask.java:100) ~[junit-platform-engine-1.10.5.jar:1.10.5]
	at org.junit.platform.engine.support.hierarchical.SameThreadHierarchicalTestExecutorService.submit(SameThreadHierarchicalTestExecutorService.java:35) ~[junit-platform-engine-1.10.5.jar:1.10.5]
	at org.junit.platform.engine.support.hierarchical.HierarchicalTestExecutor.execute(HierarchicalTestExecutor.java:57) ~[junit-platform-engine-1.10.5.jar:1.10.5]
	at org.junit.platform.engine.support.hierarchical.HierarchicalTestEngine.execute(HierarchicalTestEngine.java:54) ~[junit-platform-engine-1.10.5.jar:1.10.5]
	at org.junit.platform.launcher.core.EngineExecutionOrchestrator.execute(EngineExecutionOrchestrator.java:198) ~[junit-platform-launcher-1.10.5.jar:1.10.5]
	at org.junit.platform.launcher.core.EngineExecutionOrchestrator.execute(EngineExecutionOrchestrator.java:169) ~[junit-platform-launcher-1.10.5.jar:1.10.5]
	at org.junit.platform.launcher.core.EngineExecutionOrchestrator.execute(EngineExecutionOrchestrator.java:93) ~[junit-platform-launcher-1.10.5.jar:1.10.5]
	at org.junit.platform.launcher.core.EngineExecutionOrchestrator.lambda$execute$0(EngineExecutionOrchestrator.java:58) ~[junit-platform-launcher-1.10.5.jar:1.10.5]
	at org.junit.platform.launcher.core.EngineExecutionOrchestrator.withInterceptedStreams(EngineExecutionOrchestrator.java:141) ~[junit-platform-launcher-1.10.5.jar:1.10.5]
	at org.junit.platform.launcher.core.EngineExecutionOrchestrator.execute(EngineExecutionOrchestrator.java:57) ~[junit-platform-launcher-1.10.5.jar:1.10.5]
	at org.junit.platform.launcher.core.DefaultLauncher.execute(DefaultLauncher.java:103) ~[junit-platform-launcher-1.10.5.jar:1.10.5]
	at org.junit.platform.launcher.core.DefaultLauncher.execute(DefaultLauncher.java:85) ~[junit-platform-launcher-1.10.5.jar:1.10.5]
	at org.junit.platform.launcher.core.DelegatingLauncher.execute(DelegatingLauncher.java:47) ~[junit-platform-launcher-1.10.5.jar:1.10.5]
	at org.junit.platform.launcher.core.SessionPerRequestLauncher.execute(SessionPerRequestLauncher.java:63) ~[junit-platform-launcher-1.10.5.jar:1.10.5]
	at com.intellij.junit5.JUnit5TestRunnerHelper.execute(JUnit5TestRunnerHelper.java:134) ~[junit5-rt.jar:na]
	at com.intellij.junit5.JUnit5IdeaTestRunner.startRunnerWithArgs(JUnit5IdeaTestRunner.java:70) ~[junit5-rt.jar:na]
	at com.intellij.rt.junit.IdeaTestRunner$Repeater$1.execute(IdeaTestRunner.java:38) ~[junit-rt.jar:na]
	at com.intellij.rt.execution.junit.TestsRepeater.repeat(TestsRepeater.java:11) ~[idea_rt.jar:na]
	at com.intellij.rt.junit.IdeaTestRunner$Repeater.startRunnerWithArgs(IdeaTestRunner.java:35) ~[junit-rt.jar:na]
	at com.intellij.rt.junit.JUnitStarter.prepareStreamsAndStart(JUnitStarter.java:226) ~[junit-rt.jar:na]
	at com.intellij.rt.junit.JUnitStarter.main(JUnitStarter.java:62) ~[junit-rt.jar:na]
Caused by: org.springframework.beans.factory.UnsatisfiedDependencyException: Error creating bean with name 'itemServiceImpl': Unsatisfied dependency expressed through field 'baseMapper': Error creating bean with name 'itemMapper' defined in file [E:\hmall\hm-item\item-service\target\classes\com\george\item\mapper\ItemMapper.class]: Unsatisfied dependency expressed through bean property 'sqlSessionFactory': Error creating bean with name 'sqlSessionFactory' defined in class path resource [com/baomidou/mybatisplus/autoconfigure/MybatisPlusAutoConfiguration.class]: Unsatisfied dependency expressed through method 'sqlSessionFactory' parameter 0: Error creating bean with name 'dataSource' defined in class path resource [org/springframework/boot/autoconfigure/jdbc/DataSourceConfiguration$Hikari.class]: can not init dataSource
	at org.springframework.beans.factory.annotation.AutowiredAnnotationBeanPostProcessor$AutowiredFieldElement.resolveFieldValue(AutowiredAnnotationBeanPostProcessor.java:788) ~[spring-beans-6.1.15.jar:6.1.15]
	at org.springframework.beans.factory.annotation.AutowiredAnnotationBeanPostProcessor$AutowiredFieldElement.inject(AutowiredAnnotationBeanPostProcessor.java:768) ~[spring-beans-6.1.15.jar:6.1.15]
	at org.springframework.beans.factory.annotation.InjectionMetadata.inject(InjectionMetadata.java:145) ~[spring-beans-6.1.15.jar:6.1.15]
	at org.springframework.beans.factory.annotation.AutowiredAnnotationBeanPostProcessor.postProcessProperties(AutowiredAnnotationBeanPostProcessor.java:509) ~[spring-beans-6.1.15.jar:6.1.15]
	at org.springframework.beans.factory.support.AbstractAutowireCapableBeanFactory.populateBean(AbstractAutowireCapableBeanFactory.java:1439) ~[spring-beans-6.1.15.jar:6.1.15]
	at org.springframework.beans.factory.support.AbstractAutowireCapableBeanFactory.doCreateBean(AbstractAutowireCapableBeanFactory.java:599) ~[spring-beans-6.1.15.jar:6.1.15]
	at org.springframework.beans.factory.support.AbstractAutowireCapableBeanFactory.createBean(AbstractAutowireCapableBeanFactory.java:522) ~[spring-beans-6.1.15.jar:6.1.15]
	at org.springframework.beans.factory.support.AbstractBeanFactory.lambda$doGetBean$0(AbstractBeanFactory.java:337) ~[spring-beans-6.1.15.jar:6.1.15]
	at org.springframework.beans.factory.support.DefaultSingletonBeanRegistry.getSingleton(DefaultSingletonBeanRegistry.java:234) ~[spring-beans-6.1.15.jar:6.1.15]
	at org.springframework.beans.factory.support.AbstractBeanFactory.doGetBean(AbstractBeanFactory.java:335) ~[spring-beans-6.1.15.jar:6.1.15]
	at org.springframework.beans.factory.support.AbstractBeanFactory.getBean(AbstractBeanFactory.java:200) ~[spring-beans-6.1.15.jar:6.1.15]
	at org.springframework.beans.factory.config.DependencyDescriptor.resolveCandidate(DependencyDescriptor.java:254) ~[spring-beans-6.1.15.jar:6.1.15]
	at org.springframework.beans.factory.support.DefaultListableBeanFactory.doResolveDependency(DefaultListableBeanFactory.java:1443) ~[spring-beans-6.1.15.jar:6.1.15]
	at org.springframework.beans.factory.support.DefaultListableBeanFactory.resolveDependency(DefaultListableBeanFactory.java:1353) ~[spring-beans-6.1.15.jar:6.1.15]
	at org.springframework.beans.factory.support.ConstructorResolver.resolveAutowiredArgument(ConstructorResolver.java:904) ~[spring-beans-6.1.15.jar:6.1.15]
	at org.springframework.beans.factory.support.ConstructorResolver.createArgumentArray(ConstructorResolver.java:782) ~[spring-beans-6.1.15.jar:6.1.15]
	... 97 common frames omitted
Caused by: org.springframework.beans.factory.UnsatisfiedDependencyException: Error creating bean with name 'itemMapper' defined in file [E:\hmall\hm-item\item-service\target\classes\com\george\item\mapper\ItemMapper.class]: Unsatisfied dependency expressed through bean property 'sqlSessionFactory': Error creating bean with name 'sqlSessionFactory' defined in class path resource [com/baomidou/mybatisplus/autoconfigure/MybatisPlusAutoConfiguration.class]: Unsatisfied dependency expressed through method 'sqlSessionFactory' parameter 0: Error creating bean with name 'dataSource' defined in class path resource [org/springframework/boot/autoconfigure/jdbc/DataSourceConfiguration$Hikari.class]: can not init dataSource
	at org.springframework.beans.factory.support.AbstractAutowireCapableBeanFactory.autowireByType(AbstractAutowireCapableBeanFactory.java:1536) ~[spring-beans-6.1.15.jar:6.1.15]
	at org.springframework.beans.factory.support.AbstractAutowireCapableBeanFactory.populateBean(AbstractAutowireCapableBeanFactory.java:1430) ~[spring-beans-6.1.15.jar:6.1.15]
	at org.springframework.beans.factory.support.AbstractAutowireCapableBeanFactory.doCreateBean(AbstractAutowireCapableBeanFactory.java:599) ~[spring-beans-6.1.15.jar:6.1.15]
	at org.springframework.beans.factory.support.AbstractAutowireCapableBeanFactory.createBean(AbstractAutowireCapableBeanFactory.java:522) ~[spring-beans-6.1.15.jar:6.1.15]
	at org.springframework.beans.factory.support.AbstractBeanFactory.lambda$doGetBean$0(AbstractBeanFactory.java:337) ~[spring-beans-6.1.15.jar:6.1.15]
	at org.springframework.beans.factory.support.DefaultSingletonBeanRegistry.getSingleton(DefaultSingletonBeanRegistry.java:234) ~[spring-beans-6.1.15.jar:6.1.15]
	at org.springframework.beans.factory.support.AbstractBeanFactory.doGetBean(AbstractBeanFactory.java:335) ~[spring-beans-6.1.15.jar:6.1.15]
	at org.springframework.beans.factory.support.AbstractBeanFactory.getBean(AbstractBeanFactory.java:200) ~[spring-beans-6.1.15.jar:6.1.15]
	at org.springframework.beans.factory.config.DependencyDescriptor.resolveCandidate(DependencyDescriptor.java:254) ~[spring-beans-6.1.15.jar:6.1.15]
	at org.springframework.beans.factory.support.DefaultListableBeanFactory.doResolveDependency(DefaultListableBeanFactory.java:1443) ~[spring-beans-6.1.15.jar:6.1.15]
	at org.springframework.beans.factory.support.DefaultListableBeanFactory.resolveDependency(DefaultListableBeanFactory.java:1353) ~[spring-beans-6.1.15.jar:6.1.15]
	at org.springframework.beans.factory.annotation.AutowiredAnnotationBeanPostProcessor$AutowiredFieldElement.resolveFieldValue(AutowiredAnnotationBeanPostProcessor.java:785) ~[spring-beans-6.1.15.jar:6.1.15]
	... 112 common frames omitted
Caused by: org.springframework.beans.factory.UnsatisfiedDependencyException: Error creating bean with name 'sqlSessionFactory' defined in class path resource [com/baomidou/mybatisplus/autoconfigure/MybatisPlusAutoConfiguration.class]: Unsatisfied dependency expressed through method 'sqlSessionFactory' parameter 0: Error creating bean with name 'dataSource' defined in class path resource [org/springframework/boot/autoconfigure/jdbc/DataSourceConfiguration$Hikari.class]: can not init dataSource
	at org.springframework.beans.factory.support.ConstructorResolver.createArgumentArray(ConstructorResolver.java:795) ~[spring-beans-6.1.15.jar:6.1.15]
	at org.springframework.beans.factory.support.ConstructorResolver.instantiateUsingFactoryMethod(ConstructorResolver.java:542) ~[spring-beans-6.1.15.jar:6.1.15]
	at org.springframework.beans.factory.support.AbstractAutowireCapableBeanFactory.instantiateUsingFactoryMethod(AbstractAutowireCapableBeanFactory.java:1355) ~[spring-beans-6.1.15.jar:6.1.15]
	at org.springframework.beans.factory.support.AbstractAutowireCapableBeanFactory.createBeanInstance(AbstractAutowireCapableBeanFactory.java:1185) ~[spring-beans-6.1.15.jar:6.1.15]
	at org.springframework.beans.factory.support.AbstractAutowireCapableBeanFactory.doCreateBean(AbstractAutowireCapableBeanFactory.java:562) ~[spring-beans-6.1.15.jar:6.1.15]
	at org.springframework.beans.factory.support.AbstractAutowireCapableBeanFactory.createBean(AbstractAutowireCapableBeanFactory.java:522) ~[spring-beans-6.1.15.jar:6.1.15]
	at org.springframework.beans.factory.support.AbstractBeanFactory.lambda$doGetBean$0(AbstractBeanFactory.java:337) ~[spring-beans-6.1.15.jar:6.1.15]
	at org.springframework.beans.factory.support.DefaultSingletonBeanRegistry.getSingleton(DefaultSingletonBeanRegistry.java:234) ~[spring-beans-6.1.15.jar:6.1.15]
	at org.springframework.beans.factory.support.AbstractBeanFactory.doGetBean(AbstractBeanFactory.java:335) ~[spring-beans-6.1.15.jar:6.1.15]
	at org.springframework.beans.factory.support.AbstractBeanFactory.getBean(AbstractBeanFactory.java:200) ~[spring-beans-6.1.15.jar:6.1.15]
	at org.springframework.beans.factory.config.DependencyDescriptor.resolveCandidate(DependencyDescriptor.java:254) ~[spring-beans-6.1.15.jar:6.1.15]
	at org.springframework.beans.factory.support.DefaultListableBeanFactory.doResolveDependency(DefaultListableBeanFactory.java:1443) ~[spring-beans-6.1.15.jar:6.1.15]
	at org.springframework.beans.factory.support.DefaultListableBeanFactory.resolveDependency(DefaultListableBeanFactory.java:1353) ~[spring-beans-6.1.15.jar:6.1.15]
	at org.springframework.beans.factory.support.AbstractAutowireCapableBeanFactory.autowireByType(AbstractAutowireCapableBeanFactory.java:1521) ~[spring-beans-6.1.15.jar:6.1.15]
	... 123 common frames omitted
Caused by: org.springframework.beans.factory.BeanCreationException: Error creating bean with name 'dataSource' defined in class path resource [org/springframework/boot/autoconfigure/jdbc/DataSourceConfiguration$Hikari.class]: can not init dataSource
	at org.springframework.beans.factory.support.AbstractAutowireCapableBeanFactory.doCreateBean(AbstractAutowireCapableBeanFactory.java:607) ~[spring-beans-6.1.15.jar:6.1.15]
	at org.springframework.beans.factory.support.AbstractAutowireCapableBeanFactory.createBean(AbstractAutowireCapableBeanFactory.java:522) ~[spring-beans-6.1.15.jar:6.1.15]
	at org.springframework.beans.factory.support.AbstractBeanFactory.lambda$doGetBean$0(AbstractBeanFactory.java:337) ~[spring-beans-6.1.15.jar:6.1.15]
	at org.springframework.beans.factory.support.DefaultSingletonBeanRegistry.getSingleton(DefaultSingletonBeanRegistry.java:234) ~[spring-beans-6.1.15.jar:6.1.15]
	at org.springframework.beans.factory.support.AbstractBeanFactory.doGetBean(AbstractBeanFactory.java:335) ~[spring-beans-6.1.15.jar:6.1.15]
	at org.springframework.beans.factory.support.AbstractBeanFactory.getBean(AbstractBeanFactory.java:200) ~[spring-beans-6.1.15.jar:6.1.15]
	at org.springframework.beans.factory.config.DependencyDescriptor.resolveCandidate(DependencyDescriptor.java:254) ~[spring-beans-6.1.15.jar:6.1.15]
	at org.springframework.beans.factory.support.DefaultListableBeanFactory.doResolveDependency(DefaultListableBeanFactory.java:1443) ~[spring-beans-6.1.15.jar:6.1.15]
	at org.springframework.beans.factory.support.DefaultListableBeanFactory.resolveDependency(DefaultListableBeanFactory.java:1353) ~[spring-beans-6.1.15.jar:6.1.15]
	at org.springframework.beans.factory.support.ConstructorResolver.resolveAutowiredArgument(ConstructorResolver.java:904) ~[spring-beans-6.1.15.jar:6.1.15]
	at org.springframework.beans.factory.support.ConstructorResolver.createArgumentArray(ConstructorResolver.java:782) ~[spring-beans-6.1.15.jar:6.1.15]
	... 136 common frames omitted
Caused by: java.lang.IllegalStateException: can not init dataSource
	at org.apache.seata.rm.datasource.DataSourceProxy.init(DataSourceProxy.java:114) ~[seata-all-2.1.0.jar:2.1.0]
	at org.apache.seata.rm.datasource.DataSourceProxy.<init>(DataSourceProxy.java:97) ~[seata-all-2.1.0.jar:2.1.0]
	at org.apache.seata.rm.datasource.DataSourceProxy.<init>(DataSourceProxy.java:82) ~[seata-all-2.1.0.jar:2.1.0]
	at org.apache.seata.spring.annotation.datasource.SeataAutoDataSourceProxyCreator.buildProxy(SeataAutoDataSourceProxyCreator.java:113) ~[seata-all-2.1.0.jar:2.1.0]
	at org.apache.seata.spring.annotation.datasource.SeataAutoDataSourceProxyCreator.wrapIfNecessary(SeataAutoDataSourceProxyCreator.java:87) ~[seata-all-2.1.0.jar:2.1.0]
	at org.springframework.aop.framework.autoproxy.AbstractAutoProxyCreator.postProcessAfterInitialization(AbstractAutoProxyCreator.java:320) ~[spring-aop-6.1.15.jar:6.1.15]
	at org.springframework.beans.factory.support.AbstractAutowireCapableBeanFactory.applyBeanPostProcessorsAfterInitialization(AbstractAutowireCapableBeanFactory.java:438) ~[spring-beans-6.1.15.jar:6.1.15]
	at org.springframework.beans.factory.support.AbstractAutowireCapableBeanFactory.initializeBean(AbstractAutowireCapableBeanFactory.java:1809) ~[spring-beans-6.1.15.jar:6.1.15]
	at org.springframework.beans.factory.support.AbstractAutowireCapableBeanFactory.doCreateBean(AbstractAutowireCapableBeanFactory.java:600) ~[spring-beans-6.1.15.jar:6.1.15]
	... 146 common frames omitted
Caused by: com.mysql.cj.jdbc.exceptions.CommunicationsException: Communications link failure

The last packet sent successfully to the server was 0 milliseconds ago. The driver has not received any packets from the server.
	at com.mysql.cj.jdbc.exceptions.SQLError.createCommunicationsException(SQLError.java:165) ~[mysql-connector-j-9.7.0.jar:9.7.0]
	at com.mysql.cj.jdbc.exceptions.SQLExceptionsMapping.translateException(SQLExceptionsMapping.java:55) ~[mysql-connector-j-9.7.0.jar:9.7.0]
	at com.mysql.cj.jdbc.ConnectionImpl.createNewIO(ConnectionImpl.java:840) ~[mysql-connector-j-9.7.0.jar:9.7.0]
	at com.mysql.cj.jdbc.ConnectionImpl.<init>(ConnectionImpl.java:416) ~[mysql-connector-j-9.7.0.jar:9.7.0]
	at com.mysql.cj.jdbc.ConnectionImpl.getInstance(ConnectionImpl.java:237) ~[mysql-connector-j-9.7.0.jar:9.7.0]
	at com.mysql.cj.jdbc.NonRegisteringDriver.connect(NonRegisteringDriver.java:180) ~[mysql-connector-j-9.7.0.jar:9.7.0]
	at com.zaxxer.hikari.util.DriverDataSource.getConnection(DriverDataSource.java:137) ~[HikariCP-5.1.0.jar:na]
	at com.zaxxer.hikari.pool.PoolBase.newConnection(PoolBase.java:360) ~[HikariCP-5.1.0.jar:na]
	at com.zaxxer.hikari.pool.PoolBase.newPoolEntry(PoolBase.java:202) ~[HikariCP-5.1.0.jar:na]
	at com.zaxxer.hikari.pool.HikariPool.createPoolEntry(HikariPool.java:461) ~[HikariCP-5.1.0.jar:na]
	at com.zaxxer.hikari.pool.HikariPool.checkFailFast(HikariPool.java:550) ~[HikariCP-5.1.0.jar:na]
	at com.zaxxer.hikari.pool.HikariPool.<init>(HikariPool.java:98) ~[HikariCP-5.1.0.jar:na]
	at com.zaxxer.hikari.HikariDataSource.getConnection(HikariDataSource.java:111) ~[HikariCP-5.1.0.jar:na]
	at org.apache.seata.rm.datasource.DataSourceProxy.init(DataSourceProxy.java:102) ~[seata-all-2.1.0.jar:2.1.0]
	... 154 common frames omitted
Caused by: com.mysql.cj.exceptions.CJCommunicationsException: Communications link failure

The last packet sent successfully to the server was 0 milliseconds ago. The driver has not received any packets from the server.
	at java.base/jdk.internal.reflect.DirectConstructorHandleAccessor.newInstance(DirectConstructorHandleAccessor.java:62) ~[na:na]
	at java.base/java.lang.reflect.Constructor.newInstanceWithCaller(Constructor.java:502) ~[na:na]
	at java.base/java.lang.reflect.Constructor.newInstance(Constructor.java:486) ~[na:na]
	at com.mysql.cj.exceptions.ExceptionFactory.createException(ExceptionFactory.java:52) ~[mysql-connector-j-9.7.0.jar:9.7.0]
	at com.mysql.cj.exceptions.ExceptionFactory.createException(ExceptionFactory.java:95) ~[mysql-connector-j-9.7.0.jar:9.7.0]
	at com.mysql.cj.exceptions.ExceptionFactory.createException(ExceptionFactory.java:140) ~[mysql-connector-j-9.7.0.jar:9.7.0]
	at com.mysql.cj.exceptions.ExceptionFactory.createCommunicationsException(ExceptionFactory.java:156) ~[mysql-connector-j-9.7.0.jar:9.7.0]
	at com.mysql.cj.protocol.a.NativeProtocol.readMessage(NativeProtocol.java:590) ~[mysql-connector-j-9.7.0.jar:9.7.0]
	at com.mysql.cj.protocol.a.NativeProtocol.readServerCapabilities(NativeProtocol.java:515) ~[mysql-connector-j-9.7.0.jar:9.7.0]
	at com.mysql.cj.protocol.a.NativeProtocol.beforeHandshake(NativeProtocol.java:410) ~[mysql-connector-j-9.7.0.jar:9.7.0]
	at com.mysql.cj.protocol.a.NativeProtocol.connect(NativeProtocol.java:1332) ~[mysql-connector-j-9.7.0.jar:9.7.0]
	at com.mysql.cj.NativeSession.connect(NativeSession.java:155) ~[mysql-connector-j-9.7.0.jar:9.7.0]
	at com.mysql.cj.jdbc.ConnectionImpl.connectOneTryOnly(ConnectionImpl.java:964) ~[mysql-connector-j-9.7.0.jar:9.7.0]
	at com.mysql.cj.jdbc.ConnectionImpl.createNewIO(ConnectionImpl.java:828) ~[mysql-connector-j-9.7.0.jar:9.7.0]
	... 165 common frames omitted
Caused by: java.io.EOFException: Can not read response from server. Expected to read 4 bytes, read 0 bytes before connection was unexpectedly lost.
	at com.mysql.cj.protocol.FullReadInputStream.readFully(FullReadInputStream.java:58) ~[mysql-connector-j-9.7.0.jar:9.7.0]
	at com.mysql.cj.protocol.a.SimplePacketReader.readHeaderLocal(SimplePacketReader.java:72) ~[mysql-connector-j-9.7.0.jar:9.7.0]
	at com.mysql.cj.protocol.a.SimplePacketReader.readHeader(SimplePacketReader.java:54) ~[mysql-connector-j-9.7.0.jar:9.7.0]
	at com.mysql.cj.protocol.a.SimplePacketReader.readHeader(SimplePacketReader.java:36) ~[mysql-connector-j-9.7.0.jar:9.7.0]
	at com.mysql.cj.protocol.a.NativeProtocol.readMessage(NativeProtocol.java:584) ~[mysql-connector-j-9.7.0.jar:9.7.0]
	... 171 common frames omitted

19:44:57:848  WARN 17108 --- [item-service] [main] o.s.test.context.TestContextManager      : Caught exception while allowing TestExecutionListener [org.springframework.test.context.web.ServletTestExecutionListener] to prepare test instance [com.george.item.elastic.ElasticDocumentTest@1a4cbcc6]

java.lang.IllegalStateException: Failed to load ApplicationContext for [WebMergedContextConfiguration@460e5ffe testClass = com.george.item.elastic.ElasticDocumentTest, locations = [], classes = [com.george.item.ItemApplication], contextInitializerClasses = [], activeProfiles = [], propertySourceDescriptors = [], propertySourceProperties = ["spring.profiles.active=local", "org.springframework.boot.test.context.SpringBootTestContextBootstrapper=true"], contextCustomizers = [org.springframework.boot.test.context.filter.ExcludeFilterContextCustomizer@506ae4d4, org.springframework.boot.test.json.DuplicateJsonObjectContextCustomizerFactory$DuplicateJsonObjectContextCustomizer@52b1beb6, org.springframework.boot.test.mock.mockito.MockitoContextCustomizer@0, org.springframework.boot.test.web.client.TestRestTemplateContextCustomizer@6221a451, org.springframework.boot.test.web.reactor.netty.DisableReactorResourceFactoryGlobalResourcesContextCustomizerFactory$DisableReactorResourceFactoryGlobalResourcesContextCustomizerCustomizer@45099dd3, org.springframework.boot.test.context.SpringBootTestAnnotation@ff2c2b2], resourceBasePath = "src/main/webapp", contextLoader = org.springframework.boot.test.context.SpringBootContextLoader, parent = null]
	at org.springframework.test.context.cache.DefaultCacheAwareContextLoaderDelegate.loadContext(DefaultCacheAwareContextLoaderDelegate.java:180) ~[spring-test-6.1.15.jar:6.1.15]
	at org.springframework.test.context.support.DefaultTestContext.getApplicationContext(DefaultTestContext.java:130) ~[spring-test-6.1.15.jar:6.1.15]
	at org.springframework.test.context.web.ServletTestExecutionListener.setUpRequestContextIfNecessary(ServletTestExecutionListener.java:191) ~[spring-test-6.1.15.jar:6.1.15]
	at org.springframework.test.context.web.ServletTestExecutionListener.prepareTestInstance(ServletTestExecutionListener.java:130) ~[spring-test-6.1.15.jar:6.1.15]
	at org.springframework.test.context.TestContextManager.prepareTestInstance(TestContextManager.java:260) ~[spring-test-6.1.15.jar:6.1.15]
	at org.springframework.test.context.junit.jupiter.SpringExtension.postProcessTestInstance(SpringExtension.java:163) ~[spring-test-6.1.15.jar:6.1.15]
	at org.junit.jupiter.engine.descriptor.ClassBasedTestDescriptor.lambda$invokeTestInstancePostProcessors$10(ClassBasedTestDescriptor.java:378) ~[junit-jupiter-engine-5.10.5.jar:5.10.5]
	at org.junit.jupiter.engine.descriptor.ClassBasedTestDescriptor.executeAndMaskThrowable(ClassBasedTestDescriptor.java:383) ~[junit-jupiter-engine-5.10.5.jar:5.10.5]
	at org.junit.jupiter.engine.descriptor.ClassBasedTestDescriptor.lambda$invokeTestInstancePostProcessors$11(ClassBasedTestDescriptor.java:378) ~[junit-jupiter-engine-5.10.5.jar:5.10.5]
	at java.base/java.util.stream.ReferencePipeline$3$1.accept(ReferencePipeline.java:197) ~[na:na]
	at java.base/java.util.stream.ReferencePipeline$2$1.accept(ReferencePipeline.java:179) ~[na:na]
	at java.base/java.util.ArrayList$ArrayListSpliterator.forEachRemaining(ArrayList.java:1708) ~[na:na]
	at java.base/java.util.stream.AbstractPipeline.copyInto(AbstractPipeline.java:509) ~[na:na]
	at java.base/java.util.stream.AbstractPipeline.wrapAndCopyInto(AbstractPipeline.java:499) ~[na:na]
	at java.base/java.util.stream.StreamSpliterators$WrappingSpliterator.forEachRemaining(StreamSpliterators.java:310) ~[na:na]
	at java.base/java.util.stream.Streams$ConcatSpliterator.forEachRemaining(Streams.java:735) ~[na:na]
	at java.base/java.util.stream.Streams$ConcatSpliterator.forEachRemaining(Streams.java:734) ~[na:na]
	at java.base/java.util.stream.ReferencePipeline$Head.forEach(ReferencePipeline.java:762) ~[na:na]
	at org.junit.jupiter.engine.descriptor.ClassBasedTestDescriptor.invokeTestInstancePostProcessors(ClassBasedTestDescriptor.java:377) ~[junit-jupiter-engine-5.10.5.jar:5.10.5]
	at org.junit.jupiter.engine.descriptor.ClassBasedTestDescriptor.lambda$instantiateAndPostProcessTestInstance$6(ClassBasedTestDescriptor.java:290) ~[junit-jupiter-engine-5.10.5.jar:5.10.5]
	at org.junit.platform.engine.support.hierarchical.ThrowableCollector.execute(ThrowableCollector.java:73) ~[junit-platform-engine-1.10.5.jar:1.10.5]
	at org.junit.jupiter.engine.descriptor.ClassBasedTestDescriptor.instantiateAndPostProcessTestInstance(ClassBasedTestDescriptor.java:289) ~[junit-jupiter-engine-5.10.5.jar:5.10.5]
	at org.junit.jupiter.engine.descriptor.ClassBasedTestDescriptor.lambda$testInstancesProvider$4(ClassBasedTestDescriptor.java:279) ~[junit-jupiter-engine-5.10.5.jar:5.10.5]
	at java.base/java.util.Optional.orElseGet(Optional.java:364) ~[na:na]
	at org.junit.jupiter.engine.descriptor.ClassBasedTestDescriptor.lambda$testInstancesProvider$5(ClassBasedTestDescriptor.java:278) ~[junit-jupiter-engine-5.10.5.jar:5.10.5]
	at org.junit.jupiter.engine.execution.TestInstancesProvider.getTestInstances(TestInstancesProvider.java:31) ~[junit-jupiter-engine-5.10.5.jar:5.10.5]
	at org.junit.jupiter.engine.descriptor.TestMethodTestDescriptor.lambda$prepare$0(TestMethodTestDescriptor.java:106) ~[junit-jupiter-engine-5.10.5.jar:5.10.5]
	at org.junit.platform.engine.support.hierarchical.ThrowableCollector.execute(ThrowableCollector.java:73) ~[junit-platform-engine-1.10.5.jar:1.10.5]
	at org.junit.jupiter.engine.descriptor.TestMethodTestDescriptor.prepare(TestMethodTestDescriptor.java:105) ~[junit-jupiter-engine-5.10.5.jar:5.10.5]
	at org.junit.jupiter.engine.descriptor.TestMethodTestDescriptor.prepare(TestMethodTestDescriptor.java:69) ~[junit-jupiter-engine-5.10.5.jar:5.10.5]
	at org.junit.platform.engine.support.hierarchical.NodeTestTask.lambda$prepare$2(NodeTestTask.java:128) ~[junit-platform-engine-1.10.5.jar:1.10.5]
	at org.junit.platform.engine.support.hierarchical.ThrowableCollector.execute(ThrowableCollector.java:73) ~[junit-platform-engine-1.10.5.jar:1.10.5]
	at org.junit.platform.engine.support.hierarchical.NodeTestTask.prepare(NodeTestTask.java:128) ~[junit-platform-engine-1.10.5.jar:1.10.5]
	at org.junit.platform.engine.support.hierarchical.NodeTestTask.execute(NodeTestTask.java:95) ~[junit-platform-engine-1.10.5.jar:1.10.5]
	at java.base/java.util.ArrayList.forEach(ArrayList.java:1596) ~[na:na]
	at org.junit.platform.engine.support.hierarchical.SameThreadHierarchicalTestExecutorService.invokeAll(SameThreadHierarchicalTestExecutorService.java:41) ~[junit-platform-engine-1.10.5.jar:1.10.5]
	at org.junit.platform.engine.support.hierarchical.NodeTestTask.lambda$executeRecursively$6(NodeTestTask.java:160) ~[junit-platform-engine-1.10.5.jar:1.10.5]
	at org.junit.platform.engine.support.hierarchical.ThrowableCollector.execute(ThrowableCollector.java:73) ~[junit-platform-engine-1.10.5.jar:1.10.5]
	at org.junit.platform.engine.support.hierarchical.NodeTestTask.lambda$executeRecursively$8(NodeTestTask.java:146) ~[junit-platform-engine-1.10.5.jar:1.10.5]
	at org.junit.platform.engine.support.hierarchical.Node.around(Node.java:137) ~[junit-platform-engine-1.10.5.jar:1.10.5]
	at org.junit.platform.engine.support.hierarchical.NodeTestTask.lambda$executeRecursively$9(NodeTestTask.java:144) ~[junit-platform-engine-1.10.5.jar:1.10.5]
	at org.junit.platform.engine.support.hierarchical.ThrowableCollector.execute(ThrowableCollector.java:73) ~[junit-platform-engine-1.10.5.jar:1.10.5]
	at org.junit.platform.engine.support.hierarchical.NodeTestTask.executeRecursively(NodeTestTask.java:143) ~[junit-platform-engine-1.10.5.jar:1.10.5]
	at org.junit.platform.engine.support.hierarchical.NodeTestTask.execute(NodeTestTask.java:100) ~[junit-platform-engine-1.10.5.jar:1.10.5]
	at java.base/java.util.ArrayList.forEach(ArrayList.java:1596) ~[na:na]
	at org.junit.platform.engine.support.hierarchical.SameThreadHierarchicalTestExecutorService.invokeAll(SameThreadHierarchicalTestExecutorService.java:41) ~[junit-platform-engine-1.10.5.jar:1.10.5]
	at org.junit.platform.engine.support.hierarchical.NodeTestTask.lambda$executeRecursively$6(NodeTestTask.java:160) ~[junit-platform-engine-1.10.5.jar:1.10.5]
	at org.junit.platform.engine.support.hierarchical.ThrowableCollector.execute(ThrowableCollector.java:73) ~[junit-platform-engine-1.10.5.jar:1.10.5]
	at org.junit.platform.engine.support.hierarchical.NodeTestTask.lambda$executeRecursively$8(NodeTestTask.java:146) ~[junit-platform-engine-1.10.5.jar:1.10.5]
	at org.junit.platform.engine.support.hierarchical.Node.around(Node.java:137) ~[junit-platform-engine-1.10.5.jar:1.10.5]
	at org.junit.platform.engine.support.hierarchical.NodeTestTask.lambda$executeRecursively$9(NodeTestTask.java:144) ~[junit-platform-engine-1.10.5.jar:1.10.5]
	at org.junit.platform.engine.support.hierarchical.ThrowableCollector.execute(ThrowableCollector.java:73) ~[junit-platform-engine-1.10.5.jar:1.10.5]
	at org.junit.platform.engine.support.hierarchical.NodeTestTask.executeRecursively(NodeTestTask.java:143) ~[junit-platform-engine-1.10.5.jar:1.10.5]
	at org.junit.platform.engine.support.hierarchical.NodeTestTask.execute(NodeTestTask.java:100) ~[junit-platform-engine-1.10.5.jar:1.10.5]
	at org.junit.platform.engine.support.hierarchical.SameThreadHierarchicalTestExecutorService.submit(SameThreadHierarchicalTestExecutorService.java:35) ~[junit-platform-engine-1.10.5.jar:1.10.5]
	at org.junit.platform.engine.support.hierarchical.HierarchicalTestExecutor.execute(HierarchicalTestExecutor.java:57) ~[junit-platform-engine-1.10.5.jar:1.10.5]
	at org.junit.platform.engine.support.hierarchical.HierarchicalTestEngine.execute(HierarchicalTestEngine.java:54) ~[junit-platform-engine-1.10.5.jar:1.10.5]
	at org.junit.platform.launcher.core.EngineExecutionOrchestrator.execute(EngineExecutionOrchestrator.java:198) ~[junit-platform-launcher-1.10.5.jar:1.10.5]
	at org.junit.platform.launcher.core.EngineExecutionOrchestrator.execute(EngineExecutionOrchestrator.java:169) ~[junit-platform-launcher-1.10.5.jar:1.10.5]
	at org.junit.platform.launcher.core.EngineExecutionOrchestrator.execute(EngineExecutionOrchestrator.java:93) ~[junit-platform-launcher-1.10.5.jar:1.10.5]
	at org.junit.platform.launcher.core.EngineExecutionOrchestrator.lambda$execute$0(EngineExecutionOrchestrator.java:58) ~[junit-platform-launcher-1.10.5.jar:1.10.5]
	at org.junit.platform.launcher.core.EngineExecutionOrchestrator.withInterceptedStreams(EngineExecutionOrchestrator.java:141) ~[junit-platform-launcher-1.10.5.jar:1.10.5]
	at org.junit.platform.launcher.core.EngineExecutionOrchestrator.execute(EngineExecutionOrchestrator.java:57) ~[junit-platform-launcher-1.10.5.jar:1.10.5]
	at org.junit.platform.launcher.core.DefaultLauncher.execute(DefaultLauncher.java:103) ~[junit-platform-launcher-1.10.5.jar:1.10.5]
	at org.junit.platform.launcher.core.DefaultLauncher.execute(DefaultLauncher.java:85) ~[junit-platform-launcher-1.10.5.jar:1.10.5]
	at org.junit.platform.launcher.core.DelegatingLauncher.execute(DelegatingLauncher.java:47) ~[junit-platform-launcher-1.10.5.jar:1.10.5]
	at org.junit.platform.launcher.core.SessionPerRequestLauncher.execute(SessionPerRequestLauncher.java:63) ~[junit-platform-launcher-1.10.5.jar:1.10.5]
	at com.intellij.junit5.JUnit5TestRunnerHelper.execute(JUnit5TestRunnerHelper.java:134) ~[junit5-rt.jar:na]
	at com.intellij.junit5.JUnit5IdeaTestRunner.startRunnerWithArgs(JUnit5IdeaTestRunner.java:70) ~[junit5-rt.jar:na]
	at com.intellij.rt.junit.IdeaTestRunner$Repeater$1.execute(IdeaTestRunner.java:38) ~[junit-rt.jar:na]
	at com.intellij.rt.execution.junit.TestsRepeater.repeat(TestsRepeater.java:11) ~[idea_rt.jar:na]
	at com.intellij.rt.junit.IdeaTestRunner$Repeater.startRunnerWithArgs(IdeaTestRunner.java:35) ~[junit-rt.jar:na]
	at com.intellij.rt.junit.JUnitStarter.prepareStreamsAndStart(JUnitStarter.java:226) ~[junit-rt.jar:na]
	at com.intellij.rt.junit.JUnitStarter.main(JUnitStarter.java:62) ~[junit-rt.jar:na]
Caused by: org.springframework.beans.factory.UnsatisfiedDependencyException: Error creating bean with name 'itemController' defined in file [E:\hmall\hm-item\item-service\target\classes\com\george\item\controller\ItemController.class]: Unsatisfied dependency expressed through constructor parameter 0: Error creating bean with name 'itemServiceImpl': Unsatisfied dependency expressed through field 'baseMapper': Error creating bean with name 'itemMapper' defined in file [E:\hmall\hm-item\item-service\target\classes\com\george\item\mapper\ItemMapper.class]: Unsatisfied dependency expressed through bean property 'sqlSessionFactory': Error creating bean with name 'sqlSessionFactory' defined in class path resource [com/baomidou/mybatisplus/autoconfigure/MybatisPlusAutoConfiguration.class]: Unsatisfied dependency expressed through method 'sqlSessionFactory' parameter 0: Error creating bean with name 'dataSource' defined in class path resource [org/springframework/boot/autoconfigure/jdbc/DataSourceConfiguration$Hikari.class]: can not init dataSource
	at org.springframework.beans.factory.support.ConstructorResolver.createArgumentArray(ConstructorResolver.java:795) ~[spring-beans-6.1.15.jar:6.1.15]
	at org.springframework.beans.factory.support.ConstructorResolver.autowireConstructor(ConstructorResolver.java:237) ~[spring-beans-6.1.15.jar:6.1.15]
	at org.springframework.beans.factory.support.AbstractAutowireCapableBeanFactory.autowireConstructor(AbstractAutowireCapableBeanFactory.java:1375) ~[spring-beans-6.1.15.jar:6.1.15]
	at org.springframework.beans.factory.support.AbstractAutowireCapableBeanFactory.createBeanInstance(AbstractAutowireCapableBeanFactory.java:1212) ~[spring-beans-6.1.15.jar:6.1.15]
	at org.springframework.beans.factory.support.AbstractAutowireCapableBeanFactory.doCreateBean(AbstractAutowireCapableBeanFactory.java:562) ~[spring-beans-6.1.15.jar:6.1.15]
	at org.springframework.beans.factory.support.AbstractAutowireCapableBeanFactory.createBean(AbstractAutowireCapableBeanFactory.java:522) ~[spring-beans-6.1.15.jar:6.1.15]
	at org.springframework.beans.factory.support.AbstractBeanFactory.lambda$doGetBean$0(AbstractBeanFactory.java:337) ~[spring-beans-6.1.15.jar:6.1.15]
	at org.springframework.beans.factory.support.DefaultSingletonBeanRegistry.getSingleton(DefaultSingletonBeanRegistry.java:234) ~[spring-beans-6.1.15.jar:6.1.15]
	at org.springframework.beans.factory.support.AbstractBeanFactory.doGetBean(AbstractBeanFactory.java:335) ~[spring-beans-6.1.15.jar:6.1.15]
	at org.springframework.beans.factory.support.AbstractBeanFactory.getBean(AbstractBeanFactory.java:200) ~[spring-beans-6.1.15.jar:6.1.15]
	at org.springframework.beans.factory.support.DefaultListableBeanFactory.preInstantiateSingletons(DefaultListableBeanFactory.java:975) ~[spring-beans-6.1.15.jar:6.1.15]
	at org.springframework.context.support.AbstractApplicationContext.finishBeanFactoryInitialization(AbstractApplicationContext.java:971) ~[spring-context-6.1.15.jar:6.1.15]
	at org.springframework.context.support.AbstractApplicationContext.refresh(AbstractApplicationContext.java:625) ~[spring-context-6.1.15.jar:6.1.15]
	at org.springframework.boot.SpringApplication.refresh(SpringApplication.java:754) ~[spring-boot-3.3.6.jar:3.3.6]
	at org.springframework.boot.SpringApplication.refreshContext(SpringApplication.java:456) ~[spring-boot-3.3.6.jar:3.3.6]
	at org.springframework.boot.SpringApplication.run(SpringApplication.java:335) ~[spring-boot-3.3.6.jar:3.3.6]
	at org.springframework.boot.test.context.SpringBootContextLoader.lambda$loadContext$3(SpringBootContextLoader.java:137) ~[spring-boot-test-3.3.6.jar:3.3.6]
	at org.springframework.util.function.ThrowingSupplier.get(ThrowingSupplier.java:58) ~[spring-core-6.1.15.jar:6.1.15]
	at org.springframework.util.function.ThrowingSupplier.get(ThrowingSupplier.java:46) ~[spring-core-6.1.15.jar:6.1.15]
	at org.springframework.boot.SpringApplication.withHook(SpringApplication.java:1463) ~[spring-boot-3.3.6.jar:3.3.6]
	at org.springframework.boot.test.context.SpringBootContextLoader$ContextLoaderHook.run(SpringBootContextLoader.java:553) ~[spring-boot-test-3.3.6.jar:3.3.6]
	at org.springframework.boot.test.context.SpringBootContextLoader.loadContext(SpringBootContextLoader.java:137) ~[spring-boot-test-3.3.6.jar:3.3.6]
	at org.springframework.boot.test.context.SpringBootContextLoader.loadContext(SpringBootContextLoader.java:108) ~[spring-boot-test-3.3.6.jar:3.3.6]
	at org.springframework.test.context.cache.DefaultCacheAwareContextLoaderDelegate.loadContextInternal(DefaultCacheAwareContextLoaderDelegate.java:225) ~[spring-test-6.1.15.jar:6.1.15]
	at org.springframework.test.context.cache.DefaultCacheAwareContextLoaderDelegate.loadContext(DefaultCacheAwareContextLoaderDelegate.java:152) ~[spring-test-6.1.15.jar:6.1.15]
	... 73 common frames omitted
Caused by: org.springframework.beans.factory.UnsatisfiedDependencyException: Error creating bean with name 'itemServiceImpl': Unsatisfied dependency expressed through field 'baseMapper': Error creating bean with name 'itemMapper' defined in file [E:\hmall\hm-item\item-service\target\classes\com\george\item\mapper\ItemMapper.class]: Unsatisfied dependency expressed through bean property 'sqlSessionFactory': Error creating bean with name 'sqlSessionFactory' defined in class path resource [com/baomidou/mybatisplus/autoconfigure/MybatisPlusAutoConfiguration.class]: Unsatisfied dependency expressed through method 'sqlSessionFactory' parameter 0: Error creating bean with name 'dataSource' defined in class path resource [org/springframework/boot/autoconfigure/jdbc/DataSourceConfiguration$Hikari.class]: can not init dataSource
	at org.springframework.beans.factory.annotation.AutowiredAnnotationBeanPostProcessor$AutowiredFieldElement.resolveFieldValue(AutowiredAnnotationBeanPostProcessor.java:788) ~[spring-beans-6.1.15.jar:6.1.15]
	at org.springframework.beans.factory.annotation.AutowiredAnnotationBeanPostProcessor$AutowiredFieldElement.inject(AutowiredAnnotationBeanPostProcessor.java:768) ~[spring-beans-6.1.15.jar:6.1.15]
	at org.springframework.beans.factory.annotation.InjectionMetadata.inject(InjectionMetadata.java:145) ~[spring-beans-6.1.15.jar:6.1.15]
	at org.springframework.beans.factory.annotation.AutowiredAnnotationBeanPostProcessor.postProcessProperties(AutowiredAnnotationBeanPostProcessor.java:509) ~[spring-beans-6.1.15.jar:6.1.15]
	at org.springframework.beans.factory.support.AbstractAutowireCapableBeanFactory.populateBean(AbstractAutowireCapableBeanFactory.java:1439) ~[spring-beans-6.1.15.jar:6.1.15]
	at org.springframework.beans.factory.support.AbstractAutowireCapableBeanFactory.doCreateBean(AbstractAutowireCapableBeanFactory.java:599) ~[spring-beans-6.1.15.jar:6.1.15]
	at org.springframework.beans.factory.support.AbstractAutowireCapableBeanFactory.createBean(AbstractAutowireCapableBeanFactory.java:522) ~[spring-beans-6.1.15.jar:6.1.15]
	at org.springframework.beans.factory.support.AbstractBeanFactory.lambda$doGetBean$0(AbstractBeanFactory.java:337) ~[spring-beans-6.1.15.jar:6.1.15]
	at org.springframework.beans.factory.support.DefaultSingletonBeanRegistry.getSingleton(DefaultSingletonBeanRegistry.java:234) ~[spring-beans-6.1.15.jar:6.1.15]
	at org.springframework.beans.factory.support.AbstractBeanFactory.doGetBean(AbstractBeanFactory.java:335) ~[spring-beans-6.1.15.jar:6.1.15]
	at org.springframework.beans.factory.support.AbstractBeanFactory.getBean(AbstractBeanFactory.java:200) ~[spring-beans-6.1.15.jar:6.1.15]
	at org.springframework.beans.factory.config.DependencyDescriptor.resolveCandidate(DependencyDescriptor.java:254) ~[spring-beans-6.1.15.jar:6.1.15]
	at org.springframework.beans.factory.support.DefaultListableBeanFactory.doResolveDependency(DefaultListableBeanFactory.java:1443) ~[spring-beans-6.1.15.jar:6.1.15]
	at org.springframework.beans.factory.support.DefaultListableBeanFactory.resolveDependency(DefaultListableBeanFactory.java:1353) ~[spring-beans-6.1.15.jar:6.1.15]
	at org.springframework.beans.factory.support.ConstructorResolver.resolveAutowiredArgument(ConstructorResolver.java:904) ~[spring-beans-6.1.15.jar:6.1.15]
	at org.springframework.beans.factory.support.ConstructorResolver.createArgumentArray(ConstructorResolver.java:782) ~[spring-beans-6.1.15.jar:6.1.15]
	... 97 common frames omitted
Caused by: org.springframework.beans.factory.UnsatisfiedDependencyException: Error creating bean with name 'itemMapper' defined in file [E:\hmall\hm-item\item-service\target\classes\com\george\item\mapper\ItemMapper.class]: Unsatisfied dependency expressed through bean property 'sqlSessionFactory': Error creating bean with name 'sqlSessionFactory' defined in class path resource [com/baomidou/mybatisplus/autoconfigure/MybatisPlusAutoConfiguration.class]: Unsatisfied dependency expressed through method 'sqlSessionFactory' parameter 0: Error creating bean with name 'dataSource' defined in class path resource [org/springframework/boot/autoconfigure/jdbc/DataSourceConfiguration$Hikari.class]: can not init dataSource
	at org.springframework.beans.factory.support.AbstractAutowireCapableBeanFactory.autowireByType(AbstractAutowireCapableBeanFactory.java:1536) ~[spring-beans-6.1.15.jar:6.1.15]
	at org.springframework.beans.factory.support.AbstractAutowireCapableBeanFactory.populateBean(AbstractAutowireCapableBeanFactory.java:1430) ~[spring-beans-6.1.15.jar:6.1.15]
	at org.springframework.beans.factory.support.AbstractAutowireCapableBeanFactory.doCreateBean(AbstractAutowireCapableBeanFactory.java:599) ~[spring-beans-6.1.15.jar:6.1.15]
	at org.springframework.beans.factory.support.AbstractAutowireCapableBeanFactory.createBean(AbstractAutowireCapableBeanFactory.java:522) ~[spring-beans-6.1.15.jar:6.1.15]
	at org.springframework.beans.factory.support.AbstractBeanFactory.lambda$doGetBean$0(AbstractBeanFactory.java:337) ~[spring-beans-6.1.15.jar:6.1.15]
	at org.springframework.beans.factory.support.DefaultSingletonBeanRegistry.getSingleton(DefaultSingletonBeanRegistry.java:234) ~[spring-beans-6.1.15.jar:6.1.15]
	at org.springframework.beans.factory.support.AbstractBeanFactory.doGetBean(AbstractBeanFactory.java:335) ~[spring-beans-6.1.15.jar:6.1.15]
	at org.springframework.beans.factory.support.AbstractBeanFactory.getBean(AbstractBeanFactory.java:200) ~[spring-beans-6.1.15.jar:6.1.15]
	at org.springframework.beans.factory.config.DependencyDescriptor.resolveCandidate(DependencyDescriptor.java:254) ~[spring-beans-6.1.15.jar:6.1.15]
	at org.springframework.beans.factory.support.DefaultListableBeanFactory.doResolveDependency(DefaultListableBeanFactory.java:1443) ~[spring-beans-6.1.15.jar:6.1.15]
	at org.springframework.beans.factory.support.DefaultListableBeanFactory.resolveDependency(DefaultListableBeanFactory.java:1353) ~[spring-beans-6.1.15.jar:6.1.15]
	at org.springframework.beans.factory.annotation.AutowiredAnnotationBeanPostProcessor$AutowiredFieldElement.resolveFieldValue(AutowiredAnnotationBeanPostProcessor.java:785) ~[spring-beans-6.1.15.jar:6.1.15]
	... 112 common frames omitted
Caused by: org.springframework.beans.factory.UnsatisfiedDependencyException: Error creating bean with name 'sqlSessionFactory' defined in class path resource [com/baomidou/mybatisplus/autoconfigure/MybatisPlusAutoConfiguration.class]: Unsatisfied dependency expressed through method 'sqlSessionFactory' parameter 0: Error creating bean with name 'dataSource' defined in class path resource [org/springframework/boot/autoconfigure/jdbc/DataSourceConfiguration$Hikari.class]: can not init dataSource
	at org.springframework.beans.factory.support.ConstructorResolver.createArgumentArray(ConstructorResolver.java:795) ~[spring-beans-6.1.15.jar:6.1.15]
	at org.springframework.beans.factory.support.ConstructorResolver.instantiateUsingFactoryMethod(ConstructorResolver.java:542) ~[spring-beans-6.1.15.jar:6.1.15]
	at org.springframework.beans.factory.support.AbstractAutowireCapableBeanFactory.instantiateUsingFactoryMethod(AbstractAutowireCapableBeanFactory.java:1355) ~[spring-beans-6.1.15.jar:6.1.15]
	at org.springframework.beans.factory.support.AbstractAutowireCapableBeanFactory.createBeanInstance(AbstractAutowireCapableBeanFactory.java:1185) ~[spring-beans-6.1.15.jar:6.1.15]
	at org.springframework.beans.factory.support.AbstractAutowireCapableBeanFactory.doCreateBean(AbstractAutowireCapableBeanFactory.java:562) ~[spring-beans-6.1.15.jar:6.1.15]
	at org.springframework.beans.factory.support.AbstractAutowireCapableBeanFactory.createBean(AbstractAutowireCapableBeanFactory.java:522) ~[spring-beans-6.1.15.jar:6.1.15]
	at org.springframework.beans.factory.support.AbstractBeanFactory.lambda$doGetBean$0(AbstractBeanFactory.java:337) ~[spring-beans-6.1.15.jar:6.1.15]
	at org.springframework.beans.factory.support.DefaultSingletonBeanRegistry.getSingleton(DefaultSingletonBeanRegistry.java:234) ~[spring-beans-6.1.15.jar:6.1.15]
	at org.springframework.beans.factory.support.AbstractBeanFactory.doGetBean(AbstractBeanFactory.java:335) ~[spring-beans-6.1.15.jar:6.1.15]
	at org.springframework.beans.factory.support.AbstractBeanFactory.getBean(AbstractBeanFactory.java:200) ~[spring-beans-6.1.15.jar:6.1.15]
	at org.springframework.beans.factory.config.DependencyDescriptor.resolveCandidate(DependencyDescriptor.java:254) ~[spring-beans-6.1.15.jar:6.1.15]
	at org.springframework.beans.factory.support.DefaultListableBeanFactory.doResolveDependency(DefaultListableBeanFactory.java:1443) ~[spring-beans-6.1.15.jar:6.1.15]
	at org.springframework.beans.factory.support.DefaultListableBeanFactory.resolveDependency(DefaultListableBeanFactory.java:1353) ~[spring-beans-6.1.15.jar:6.1.15]
	at org.springframework.beans.factory.support.AbstractAutowireCapableBeanFactory.autowireByType(AbstractAutowireCapableBeanFactory.java:1521) ~[spring-beans-6.1.15.jar:6.1.15]
	... 123 common frames omitted
Caused by: org.springframework.beans.factory.BeanCreationException: Error creating bean with name 'dataSource' defined in class path resource [org/springframework/boot/autoconfigure/jdbc/DataSourceConfiguration$Hikari.class]: can not init dataSource
	at org.springframework.beans.factory.support.AbstractAutowireCapableBeanFactory.doCreateBean(AbstractAutowireCapableBeanFactory.java:607) ~[spring-beans-6.1.15.jar:6.1.15]
	at org.springframework.beans.factory.support.AbstractAutowireCapableBeanFactory.createBean(AbstractAutowireCapableBeanFactory.java:522) ~[spring-beans-6.1.15.jar:6.1.15]
	at org.springframework.beans.factory.support.AbstractBeanFactory.lambda$doGetBean$0(AbstractBeanFactory.java:337) ~[spring-beans-6.1.15.jar:6.1.15]
	at org.springframework.beans.factory.support.DefaultSingletonBeanRegistry.getSingleton(DefaultSingletonBeanRegistry.java:234) ~[spring-beans-6.1.15.jar:6.1.15]
	at org.springframework.beans.factory.support.AbstractBeanFactory.doGetBean(AbstractBeanFactory.java:335) ~[spring-beans-6.1.15.jar:6.1.15]
	at org.springframework.beans.factory.support.AbstractBeanFactory.getBean(AbstractBeanFactory.java:200) ~[spring-beans-6.1.15.jar:6.1.15]
	at org.springframework.beans.factory.config.DependencyDescriptor.resolveCandidate(DependencyDescriptor.java:254) ~[spring-beans-6.1.15.jar:6.1.15]
	at org.springframework.beans.factory.support.DefaultListableBeanFactory.doResolveDependency(DefaultListableBeanFactory.java:1443) ~[spring-beans-6.1.15.jar:6.1.15]
	at org.springframework.beans.factory.support.DefaultListableBeanFactory.resolveDependency(DefaultListableBeanFactory.java:1353) ~[spring-beans-6.1.15.jar:6.1.15]
	at org.springframework.beans.factory.support.ConstructorResolver.resolveAutowiredArgument(ConstructorResolver.java:904) ~[spring-beans-6.1.15.jar:6.1.15]
	at org.springframework.beans.factory.support.ConstructorResolver.createArgumentArray(ConstructorResolver.java:782) ~[spring-beans-6.1.15.jar:6.1.15]
	... 136 common frames omitted
Caused by: java.lang.IllegalStateException: can not init dataSource
	at org.apache.seata.rm.datasource.DataSourceProxy.init(DataSourceProxy.java:114) ~[seata-all-2.1.0.jar:2.1.0]
	at org.apache.seata.rm.datasource.DataSourceProxy.<init>(DataSourceProxy.java:97) ~[seata-all-2.1.0.jar:2.1.0]
	at org.apache.seata.rm.datasource.DataSourceProxy.<init>(DataSourceProxy.java:82) ~[seata-all-2.1.0.jar:2.1.0]
	at org.apache.seata.spring.annotation.datasource.SeataAutoDataSourceProxyCreator.buildProxy(SeataAutoDataSourceProxyCreator.java:113) ~[seata-all-2.1.0.jar:2.1.0]
	at org.apache.seata.spring.annotation.datasource.SeataAutoDataSourceProxyCreator.wrapIfNecessary(SeataAutoDataSourceProxyCreator.java:87) ~[seata-all-2.1.0.jar:2.1.0]
	at org.springframework.aop.framework.autoproxy.AbstractAutoProxyCreator.postProcessAfterInitialization(AbstractAutoProxyCreator.java:320) ~[spring-aop-6.1.15.jar:6.1.15]
	at org.springframework.beans.factory.support.AbstractAutowireCapableBeanFactory.applyBeanPostProcessorsAfterInitialization(AbstractAutowireCapableBeanFactory.java:438) ~[spring-beans-6.1.15.jar:6.1.15]
	at org.springframework.beans.factory.support.AbstractAutowireCapableBeanFactory.initializeBean(AbstractAutowireCapableBeanFactory.java:1809) ~[spring-beans-6.1.15.jar:6.1.15]
	at org.springframework.beans.factory.support.AbstractAutowireCapableBeanFactory.doCreateBean(AbstractAutowireCapableBeanFactory.java:600) ~[spring-beans-6.1.15.jar:6.1.15]
	... 146 common frames omitted
Caused by: com.mysql.cj.jdbc.exceptions.CommunicationsException: Communications link failure

The last packet sent successfully to the server was 0 milliseconds ago. The driver has not received any packets from the server.
	at com.mysql.cj.jdbc.exceptions.SQLError.createCommunicationsException(SQLError.java:165) ~[mysql-connector-j-9.7.0.jar:9.7.0]
	at com.mysql.cj.jdbc.exceptions.SQLExceptionsMapping.translateException(SQLExceptionsMapping.java:55) ~[mysql-connector-j-9.7.0.jar:9.7.0]
	at com.mysql.cj.jdbc.ConnectionImpl.createNewIO(ConnectionImpl.java:840) ~[mysql-connector-j-9.7.0.jar:9.7.0]
	at com.mysql.cj.jdbc.ConnectionImpl.<init>(ConnectionImpl.java:416) ~[mysql-connector-j-9.7.0.jar:9.7.0]
	at com.mysql.cj.jdbc.ConnectionImpl.getInstance(ConnectionImpl.java:237) ~[mysql-connector-j-9.7.0.jar:9.7.0]
	at com.mysql.cj.jdbc.NonRegisteringDriver.connect(NonRegisteringDriver.java:180) ~[mysql-connector-j-9.7.0.jar:9.7.0]
	at com.zaxxer.hikari.util.DriverDataSource.getConnection(DriverDataSource.java:137) ~[HikariCP-5.1.0.jar:na]
	at com.zaxxer.hikari.pool.PoolBase.newConnection(PoolBase.java:360) ~[HikariCP-5.1.0.jar:na]
	at com.zaxxer.hikari.pool.PoolBase.newPoolEntry(PoolBase.java:202) ~[HikariCP-5.1.0.jar:na]
	at com.zaxxer.hikari.pool.HikariPool.createPoolEntry(HikariPool.java:461) ~[HikariCP-5.1.0.jar:na]
	at com.zaxxer.hikari.pool.HikariPool.checkFailFast(HikariPool.java:550) ~[HikariCP-5.1.0.jar:na]
	at com.zaxxer.hikari.pool.HikariPool.<init>(HikariPool.java:98) ~[HikariCP-5.1.0.jar:na]
	at com.zaxxer.hikari.HikariDataSource.getConnection(HikariDataSource.java:111) ~[HikariCP-5.1.0.jar:na]
	at org.apache.seata.rm.datasource.DataSourceProxy.init(DataSourceProxy.java:102) ~[seata-all-2.1.0.jar:2.1.0]
	... 154 common frames omitted
Caused by: com.mysql.cj.exceptions.CJCommunicationsException: Communications link failure

The last packet sent successfully to the server was 0 milliseconds ago. The driver has not received any packets from the server.
	at java.base/jdk.internal.reflect.DirectConstructorHandleAccessor.newInstance(DirectConstructorHandleAccessor.java:62) ~[na:na]
	at java.base/java.lang.reflect.Constructor.newInstanceWithCaller(Constructor.java:502) ~[na:na]
	at java.base/java.lang.reflect.Constructor.newInstance(Constructor.java:486) ~[na:na]
	at com.mysql.cj.exceptions.ExceptionFactory.createException(ExceptionFactory.java:52) ~[mysql-connector-j-9.7.0.jar:9.7.0]
	at com.mysql.cj.exceptions.ExceptionFactory.createException(ExceptionFactory.java:95) ~[mysql-connector-j-9.7.0.jar:9.7.0]
	at com.mysql.cj.exceptions.ExceptionFactory.createException(ExceptionFactory.java:140) ~[mysql-connector-j-9.7.0.jar:9.7.0]
	at com.mysql.cj.exceptions.ExceptionFactory.createCommunicationsException(ExceptionFactory.java:156) ~[mysql-connector-j-9.7.0.jar:9.7.0]
	at com.mysql.cj.protocol.a.NativeProtocol.readMessage(NativeProtocol.java:590) ~[mysql-connector-j-9.7.0.jar:9.7.0]
	at com.mysql.cj.protocol.a.NativeProtocol.readServerCapabilities(NativeProtocol.java:515) ~[mysql-connector-j-9.7.0.jar:9.7.0]
	at com.mysql.cj.protocol.a.NativeProtocol.beforeHandshake(NativeProtocol.java:410) ~[mysql-connector-j-9.7.0.jar:9.7.0]
	at com.mysql.cj.protocol.a.NativeProtocol.connect(NativeProtocol.java:1332) ~[mysql-connector-j-9.7.0.jar:9.7.0]
	at com.mysql.cj.NativeSession.connect(NativeSession.java:155) ~[mysql-connector-j-9.7.0.jar:9.7.0]
	at com.mysql.cj.jdbc.ConnectionImpl.connectOneTryOnly(ConnectionImpl.java:964) ~[mysql-connector-j-9.7.0.jar:9.7.0]
	at com.mysql.cj.jdbc.ConnectionImpl.createNewIO(ConnectionImpl.java:828) ~[mysql-connector-j-9.7.0.jar:9.7.0]
	... 165 common frames omitted
Caused by: java.io.EOFException: Can not read response from server. Expected to read 4 bytes, read 0 bytes before connection was unexpectedly lost.
	at com.mysql.cj.protocol.FullReadInputStream.readFully(FullReadInputStream.java:58) ~[mysql-connector-j-9.7.0.jar:9.7.0]
	at com.mysql.cj.protocol.a.SimplePacketReader.readHeaderLocal(SimplePacketReader.java:72) ~[mysql-connector-j-9.7.0.jar:9.7.0]
	at com.mysql.cj.protocol.a.SimplePacketReader.readHeader(SimplePacketReader.java:54) ~[mysql-connector-j-9.7.0.jar:9.7.0]
	at com.mysql.cj.protocol.a.SimplePacketReader.readHeader(SimplePacketReader.java:36) ~[mysql-connector-j-9.7.0.jar:9.7.0]
	at com.mysql.cj.protocol.a.NativeProtocol.readMessage(NativeProtocol.java:584) ~[mysql-connector-j-9.7.0.jar:9.7.0]
	... 171 common frames omitted

19:44:57:883  WARN 17108 --- [item-service] [Thread-2] c.a.n.common.executor.ThreadPoolManager  : [ThreadPoolManager] Start destroying ThreadPool
19:44:57:883  WARN 17108 --- [item-service] [Thread-2] c.a.n.common.executor.ThreadPoolManager  : [ThreadPoolManager] Destruction of the end
19:46:46:641  INFO 8620 --- [item-service] [main] c.a.nacos.client.logging.NacosLogging    : Nacos Logging Adapter Builder: com.alibaba.nacos.logger.adapter.logback12.LogbackNacosLoggingAdapterBuilder
19:46:46:653  INFO 8620 --- [item-service] [main] c.a.nacos.client.logging.NacosLogging    : Nacos Logging Adapter Builder: com.alibaba.nacos.logger.adapter.logback14.LogbackNacosLoggingAdapterBuilder
19:46:46:654  INFO 8620 --- [item-service] [main] c.a.nacos.client.logging.NacosLogging    : Nacos Logging Adapter: com.alibaba.nacos.logger.adapter.logback14.LogbackNacosLoggingAdapter match ch.qos.logback.classic.Logger success.
19:46:46:661  INFO 8620 --- [item-service] [main] c.a.nacos.client.logging.NacosLogging    : Nacos Logging Adapter Builder: com.alibaba.nacos.logger.adapter.log4j2.Log4j2NacosLoggingAdapterBuilder
19:46:46:757  WARN 8620 --- [item-service] [main] c.a.nacos.client.logging.NacosLogging    : Load ch.qos.logback.classic.Logger Configuration of Nacos fail, message: 'void ch.qos.logback.core.model.ModelUtil.setProperty(ch.qos.logback.core.model.processor.ModelInterpretationContext, java.lang.String, java.lang.String, ch.qos.logback.core.joran.action.ActionUtil$Scope)'
19:46:46:824  WARN 8620 --- [item-service] [main] c.a.nacos.client.logging.NacosLogging    : Load ch.qos.logback.classic.Logger Configuration of Nacos fail, message: 'void ch.qos.logback.core.model.ModelUtil.setProperty(ch.qos.logback.core.model.processor.ModelInterpretationContext, java.lang.String, java.lang.String, ch.qos.logback.core.joran.action.ActionUtil$Scope)'
19:46:46:835  INFO 8620 --- [item-service] [main] c.g.item.elastic.ElasticDocumentTest     : Starting ElasticDocumentTest using Java 21.0.11 with PID 8620 (started by lindu in E:\hmall\hm-item\item-service)
19:46:46:836  INFO 8620 --- [item-service] [main] c.g.item.elastic.ElasticDocumentTest     : The following 1 profile is active: "local"
19:46:47:961  INFO 8620 --- [item-service] [main] o.s.cloud.context.scope.GenericScope     : BeanFactory id=47d6e0ea-b2a4-3bea-86c5-5bfe4470e366
19:46:48:066  WARN 8620 --- [item-service] [main] trationDelegate$BeanPostProcessorChecker : Bean 'org.apache.seata.spring.boot.autoconfigure.SeataCoreAutoConfiguration' of type [org.apache.seata.spring.boot.autoconfigure.SeataCoreAutoConfiguration] is not eligible for getting processed by all BeanPostProcessors (for example: not eligible for auto-proxying). Is this bean getting eagerly injected/applied to a currently created BeanPostProcessor []? Check the corresponding BeanPostProcessor declaration and its dependencies/advisors. If this bean does not have to be post-processed, declare it with ROLE_INFRASTRUCTURE.
19:46:48:068  WARN 8620 --- [item-service] [main] trationDelegate$BeanPostProcessorChecker : Bean 'springApplicationContextProvider' of type [org.apache.seata.spring.boot.autoconfigure.provider.SpringApplicationContextProvider] is not eligible for getting processed by all BeanPostProcessors (for example: not eligible for auto-proxying). Is this bean getting eagerly injected/applied to a currently created BeanPostProcessor []? Check the corresponding BeanPostProcessor declaration and its dependencies/advisors. If this bean does not have to be post-processed, declare it with ROLE_INFRASTRUCTURE.
19:46:48:068  WARN 8620 --- [item-service] [main] trationDelegate$BeanPostProcessorChecker : Bean 'org.apache.seata.spring.boot.autoconfigure.SeataAutoConfiguration' of type [org.apache.seata.spring.boot.autoconfigure.SeataAutoConfiguration] is not eligible for getting processed by all BeanPostProcessors (for example: not eligible for auto-proxying). Is this bean getting eagerly injected/applied to a currently created BeanPostProcessor []? Check the corresponding BeanPostProcessor declaration and its dependencies/advisors. If this bean does not have to be post-processed, declare it with ROLE_INFRASTRUCTURE.
19:46:48:141  WARN 8620 --- [item-service] [main] trationDelegate$BeanPostProcessorChecker : Bean 'failureHandler' of type [org.apache.seata.tm.api.DefaultFailureHandlerImpl] is not eligible for getting processed by all BeanPostProcessors (for example: not eligible for auto-proxying). Is this bean getting eagerly injected/applied to a currently created BeanPostProcessor []? Check the corresponding BeanPostProcessor declaration and its dependencies/advisors. If this bean does not have to be post-processed, declare it with ROLE_INFRASTRUCTURE.
19:46:48:149  WARN 8620 --- [item-service] [main] trationDelegate$BeanPostProcessorChecker : Bean 'org.springframework.cloud.commons.config.CommonsConfigAutoConfiguration' of type [org.springframework.cloud.commons.config.CommonsConfigAutoConfiguration] is not eligible for getting processed by all BeanPostProcessors (for example: not eligible for auto-proxying). Is this bean getting eagerly injected/applied to a currently created BeanPostProcessor [globalTransactionScanner]? Check the corresponding BeanPostProcessor declaration and its dependencies/advisors. If this bean does not have to be post-processed, declare it with ROLE_INFRASTRUCTURE.
19:46:48:155  WARN 8620 --- [item-service] [main] trationDelegate$BeanPostProcessorChecker : Bean 'org.springframework.cloud.client.loadbalancer.LoadBalancerDefaultMappingsProviderAutoConfiguration' of type [org.springframework.cloud.client.loadbalancer.LoadBalancerDefaultMappingsProviderAutoConfiguration] is not eligible for getting processed by all BeanPostProcessors (for example: not eligible for auto-proxying). Is this bean getting eagerly injected/applied to a currently created BeanPostProcessor [globalTransactionScanner]? Check the corresponding BeanPostProcessor declaration and its dependencies/advisors. If this bean does not have to be post-processed, declare it with ROLE_INFRASTRUCTURE.
19:46:48:156  WARN 8620 --- [item-service] [main] trationDelegate$BeanPostProcessorChecker : Bean 'loadBalancerClientsDefaultsMappingsProvider' of type [org.springframework.cloud.client.loadbalancer.LoadBalancerDefaultMappingsProviderAutoConfiguration$$Lambda/0x00000215e25b5da0] is not eligible for getting processed by all BeanPostProcessors (for example: not eligible for auto-proxying). Is this bean getting eagerly injected/applied to a currently created BeanPostProcessor [globalTransactionScanner]? Check the corresponding BeanPostProcessor declaration and its dependencies/advisors. If this bean does not have to be post-processed, declare it with ROLE_INFRASTRUCTURE.
19:46:48:156  WARN 8620 --- [item-service] [main] trationDelegate$BeanPostProcessorChecker : Bean 'defaultsBindHandlerAdvisor' of type [org.springframework.cloud.commons.config.DefaultsBindHandlerAdvisor] is not eligible for getting processed by all BeanPostProcessors (for example: not eligible for auto-proxying). Is this bean getting eagerly injected/applied to a currently created BeanPostProcessor [globalTransactionScanner]? Check the corresponding BeanPostProcessor declaration and its dependencies/advisors. If this bean does not have to be post-processed, declare it with ROLE_INFRASTRUCTURE.
19:46:48:163  WARN 8620 --- [item-service] [main] trationDelegate$BeanPostProcessorChecker : Bean 'springCloudAlibabaConfiguration' of type [org.apache.seata.spring.boot.autoconfigure.properties.SpringCloudAlibabaConfiguration] is not eligible for getting processed by all BeanPostProcessors (for example: not eligible for auto-proxying). Is this bean getting eagerly injected/applied to a currently created BeanPostProcessor [globalTransactionScanner]? Check the corresponding BeanPostProcessor declaration and its dependencies/advisors. If this bean does not have to be post-processed, declare it with ROLE_INFRASTRUCTURE.
19:46:48:171  WARN 8620 --- [item-service] [main] trationDelegate$BeanPostProcessorChecker : Bean 'seataProperties' of type [org.apache.seata.spring.boot.autoconfigure.properties.SeataProperties] is not eligible for getting processed by all BeanPostProcessors (for example: not eligible for auto-proxying). Is this bean getting eagerly injected/applied to a currently created BeanPostProcessor [globalTransactionScanner]? Check the corresponding BeanPostProcessor declaration and its dependencies/advisors. If this bean does not have to be post-processed, declare it with ROLE_INFRASTRUCTURE.
19:46:48:173  INFO 8620 --- [item-service] [main] o.a.s.s.b.a.SeataAutoConfiguration       : Automatically configure Seata
19:46:48:202  INFO 8620 --- [item-service] [main] ServiceLoader$InnerEnhancedServiceLoader : Load compatible class io.seata.spring.annotation.ScannerChecker
19:46:48:265  INFO 8620 --- [item-service] [main] ServiceLoader$InnerEnhancedServiceLoader : Ignore load compatible class io.seata.config.ExtConfigurationProvider, because is not assignable from origin type org.apache.seata.config.ExtConfigurationProvider
19:46:48:279  INFO 8620 --- [item-service] [main] o.a.seata.config.ConfigurationFactory    : load Configuration from :Spring Configuration
19:46:48:302  INFO 8620 --- [item-service] [main] ServiceLoader$InnerEnhancedServiceLoader : Load compatible class io.seata.integration.tx.api.remoting.RemotingParser
19:46:48:303  INFO 8620 --- [item-service] [main] o.a.s.s.a.GlobalTransactionScanner       : Initializing Global Transaction Clients ... 
19:46:48:393  INFO 8620 --- [item-service] [main] ServiceLoader$InnerEnhancedServiceLoader : Load compatible class io.seata.core.auth.AuthSigner
19:46:48:411  INFO 8620 --- [item-service] [main] o.a.s.c.rpc.netty.NettyClientBootstrap   : NettyClientBootstrap has started
19:46:48:421  INFO 8620 --- [item-service] [main] o.a.s.d.registry.RegistryFactory         : use registry center type: file
19:46:48:426  INFO 8620 --- [item-service] [main] ServiceLoader$InnerEnhancedServiceLoader : Load compatible class io.seata.discovery.registry.RegistryProvider
19:46:48:431  INFO 8620 --- [item-service] [main] o.a.s.c.r.n.NettyClientChannelManager    : will connect to 192.168.68.128:8099
19:46:48:436  INFO 8620 --- [item-service] [main] o.a.s.c.rpc.netty.NettyPoolableFactory   : NettyPool create channel to transactionRole:TMROLE,address:192.168.68.128:8099,msg:< RegisterTMRequest{version='2.1.0', applicationId='item-service', transactionServiceGroup='hmall', extraData='ak=null
digest=hmall,172.29.160.1,1790596008435
timestamp=1790596008435
authVersion=V4
vgroup=hmall
ip=172.29.160.1
'} >
19:46:48:540  INFO 8620 --- [item-service] [NettyClientSelector_TMROLE_1_1] ServiceLoader$InnerEnhancedServiceLoader : Load compatible class io.seata.core.serializer.Serializer
19:46:48:569  INFO 8620 --- [item-service] [main] o.a.s.c.rpc.netty.TmNettyRemotingClient  : register TM success. client version:2.1.0, server version:2.0.0,channel:[id: 0x7193a296, L:/192.168.68.1:6617 - R:/192.168.68.128:8099]
19:46:48:574  INFO 8620 --- [item-service] [main] o.a.s.c.rpc.netty.NettyPoolableFactory   : register success, cost 59 ms, version:2.0.0,role:TMROLE,channel:[id: 0x7193a296, L:/192.168.68.1:6617 - R:/192.168.68.128:8099]
19:46:48:575  INFO 8620 --- [item-service] [main] o.a.s.s.a.GlobalTransactionScanner       : Transaction Manager Client is initialized. applicationId[item-service] txServiceGroup[hmall]
19:46:48:588  INFO 8620 --- [item-service] [main] ServiceLoader$InnerEnhancedServiceLoader : Load compatible class io.seata.core.model.ResourceManager
19:46:48:591  INFO 8620 --- [item-service] [main] o.a.seata.rm.datasource.AsyncWorker      : Async Commit Buffer Limit: 10000
19:46:48:592  INFO 8620 --- [item-service] [main] o.a.s.r.datasource.xa.ResourceManagerXA  : ResourceManagerXA init ...
19:46:48:598  INFO 8620 --- [item-service] [main] o.a.s.c.rpc.netty.NettyClientBootstrap   : NettyClientBootstrap has started
19:46:48:599  INFO 8620 --- [item-service] [main] o.a.s.s.a.GlobalTransactionScanner       : Resource Manager is initialized. applicationId[item-service] txServiceGroup[hmall]
19:46:48:599  INFO 8620 --- [item-service] [main] o.a.s.s.a.GlobalTransactionScanner       : Global Transaction Clients are initialized. 
19:46:48:664  INFO 8620 --- [item-service] [main] o.a.s.s.a.GlobalTransactionScanner       : The needed enhancement business beans are : []
19:46:48:690  INFO 8620 --- [item-service] [main] ServiceLoader$InnerEnhancedServiceLoader : Load compatible class io.seata.core.context.ContextCore
19:46:49:011  WARN 8620 --- [item-service] [main] trationDelegate$BeanPostProcessorChecker : Bean 'org.springframework.cloud.client.loadbalancer.LoadBalancerAutoConfiguration$DeferringLoadBalancerInterceptorConfig' of type [org.springframework.cloud.client.loadbalancer.LoadBalancerAutoConfiguration$DeferringLoadBalancerInterceptorConfig] is not eligible for getting processed by all BeanPostProcessors (for example: not eligible for auto-proxying). The currently created BeanPostProcessor [lbRestClientPostProcessor] is declared through a non-static factory method on that class; consider declaring it as static instead.
19:46:49:014  WARN 8620 --- [item-service] [main] trationDelegate$BeanPostProcessorChecker : Bean 'deferringLoadBalancerInterceptor' of type [org.springframework.cloud.client.loadbalancer.DeferringLoadBalancerInterceptor] is not eligible for getting processed by all BeanPostProcessors (for example: not eligible for auto-proxying). Is this bean getting eagerly injected/applied to a currently created BeanPostProcessor [lbRestClientPostProcessor]? Check the corresponding BeanPostProcessor declaration and its dependencies/advisors. If this bean does not have to be post-processed, declare it with ROLE_INFRASTRUCTURE.
19:46:49:122  INFO 8620 --- [item-service] [main] com.zaxxer.hikari.HikariDataSource       : HikariPool-1 - Starting...
19:46:55:268  WARN 8620 --- [item-service] [main] o.s.w.c.s.GenericWebApplicationContext   : Exception encountered during context initialization - cancelling refresh attempt: org.springframework.beans.factory.UnsatisfiedDependencyException: Error creating bean with name 'itemController' defined in file [E:\hmall\hm-item\item-service\target\classes\com\george\item\controller\ItemController.class]: Unsatisfied dependency expressed through constructor parameter 0: Error creating bean with name 'itemServiceImpl': Unsatisfied dependency expressed through field 'baseMapper': Error creating bean with name 'itemMapper' defined in file [E:\hmall\hm-item\item-service\target\classes\com\george\item\mapper\ItemMapper.class]: Unsatisfied dependency expressed through bean property 'sqlSessionFactory': Error creating bean with name 'sqlSessionFactory' defined in class path resource [com/baomidou/mybatisplus/autoconfigure/MybatisPlusAutoConfiguration.class]: Unsatisfied dependency expressed through method 'sqlSessionFactory' parameter 0: Error creating bean with name 'dataSource' defined in class path resource [org/springframework/boot/autoconfigure/jdbc/DataSourceConfiguration$Hikari.class]: can not init dataSource
19:46:55:270  INFO 8620 --- [item-service] [NettyClientSelector_TMROLE_1_1] o.a.s.c.r.n.AbstractNettyRemotingClient  : channel inactive: [id: 0x7193a296, L:/192.168.68.1:6617 ! R:/192.168.68.128:8099]
19:46:55:271  INFO 8620 --- [item-service] [NettyClientSelector_TMROLE_1_1] o.a.s.c.r.n.NettyClientChannelManager    : return to pool, rm channel:[id: 0x7193a296, L:/192.168.68.1:6617 ! R:/192.168.68.128:8099]
19:46:55:271  INFO 8620 --- [item-service] [NettyClientSelector_TMROLE_1_1] o.a.s.c.rpc.netty.NettyPoolableFactory   : channel valid false,channel:[id: 0x7193a296, L:/192.168.68.1:6617 ! R:/192.168.68.128:8099]
19:46:55:271  INFO 8620 --- [item-service] [NettyClientSelector_TMROLE_1_1] o.a.s.c.rpc.netty.NettyPoolableFactory   : will destroy channel:[id: 0x7193a296, L:/192.168.68.1:6617 ! R:/192.168.68.128:8099]
19:46:55:271  INFO 8620 --- [item-service] [NettyClientSelector_TMROLE_1_1] o.a.s.c.r.n.AbstractNettyRemotingClient  : ChannelHandlerContext(AbstractNettyRemotingClient$ClientHandler#0, [id: 0x7193a296, L:/192.168.68.1:6617 ! R:/192.168.68.128:8099]) will closed
19:46:55:271  INFO 8620 --- [item-service] [NettyClientSelector_TMROLE_1_1] o.a.s.c.r.n.AbstractNettyRemotingClient  : ChannelHandlerContext(AbstractNettyRemotingClient$ClientHandler#0, [id: 0x7193a296, L:/192.168.68.1:6617 ! R:/192.168.68.128:8099]) will closed
19:46:55:283  INFO 8620 --- [item-service] [main] .s.b.a.l.ConditionEvaluationReportLogger : 

Error starting ApplicationContext. To display the condition evaluation report re-run your application with 'debug' enabled.
19:46:55:304 ERROR 8620 --- [item-service] [main] o.s.boot.SpringApplication               : Application run failed

org.springframework.beans.factory.UnsatisfiedDependencyException: Error creating bean with name 'itemController' defined in file [E:\hmall\hm-item\item-service\target\classes\com\george\item\controller\ItemController.class]: Unsatisfied dependency expressed through constructor parameter 0: Error creating bean with name 'itemServiceImpl': Unsatisfied dependency expressed through field 'baseMapper': Error creating bean with name 'itemMapper' defined in file [E:\hmall\hm-item\item-service\target\classes\com\george\item\mapper\ItemMapper.class]: Unsatisfied dependency expressed through bean property 'sqlSessionFactory': Error creating bean with name 'sqlSessionFactory' defined in class path resource [com/baomidou/mybatisplus/autoconfigure/MybatisPlusAutoConfiguration.class]: Unsatisfied dependency expressed through method 'sqlSessionFactory' parameter 0: Error creating bean with name 'dataSource' defined in class path resource [org/springframework/boot/autoconfigure/jdbc/DataSourceConfiguration$Hikari.class]: can not init dataSource
	at org.springframework.beans.factory.support.ConstructorResolver.createArgumentArray(ConstructorResolver.java:795) ~[spring-beans-6.1.15.jar:6.1.15]
	at org.springframework.beans.factory.support.ConstructorResolver.autowireConstructor(ConstructorResolver.java:237) ~[spring-beans-6.1.15.jar:6.1.15]
	at org.springframework.beans.factory.support.AbstractAutowireCapableBeanFactory.autowireConstructor(AbstractAutowireCapableBeanFactory.java:1375) ~[spring-beans-6.1.15.jar:6.1.15]
	at org.springframework.beans.factory.support.AbstractAutowireCapableBeanFactory.createBeanInstance(AbstractAutowireCapableBeanFactory.java:1212) ~[spring-beans-6.1.15.jar:6.1.15]
	at org.springframework.beans.factory.support.AbstractAutowireCapableBeanFactory.doCreateBean(AbstractAutowireCapableBeanFactory.java:562) ~[spring-beans-6.1.15.jar:6.1.15]
	at org.springframework.beans.factory.support.AbstractAutowireCapableBeanFactory.createBean(AbstractAutowireCapableBeanFactory.java:522) ~[spring-beans-6.1.15.jar:6.1.15]
	at org.springframework.beans.factory.support.AbstractBeanFactory.lambda$doGetBean$0(AbstractBeanFactory.java:337) ~[spring-beans-6.1.15.jar:6.1.15]
	at org.springframework.beans.factory.support.DefaultSingletonBeanRegistry.getSingleton(DefaultSingletonBeanRegistry.java:234) ~[spring-beans-6.1.15.jar:6.1.15]
	at org.springframework.beans.factory.support.AbstractBeanFactory.doGetBean(AbstractBeanFactory.java:335) ~[spring-beans-6.1.15.jar:6.1.15]
	at org.springframework.beans.factory.support.AbstractBeanFactory.getBean(AbstractBeanFactory.java:200) ~[spring-beans-6.1.15.jar:6.1.15]
	at org.springframework.beans.factory.support.DefaultListableBeanFactory.preInstantiateSingletons(DefaultListableBeanFactory.java:975) ~[spring-beans-6.1.15.jar:6.1.15]
	at org.springframework.context.support.AbstractApplicationContext.finishBeanFactoryInitialization(AbstractApplicationContext.java:971) ~[spring-context-6.1.15.jar:6.1.15]
	at org.springframework.context.support.AbstractApplicationContext.refresh(AbstractApplicationContext.java:625) ~[spring-context-6.1.15.jar:6.1.15]
	at org.springframework.boot.SpringApplication.refresh(SpringApplication.java:754) ~[spring-boot-3.3.6.jar:3.3.6]
	at org.springframework.boot.SpringApplication.refreshContext(SpringApplication.java:456) ~[spring-boot-3.3.6.jar:3.3.6]
	at org.springframework.boot.SpringApplication.run(SpringApplication.java:335) ~[spring-boot-3.3.6.jar:3.3.6]
	at org.springframework.boot.test.context.SpringBootContextLoader.lambda$loadContext$3(SpringBootContextLoader.java:137) ~[spring-boot-test-3.3.6.jar:3.3.6]
	at org.springframework.util.function.ThrowingSupplier.get(ThrowingSupplier.java:58) ~[spring-core-6.1.15.jar:6.1.15]
	at org.springframework.util.function.ThrowingSupplier.get(ThrowingSupplier.java:46) ~[spring-core-6.1.15.jar:6.1.15]
	at org.springframework.boot.SpringApplication.withHook(SpringApplication.java:1463) ~[spring-boot-3.3.6.jar:3.3.6]
	at org.springframework.boot.test.context.SpringBootContextLoader$ContextLoaderHook.run(SpringBootContextLoader.java:553) ~[spring-boot-test-3.3.6.jar:3.3.6]
	at org.springframework.boot.test.context.SpringBootContextLoader.loadContext(SpringBootContextLoader.java:137) ~[spring-boot-test-3.3.6.jar:3.3.6]
	at org.springframework.boot.test.context.SpringBootContextLoader.loadContext(SpringBootContextLoader.java:108) ~[spring-boot-test-3.3.6.jar:3.3.6]
	at org.springframework.test.context.cache.DefaultCacheAwareContextLoaderDelegate.loadContextInternal(DefaultCacheAwareContextLoaderDelegate.java:225) ~[spring-test-6.1.15.jar:6.1.15]
	at org.springframework.test.context.cache.DefaultCacheAwareContextLoaderDelegate.loadContext(DefaultCacheAwareContextLoaderDelegate.java:152) ~[spring-test-6.1.15.jar:6.1.15]
	at org.springframework.test.context.support.DefaultTestContext.getApplicationContext(DefaultTestContext.java:130) ~[spring-test-6.1.15.jar:6.1.15]
	at org.springframework.test.context.web.ServletTestExecutionListener.setUpRequestContextIfNecessary(ServletTestExecutionListener.java:191) ~[spring-test-6.1.15.jar:6.1.15]
	at org.springframework.test.context.web.ServletTestExecutionListener.prepareTestInstance(ServletTestExecutionListener.java:130) ~[spring-test-6.1.15.jar:6.1.15]
	at org.springframework.test.context.TestContextManager.prepareTestInstance(TestContextManager.java:260) ~[spring-test-6.1.15.jar:6.1.15]
	at org.springframework.test.context.junit.jupiter.SpringExtension.postProcessTestInstance(SpringExtension.java:163) ~[spring-test-6.1.15.jar:6.1.15]
	at org.junit.jupiter.engine.descriptor.ClassBasedTestDescriptor.lambda$invokeTestInstancePostProcessors$10(ClassBasedTestDescriptor.java:378) ~[junit-jupiter-engine-5.10.5.jar:5.10.5]
	at org.junit.jupiter.engine.descriptor.ClassBasedTestDescriptor.executeAndMaskThrowable(ClassBasedTestDescriptor.java:383) ~[junit-jupiter-engine-5.10.5.jar:5.10.5]
	at org.junit.jupiter.engine.descriptor.ClassBasedTestDescriptor.lambda$invokeTestInstancePostProcessors$11(ClassBasedTestDescriptor.java:378) ~[junit-jupiter-engine-5.10.5.jar:5.10.5]
	at java.base/java.util.stream.ReferencePipeline$3$1.accept(ReferencePipeline.java:197) ~[na:na]
	at java.base/java.util.stream.ReferencePipeline$2$1.accept(ReferencePipeline.java:179) ~[na:na]
	at java.base/java.util.ArrayList$ArrayListSpliterator.forEachRemaining(ArrayList.java:1708) ~[na:na]
	at java.base/java.util.stream.AbstractPipeline.copyInto(AbstractPipeline.java:509) ~[na:na]
	at java.base/java.util.stream.AbstractPipeline.wrapAndCopyInto(AbstractPipeline.java:499) ~[na:na]
	at java.base/java.util.stream.StreamSpliterators$WrappingSpliterator.forEachRemaining(StreamSpliterators.java:310) ~[na:na]
	at java.base/java.util.stream.Streams$ConcatSpliterator.forEachRemaining(Streams.java:735) ~[na:na]
	at java.base/java.util.stream.Streams$ConcatSpliterator.forEachRemaining(Streams.java:734) ~[na:na]
	at java.base/java.util.stream.ReferencePipeline$Head.forEach(ReferencePipeline.java:762) ~[na:na]
	at org.junit.jupiter.engine.descriptor.ClassBasedTestDescriptor.invokeTestInstancePostProcessors(ClassBasedTestDescriptor.java:377) ~[junit-jupiter-engine-5.10.5.jar:5.10.5]
	at org.junit.jupiter.engine.descriptor.ClassBasedTestDescriptor.lambda$instantiateAndPostProcessTestInstance$6(ClassBasedTestDescriptor.java:290) ~[junit-jupiter-engine-5.10.5.jar:5.10.5]
	at org.junit.platform.engine.support.hierarchical.ThrowableCollector.execute(ThrowableCollector.java:73) ~[junit-platform-engine-1.10.5.jar:1.10.5]
	at org.junit.jupiter.engine.descriptor.ClassBasedTestDescriptor.instantiateAndPostProcessTestInstance(ClassBasedTestDescriptor.java:289) ~[junit-jupiter-engine-5.10.5.jar:5.10.5]
	at org.junit.jupiter.engine.descriptor.ClassBasedTestDescriptor.lambda$testInstancesProvider$4(ClassBasedTestDescriptor.java:279) ~[junit-jupiter-engine-5.10.5.jar:5.10.5]
	at java.base/java.util.Optional.orElseGet(Optional.java:364) ~[na:na]
	at org.junit.jupiter.engine.descriptor.ClassBasedTestDescriptor.lambda$testInstancesProvider$5(ClassBasedTestDescriptor.java:278) ~[junit-jupiter-engine-5.10.5.jar:5.10.5]
	at org.junit.jupiter.engine.execution.TestInstancesProvider.getTestInstances(TestInstancesProvider.java:31) ~[junit-jupiter-engine-5.10.5.jar:5.10.5]
	at org.junit.jupiter.engine.descriptor.TestMethodTestDescriptor.lambda$prepare$0(TestMethodTestDescriptor.java:106) ~[junit-jupiter-engine-5.10.5.jar:5.10.5]
	at org.junit.platform.engine.support.hierarchical.ThrowableCollector.execute(ThrowableCollector.java:73) ~[junit-platform-engine-1.10.5.jar:1.10.5]
	at org.junit.jupiter.engine.descriptor.TestMethodTestDescriptor.prepare(TestMethodTestDescriptor.java:105) ~[junit-jupiter-engine-5.10.5.jar:5.10.5]
	at org.junit.jupiter.engine.descriptor.TestMethodTestDescriptor.prepare(TestMethodTestDescriptor.java:69) ~[junit-jupiter-engine-5.10.5.jar:5.10.5]
	at org.junit.platform.engine.support.hierarchical.NodeTestTask.lambda$prepare$2(NodeTestTask.java:128) ~[junit-platform-engine-1.10.5.jar:1.10.5]
	at org.junit.platform.engine.support.hierarchical.ThrowableCollector.execute(ThrowableCollector.java:73) ~[junit-platform-engine-1.10.5.jar:1.10.5]
	at org.junit.platform.engine.support.hierarchical.NodeTestTask.prepare(NodeTestTask.java:128) ~[junit-platform-engine-1.10.5.jar:1.10.5]
	at org.junit.platform.engine.support.hierarchical.NodeTestTask.execute(NodeTestTask.java:95) ~[junit-platform-engine-1.10.5.jar:1.10.5]
	at java.base/java.util.ArrayList.forEach(ArrayList.java:1596) ~[na:na]
	at org.junit.platform.engine.support.hierarchical.SameThreadHierarchicalTestExecutorService.invokeAll(SameThreadHierarchicalTestExecutorService.java:41) ~[junit-platform-engine-1.10.5.jar:1.10.5]
	at org.junit.platform.engine.support.hierarchical.NodeTestTask.lambda$executeRecursively$6(NodeTestTask.java:160) ~[junit-platform-engine-1.10.5.jar:1.10.5]
	at org.junit.platform.engine.support.hierarchical.ThrowableCollector.execute(ThrowableCollector.java:73) ~[junit-platform-engine-1.10.5.jar:1.10.5]
	at org.junit.platform.engine.support.hierarchical.NodeTestTask.lambda$executeRecursively$8(NodeTestTask.java:146) ~[junit-platform-engine-1.10.5.jar:1.10.5]
	at org.junit.platform.engine.support.hierarchical.Node.around(Node.java:137) ~[junit-platform-engine-1.10.5.jar:1.10.5]
	at org.junit.platform.engine.support.hierarchical.NodeTestTask.lambda$executeRecursively$9(NodeTestTask.java:144) ~[junit-platform-engine-1.10.5.jar:1.10.5]
	at org.junit.platform.engine.support.hierarchical.ThrowableCollector.execute(ThrowableCollector.java:73) ~[junit-platform-engine-1.10.5.jar:1.10.5]
	at org.junit.platform.engine.support.hierarchical.NodeTestTask.executeRecursively(NodeTestTask.java:143) ~[junit-platform-engine-1.10.5.jar:1.10.5]
	at org.junit.platform.engine.support.hierarchical.NodeTestTask.execute(NodeTestTask.java:100) ~[junit-platform-engine-1.10.5.jar:1.10.5]
	at java.base/java.util.ArrayList.forEach(ArrayList.java:1596) ~[na:na]
	at org.junit.platform.engine.support.hierarchical.SameThreadHierarchicalTestExecutorService.invokeAll(SameThreadHierarchicalTestExecutorService.java:41) ~[junit-platform-engine-1.10.5.jar:1.10.5]
	at org.junit.platform.engine.support.hierarchical.NodeTestTask.lambda$executeRecursively$6(NodeTestTask.java:160) ~[junit-platform-engine-1.10.5.jar:1.10.5]
	at org.junit.platform.engine.support.hierarchical.ThrowableCollector.execute(ThrowableCollector.java:73) ~[junit-platform-engine-1.10.5.jar:1.10.5]
	at org.junit.platform.engine.support.hierarchical.NodeTestTask.lambda$executeRecursively$8(NodeTestTask.java:146) ~[junit-platform-engine-1.10.5.jar:1.10.5]
	at org.junit.platform.engine.support.hierarchical.Node.around(Node.java:137) ~[junit-platform-engine-1.10.5.jar:1.10.5]
	at org.junit.platform.engine.support.hierarchical.NodeTestTask.lambda$executeRecursively$9(NodeTestTask.java:144) ~[junit-platform-engine-1.10.5.jar:1.10.5]
	at org.junit.platform.engine.support.hierarchical.ThrowableCollector.execute(ThrowableCollector.java:73) ~[junit-platform-engine-1.10.5.jar:1.10.5]
	at org.junit.platform.engine.support.hierarchical.NodeTestTask.executeRecursively(NodeTestTask.java:143) ~[junit-platform-engine-1.10.5.jar:1.10.5]
	at org.junit.platform.engine.support.hierarchical.NodeTestTask.execute(NodeTestTask.java:100) ~[junit-platform-engine-1.10.5.jar:1.10.5]
	at org.junit.platform.engine.support.hierarchical.SameThreadHierarchicalTestExecutorService.submit(SameThreadHierarchicalTestExecutorService.java:35) ~[junit-platform-engine-1.10.5.jar:1.10.5]
	at org.junit.platform.engine.support.hierarchical.HierarchicalTestExecutor.execute(HierarchicalTestExecutor.java:57) ~[junit-platform-engine-1.10.5.jar:1.10.5]
	at org.junit.platform.engine.support.hierarchical.HierarchicalTestEngine.execute(HierarchicalTestEngine.java:54) ~[junit-platform-engine-1.10.5.jar:1.10.5]
	at org.junit.platform.launcher.core.EngineExecutionOrchestrator.execute(EngineExecutionOrchestrator.java:198) ~[junit-platform-launcher-1.10.5.jar:1.10.5]
	at org.junit.platform.launcher.core.EngineExecutionOrchestrator.execute(EngineExecutionOrchestrator.java:169) ~[junit-platform-launcher-1.10.5.jar:1.10.5]
	at org.junit.platform.launcher.core.EngineExecutionOrchestrator.execute(EngineExecutionOrchestrator.java:93) ~[junit-platform-launcher-1.10.5.jar:1.10.5]
	at org.junit.platform.launcher.core.EngineExecutionOrchestrator.lambda$execute$0(EngineExecutionOrchestrator.java:58) ~[junit-platform-launcher-1.10.5.jar:1.10.5]
	at org.junit.platform.launcher.core.EngineExecutionOrchestrator.withInterceptedStreams(EngineExecutionOrchestrator.java:141) ~[junit-platform-launcher-1.10.5.jar:1.10.5]
	at org.junit.platform.launcher.core.EngineExecutionOrchestrator.execute(EngineExecutionOrchestrator.java:57) ~[junit-platform-launcher-1.10.5.jar:1.10.5]
	at org.junit.platform.launcher.core.DefaultLauncher.execute(DefaultLauncher.java:103) ~[junit-platform-launcher-1.10.5.jar:1.10.5]
	at org.junit.platform.launcher.core.DefaultLauncher.execute(DefaultLauncher.java:85) ~[junit-platform-launcher-1.10.5.jar:1.10.5]
	at org.junit.platform.launcher.core.DelegatingLauncher.execute(DelegatingLauncher.java:47) ~[junit-platform-launcher-1.10.5.jar:1.10.5]
	at org.junit.platform.launcher.core.SessionPerRequestLauncher.execute(SessionPerRequestLauncher.java:63) ~[junit-platform-launcher-1.10.5.jar:1.10.5]
	at com.intellij.junit5.JUnit5TestRunnerHelper.execute(JUnit5TestRunnerHelper.java:134) ~[junit5-rt.jar:na]
	at com.intellij.junit5.JUnit5IdeaTestRunner.startRunnerWithArgs(JUnit5IdeaTestRunner.java:70) ~[junit5-rt.jar:na]
	at com.intellij.rt.junit.IdeaTestRunner$Repeater$1.execute(IdeaTestRunner.java:38) ~[junit-rt.jar:na]
	at com.intellij.rt.execution.junit.TestsRepeater.repeat(TestsRepeater.java:11) ~[idea_rt.jar:na]
	at com.intellij.rt.junit.IdeaTestRunner$Repeater.startRunnerWithArgs(IdeaTestRunner.java:35) ~[junit-rt.jar:na]
	at com.intellij.rt.junit.JUnitStarter.prepareStreamsAndStart(JUnitStarter.java:226) ~[junit-rt.jar:na]
	at com.intellij.rt.junit.JUnitStarter.main(JUnitStarter.java:62) ~[junit-rt.jar:na]
Caused by: org.springframework.beans.factory.UnsatisfiedDependencyException: Error creating bean with name 'itemServiceImpl': Unsatisfied dependency expressed through field 'baseMapper': Error creating bean with name 'itemMapper' defined in file [E:\hmall\hm-item\item-service\target\classes\com\george\item\mapper\ItemMapper.class]: Unsatisfied dependency expressed through bean property 'sqlSessionFactory': Error creating bean with name 'sqlSessionFactory' defined in class path resource [com/baomidou/mybatisplus/autoconfigure/MybatisPlusAutoConfiguration.class]: Unsatisfied dependency expressed through method 'sqlSessionFactory' parameter 0: Error creating bean with name 'dataSource' defined in class path resource [org/springframework/boot/autoconfigure/jdbc/DataSourceConfiguration$Hikari.class]: can not init dataSource
	at org.springframework.beans.factory.annotation.AutowiredAnnotationBeanPostProcessor$AutowiredFieldElement.resolveFieldValue(AutowiredAnnotationBeanPostProcessor.java:788) ~[spring-beans-6.1.15.jar:6.1.15]
	at org.springframework.beans.factory.annotation.AutowiredAnnotationBeanPostProcessor$AutowiredFieldElement.inject(AutowiredAnnotationBeanPostProcessor.java:768) ~[spring-beans-6.1.15.jar:6.1.15]
	at org.springframework.beans.factory.annotation.InjectionMetadata.inject(InjectionMetadata.java:145) ~[spring-beans-6.1.15.jar:6.1.15]
	at org.springframework.beans.factory.annotation.AutowiredAnnotationBeanPostProcessor.postProcessProperties(AutowiredAnnotationBeanPostProcessor.java:509) ~[spring-beans-6.1.15.jar:6.1.15]
	at org.springframework.beans.factory.support.AbstractAutowireCapableBeanFactory.populateBean(AbstractAutowireCapableBeanFactory.java:1439) ~[spring-beans-6.1.15.jar:6.1.15]
	at org.springframework.beans.factory.support.AbstractAutowireCapableBeanFactory.doCreateBean(AbstractAutowireCapableBeanFactory.java:599) ~[spring-beans-6.1.15.jar:6.1.15]
	at org.springframework.beans.factory.support.AbstractAutowireCapableBeanFactory.createBean(AbstractAutowireCapableBeanFactory.java:522) ~[spring-beans-6.1.15.jar:6.1.15]
	at org.springframework.beans.factory.support.AbstractBeanFactory.lambda$doGetBean$0(AbstractBeanFactory.java:337) ~[spring-beans-6.1.15.jar:6.1.15]
	at org.springframework.beans.factory.support.DefaultSingletonBeanRegistry.getSingleton(DefaultSingletonBeanRegistry.java:234) ~[spring-beans-6.1.15.jar:6.1.15]
	at org.springframework.beans.factory.support.AbstractBeanFactory.doGetBean(AbstractBeanFactory.java:335) ~[spring-beans-6.1.15.jar:6.1.15]
	at org.springframework.beans.factory.support.AbstractBeanFactory.getBean(AbstractBeanFactory.java:200) ~[spring-beans-6.1.15.jar:6.1.15]
	at org.springframework.beans.factory.config.DependencyDescriptor.resolveCandidate(DependencyDescriptor.java:254) ~[spring-beans-6.1.15.jar:6.1.15]
	at org.springframework.beans.factory.support.DefaultListableBeanFactory.doResolveDependency(DefaultListableBeanFactory.java:1443) ~[spring-beans-6.1.15.jar:6.1.15]
	at org.springframework.beans.factory.support.DefaultListableBeanFactory.resolveDependency(DefaultListableBeanFactory.java:1353) ~[spring-beans-6.1.15.jar:6.1.15]
	at org.springframework.beans.factory.support.ConstructorResolver.resolveAutowiredArgument(ConstructorResolver.java:904) ~[spring-beans-6.1.15.jar:6.1.15]
	at org.springframework.beans.factory.support.ConstructorResolver.createArgumentArray(ConstructorResolver.java:782) ~[spring-beans-6.1.15.jar:6.1.15]
	... 97 common frames omitted
Caused by: org.springframework.beans.factory.UnsatisfiedDependencyException: Error creating bean with name 'itemMapper' defined in file [E:\hmall\hm-item\item-service\target\classes\com\george\item\mapper\ItemMapper.class]: Unsatisfied dependency expressed through bean property 'sqlSessionFactory': Error creating bean with name 'sqlSessionFactory' defined in class path resource [com/baomidou/mybatisplus/autoconfigure/MybatisPlusAutoConfiguration.class]: Unsatisfied dependency expressed through method 'sqlSessionFactory' parameter 0: Error creating bean with name 'dataSource' defined in class path resource [org/springframework/boot/autoconfigure/jdbc/DataSourceConfiguration$Hikari.class]: can not init dataSource
	at org.springframework.beans.factory.support.AbstractAutowireCapableBeanFactory.autowireByType(AbstractAutowireCapableBeanFactory.java:1536) ~[spring-beans-6.1.15.jar:6.1.15]
	at org.springframework.beans.factory.support.AbstractAutowireCapableBeanFactory.populateBean(AbstractAutowireCapableBeanFactory.java:1430) ~[spring-beans-6.1.15.jar:6.1.15]
	at org.springframework.beans.factory.support.AbstractAutowireCapableBeanFactory.doCreateBean(AbstractAutowireCapableBeanFactory.java:599) ~[spring-beans-6.1.15.jar:6.1.15]
	at org.springframework.beans.factory.support.AbstractAutowireCapableBeanFactory.createBean(AbstractAutowireCapableBeanFactory.java:522) ~[spring-beans-6.1.15.jar:6.1.15]
	at org.springframework.beans.factory.support.AbstractBeanFactory.lambda$doGetBean$0(AbstractBeanFactory.java:337) ~[spring-beans-6.1.15.jar:6.1.15]
	at org.springframework.beans.factory.support.DefaultSingletonBeanRegistry.getSingleton(DefaultSingletonBeanRegistry.java:234) ~[spring-beans-6.1.15.jar:6.1.15]
	at org.springframework.beans.factory.support.AbstractBeanFactory.doGetBean(AbstractBeanFactory.java:335) ~[spring-beans-6.1.15.jar:6.1.15]
	at org.springframework.beans.factory.support.AbstractBeanFactory.getBean(AbstractBeanFactory.java:200) ~[spring-beans-6.1.15.jar:6.1.15]
	at org.springframework.beans.factory.config.DependencyDescriptor.resolveCandidate(DependencyDescriptor.java:254) ~[spring-beans-6.1.15.jar:6.1.15]
	at org.springframework.beans.factory.support.DefaultListableBeanFactory.doResolveDependency(DefaultListableBeanFactory.java:1443) ~[spring-beans-6.1.15.jar:6.1.15]
	at org.springframework.beans.factory.support.DefaultListableBeanFactory.resolveDependency(DefaultListableBeanFactory.java:1353) ~[spring-beans-6.1.15.jar:6.1.15]
	at org.springframework.beans.factory.annotation.AutowiredAnnotationBeanPostProcessor$AutowiredFieldElement.resolveFieldValue(AutowiredAnnotationBeanPostProcessor.java:785) ~[spring-beans-6.1.15.jar:6.1.15]
	... 112 common frames omitted
Caused by: org.springframework.beans.factory.UnsatisfiedDependencyException: Error creating bean with name 'sqlSessionFactory' defined in class path resource [com/baomidou/mybatisplus/autoconfigure/MybatisPlusAutoConfiguration.class]: Unsatisfied dependency expressed through method 'sqlSessionFactory' parameter 0: Error creating bean with name 'dataSource' defined in class path resource [org/springframework/boot/autoconfigure/jdbc/DataSourceConfiguration$Hikari.class]: can not init dataSource
	at org.springframework.beans.factory.support.ConstructorResolver.createArgumentArray(ConstructorResolver.java:795) ~[spring-beans-6.1.15.jar:6.1.15]
	at org.springframework.beans.factory.support.ConstructorResolver.instantiateUsingFactoryMethod(ConstructorResolver.java:542) ~[spring-beans-6.1.15.jar:6.1.15]
	at org.springframework.beans.factory.support.AbstractAutowireCapableBeanFactory.instantiateUsingFactoryMethod(AbstractAutowireCapableBeanFactory.java:1355) ~[spring-beans-6.1.15.jar:6.1.15]
	at org.springframework.beans.factory.support.AbstractAutowireCapableBeanFactory.createBeanInstance(AbstractAutowireCapableBeanFactory.java:1185) ~[spring-beans-6.1.15.jar:6.1.15]
	at org.springframework.beans.factory.support.AbstractAutowireCapableBeanFactory.doCreateBean(AbstractAutowireCapableBeanFactory.java:562) ~[spring-beans-6.1.15.jar:6.1.15]
	at org.springframework.beans.factory.support.AbstractAutowireCapableBeanFactory.createBean(AbstractAutowireCapableBeanFactory.java:522) ~[spring-beans-6.1.15.jar:6.1.15]
	at org.springframework.beans.factory.support.AbstractBeanFactory.lambda$doGetBean$0(AbstractBeanFactory.java:337) ~[spring-beans-6.1.15.jar:6.1.15]
	at org.springframework.beans.factory.support.DefaultSingletonBeanRegistry.getSingleton(DefaultSingletonBeanRegistry.java:234) ~[spring-beans-6.1.15.jar:6.1.15]
	at org.springframework.beans.factory.support.AbstractBeanFactory.doGetBean(AbstractBeanFactory.java:335) ~[spring-beans-6.1.15.jar:6.1.15]
	at org.springframework.beans.factory.support.AbstractBeanFactory.getBean(AbstractBeanFactory.java:200) ~[spring-beans-6.1.15.jar:6.1.15]
	at org.springframework.beans.factory.config.DependencyDescriptor.resolveCandidate(DependencyDescriptor.java:254) ~[spring-beans-6.1.15.jar:6.1.15]
	at org.springframework.beans.factory.support.DefaultListableBeanFactory.doResolveDependency(DefaultListableBeanFactory.java:1443) ~[spring-beans-6.1.15.jar:6.1.15]
	at org.springframework.beans.factory.support.DefaultListableBeanFactory.resolveDependency(DefaultListableBeanFactory.java:1353) ~[spring-beans-6.1.15.jar:6.1.15]
	at org.springframework.beans.factory.support.AbstractAutowireCapableBeanFactory.autowireByType(AbstractAutowireCapableBeanFactory.java:1521) ~[spring-beans-6.1.15.jar:6.1.15]
	... 123 common frames omitted
Caused by: org.springframework.beans.factory.BeanCreationException: Error creating bean with name 'dataSource' defined in class path resource [org/springframework/boot/autoconfigure/jdbc/DataSourceConfiguration$Hikari.class]: can not init dataSource
	at org.springframework.beans.factory.support.AbstractAutowireCapableBeanFactory.doCreateBean(AbstractAutowireCapableBeanFactory.java:607) ~[spring-beans-6.1.15.jar:6.1.15]
	at org.springframework.beans.factory.support.AbstractAutowireCapableBeanFactory.createBean(AbstractAutowireCapableBeanFactory.java:522) ~[spring-beans-6.1.15.jar:6.1.15]
	at org.springframework.beans.factory.support.AbstractBeanFactory.lambda$doGetBean$0(AbstractBeanFactory.java:337) ~[spring-beans-6.1.15.jar:6.1.15]
	at org.springframework.beans.factory.support.DefaultSingletonBeanRegistry.getSingleton(DefaultSingletonBeanRegistry.java:234) ~[spring-beans-6.1.15.jar:6.1.15]
	at org.springframework.beans.factory.support.AbstractBeanFactory.doGetBean(AbstractBeanFactory.java:335) ~[spring-beans-6.1.15.jar:6.1.15]
	at org.springframework.beans.factory.support.AbstractBeanFactory.getBean(AbstractBeanFactory.java:200) ~[spring-beans-6.1.15.jar:6.1.15]
	at org.springframework.beans.factory.config.DependencyDescriptor.resolveCandidate(DependencyDescriptor.java:254) ~[spring-beans-6.1.15.jar:6.1.15]
	at org.springframework.beans.factory.support.DefaultListableBeanFactory.doResolveDependency(DefaultListableBeanFactory.java:1443) ~[spring-beans-6.1.15.jar:6.1.15]
	at org.springframework.beans.factory.support.DefaultListableBeanFactory.resolveDependency(DefaultListableBeanFactory.java:1353) ~[spring-beans-6.1.15.jar:6.1.15]
	at org.springframework.beans.factory.support.ConstructorResolver.resolveAutowiredArgument(ConstructorResolver.java:904) ~[spring-beans-6.1.15.jar:6.1.15]
	at org.springframework.beans.factory.support.ConstructorResolver.createArgumentArray(ConstructorResolver.java:782) ~[spring-beans-6.1.15.jar:6.1.15]
	... 136 common frames omitted
Caused by: java.lang.IllegalStateException: can not init dataSource
	at org.apache.seata.rm.datasource.DataSourceProxy.init(DataSourceProxy.java:114) ~[seata-all-2.1.0.jar:2.1.0]
	at org.apache.seata.rm.datasource.DataSourceProxy.<init>(DataSourceProxy.java:97) ~[seata-all-2.1.0.jar:2.1.0]
	at org.apache.seata.rm.datasource.DataSourceProxy.<init>(DataSourceProxy.java:82) ~[seata-all-2.1.0.jar:2.1.0]
	at org.apache.seata.spring.annotation.datasource.SeataAutoDataSourceProxyCreator.buildProxy(SeataAutoDataSourceProxyCreator.java:113) ~[seata-all-2.1.0.jar:2.1.0]
	at org.apache.seata.spring.annotation.datasource.SeataAutoDataSourceProxyCreator.wrapIfNecessary(SeataAutoDataSourceProxyCreator.java:87) ~[seata-all-2.1.0.jar:2.1.0]
	at org.springframework.aop.framework.autoproxy.AbstractAutoProxyCreator.postProcessAfterInitialization(AbstractAutoProxyCreator.java:320) ~[spring-aop-6.1.15.jar:6.1.15]
	at org.springframework.beans.factory.support.AbstractAutowireCapableBeanFactory.applyBeanPostProcessorsAfterInitialization(AbstractAutowireCapableBeanFactory.java:438) ~[spring-beans-6.1.15.jar:6.1.15]
	at org.springframework.beans.factory.support.AbstractAutowireCapableBeanFactory.initializeBean(AbstractAutowireCapableBeanFactory.java:1809) ~[spring-beans-6.1.15.jar:6.1.15]
	at org.springframework.beans.factory.support.AbstractAutowireCapableBeanFactory.doCreateBean(AbstractAutowireCapableBeanFactory.java:600) ~[spring-beans-6.1.15.jar:6.1.15]
	... 146 common frames omitted
Caused by: com.mysql.cj.jdbc.exceptions.CommunicationsException: Communications link failure

The last packet sent successfully to the server was 0 milliseconds ago. The driver has not received any packets from the server.
	at com.mysql.cj.jdbc.exceptions.SQLError.createCommunicationsException(SQLError.java:165) ~[mysql-connector-j-9.7.0.jar:9.7.0]
	at com.mysql.cj.jdbc.exceptions.SQLExceptionsMapping.translateException(SQLExceptionsMapping.java:55) ~[mysql-connector-j-9.7.0.jar:9.7.0]
	at com.mysql.cj.jdbc.ConnectionImpl.createNewIO(ConnectionImpl.java:840) ~[mysql-connector-j-9.7.0.jar:9.7.0]
	at com.mysql.cj.jdbc.ConnectionImpl.<init>(ConnectionImpl.java:416) ~[mysql-connector-j-9.7.0.jar:9.7.0]
	at com.mysql.cj.jdbc.ConnectionImpl.getInstance(ConnectionImpl.java:237) ~[mysql-connector-j-9.7.0.jar:9.7.0]
	at com.mysql.cj.jdbc.NonRegisteringDriver.connect(NonRegisteringDriver.java:180) ~[mysql-connector-j-9.7.0.jar:9.7.0]
	at com.zaxxer.hikari.util.DriverDataSource.getConnection(DriverDataSource.java:137) ~[HikariCP-5.1.0.jar:na]
	at com.zaxxer.hikari.pool.PoolBase.newConnection(PoolBase.java:360) ~[HikariCP-5.1.0.jar:na]
	at com.zaxxer.hikari.pool.PoolBase.newPoolEntry(PoolBase.java:202) ~[HikariCP-5.1.0.jar:na]
	at com.zaxxer.hikari.pool.HikariPool.createPoolEntry(HikariPool.java:461) ~[HikariCP-5.1.0.jar:na]
	at com.zaxxer.hikari.pool.HikariPool.checkFailFast(HikariPool.java:550) ~[HikariCP-5.1.0.jar:na]
	at com.zaxxer.hikari.pool.HikariPool.<init>(HikariPool.java:98) ~[HikariCP-5.1.0.jar:na]
	at com.zaxxer.hikari.HikariDataSource.getConnection(HikariDataSource.java:111) ~[HikariCP-5.1.0.jar:na]
	at org.apache.seata.rm.datasource.DataSourceProxy.init(DataSourceProxy.java:102) ~[seata-all-2.1.0.jar:2.1.0]
	... 154 common frames omitted
Caused by: com.mysql.cj.exceptions.CJCommunicationsException: Communications link failure

The last packet sent successfully to the server was 0 milliseconds ago. The driver has not received any packets from the server.
	at java.base/jdk.internal.reflect.DirectConstructorHandleAccessor.newInstance(DirectConstructorHandleAccessor.java:62) ~[na:na]
	at java.base/java.lang.reflect.Constructor.newInstanceWithCaller(Constructor.java:502) ~[na:na]
	at java.base/java.lang.reflect.Constructor.newInstance(Constructor.java:486) ~[na:na]
	at com.mysql.cj.exceptions.ExceptionFactory.createException(ExceptionFactory.java:52) ~[mysql-connector-j-9.7.0.jar:9.7.0]
	at com.mysql.cj.exceptions.ExceptionFactory.createException(ExceptionFactory.java:95) ~[mysql-connector-j-9.7.0.jar:9.7.0]
	at com.mysql.cj.exceptions.ExceptionFactory.createException(ExceptionFactory.java:140) ~[mysql-connector-j-9.7.0.jar:9.7.0]
	at com.mysql.cj.exceptions.ExceptionFactory.createCommunicationsException(ExceptionFactory.java:156) ~[mysql-connector-j-9.7.0.jar:9.7.0]
	at com.mysql.cj.protocol.a.NativeProtocol.readMessage(NativeProtocol.java:590) ~[mysql-connector-j-9.7.0.jar:9.7.0]
	at com.mysql.cj.protocol.a.NativeProtocol.readServerCapabilities(NativeProtocol.java:515) ~[mysql-connector-j-9.7.0.jar:9.7.0]
	at com.mysql.cj.protocol.a.NativeProtocol.beforeHandshake(NativeProtocol.java:410) ~[mysql-connector-j-9.7.0.jar:9.7.0]
	at com.mysql.cj.protocol.a.NativeProtocol.connect(NativeProtocol.java:1332) ~[mysql-connector-j-9.7.0.jar:9.7.0]
	at com.mysql.cj.NativeSession.connect(NativeSession.java:155) ~[mysql-connector-j-9.7.0.jar:9.7.0]
	at com.mysql.cj.jdbc.ConnectionImpl.connectOneTryOnly(ConnectionImpl.java:964) ~[mysql-connector-j-9.7.0.jar:9.7.0]
	at com.mysql.cj.jdbc.ConnectionImpl.createNewIO(ConnectionImpl.java:828) ~[mysql-connector-j-9.7.0.jar:9.7.0]
	... 165 common frames omitted
Caused by: java.io.EOFException: Can not read response from server. Expected to read 4 bytes, read 0 bytes before connection was unexpectedly lost.
	at com.mysql.cj.protocol.FullReadInputStream.readFully(FullReadInputStream.java:58) ~[mysql-connector-j-9.7.0.jar:9.7.0]
	at com.mysql.cj.protocol.a.SimplePacketReader.readHeaderLocal(SimplePacketReader.java:72) ~[mysql-connector-j-9.7.0.jar:9.7.0]
	at com.mysql.cj.protocol.a.SimplePacketReader.readHeader(SimplePacketReader.java:54) ~[mysql-connector-j-9.7.0.jar:9.7.0]
	at com.mysql.cj.protocol.a.SimplePacketReader.readHeader(SimplePacketReader.java:36) ~[mysql-connector-j-9.7.0.jar:9.7.0]
	at com.mysql.cj.protocol.a.NativeProtocol.readMessage(NativeProtocol.java:584) ~[mysql-connector-j-9.7.0.jar:9.7.0]
	... 171 common frames omitted

19:46:55:315  WARN 8620 --- [item-service] [main] o.s.test.context.TestContextManager      : Caught exception while allowing TestExecutionListener [org.springframework.test.context.web.ServletTestExecutionListener] to prepare test instance [com.george.item.elastic.ElasticDocumentTest@6294e4a6]

java.lang.IllegalStateException: Failed to load ApplicationContext for [WebMergedContextConfiguration@38968752 testClass = com.george.item.elastic.ElasticDocumentTest, locations = [], classes = [com.george.item.ItemApplication], contextInitializerClasses = [], activeProfiles = [], propertySourceDescriptors = [], propertySourceProperties = ["spring.profiles.active=local", "org.springframework.boot.test.context.SpringBootTestContextBootstrapper=true"], contextCustomizers = [org.springframework.boot.test.context.filter.ExcludeFilterContextCustomizer@6bd61f98, org.springframework.boot.test.json.DuplicateJsonObjectContextCustomizerFactory$DuplicateJsonObjectContextCustomizer@7d4f9aae, org.springframework.boot.test.mock.mockito.MockitoContextCustomizer@0, org.springframework.boot.test.web.client.TestRestTemplateContextCustomizer@a38c7fe, org.springframework.boot.test.web.reactor.netty.DisableReactorResourceFactoryGlobalResourcesContextCustomizerFactory$DisableReactorResourceFactoryGlobalResourcesContextCustomizerCustomizer@e350b40, org.springframework.boot.test.context.SpringBootTestAnnotation@4aeb39f0], resourceBasePath = "src/main/webapp", contextLoader = org.springframework.boot.test.context.SpringBootContextLoader, parent = null]
	at org.springframework.test.context.cache.DefaultCacheAwareContextLoaderDelegate.loadContext(DefaultCacheAwareContextLoaderDelegate.java:180) ~[spring-test-6.1.15.jar:6.1.15]
	at org.springframework.test.context.support.DefaultTestContext.getApplicationContext(DefaultTestContext.java:130) ~[spring-test-6.1.15.jar:6.1.15]
	at org.springframework.test.context.web.ServletTestExecutionListener.setUpRequestContextIfNecessary(ServletTestExecutionListener.java:191) ~[spring-test-6.1.15.jar:6.1.15]
	at org.springframework.test.context.web.ServletTestExecutionListener.prepareTestInstance(ServletTestExecutionListener.java:130) ~[spring-test-6.1.15.jar:6.1.15]
	at org.springframework.test.context.TestContextManager.prepareTestInstance(TestContextManager.java:260) ~[spring-test-6.1.15.jar:6.1.15]
	at org.springframework.test.context.junit.jupiter.SpringExtension.postProcessTestInstance(SpringExtension.java:163) ~[spring-test-6.1.15.jar:6.1.15]
	at org.junit.jupiter.engine.descriptor.ClassBasedTestDescriptor.lambda$invokeTestInstancePostProcessors$10(ClassBasedTestDescriptor.java:378) ~[junit-jupiter-engine-5.10.5.jar:5.10.5]
	at org.junit.jupiter.engine.descriptor.ClassBasedTestDescriptor.executeAndMaskThrowable(ClassBasedTestDescriptor.java:383) ~[junit-jupiter-engine-5.10.5.jar:5.10.5]
	at org.junit.jupiter.engine.descriptor.ClassBasedTestDescriptor.lambda$invokeTestInstancePostProcessors$11(ClassBasedTestDescriptor.java:378) ~[junit-jupiter-engine-5.10.5.jar:5.10.5]
	at java.base/java.util.stream.ReferencePipeline$3$1.accept(ReferencePipeline.java:197) ~[na:na]
	at java.base/java.util.stream.ReferencePipeline$2$1.accept(ReferencePipeline.java:179) ~[na:na]
	at java.base/java.util.ArrayList$ArrayListSpliterator.forEachRemaining(ArrayList.java:1708) ~[na:na]
	at java.base/java.util.stream.AbstractPipeline.copyInto(AbstractPipeline.java:509) ~[na:na]
	at java.base/java.util.stream.AbstractPipeline.wrapAndCopyInto(AbstractPipeline.java:499) ~[na:na]
	at java.base/java.util.stream.StreamSpliterators$WrappingSpliterator.forEachRemaining(StreamSpliterators.java:310) ~[na:na]
	at java.base/java.util.stream.Streams$ConcatSpliterator.forEachRemaining(Streams.java:735) ~[na:na]
	at java.base/java.util.stream.Streams$ConcatSpliterator.forEachRemaining(Streams.java:734) ~[na:na]
	at java.base/java.util.stream.ReferencePipeline$Head.forEach(ReferencePipeline.java:762) ~[na:na]
	at org.junit.jupiter.engine.descriptor.ClassBasedTestDescriptor.invokeTestInstancePostProcessors(ClassBasedTestDescriptor.java:377) ~[junit-jupiter-engine-5.10.5.jar:5.10.5]
	at org.junit.jupiter.engine.descriptor.ClassBasedTestDescriptor.lambda$instantiateAndPostProcessTestInstance$6(ClassBasedTestDescriptor.java:290) ~[junit-jupiter-engine-5.10.5.jar:5.10.5]
	at org.junit.platform.engine.support.hierarchical.ThrowableCollector.execute(ThrowableCollector.java:73) ~[junit-platform-engine-1.10.5.jar:1.10.5]
	at org.junit.jupiter.engine.descriptor.ClassBasedTestDescriptor.instantiateAndPostProcessTestInstance(ClassBasedTestDescriptor.java:289) ~[junit-jupiter-engine-5.10.5.jar:5.10.5]
	at org.junit.jupiter.engine.descriptor.ClassBasedTestDescriptor.lambda$testInstancesProvider$4(ClassBasedTestDescriptor.java:279) ~[junit-jupiter-engine-5.10.5.jar:5.10.5]
	at java.base/java.util.Optional.orElseGet(Optional.java:364) ~[na:na]
	at org.junit.jupiter.engine.descriptor.ClassBasedTestDescriptor.lambda$testInstancesProvider$5(ClassBasedTestDescriptor.java:278) ~[junit-jupiter-engine-5.10.5.jar:5.10.5]
	at org.junit.jupiter.engine.execution.TestInstancesProvider.getTestInstances(TestInstancesProvider.java:31) ~[junit-jupiter-engine-5.10.5.jar:5.10.5]
	at org.junit.jupiter.engine.descriptor.TestMethodTestDescriptor.lambda$prepare$0(TestMethodTestDescriptor.java:106) ~[junit-jupiter-engine-5.10.5.jar:5.10.5]
	at org.junit.platform.engine.support.hierarchical.ThrowableCollector.execute(ThrowableCollector.java:73) ~[junit-platform-engine-1.10.5.jar:1.10.5]
	at org.junit.jupiter.engine.descriptor.TestMethodTestDescriptor.prepare(TestMethodTestDescriptor.java:105) ~[junit-jupiter-engine-5.10.5.jar:5.10.5]
	at org.junit.jupiter.engine.descriptor.TestMethodTestDescriptor.prepare(TestMethodTestDescriptor.java:69) ~[junit-jupiter-engine-5.10.5.jar:5.10.5]
	at org.junit.platform.engine.support.hierarchical.NodeTestTask.lambda$prepare$2(NodeTestTask.java:128) ~[junit-platform-engine-1.10.5.jar:1.10.5]
	at org.junit.platform.engine.support.hierarchical.ThrowableCollector.execute(ThrowableCollector.java:73) ~[junit-platform-engine-1.10.5.jar:1.10.5]
	at org.junit.platform.engine.support.hierarchical.NodeTestTask.prepare(NodeTestTask.java:128) ~[junit-platform-engine-1.10.5.jar:1.10.5]
	at org.junit.platform.engine.support.hierarchical.NodeTestTask.execute(NodeTestTask.java:95) ~[junit-platform-engine-1.10.5.jar:1.10.5]
	at java.base/java.util.ArrayList.forEach(ArrayList.java:1596) ~[na:na]
	at org.junit.platform.engine.support.hierarchical.SameThreadHierarchicalTestExecutorService.invokeAll(SameThreadHierarchicalTestExecutorService.java:41) ~[junit-platform-engine-1.10.5.jar:1.10.5]
	at org.junit.platform.engine.support.hierarchical.NodeTestTask.lambda$executeRecursively$6(NodeTestTask.java:160) ~[junit-platform-engine-1.10.5.jar:1.10.5]
	at org.junit.platform.engine.support.hierarchical.ThrowableCollector.execute(ThrowableCollector.java:73) ~[junit-platform-engine-1.10.5.jar:1.10.5]
	at org.junit.platform.engine.support.hierarchical.NodeTestTask.lambda$executeRecursively$8(NodeTestTask.java:146) ~[junit-platform-engine-1.10.5.jar:1.10.5]
	at org.junit.platform.engine.support.hierarchical.Node.around(Node.java:137) ~[junit-platform-engine-1.10.5.jar:1.10.5]
	at org.junit.platform.engine.support.hierarchical.NodeTestTask.lambda$executeRecursively$9(NodeTestTask.java:144) ~[junit-platform-engine-1.10.5.jar:1.10.5]
	at org.junit.platform.engine.support.hierarchical.ThrowableCollector.execute(ThrowableCollector.java:73) ~[junit-platform-engine-1.10.5.jar:1.10.5]
	at org.junit.platform.engine.support.hierarchical.NodeTestTask.executeRecursively(NodeTestTask.java:143) ~[junit-platform-engine-1.10.5.jar:1.10.5]
	at org.junit.platform.engine.support.hierarchical.NodeTestTask.execute(NodeTestTask.java:100) ~[junit-platform-engine-1.10.5.jar:1.10.5]
	at java.base/java.util.ArrayList.forEach(ArrayList.java:1596) ~[na:na]
	at org.junit.platform.engine.support.hierarchical.SameThreadHierarchicalTestExecutorService.invokeAll(SameThreadHierarchicalTestExecutorService.java:41) ~[junit-platform-engine-1.10.5.jar:1.10.5]
	at org.junit.platform.engine.support.hierarchical.NodeTestTask.lambda$executeRecursively$6(NodeTestTask.java:160) ~[junit-platform-engine-1.10.5.jar:1.10.5]
	at org.junit.platform.engine.support.hierarchical.ThrowableCollector.execute(ThrowableCollector.java:73) ~[junit-platform-engine-1.10.5.jar:1.10.5]
	at org.junit.platform.engine.support.hierarchical.NodeTestTask.lambda$executeRecursively$8(NodeTestTask.java:146) ~[junit-platform-engine-1.10.5.jar:1.10.5]
	at org.junit.platform.engine.support.hierarchical.Node.around(Node.java:137) ~[junit-platform-engine-1.10.5.jar:1.10.5]
	at org.junit.platform.engine.support.hierarchical.NodeTestTask.lambda$executeRecursively$9(NodeTestTask.java:144) ~[junit-platform-engine-1.10.5.jar:1.10.5]
	at org.junit.platform.engine.support.hierarchical.ThrowableCollector.execute(ThrowableCollector.java:73) ~[junit-platform-engine-1.10.5.jar:1.10.5]
	at org.junit.platform.engine.support.hierarchical.NodeTestTask.executeRecursively(NodeTestTask.java:143) ~[junit-platform-engine-1.10.5.jar:1.10.5]
	at org.junit.platform.engine.support.hierarchical.NodeTestTask.execute(NodeTestTask.java:100) ~[junit-platform-engine-1.10.5.jar:1.10.5]
	at org.junit.platform.engine.support.hierarchical.SameThreadHierarchicalTestExecutorService.submit(SameThreadHierarchicalTestExecutorService.java:35) ~[junit-platform-engine-1.10.5.jar:1.10.5]
	at org.junit.platform.engine.support.hierarchical.HierarchicalTestExecutor.execute(HierarchicalTestExecutor.java:57) ~[junit-platform-engine-1.10.5.jar:1.10.5]
	at org.junit.platform.engine.support.hierarchical.HierarchicalTestEngine.execute(HierarchicalTestEngine.java:54) ~[junit-platform-engine-1.10.5.jar:1.10.5]
	at org.junit.platform.launcher.core.EngineExecutionOrchestrator.execute(EngineExecutionOrchestrator.java:198) ~[junit-platform-launcher-1.10.5.jar:1.10.5]
	at org.junit.platform.launcher.core.EngineExecutionOrchestrator.execute(EngineExecutionOrchestrator.java:169) ~[junit-platform-launcher-1.10.5.jar:1.10.5]
	at org.junit.platform.launcher.core.EngineExecutionOrchestrator.execute(EngineExecutionOrchestrator.java:93) ~[junit-platform-launcher-1.10.5.jar:1.10.5]
	at org.junit.platform.launcher.core.EngineExecutionOrchestrator.lambda$execute$0(EngineExecutionOrchestrator.java:58) ~[junit-platform-launcher-1.10.5.jar:1.10.5]
	at org.junit.platform.launcher.core.EngineExecutionOrchestrator.withInterceptedStreams(EngineExecutionOrchestrator.java:141) ~[junit-platform-launcher-1.10.5.jar:1.10.5]
	at org.junit.platform.launcher.core.EngineExecutionOrchestrator.execute(EngineExecutionOrchestrator.java:57) ~[junit-platform-launcher-1.10.5.jar:1.10.5]
	at org.junit.platform.launcher.core.DefaultLauncher.execute(DefaultLauncher.java:103) ~[junit-platform-launcher-1.10.5.jar:1.10.5]
	at org.junit.platform.launcher.core.DefaultLauncher.execute(DefaultLauncher.java:85) ~[junit-platform-launcher-1.10.5.jar:1.10.5]
	at org.junit.platform.launcher.core.DelegatingLauncher.execute(DelegatingLauncher.java:47) ~[junit-platform-launcher-1.10.5.jar:1.10.5]
	at org.junit.platform.launcher.core.SessionPerRequestLauncher.execute(SessionPerRequestLauncher.java:63) ~[junit-platform-launcher-1.10.5.jar:1.10.5]
	at com.intellij.junit5.JUnit5TestRunnerHelper.execute(JUnit5TestRunnerHelper.java:134) ~[junit5-rt.jar:na]
	at com.intellij.junit5.JUnit5IdeaTestRunner.startRunnerWithArgs(JUnit5IdeaTestRunner.java:70) ~[junit5-rt.jar:na]
	at com.intellij.rt.junit.IdeaTestRunner$Repeater$1.execute(IdeaTestRunner.java:38) ~[junit-rt.jar:na]
	at com.intellij.rt.execution.junit.TestsRepeater.repeat(TestsRepeater.java:11) ~[idea_rt.jar:na]
	at com.intellij.rt.junit.IdeaTestRunner$Repeater.startRunnerWithArgs(IdeaTestRunner.java:35) ~[junit-rt.jar:na]
	at com.intellij.rt.junit.JUnitStarter.prepareStreamsAndStart(JUnitStarter.java:226) ~[junit-rt.jar:na]
	at com.intellij.rt.junit.JUnitStarter.main(JUnitStarter.java:62) ~[junit-rt.jar:na]
Caused by: org.springframework.beans.factory.UnsatisfiedDependencyException: Error creating bean with name 'itemController' defined in file [E:\hmall\hm-item\item-service\target\classes\com\george\item\controller\ItemController.class]: Unsatisfied dependency expressed through constructor parameter 0: Error creating bean with name 'itemServiceImpl': Unsatisfied dependency expressed through field 'baseMapper': Error creating bean with name 'itemMapper' defined in file [E:\hmall\hm-item\item-service\target\classes\com\george\item\mapper\ItemMapper.class]: Unsatisfied dependency expressed through bean property 'sqlSessionFactory': Error creating bean with name 'sqlSessionFactory' defined in class path resource [com/baomidou/mybatisplus/autoconfigure/MybatisPlusAutoConfiguration.class]: Unsatisfied dependency expressed through method 'sqlSessionFactory' parameter 0: Error creating bean with name 'dataSource' defined in class path resource [org/springframework/boot/autoconfigure/jdbc/DataSourceConfiguration$Hikari.class]: can not init dataSource
	at org.springframework.beans.factory.support.ConstructorResolver.createArgumentArray(ConstructorResolver.java:795) ~[spring-beans-6.1.15.jar:6.1.15]
	at org.springframework.beans.factory.support.ConstructorResolver.autowireConstructor(ConstructorResolver.java:237) ~[spring-beans-6.1.15.jar:6.1.15]
	at org.springframework.beans.factory.support.AbstractAutowireCapableBeanFactory.autowireConstructor(AbstractAutowireCapableBeanFactory.java:1375) ~[spring-beans-6.1.15.jar:6.1.15]
	at org.springframework.beans.factory.support.AbstractAutowireCapableBeanFactory.createBeanInstance(AbstractAutowireCapableBeanFactory.java:1212) ~[spring-beans-6.1.15.jar:6.1.15]
	at org.springframework.beans.factory.support.AbstractAutowireCapableBeanFactory.doCreateBean(AbstractAutowireCapableBeanFactory.java:562) ~[spring-beans-6.1.15.jar:6.1.15]
	at org.springframework.beans.factory.support.AbstractAutowireCapableBeanFactory.createBean(AbstractAutowireCapableBeanFactory.java:522) ~[spring-beans-6.1.15.jar:6.1.15]
	at org.springframework.beans.factory.support.AbstractBeanFactory.lambda$doGetBean$0(AbstractBeanFactory.java:337) ~[spring-beans-6.1.15.jar:6.1.15]
	at org.springframework.beans.factory.support.DefaultSingletonBeanRegistry.getSingleton(DefaultSingletonBeanRegistry.java:234) ~[spring-beans-6.1.15.jar:6.1.15]
	at org.springframework.beans.factory.support.AbstractBeanFactory.doGetBean(AbstractBeanFactory.java:335) ~[spring-beans-6.1.15.jar:6.1.15]
	at org.springframework.beans.factory.support.AbstractBeanFactory.getBean(AbstractBeanFactory.java:200) ~[spring-beans-6.1.15.jar:6.1.15]
	at org.springframework.beans.factory.support.DefaultListableBeanFactory.preInstantiateSingletons(DefaultListableBeanFactory.java:975) ~[spring-beans-6.1.15.jar:6.1.15]
	at org.springframework.context.support.AbstractApplicationContext.finishBeanFactoryInitialization(AbstractApplicationContext.java:971) ~[spring-context-6.1.15.jar:6.1.15]
	at org.springframework.context.support.AbstractApplicationContext.refresh(AbstractApplicationContext.java:625) ~[spring-context-6.1.15.jar:6.1.15]
	at org.springframework.boot.SpringApplication.refresh(SpringApplication.java:754) ~[spring-boot-3.3.6.jar:3.3.6]
	at org.springframework.boot.SpringApplication.refreshContext(SpringApplication.java:456) ~[spring-boot-3.3.6.jar:3.3.6]
	at org.springframework.boot.SpringApplication.run(SpringApplication.java:335) ~[spring-boot-3.3.6.jar:3.3.6]
	at org.springframework.boot.test.context.SpringBootContextLoader.lambda$loadContext$3(SpringBootContextLoader.java:137) ~[spring-boot-test-3.3.6.jar:3.3.6]
	at org.springframework.util.function.ThrowingSupplier.get(ThrowingSupplier.java:58) ~[spring-core-6.1.15.jar:6.1.15]
	at org.springframework.util.function.ThrowingSupplier.get(ThrowingSupplier.java:46) ~[spring-core-6.1.15.jar:6.1.15]
	at org.springframework.boot.SpringApplication.withHook(SpringApplication.java:1463) ~[spring-boot-3.3.6.jar:3.3.6]
	at org.springframework.boot.test.context.SpringBootContextLoader$ContextLoaderHook.run(SpringBootContextLoader.java:553) ~[spring-boot-test-3.3.6.jar:3.3.6]
	at org.springframework.boot.test.context.SpringBootContextLoader.loadContext(SpringBootContextLoader.java:137) ~[spring-boot-test-3.3.6.jar:3.3.6]
	at org.springframework.boot.test.context.SpringBootContextLoader.loadContext(SpringBootContextLoader.java:108) ~[spring-boot-test-3.3.6.jar:3.3.6]
	at org.springframework.test.context.cache.DefaultCacheAwareContextLoaderDelegate.loadContextInternal(DefaultCacheAwareContextLoaderDelegate.java:225) ~[spring-test-6.1.15.jar:6.1.15]
	at org.springframework.test.context.cache.DefaultCacheAwareContextLoaderDelegate.loadContext(DefaultCacheAwareContextLoaderDelegate.java:152) ~[spring-test-6.1.15.jar:6.1.15]
	... 73 common frames omitted
Caused by: org.springframework.beans.factory.UnsatisfiedDependencyException: Error creating bean with name 'itemServiceImpl': Unsatisfied dependency expressed through field 'baseMapper': Error creating bean with name 'itemMapper' defined in file [E:\hmall\hm-item\item-service\target\classes\com\george\item\mapper\ItemMapper.class]: Unsatisfied dependency expressed through bean property 'sqlSessionFactory': Error creating bean with name 'sqlSessionFactory' defined in class path resource [com/baomidou/mybatisplus/autoconfigure/MybatisPlusAutoConfiguration.class]: Unsatisfied dependency expressed through method 'sqlSessionFactory' parameter 0: Error creating bean with name 'dataSource' defined in class path resource [org/springframework/boot/autoconfigure/jdbc/DataSourceConfiguration$Hikari.class]: can not init dataSource
	at org.springframework.beans.factory.annotation.AutowiredAnnotationBeanPostProcessor$AutowiredFieldElement.resolveFieldValue(AutowiredAnnotationBeanPostProcessor.java:788) ~[spring-beans-6.1.15.jar:6.1.15]
	at org.springframework.beans.factory.annotation.AutowiredAnnotationBeanPostProcessor$AutowiredFieldElement.inject(AutowiredAnnotationBeanPostProcessor.java:768) ~[spring-beans-6.1.15.jar:6.1.15]
	at org.springframework.beans.factory.annotation.InjectionMetadata.inject(InjectionMetadata.java:145) ~[spring-beans-6.1.15.jar:6.1.15]
	at org.springframework.beans.factory.annotation.AutowiredAnnotationBeanPostProcessor.postProcessProperties(AutowiredAnnotationBeanPostProcessor.java:509) ~[spring-beans-6.1.15.jar:6.1.15]
	at org.springframework.beans.factory.support.AbstractAutowireCapableBeanFactory.populateBean(AbstractAutowireCapableBeanFactory.java:1439) ~[spring-beans-6.1.15.jar:6.1.15]
	at org.springframework.beans.factory.support.AbstractAutowireCapableBeanFactory.doCreateBean(AbstractAutowireCapableBeanFactory.java:599) ~[spring-beans-6.1.15.jar:6.1.15]
	at org.springframework.beans.factory.support.AbstractAutowireCapableBeanFactory.createBean(AbstractAutowireCapableBeanFactory.java:522) ~[spring-beans-6.1.15.jar:6.1.15]
	at org.springframework.beans.factory.support.AbstractBeanFactory.lambda$doGetBean$0(AbstractBeanFactory.java:337) ~[spring-beans-6.1.15.jar:6.1.15]
	at org.springframework.beans.factory.support.DefaultSingletonBeanRegistry.getSingleton(DefaultSingletonBeanRegistry.java:234) ~[spring-beans-6.1.15.jar:6.1.15]
	at org.springframework.beans.factory.support.AbstractBeanFactory.doGetBean(AbstractBeanFactory.java:335) ~[spring-beans-6.1.15.jar:6.1.15]
	at org.springframework.beans.factory.support.AbstractBeanFactory.getBean(AbstractBeanFactory.java:200) ~[spring-beans-6.1.15.jar:6.1.15]
	at org.springframework.beans.factory.config.DependencyDescriptor.resolveCandidate(DependencyDescriptor.java:254) ~[spring-beans-6.1.15.jar:6.1.15]
	at org.springframework.beans.factory.support.DefaultListableBeanFactory.doResolveDependency(DefaultListableBeanFactory.java:1443) ~[spring-beans-6.1.15.jar:6.1.15]
	at org.springframework.beans.factory.support.DefaultListableBeanFactory.resolveDependency(DefaultListableBeanFactory.java:1353) ~[spring-beans-6.1.15.jar:6.1.15]
	at org.springframework.beans.factory.support.ConstructorResolver.resolveAutowiredArgument(ConstructorResolver.java:904) ~[spring-beans-6.1.15.jar:6.1.15]
	at org.springframework.beans.factory.support.ConstructorResolver.createArgumentArray(ConstructorResolver.java:782) ~[spring-beans-6.1.15.jar:6.1.15]
	... 97 common frames omitted
Caused by: org.springframework.beans.factory.UnsatisfiedDependencyException: Error creating bean with name 'itemMapper' defined in file [E:\hmall\hm-item\item-service\target\classes\com\george\item\mapper\ItemMapper.class]: Unsatisfied dependency expressed through bean property 'sqlSessionFactory': Error creating bean with name 'sqlSessionFactory' defined in class path resource [com/baomidou/mybatisplus/autoconfigure/MybatisPlusAutoConfiguration.class]: Unsatisfied dependency expressed through method 'sqlSessionFactory' parameter 0: Error creating bean with name 'dataSource' defined in class path resource [org/springframework/boot/autoconfigure/jdbc/DataSourceConfiguration$Hikari.class]: can not init dataSource
	at org.springframework.beans.factory.support.AbstractAutowireCapableBeanFactory.autowireByType(AbstractAutowireCapableBeanFactory.java:1536) ~[spring-beans-6.1.15.jar:6.1.15]
	at org.springframework.beans.factory.support.AbstractAutowireCapableBeanFactory.populateBean(AbstractAutowireCapableBeanFactory.java:1430) ~[spring-beans-6.1.15.jar:6.1.15]
	at org.springframework.beans.factory.support.AbstractAutowireCapableBeanFactory.doCreateBean(AbstractAutowireCapableBeanFactory.java:599) ~[spring-beans-6.1.15.jar:6.1.15]
	at org.springframework.beans.factory.support.AbstractAutowireCapableBeanFactory.createBean(AbstractAutowireCapableBeanFactory.java:522) ~[spring-beans-6.1.15.jar:6.1.15]
	at org.springframework.beans.factory.support.AbstractBeanFactory.lambda$doGetBean$0(AbstractBeanFactory.java:337) ~[spring-beans-6.1.15.jar:6.1.15]
	at org.springframework.beans.factory.support.DefaultSingletonBeanRegistry.getSingleton(DefaultSingletonBeanRegistry.java:234) ~[spring-beans-6.1.15.jar:6.1.15]
	at org.springframework.beans.factory.support.AbstractBeanFactory.doGetBean(AbstractBeanFactory.java:335) ~[spring-beans-6.1.15.jar:6.1.15]
	at org.springframework.beans.factory.support.AbstractBeanFactory.getBean(AbstractBeanFactory.java:200) ~[spring-beans-6.1.15.jar:6.1.15]
	at org.springframework.beans.factory.config.DependencyDescriptor.resolveCandidate(DependencyDescriptor.java:254) ~[spring-beans-6.1.15.jar:6.1.15]
	at org.springframework.beans.factory.support.DefaultListableBeanFactory.doResolveDependency(DefaultListableBeanFactory.java:1443) ~[spring-beans-6.1.15.jar:6.1.15]
	at org.springframework.beans.factory.support.DefaultListableBeanFactory.resolveDependency(DefaultListableBeanFactory.java:1353) ~[spring-beans-6.1.15.jar:6.1.15]
	at org.springframework.beans.factory.annotation.AutowiredAnnotationBeanPostProcessor$AutowiredFieldElement.resolveFieldValue(AutowiredAnnotationBeanPostProcessor.java:785) ~[spring-beans-6.1.15.jar:6.1.15]
	... 112 common frames omitted
Caused by: org.springframework.beans.factory.UnsatisfiedDependencyException: Error creating bean with name 'sqlSessionFactory' defined in class path resource [com/baomidou/mybatisplus/autoconfigure/MybatisPlusAutoConfiguration.class]: Unsatisfied dependency expressed through method 'sqlSessionFactory' parameter 0: Error creating bean with name 'dataSource' defined in class path resource [org/springframework/boot/autoconfigure/jdbc/DataSourceConfiguration$Hikari.class]: can not init dataSource
	at org.springframework.beans.factory.support.ConstructorResolver.createArgumentArray(ConstructorResolver.java:795) ~[spring-beans-6.1.15.jar:6.1.15]
	at org.springframework.beans.factory.support.ConstructorResolver.instantiateUsingFactoryMethod(ConstructorResolver.java:542) ~[spring-beans-6.1.15.jar:6.1.15]
	at org.springframework.beans.factory.support.AbstractAutowireCapableBeanFactory.instantiateUsingFactoryMethod(AbstractAutowireCapableBeanFactory.java:1355) ~[spring-beans-6.1.15.jar:6.1.15]
	at org.springframework.beans.factory.support.AbstractAutowireCapableBeanFactory.createBeanInstance(AbstractAutowireCapableBeanFactory.java:1185) ~[spring-beans-6.1.15.jar:6.1.15]
	at org.springframework.beans.factory.support.AbstractAutowireCapableBeanFactory.doCreateBean(AbstractAutowireCapableBeanFactory.java:562) ~[spring-beans-6.1.15.jar:6.1.15]
	at org.springframework.beans.factory.support.AbstractAutowireCapableBeanFactory.createBean(AbstractAutowireCapableBeanFactory.java:522) ~[spring-beans-6.1.15.jar:6.1.15]
	at org.springframework.beans.factory.support.AbstractBeanFactory.lambda$doGetBean$0(AbstractBeanFactory.java:337) ~[spring-beans-6.1.15.jar:6.1.15]
	at org.springframework.beans.factory.support.DefaultSingletonBeanRegistry.getSingleton(DefaultSingletonBeanRegistry.java:234) ~[spring-beans-6.1.15.jar:6.1.15]
	at org.springframework.beans.factory.support.AbstractBeanFactory.doGetBean(AbstractBeanFactory.java:335) ~[spring-beans-6.1.15.jar:6.1.15]
	at org.springframework.beans.factory.support.AbstractBeanFactory.getBean(AbstractBeanFactory.java:200) ~[spring-beans-6.1.15.jar:6.1.15]
	at org.springframework.beans.factory.config.DependencyDescriptor.resolveCandidate(DependencyDescriptor.java:254) ~[spring-beans-6.1.15.jar:6.1.15]
	at org.springframework.beans.factory.support.DefaultListableBeanFactory.doResolveDependency(DefaultListableBeanFactory.java:1443) ~[spring-beans-6.1.15.jar:6.1.15]
	at org.springframework.beans.factory.support.DefaultListableBeanFactory.resolveDependency(DefaultListableBeanFactory.java:1353) ~[spring-beans-6.1.15.jar:6.1.15]
	at org.springframework.beans.factory.support.AbstractAutowireCapableBeanFactory.autowireByType(AbstractAutowireCapableBeanFactory.java:1521) ~[spring-beans-6.1.15.jar:6.1.15]
	... 123 common frames omitted
Caused by: org.springframework.beans.factory.BeanCreationException: Error creating bean with name 'dataSource' defined in class path resource [org/springframework/boot/autoconfigure/jdbc/DataSourceConfiguration$Hikari.class]: can not init dataSource
	at org.springframework.beans.factory.support.AbstractAutowireCapableBeanFactory.doCreateBean(AbstractAutowireCapableBeanFactory.java:607) ~[spring-beans-6.1.15.jar:6.1.15]
	at org.springframework.beans.factory.support.AbstractAutowireCapableBeanFactory.createBean(AbstractAutowireCapableBeanFactory.java:522) ~[spring-beans-6.1.15.jar:6.1.15]
	at org.springframework.beans.factory.support.AbstractBeanFactory.lambda$doGetBean$0(AbstractBeanFactory.java:337) ~[spring-beans-6.1.15.jar:6.1.15]
	at org.springframework.beans.factory.support.DefaultSingletonBeanRegistry.getSingleton(DefaultSingletonBeanRegistry.java:234) ~[spring-beans-6.1.15.jar:6.1.15]
	at org.springframework.beans.factory.support.AbstractBeanFactory.doGetBean(AbstractBeanFactory.java:335) ~[spring-beans-6.1.15.jar:6.1.15]
	at org.springframework.beans.factory.support.AbstractBeanFactory.getBean(AbstractBeanFactory.java:200) ~[spring-beans-6.1.15.jar:6.1.15]
	at org.springframework.beans.factory.config.DependencyDescriptor.resolveCandidate(DependencyDescriptor.java:254) ~[spring-beans-6.1.15.jar:6.1.15]
	at org.springframework.beans.factory.support.DefaultListableBeanFactory.doResolveDependency(DefaultListableBeanFactory.java:1443) ~[spring-beans-6.1.15.jar:6.1.15]
	at org.springframework.beans.factory.support.DefaultListableBeanFactory.resolveDependency(DefaultListableBeanFactory.java:1353) ~[spring-beans-6.1.15.jar:6.1.15]
	at org.springframework.beans.factory.support.ConstructorResolver.resolveAutowiredArgument(ConstructorResolver.java:904) ~[spring-beans-6.1.15.jar:6.1.15]
	at org.springframework.beans.factory.support.ConstructorResolver.createArgumentArray(ConstructorResolver.java:782) ~[spring-beans-6.1.15.jar:6.1.15]
	... 136 common frames omitted
Caused by: java.lang.IllegalStateException: can not init dataSource
	at org.apache.seata.rm.datasource.DataSourceProxy.init(DataSourceProxy.java:114) ~[seata-all-2.1.0.jar:2.1.0]
	at org.apache.seata.rm.datasource.DataSourceProxy.<init>(DataSourceProxy.java:97) ~[seata-all-2.1.0.jar:2.1.0]
	at org.apache.seata.rm.datasource.DataSourceProxy.<init>(DataSourceProxy.java:82) ~[seata-all-2.1.0.jar:2.1.0]
	at org.apache.seata.spring.annotation.datasource.SeataAutoDataSourceProxyCreator.buildProxy(SeataAutoDataSourceProxyCreator.java:113) ~[seata-all-2.1.0.jar:2.1.0]
	at org.apache.seata.spring.annotation.datasource.SeataAutoDataSourceProxyCreator.wrapIfNecessary(SeataAutoDataSourceProxyCreator.java:87) ~[seata-all-2.1.0.jar:2.1.0]
	at org.springframework.aop.framework.autoproxy.AbstractAutoProxyCreator.postProcessAfterInitialization(AbstractAutoProxyCreator.java:320) ~[spring-aop-6.1.15.jar:6.1.15]
	at org.springframework.beans.factory.support.AbstractAutowireCapableBeanFactory.applyBeanPostProcessorsAfterInitialization(AbstractAutowireCapableBeanFactory.java:438) ~[spring-beans-6.1.15.jar:6.1.15]
	at org.springframework.beans.factory.support.AbstractAutowireCapableBeanFactory.initializeBean(AbstractAutowireCapableBeanFactory.java:1809) ~[spring-beans-6.1.15.jar:6.1.15]
	at org.springframework.beans.factory.support.AbstractAutowireCapableBeanFactory.doCreateBean(AbstractAutowireCapableBeanFactory.java:600) ~[spring-beans-6.1.15.jar:6.1.15]
	... 146 common frames omitted
Caused by: com.mysql.cj.jdbc.exceptions.CommunicationsException: Communications link failure

The last packet sent successfully to the server was 0 milliseconds ago. The driver has not received any packets from the server.
	at com.mysql.cj.jdbc.exceptions.SQLError.createCommunicationsException(SQLError.java:165) ~[mysql-connector-j-9.7.0.jar:9.7.0]
	at com.mysql.cj.jdbc.exceptions.SQLExceptionsMapping.translateException(SQLExceptionsMapping.java:55) ~[mysql-connector-j-9.7.0.jar:9.7.0]
	at com.mysql.cj.jdbc.ConnectionImpl.createNewIO(ConnectionImpl.java:840) ~[mysql-connector-j-9.7.0.jar:9.7.0]
	at com.mysql.cj.jdbc.ConnectionImpl.<init>(ConnectionImpl.java:416) ~[mysql-connector-j-9.7.0.jar:9.7.0]
	at com.mysql.cj.jdbc.ConnectionImpl.getInstance(ConnectionImpl.java:237) ~[mysql-connector-j-9.7.0.jar:9.7.0]
	at com.mysql.cj.jdbc.NonRegisteringDriver.connect(NonRegisteringDriver.java:180) ~[mysql-connector-j-9.7.0.jar:9.7.0]
	at com.zaxxer.hikari.util.DriverDataSource.getConnection(DriverDataSource.java:137) ~[HikariCP-5.1.0.jar:na]
	at com.zaxxer.hikari.pool.PoolBase.newConnection(PoolBase.java:360) ~[HikariCP-5.1.0.jar:na]
	at com.zaxxer.hikari.pool.PoolBase.newPoolEntry(PoolBase.java:202) ~[HikariCP-5.1.0.jar:na]
	at com.zaxxer.hikari.pool.HikariPool.createPoolEntry(HikariPool.java:461) ~[HikariCP-5.1.0.jar:na]
	at com.zaxxer.hikari.pool.HikariPool.checkFailFast(HikariPool.java:550) ~[HikariCP-5.1.0.jar:na]
	at com.zaxxer.hikari.pool.HikariPool.<init>(HikariPool.java:98) ~[HikariCP-5.1.0.jar:na]
	at com.zaxxer.hikari.HikariDataSource.getConnection(HikariDataSource.java:111) ~[HikariCP-5.1.0.jar:na]
	at org.apache.seata.rm.datasource.DataSourceProxy.init(DataSourceProxy.java:102) ~[seata-all-2.1.0.jar:2.1.0]
	... 154 common frames omitted
Caused by: com.mysql.cj.exceptions.CJCommunicationsException: Communications link failure

The last packet sent successfully to the server was 0 milliseconds ago. The driver has not received any packets from the server.
	at java.base/jdk.internal.reflect.DirectConstructorHandleAccessor.newInstance(DirectConstructorHandleAccessor.java:62) ~[na:na]
	at java.base/java.lang.reflect.Constructor.newInstanceWithCaller(Constructor.java:502) ~[na:na]
	at java.base/java.lang.reflect.Constructor.newInstance(Constructor.java:486) ~[na:na]
	at com.mysql.cj.exceptions.ExceptionFactory.createException(ExceptionFactory.java:52) ~[mysql-connector-j-9.7.0.jar:9.7.0]
	at com.mysql.cj.exceptions.ExceptionFactory.createException(ExceptionFactory.java:95) ~[mysql-connector-j-9.7.0.jar:9.7.0]
	at com.mysql.cj.exceptions.ExceptionFactory.createException(ExceptionFactory.java:140) ~[mysql-connector-j-9.7.0.jar:9.7.0]
	at com.mysql.cj.exceptions.ExceptionFactory.createCommunicationsException(ExceptionFactory.java:156) ~[mysql-connector-j-9.7.0.jar:9.7.0]
	at com.mysql.cj.protocol.a.NativeProtocol.readMessage(NativeProtocol.java:590) ~[mysql-connector-j-9.7.0.jar:9.7.0]
	at com.mysql.cj.protocol.a.NativeProtocol.readServerCapabilities(NativeProtocol.java:515) ~[mysql-connector-j-9.7.0.jar:9.7.0]
	at com.mysql.cj.protocol.a.NativeProtocol.beforeHandshake(NativeProtocol.java:410) ~[mysql-connector-j-9.7.0.jar:9.7.0]
	at com.mysql.cj.protocol.a.NativeProtocol.connect(NativeProtocol.java:1332) ~[mysql-connector-j-9.7.0.jar:9.7.0]
	at com.mysql.cj.NativeSession.connect(NativeSession.java:155) ~[mysql-connector-j-9.7.0.jar:9.7.0]
	at com.mysql.cj.jdbc.ConnectionImpl.connectOneTryOnly(ConnectionImpl.java:964) ~[mysql-connector-j-9.7.0.jar:9.7.0]
	at com.mysql.cj.jdbc.ConnectionImpl.createNewIO(ConnectionImpl.java:828) ~[mysql-connector-j-9.7.0.jar:9.7.0]
	... 165 common frames omitted
Caused by: java.io.EOFException: Can not read response from server. Expected to read 4 bytes, read 0 bytes before connection was unexpectedly lost.
	at com.mysql.cj.protocol.FullReadInputStream.readFully(FullReadInputStream.java:58) ~[mysql-connector-j-9.7.0.jar:9.7.0]
	at com.mysql.cj.protocol.a.SimplePacketReader.readHeaderLocal(SimplePacketReader.java:72) ~[mysql-connector-j-9.7.0.jar:9.7.0]
	at com.mysql.cj.protocol.a.SimplePacketReader.readHeader(SimplePacketReader.java:54) ~[mysql-connector-j-9.7.0.jar:9.7.0]
	at com.mysql.cj.protocol.a.SimplePacketReader.readHeader(SimplePacketReader.java:36) ~[mysql-connector-j-9.7.0.jar:9.7.0]
	at com.mysql.cj.protocol.a.NativeProtocol.readMessage(NativeProtocol.java:584) ~[mysql-connector-j-9.7.0.jar:9.7.0]
	... 171 common frames omitted

19:46:55:341  WARN 8620 --- [item-service] [Thread-2] c.a.n.common.executor.ThreadPoolManager  : [ThreadPoolManager] Start destroying ThreadPool
19:46:55:341  WARN 8620 --- [item-service] [Thread-2] c.a.n.common.executor.ThreadPoolManager  : [ThreadPoolManager] Destruction of the end
19:48:16:900  INFO 12696 --- [item-service] [main] c.a.nacos.client.logging.NacosLogging    : Nacos Logging Adapter Builder: com.alibaba.nacos.logger.adapter.logback12.LogbackNacosLoggingAdapterBuilder
19:48:16:913  INFO 12696 --- [item-service] [main] c.a.nacos.client.logging.NacosLogging    : Nacos Logging Adapter Builder: com.alibaba.nacos.logger.adapter.logback14.LogbackNacosLoggingAdapterBuilder
19:48:16:914  INFO 12696 --- [item-service] [main] c.a.nacos.client.logging.NacosLogging    : Nacos Logging Adapter: com.alibaba.nacos.logger.adapter.logback14.LogbackNacosLoggingAdapter match ch.qos.logback.classic.Logger success.
19:48:16:922  INFO 12696 --- [item-service] [main] c.a.nacos.client.logging.NacosLogging    : Nacos Logging Adapter Builder: com.alibaba.nacos.logger.adapter.log4j2.Log4j2NacosLoggingAdapterBuilder
19:48:17:027  WARN 12696 --- [item-service] [main] c.a.nacos.client.logging.NacosLogging    : Load ch.qos.logback.classic.Logger Configuration of Nacos fail, message: 'void ch.qos.logback.core.model.ModelUtil.setProperty(ch.qos.logback.core.model.processor.ModelInterpretationContext, java.lang.String, java.lang.String, ch.qos.logback.core.joran.action.ActionUtil$Scope)'
19:48:17:097  WARN 12696 --- [item-service] [main] c.a.nacos.client.logging.NacosLogging    : Load ch.qos.logback.classic.Logger Configuration of Nacos fail, message: 'void ch.qos.logback.core.model.ModelUtil.setProperty(ch.qos.logback.core.model.processor.ModelInterpretationContext, java.lang.String, java.lang.String, ch.qos.logback.core.joran.action.ActionUtil$Scope)'
19:48:17:112  INFO 12696 --- [item-service] [main] c.g.item.elastic.ElasticDocumentTest     : Starting ElasticDocumentTest using Java 21.0.11 with PID 12696 (started by lindu in E:\hmall\hm-item\item-service)
19:48:17:116  INFO 12696 --- [item-service] [main] c.g.item.elastic.ElasticDocumentTest     : The following 1 profile is active: "local"
19:48:18:420  INFO 12696 --- [item-service] [main] o.s.cloud.context.scope.GenericScope     : BeanFactory id=47d6e0ea-b2a4-3bea-86c5-5bfe4470e366
19:48:18:520  WARN 12696 --- [item-service] [main] trationDelegate$BeanPostProcessorChecker : Bean 'org.apache.seata.spring.boot.autoconfigure.SeataCoreAutoConfiguration' of type [org.apache.seata.spring.boot.autoconfigure.SeataCoreAutoConfiguration] is not eligible for getting processed by all BeanPostProcessors (for example: not eligible for auto-proxying). Is this bean getting eagerly injected/applied to a currently created BeanPostProcessor []? Check the corresponding BeanPostProcessor declaration and its dependencies/advisors. If this bean does not have to be post-processed, declare it with ROLE_INFRASTRUCTURE.
19:48:18:521  WARN 12696 --- [item-service] [main] trationDelegate$BeanPostProcessorChecker : Bean 'springApplicationContextProvider' of type [org.apache.seata.spring.boot.autoconfigure.provider.SpringApplicationContextProvider] is not eligible for getting processed by all BeanPostProcessors (for example: not eligible for auto-proxying). Is this bean getting eagerly injected/applied to a currently created BeanPostProcessor []? Check the corresponding BeanPostProcessor declaration and its dependencies/advisors. If this bean does not have to be post-processed, declare it with ROLE_INFRASTRUCTURE.
19:48:18:521  WARN 12696 --- [item-service] [main] trationDelegate$BeanPostProcessorChecker : Bean 'org.apache.seata.spring.boot.autoconfigure.SeataAutoConfiguration' of type [org.apache.seata.spring.boot.autoconfigure.SeataAutoConfiguration] is not eligible for getting processed by all BeanPostProcessors (for example: not eligible for auto-proxying). Is this bean getting eagerly injected/applied to a currently created BeanPostProcessor []? Check the corresponding BeanPostProcessor declaration and its dependencies/advisors. If this bean does not have to be post-processed, declare it with ROLE_INFRASTRUCTURE.
19:48:18:588  WARN 12696 --- [item-service] [main] trationDelegate$BeanPostProcessorChecker : Bean 'failureHandler' of type [org.apache.seata.tm.api.DefaultFailureHandlerImpl] is not eligible for getting processed by all BeanPostProcessors (for example: not eligible for auto-proxying). Is this bean getting eagerly injected/applied to a currently created BeanPostProcessor []? Check the corresponding BeanPostProcessor declaration and its dependencies/advisors. If this bean does not have to be post-processed, declare it with ROLE_INFRASTRUCTURE.
19:48:18:595  WARN 12696 --- [item-service] [main] trationDelegate$BeanPostProcessorChecker : Bean 'org.springframework.cloud.commons.config.CommonsConfigAutoConfiguration' of type [org.springframework.cloud.commons.config.CommonsConfigAutoConfiguration] is not eligible for getting processed by all BeanPostProcessors (for example: not eligible for auto-proxying). Is this bean getting eagerly injected/applied to a currently created BeanPostProcessor [globalTransactionScanner]? Check the corresponding BeanPostProcessor declaration and its dependencies/advisors. If this bean does not have to be post-processed, declare it with ROLE_INFRASTRUCTURE.
19:48:18:599  WARN 12696 --- [item-service] [main] trationDelegate$BeanPostProcessorChecker : Bean 'org.springframework.cloud.client.loadbalancer.LoadBalancerDefaultMappingsProviderAutoConfiguration' of type [org.springframework.cloud.client.loadbalancer.LoadBalancerDefaultMappingsProviderAutoConfiguration] is not eligible for getting processed by all BeanPostProcessors (for example: not eligible for auto-proxying). Is this bean getting eagerly injected/applied to a currently created BeanPostProcessor [globalTransactionScanner]? Check the corresponding BeanPostProcessor declaration and its dependencies/advisors. If this bean does not have to be post-processed, declare it with ROLE_INFRASTRUCTURE.
19:48:18:600  WARN 12696 --- [item-service] [main] trationDelegate$BeanPostProcessorChecker : Bean 'loadBalancerClientsDefaultsMappingsProvider' of type [org.springframework.cloud.client.loadbalancer.LoadBalancerDefaultMappingsProviderAutoConfiguration$$Lambda/0x00000246c15bbb18] is not eligible for getting processed by all BeanPostProcessors (for example: not eligible for auto-proxying). Is this bean getting eagerly injected/applied to a currently created BeanPostProcessor [globalTransactionScanner]? Check the corresponding BeanPostProcessor declaration and its dependencies/advisors. If this bean does not have to be post-processed, declare it with ROLE_INFRASTRUCTURE.
19:48:18:600  WARN 12696 --- [item-service] [main] trationDelegate$BeanPostProcessorChecker : Bean 'defaultsBindHandlerAdvisor' of type [org.springframework.cloud.commons.config.DefaultsBindHandlerAdvisor] is not eligible for getting processed by all BeanPostProcessors (for example: not eligible for auto-proxying). Is this bean getting eagerly injected/applied to a currently created BeanPostProcessor [globalTransactionScanner]? Check the corresponding BeanPostProcessor declaration and its dependencies/advisors. If this bean does not have to be post-processed, declare it with ROLE_INFRASTRUCTURE.
19:48:18:606  WARN 12696 --- [item-service] [main] trationDelegate$BeanPostProcessorChecker : Bean 'springCloudAlibabaConfiguration' of type [org.apache.seata.spring.boot.autoconfigure.properties.SpringCloudAlibabaConfiguration] is not eligible for getting processed by all BeanPostProcessors (for example: not eligible for auto-proxying). Is this bean getting eagerly injected/applied to a currently created BeanPostProcessor [globalTransactionScanner]? Check the corresponding BeanPostProcessor declaration and its dependencies/advisors. If this bean does not have to be post-processed, declare it with ROLE_INFRASTRUCTURE.
19:48:18:611  WARN 12696 --- [item-service] [main] trationDelegate$BeanPostProcessorChecker : Bean 'seataProperties' of type [org.apache.seata.spring.boot.autoconfigure.properties.SeataProperties] is not eligible for getting processed by all BeanPostProcessors (for example: not eligible for auto-proxying). Is this bean getting eagerly injected/applied to a currently created BeanPostProcessor [globalTransactionScanner]? Check the corresponding BeanPostProcessor declaration and its dependencies/advisors. If this bean does not have to be post-processed, declare it with ROLE_INFRASTRUCTURE.
19:48:18:613  INFO 12696 --- [item-service] [main] o.a.s.s.b.a.SeataAutoConfiguration       : Automatically configure Seata
19:48:18:636  INFO 12696 --- [item-service] [main] ServiceLoader$InnerEnhancedServiceLoader : Load compatible class io.seata.spring.annotation.ScannerChecker
19:48:18:709  INFO 12696 --- [item-service] [main] ServiceLoader$InnerEnhancedServiceLoader : Ignore load compatible class io.seata.config.ExtConfigurationProvider, because is not assignable from origin type org.apache.seata.config.ExtConfigurationProvider
19:48:18:723  INFO 12696 --- [item-service] [main] o.a.seata.config.ConfigurationFactory    : load Configuration from :Spring Configuration
19:48:18:757  INFO 12696 --- [item-service] [main] ServiceLoader$InnerEnhancedServiceLoader : Load compatible class io.seata.integration.tx.api.remoting.RemotingParser
19:48:18:759  INFO 12696 --- [item-service] [main] o.a.s.s.a.GlobalTransactionScanner       : Initializing Global Transaction Clients ... 
19:48:18:872  INFO 12696 --- [item-service] [main] ServiceLoader$InnerEnhancedServiceLoader : Load compatible class io.seata.core.auth.AuthSigner
19:48:18:890  INFO 12696 --- [item-service] [main] o.a.s.c.rpc.netty.NettyClientBootstrap   : NettyClientBootstrap has started
19:48:18:898  INFO 12696 --- [item-service] [main] o.a.s.d.registry.RegistryFactory         : use registry center type: file
19:48:18:904  INFO 12696 --- [item-service] [main] ServiceLoader$InnerEnhancedServiceLoader : Load compatible class io.seata.discovery.registry.RegistryProvider
19:48:18:908  INFO 12696 --- [item-service] [main] o.a.s.c.r.n.NettyClientChannelManager    : will connect to 192.168.68.128:8099
19:48:18:923  INFO 12696 --- [item-service] [main] o.a.s.c.rpc.netty.NettyPoolableFactory   : NettyPool create channel to transactionRole:TMROLE,address:192.168.68.128:8099,msg:< RegisterTMRequest{version='2.1.0', applicationId='item-service', transactionServiceGroup='hmall', extraData='ak=null
digest=hmall,172.29.160.1,1790596098912
timestamp=1790596098912
authVersion=V4
vgroup=hmall
ip=172.29.160.1
'} >
19:48:19:029  INFO 12696 --- [item-service] [NettyClientSelector_TMROLE_1_1] ServiceLoader$InnerEnhancedServiceLoader : Load compatible class io.seata.core.serializer.Serializer
19:48:19:053  INFO 12696 --- [item-service] [main] o.a.s.c.rpc.netty.TmNettyRemotingClient  : register TM success. client version:2.1.0, server version:2.0.0,channel:[id: 0x62f3c54a, L:/192.168.68.1:2669 - R:/192.168.68.128:8099]
19:48:19:058  INFO 12696 --- [item-service] [main] o.a.s.c.rpc.netty.NettyPoolableFactory   : register success, cost 54 ms, version:2.0.0,role:TMROLE,channel:[id: 0x62f3c54a, L:/192.168.68.1:2669 - R:/192.168.68.128:8099]
19:48:19:059  INFO 12696 --- [item-service] [main] o.a.s.s.a.GlobalTransactionScanner       : Transaction Manager Client is initialized. applicationId[item-service] txServiceGroup[hmall]
19:48:19:072  INFO 12696 --- [item-service] [main] ServiceLoader$InnerEnhancedServiceLoader : Load compatible class io.seata.core.model.ResourceManager
19:48:19:075  INFO 12696 --- [item-service] [main] o.a.seata.rm.datasource.AsyncWorker      : Async Commit Buffer Limit: 10000
19:48:19:075  INFO 12696 --- [item-service] [main] o.a.s.r.datasource.xa.ResourceManagerXA  : ResourceManagerXA init ...
19:48:19:084  INFO 12696 --- [item-service] [main] o.a.s.c.rpc.netty.NettyClientBootstrap   : NettyClientBootstrap has started
19:48:19:084  INFO 12696 --- [item-service] [main] o.a.s.s.a.GlobalTransactionScanner       : Resource Manager is initialized. applicationId[item-service] txServiceGroup[hmall]
19:48:19:084  INFO 12696 --- [item-service] [main] o.a.s.s.a.GlobalTransactionScanner       : Global Transaction Clients are initialized. 
19:48:19:139  INFO 12696 --- [item-service] [main] o.a.s.s.a.GlobalTransactionScanner       : The needed enhancement business beans are : []
19:48:19:166  INFO 12696 --- [item-service] [main] ServiceLoader$InnerEnhancedServiceLoader : Load compatible class io.seata.core.context.ContextCore
19:48:19:481  WARN 12696 --- [item-service] [main] trationDelegate$BeanPostProcessorChecker : Bean 'org.springframework.cloud.client.loadbalancer.LoadBalancerAutoConfiguration$DeferringLoadBalancerInterceptorConfig' of type [org.springframework.cloud.client.loadbalancer.LoadBalancerAutoConfiguration$DeferringLoadBalancerInterceptorConfig] is not eligible for getting processed by all BeanPostProcessors (for example: not eligible for auto-proxying). The currently created BeanPostProcessor [lbRestClientPostProcessor] is declared through a non-static factory method on that class; consider declaring it as static instead.
19:48:19:484  WARN 12696 --- [item-service] [main] trationDelegate$BeanPostProcessorChecker : Bean 'deferringLoadBalancerInterceptor' of type [org.springframework.cloud.client.loadbalancer.DeferringLoadBalancerInterceptor] is not eligible for getting processed by all BeanPostProcessors (for example: not eligible for auto-proxying). Is this bean getting eagerly injected/applied to a currently created BeanPostProcessor [lbRestClientPostProcessor]? Check the corresponding BeanPostProcessor declaration and its dependencies/advisors. If this bean does not have to be post-processed, declare it with ROLE_INFRASTRUCTURE.
19:48:19:604  INFO 12696 --- [item-service] [main] com.zaxxer.hikari.HikariDataSource       : HikariPool-1 - Starting...
19:48:19:826  INFO 12696 --- [item-service] [main] com.zaxxer.hikari.pool.HikariPool        : HikariPool-1 - Added connection com.mysql.cj.jdbc.ConnectionImpl@53d87b2d
19:48:19:828  INFO 12696 --- [item-service] [main] com.zaxxer.hikari.HikariDataSource       : HikariPool-1 - Start completed.
19:48:19:975  INFO 12696 --- [item-service] [main] o.a.s.c.r.n.NettyClientChannelManager    : will connect to 192.168.68.128:8099
19:48:19:976  INFO 12696 --- [item-service] [main] o.a.s.c.rpc.netty.RmNettyRemotingClient  : RM will register :jdbc:mysql://192.168.68.128:3307/hm-item
19:48:19:976  INFO 12696 --- [item-service] [main] o.a.s.c.rpc.netty.NettyPoolableFactory   : NettyPool create channel to transactionRole:RMROLE,address:192.168.68.128:8099,msg:< RegisterRMRequest{resourceIds='jdbc:mysql://192.168.68.128:3307/hm-item', version='2.1.0', applicationId='item-service', transactionServiceGroup='hmall', extraData='null'} >
19:48:19:998  INFO 12696 --- [item-service] [main] o.a.s.c.rpc.netty.RmNettyRemotingClient  : register RM success. client version:2.1.0, server version:2.0.0,channel:[id: 0x438b9608, L:/192.168.68.1:2673 - R:/192.168.68.128:8099]
19:48:19:998  INFO 12696 --- [item-service] [main] o.a.s.c.rpc.netty.NettyPoolableFactory   : register success, cost 20 ms, version:2.0.0,role:RMROLE,channel:[id: 0x438b9608, L:/192.168.68.1:2673 - R:/192.168.68.128:8099]
19:48:20:001  INFO 12696 --- [item-service] [main] .s.s.a.d.SeataAutoDataSourceProxyCreator : Auto proxy data source 'dataSource' by 'AT' mode.
19:48:20:685  INFO 12696 --- [item-service] [main] c.a.c.sentinel.SentinelWebMvcConfigurer  : [Sentinel Starter] register SentinelWebInterceptor with urlPatterns: [/**].
19:48:27:371  INFO 12696 --- [item-service] [main] m.e.s.MybatisPlusApplicationContextAware : Register ApplicationContext instances org.springframework.web.context.support.GenericWebApplicationContext@7b2a3ff8
19:48:28:065  INFO 12696 --- [item-service] [main] c.g.item.elastic.ElasticDocumentTest     : Started ElasticDocumentTest in 11.597 seconds (process running for 13.186)
19:48:37:758  WARN 12696 --- [item-service] [Thread-2] c.a.n.common.executor.ThreadPoolManager  : [ThreadPoolManager] Start destroying ThreadPool
19:48:37:760  WARN 12696 --- [item-service] [Thread-2] c.a.n.common.executor.ThreadPoolManager  : [ThreadPoolManager] Destruction of the end
19:48:47:773  INFO 12696 --- [item-service] [SpringContextShutdownHook] com.zaxxer.hikari.HikariDataSource       : HikariPool-1 - Shutdown initiated...
19:48:47:781  INFO 12696 --- [item-service] [SpringContextShutdownHook] com.zaxxer.hikari.HikariDataSource       : HikariPool-1 - Shutdown completed.
19:48:47:784  INFO 12696 --- [item-service] [NettyClientSelector_TMROLE_1_1] o.a.s.c.r.n.AbstractNettyRemotingClient  : channel inactive: [id: 0x62f3c54a, L:/192.168.68.1:2669 ! R:/192.168.68.128:8099]
19:48:47:785  INFO 12696 --- [item-service] [NettyClientSelector_TMROLE_1_1] o.a.s.c.r.n.NettyClientChannelManager    : return to pool, rm channel:[id: 0x62f3c54a, L:/192.168.68.1:2669 ! R:/192.168.68.128:8099]
19:48:47:785  INFO 12696 --- [item-service] [NettyClientSelector_TMROLE_1_1] o.a.s.c.rpc.netty.NettyPoolableFactory   : channel valid false,channel:[id: 0x62f3c54a, L:/192.168.68.1:2669 ! R:/192.168.68.128:8099]
19:48:47:785  INFO 12696 --- [item-service] [NettyClientSelector_TMROLE_1_1] o.a.s.c.rpc.netty.NettyPoolableFactory   : will destroy channel:[id: 0x62f3c54a, L:/192.168.68.1:2669 ! R:/192.168.68.128:8099]
19:48:47:785  INFO 12696 --- [item-service] [NettyClientSelector_TMROLE_1_1] o.a.s.c.r.n.AbstractNettyRemotingClient  : ChannelHandlerContext(AbstractNettyRemotingClient$ClientHandler#0, [id: 0x62f3c54a, L:/192.168.68.1:2669 ! R:/192.168.68.128:8099]) will closed
19:48:47:786  INFO 12696 --- [item-service] [NettyClientSelector_TMROLE_1_1] o.a.s.c.r.n.AbstractNettyRemotingClient  : ChannelHandlerContext(AbstractNettyRemotingClient$ClientHandler#0, [id: 0x62f3c54a, L:/192.168.68.1:2669 ! R:/192.168.68.128:8099]) will closed
19:48:47:786  INFO 12696 --- [item-service] [NettyClientSelector_RMROLE_1_1] o.a.s.c.r.n.AbstractNettyRemotingClient  : channel inactive: [id: 0x438b9608, L:/192.168.68.1:2673 ! R:/192.168.68.128:8099]
19:48:47:786  INFO 12696 --- [item-service] [NettyClientSelector_RMROLE_1_1] o.a.s.c.r.n.NettyClientChannelManager    : return to pool, rm channel:[id: 0x438b9608, L:/192.168.68.1:2673 ! R:/192.168.68.128:8099]
19:48:47:787  INFO 12696 --- [item-service] [NettyClientSelector_RMROLE_1_1] o.a.s.c.rpc.netty.NettyPoolableFactory   : channel valid false,channel:[id: 0x438b9608, L:/192.168.68.1:2673 ! R:/192.168.68.128:8099]
19:48:47:787  INFO 12696 --- [item-service] [NettyClientSelector_RMROLE_1_1] o.a.s.c.rpc.netty.NettyPoolableFactory   : will destroy channel:[id: 0x438b9608, L:/192.168.68.1:2673 ! R:/192.168.68.128:8099]
19:48:47:787  INFO 12696 --- [item-service] [NettyClientSelector_RMROLE_1_1] o.a.s.c.r.n.AbstractNettyRemotingClient  : ChannelHandlerContext(AbstractNettyRemotingClient$ClientHandler#0, [id: 0x438b9608, L:/192.168.68.1:2673 ! R:/192.168.68.128:8099]) will closed
19:48:47:787  INFO 12696 --- [item-service] [NettyClientSelector_RMROLE_1_1] o.a.s.c.r.n.AbstractNettyRemotingClient  : ChannelHandlerContext(AbstractNettyRemotingClient$ClientHandler#0, [id: 0x438b9608, L:/192.168.68.1:2673 ! R:/192.168.68.128:8099]) will closed
19:55:18:457  INFO 19320 --- [item-service] [main] c.a.nacos.client.logging.NacosLogging    : Nacos Logging Adapter Builder: com.alibaba.nacos.logger.adapter.logback12.LogbackNacosLoggingAdapterBuilder
19:55:18:467  INFO 19320 --- [item-service] [main] c.a.nacos.client.logging.NacosLogging    : Nacos Logging Adapter Builder: com.alibaba.nacos.logger.adapter.logback14.LogbackNacosLoggingAdapterBuilder
19:55:18:467  INFO 19320 --- [item-service] [main] c.a.nacos.client.logging.NacosLogging    : Nacos Logging Adapter: com.alibaba.nacos.logger.adapter.logback14.LogbackNacosLoggingAdapter match ch.qos.logback.classic.Logger success.
19:55:18:475  INFO 19320 --- [item-service] [main] c.a.nacos.client.logging.NacosLogging    : Nacos Logging Adapter Builder: com.alibaba.nacos.logger.adapter.log4j2.Log4j2NacosLoggingAdapterBuilder
19:55:18:567  WARN 19320 --- [item-service] [main] c.a.nacos.client.logging.NacosLogging    : Load ch.qos.logback.classic.Logger Configuration of Nacos fail, message: 'void ch.qos.logback.core.model.ModelUtil.setProperty(ch.qos.logback.core.model.processor.ModelInterpretationContext, java.lang.String, java.lang.String, ch.qos.logback.core.joran.action.ActionUtil$Scope)'
19:55:18:627  WARN 19320 --- [item-service] [main] c.a.nacos.client.logging.NacosLogging    : Load ch.qos.logback.classic.Logger Configuration of Nacos fail, message: 'void ch.qos.logback.core.model.ModelUtil.setProperty(ch.qos.logback.core.model.processor.ModelInterpretationContext, java.lang.String, java.lang.String, ch.qos.logback.core.joran.action.ActionUtil$Scope)'
19:55:18:637  INFO 19320 --- [item-service] [main] c.g.item.elastic.ElasticDocumentTest     : Starting ElasticDocumentTest using Java 21.0.11 with PID 19320 (started by lindu in E:\hmall\hm-item\item-service)
19:55:18:638  INFO 19320 --- [item-service] [main] c.g.item.elastic.ElasticDocumentTest     : The following 1 profile is active: "local"
19:55:19:772  INFO 19320 --- [item-service] [main] o.s.cloud.context.scope.GenericScope     : BeanFactory id=47d6e0ea-b2a4-3bea-86c5-5bfe4470e366
19:55:19:868  WARN 19320 --- [item-service] [main] trationDelegate$BeanPostProcessorChecker : Bean 'org.apache.seata.spring.boot.autoconfigure.SeataCoreAutoConfiguration' of type [org.apache.seata.spring.boot.autoconfigure.SeataCoreAutoConfiguration] is not eligible for getting processed by all BeanPostProcessors (for example: not eligible for auto-proxying). Is this bean getting eagerly injected/applied to a currently created BeanPostProcessor []? Check the corresponding BeanPostProcessor declaration and its dependencies/advisors. If this bean does not have to be post-processed, declare it with ROLE_INFRASTRUCTURE.
19:55:19:869  WARN 19320 --- [item-service] [main] trationDelegate$BeanPostProcessorChecker : Bean 'springApplicationContextProvider' of type [org.apache.seata.spring.boot.autoconfigure.provider.SpringApplicationContextProvider] is not eligible for getting processed by all BeanPostProcessors (for example: not eligible for auto-proxying). Is this bean getting eagerly injected/applied to a currently created BeanPostProcessor []? Check the corresponding BeanPostProcessor declaration and its dependencies/advisors. If this bean does not have to be post-processed, declare it with ROLE_INFRASTRUCTURE.
19:55:19:869  WARN 19320 --- [item-service] [main] trationDelegate$BeanPostProcessorChecker : Bean 'org.apache.seata.spring.boot.autoconfigure.SeataAutoConfiguration' of type [org.apache.seata.spring.boot.autoconfigure.SeataAutoConfiguration] is not eligible for getting processed by all BeanPostProcessors (for example: not eligible for auto-proxying). Is this bean getting eagerly injected/applied to a currently created BeanPostProcessor []? Check the corresponding BeanPostProcessor declaration and its dependencies/advisors. If this bean does not have to be post-processed, declare it with ROLE_INFRASTRUCTURE.
19:55:19:937  WARN 19320 --- [item-service] [main] trationDelegate$BeanPostProcessorChecker : Bean 'failureHandler' of type [org.apache.seata.tm.api.DefaultFailureHandlerImpl] is not eligible for getting processed by all BeanPostProcessors (for example: not eligible for auto-proxying). Is this bean getting eagerly injected/applied to a currently created BeanPostProcessor []? Check the corresponding BeanPostProcessor declaration and its dependencies/advisors. If this bean does not have to be post-processed, declare it with ROLE_INFRASTRUCTURE.
19:55:19:945  WARN 19320 --- [item-service] [main] trationDelegate$BeanPostProcessorChecker : Bean 'org.springframework.cloud.commons.config.CommonsConfigAutoConfiguration' of type [org.springframework.cloud.commons.config.CommonsConfigAutoConfiguration] is not eligible for getting processed by all BeanPostProcessors (for example: not eligible for auto-proxying). Is this bean getting eagerly injected/applied to a currently created BeanPostProcessor [globalTransactionScanner]? Check the corresponding BeanPostProcessor declaration and its dependencies/advisors. If this bean does not have to be post-processed, declare it with ROLE_INFRASTRUCTURE.
19:55:19:949  WARN 19320 --- [item-service] [main] trationDelegate$BeanPostProcessorChecker : Bean 'org.springframework.cloud.client.loadbalancer.LoadBalancerDefaultMappingsProviderAutoConfiguration' of type [org.springframework.cloud.client.loadbalancer.LoadBalancerDefaultMappingsProviderAutoConfiguration] is not eligible for getting processed by all BeanPostProcessors (for example: not eligible for auto-proxying). Is this bean getting eagerly injected/applied to a currently created BeanPostProcessor [globalTransactionScanner]? Check the corresponding BeanPostProcessor declaration and its dependencies/advisors. If this bean does not have to be post-processed, declare it with ROLE_INFRASTRUCTURE.
19:55:19:950  WARN 19320 --- [item-service] [main] trationDelegate$BeanPostProcessorChecker : Bean 'loadBalancerClientsDefaultsMappingsProvider' of type [org.springframework.cloud.client.loadbalancer.LoadBalancerDefaultMappingsProviderAutoConfiguration$$Lambda/0x000002d0505b71e0] is not eligible for getting processed by all BeanPostProcessors (for example: not eligible for auto-proxying). Is this bean getting eagerly injected/applied to a currently created BeanPostProcessor [globalTransactionScanner]? Check the corresponding BeanPostProcessor declaration and its dependencies/advisors. If this bean does not have to be post-processed, declare it with ROLE_INFRASTRUCTURE.
19:55:19:951  WARN 19320 --- [item-service] [main] trationDelegate$BeanPostProcessorChecker : Bean 'defaultsBindHandlerAdvisor' of type [org.springframework.cloud.commons.config.DefaultsBindHandlerAdvisor] is not eligible for getting processed by all BeanPostProcessors (for example: not eligible for auto-proxying). Is this bean getting eagerly injected/applied to a currently created BeanPostProcessor [globalTransactionScanner]? Check the corresponding BeanPostProcessor declaration and its dependencies/advisors. If this bean does not have to be post-processed, declare it with ROLE_INFRASTRUCTURE.
19:55:19:958  WARN 19320 --- [item-service] [main] trationDelegate$BeanPostProcessorChecker : Bean 'springCloudAlibabaConfiguration' of type [org.apache.seata.spring.boot.autoconfigure.properties.SpringCloudAlibabaConfiguration] is not eligible for getting processed by all BeanPostProcessors (for example: not eligible for auto-proxying). Is this bean getting eagerly injected/applied to a currently created BeanPostProcessor [globalTransactionScanner]? Check the corresponding BeanPostProcessor declaration and its dependencies/advisors. If this bean does not have to be post-processed, declare it with ROLE_INFRASTRUCTURE.
19:55:19:964  WARN 19320 --- [item-service] [main] trationDelegate$BeanPostProcessorChecker : Bean 'seataProperties' of type [org.apache.seata.spring.boot.autoconfigure.properties.SeataProperties] is not eligible for getting processed by all BeanPostProcessors (for example: not eligible for auto-proxying). Is this bean getting eagerly injected/applied to a currently created BeanPostProcessor [globalTransactionScanner]? Check the corresponding BeanPostProcessor declaration and its dependencies/advisors. If this bean does not have to be post-processed, declare it with ROLE_INFRASTRUCTURE.
19:55:19:968  INFO 19320 --- [item-service] [main] o.a.s.s.b.a.SeataAutoConfiguration       : Automatically configure Seata
19:55:19:991  INFO 19320 --- [item-service] [main] ServiceLoader$InnerEnhancedServiceLoader : Load compatible class io.seata.spring.annotation.ScannerChecker
19:55:20:058  INFO 19320 --- [item-service] [main] ServiceLoader$InnerEnhancedServiceLoader : Ignore load compatible class io.seata.config.ExtConfigurationProvider, because is not assignable from origin type org.apache.seata.config.ExtConfigurationProvider
19:55:20:075  INFO 19320 --- [item-service] [main] o.a.seata.config.ConfigurationFactory    : load Configuration from :Spring Configuration
19:55:20:102  INFO 19320 --- [item-service] [main] ServiceLoader$InnerEnhancedServiceLoader : Load compatible class io.seata.integration.tx.api.remoting.RemotingParser
19:55:20:105  INFO 19320 --- [item-service] [main] o.a.s.s.a.GlobalTransactionScanner       : Initializing Global Transaction Clients ... 
19:55:20:217  INFO 19320 --- [item-service] [main] ServiceLoader$InnerEnhancedServiceLoader : Load compatible class io.seata.core.auth.AuthSigner
19:55:20:238  INFO 19320 --- [item-service] [main] o.a.s.c.rpc.netty.NettyClientBootstrap   : NettyClientBootstrap has started
19:55:20:248  INFO 19320 --- [item-service] [main] o.a.s.d.registry.RegistryFactory         : use registry center type: file
19:55:20:255  INFO 19320 --- [item-service] [main] ServiceLoader$InnerEnhancedServiceLoader : Load compatible class io.seata.discovery.registry.RegistryProvider
19:55:20:259  INFO 19320 --- [item-service] [main] o.a.s.c.r.n.NettyClientChannelManager    : will connect to 192.168.68.128:8099
19:55:20:264  INFO 19320 --- [item-service] [main] o.a.s.c.rpc.netty.NettyPoolableFactory   : NettyPool create channel to transactionRole:TMROLE,address:192.168.68.128:8099,msg:< RegisterTMRequest{version='2.1.0', applicationId='item-service', transactionServiceGroup='hmall', extraData='ak=null
digest=hmall,172.29.160.1,1790596520262
timestamp=1790596520262
authVersion=V4
vgroup=hmall
ip=172.29.160.1
'} >
19:55:20:368  INFO 19320 --- [item-service] [NettyClientSelector_TMROLE_1_1] ServiceLoader$InnerEnhancedServiceLoader : Load compatible class io.seata.core.serializer.Serializer
19:55:20:391  INFO 19320 --- [item-service] [main] o.a.s.c.rpc.netty.TmNettyRemotingClient  : register TM success. client version:2.1.0, server version:2.0.0,channel:[id: 0x35519949, L:/192.168.68.1:9686 - R:/192.168.68.128:8099]
19:55:20:396  INFO 19320 --- [item-service] [main] o.a.s.c.rpc.netty.NettyPoolableFactory   : register success, cost 53 ms, version:2.0.0,role:TMROLE,channel:[id: 0x35519949, L:/192.168.68.1:9686 - R:/192.168.68.128:8099]
19:55:20:397  INFO 19320 --- [item-service] [main] o.a.s.s.a.GlobalTransactionScanner       : Transaction Manager Client is initialized. applicationId[item-service] txServiceGroup[hmall]
19:55:20:409  INFO 19320 --- [item-service] [main] ServiceLoader$InnerEnhancedServiceLoader : Load compatible class io.seata.core.model.ResourceManager
19:55:20:412  INFO 19320 --- [item-service] [main] o.a.seata.rm.datasource.AsyncWorker      : Async Commit Buffer Limit: 10000
19:55:20:413  INFO 19320 --- [item-service] [main] o.a.s.r.datasource.xa.ResourceManagerXA  : ResourceManagerXA init ...
19:55:20:420  INFO 19320 --- [item-service] [main] o.a.s.c.rpc.netty.NettyClientBootstrap   : NettyClientBootstrap has started
19:55:20:420  INFO 19320 --- [item-service] [main] o.a.s.s.a.GlobalTransactionScanner       : Resource Manager is initialized. applicationId[item-service] txServiceGroup[hmall]
19:55:20:420  INFO 19320 --- [item-service] [main] o.a.s.s.a.GlobalTransactionScanner       : Global Transaction Clients are initialized. 
19:55:20:484  INFO 19320 --- [item-service] [main] o.a.s.s.a.GlobalTransactionScanner       : The needed enhancement business beans are : []
19:55:20:512  INFO 19320 --- [item-service] [main] ServiceLoader$InnerEnhancedServiceLoader : Load compatible class io.seata.core.context.ContextCore
19:55:20:815  WARN 19320 --- [item-service] [main] trationDelegate$BeanPostProcessorChecker : Bean 'org.springframework.cloud.client.loadbalancer.LoadBalancerAutoConfiguration$DeferringLoadBalancerInterceptorConfig' of type [org.springframework.cloud.client.loadbalancer.LoadBalancerAutoConfiguration$DeferringLoadBalancerInterceptorConfig] is not eligible for getting processed by all BeanPostProcessors (for example: not eligible for auto-proxying). The currently created BeanPostProcessor [lbRestClientPostProcessor] is declared through a non-static factory method on that class; consider declaring it as static instead.
19:55:20:818  WARN 19320 --- [item-service] [main] trationDelegate$BeanPostProcessorChecker : Bean 'deferringLoadBalancerInterceptor' of type [org.springframework.cloud.client.loadbalancer.DeferringLoadBalancerInterceptor] is not eligible for getting processed by all BeanPostProcessors (for example: not eligible for auto-proxying). Is this bean getting eagerly injected/applied to a currently created BeanPostProcessor [lbRestClientPostProcessor]? Check the corresponding BeanPostProcessor declaration and its dependencies/advisors. If this bean does not have to be post-processed, declare it with ROLE_INFRASTRUCTURE.
19:55:20:937  INFO 19320 --- [item-service] [main] com.zaxxer.hikari.HikariDataSource       : HikariPool-1 - Starting...
19:55:21:148  INFO 19320 --- [item-service] [main] com.zaxxer.hikari.pool.HikariPool        : HikariPool-1 - Added connection com.mysql.cj.jdbc.ConnectionImpl@9f48198
19:55:21:150  INFO 19320 --- [item-service] [main] com.zaxxer.hikari.HikariDataSource       : HikariPool-1 - Start completed.
19:55:21:256  INFO 19320 --- [item-service] [main] o.a.s.c.r.n.NettyClientChannelManager    : will connect to 192.168.68.128:8099
19:55:21:256  INFO 19320 --- [item-service] [main] o.a.s.c.rpc.netty.RmNettyRemotingClient  : RM will register :jdbc:mysql://192.168.68.128:3307/hm-item
19:55:21:256  INFO 19320 --- [item-service] [main] o.a.s.c.rpc.netty.NettyPoolableFactory   : NettyPool create channel to transactionRole:RMROLE,address:192.168.68.128:8099,msg:< RegisterRMRequest{resourceIds='jdbc:mysql://192.168.68.128:3307/hm-item', version='2.1.0', applicationId='item-service', transactionServiceGroup='hmall', extraData='null'} >
19:55:21:263  INFO 19320 --- [item-service] [main] o.a.s.c.rpc.netty.RmNettyRemotingClient  : register RM success. client version:2.1.0, server version:2.0.0,channel:[id: 0x40f58dc1, L:/192.168.68.1:9689 - R:/192.168.68.128:8099]
19:55:21:263  INFO 19320 --- [item-service] [main] o.a.s.c.rpc.netty.NettyPoolableFactory   : register success, cost 5 ms, version:2.0.0,role:RMROLE,channel:[id: 0x40f58dc1, L:/192.168.68.1:9689 - R:/192.168.68.128:8099]
19:55:21:266  INFO 19320 --- [item-service] [main] .s.s.a.d.SeataAutoDataSourceProxyCreator : Auto proxy data source 'dataSource' by 'AT' mode.
19:55:21:949  INFO 19320 --- [item-service] [main] c.a.c.sentinel.SentinelWebMvcConfigurer  : [Sentinel Starter] register SentinelWebInterceptor with urlPatterns: [/**].
19:55:28:727  INFO 19320 --- [item-service] [main] m.e.s.MybatisPlusApplicationContextAware : Register ApplicationContext instances org.springframework.web.context.support.GenericWebApplicationContext@3a4ba480
19:55:29:334  INFO 19320 --- [item-service] [main] c.g.item.elastic.ElasticDocumentTest     : Started ElasticDocumentTest in 11.267 seconds (process running for 12.65)
19:55:42:194  WARN 19320 --- [item-service] [Thread-2] c.a.n.common.executor.ThreadPoolManager  : [ThreadPoolManager] Start destroying ThreadPool
19:55:42:194  WARN 19320 --- [item-service] [Thread-2] c.a.n.common.executor.ThreadPoolManager  : [ThreadPoolManager] Destruction of the end
19:55:52:201  INFO 19320 --- [item-service] [SpringContextShutdownHook] com.zaxxer.hikari.HikariDataSource       : HikariPool-1 - Shutdown initiated...
19:55:52:207  INFO 19320 --- [item-service] [SpringContextShutdownHook] com.zaxxer.hikari.HikariDataSource       : HikariPool-1 - Shutdown completed.
19:55:52:209  INFO 19320 --- [item-service] [NettyClientSelector_TMROLE_1_1] o.a.s.c.r.n.AbstractNettyRemotingClient  : channel inactive: [id: 0x35519949, L:/192.168.68.1:9686 ! R:/192.168.68.128:8099]
19:55:52:210  INFO 19320 --- [item-service] [NettyClientSelector_TMROLE_1_1] o.a.s.c.r.n.NettyClientChannelManager    : return to pool, rm channel:[id: 0x35519949, L:/192.168.68.1:9686 ! R:/192.168.68.128:8099]
19:55:52:210  INFO 19320 --- [item-service] [NettyClientSelector_TMROLE_1_1] o.a.s.c.rpc.netty.NettyPoolableFactory   : channel valid false,channel:[id: 0x35519949, L:/192.168.68.1:9686 ! R:/192.168.68.128:8099]
19:55:52:210  INFO 19320 --- [item-service] [NettyClientSelector_TMROLE_1_1] o.a.s.c.rpc.netty.NettyPoolableFactory   : will destroy channel:[id: 0x35519949, L:/192.168.68.1:9686 ! R:/192.168.68.128:8099]
19:55:52:210  INFO 19320 --- [item-service] [NettyClientSelector_TMROLE_1_1] o.a.s.c.r.n.AbstractNettyRemotingClient  : ChannelHandlerContext(AbstractNettyRemotingClient$ClientHandler#0, [id: 0x35519949, L:/192.168.68.1:9686 ! R:/192.168.68.128:8099]) will closed
19:55:52:211  INFO 19320 --- [item-service] [NettyClientSelector_TMROLE_1_1] o.a.s.c.r.n.AbstractNettyRemotingClient  : ChannelHandlerContext(AbstractNettyRemotingClient$ClientHandler#0, [id: 0x35519949, L:/192.168.68.1:9686 ! R:/192.168.68.128:8099]) will closed
19:55:52:211  INFO 19320 --- [item-service] [NettyClientSelector_RMROLE_1_1] o.a.s.c.r.n.AbstractNettyRemotingClient  : channel inactive: [id: 0x40f58dc1, L:/192.168.68.1:9689 ! R:/192.168.68.128:8099]
19:55:52:211  INFO 19320 --- [item-service] [NettyClientSelector_RMROLE_1_1] o.a.s.c.r.n.NettyClientChannelManager    : return to pool, rm channel:[id: 0x40f58dc1, L:/192.168.68.1:9689 ! R:/192.168.68.128:8099]
19:55:52:212  INFO 19320 --- [item-service] [NettyClientSelector_RMROLE_1_1] o.a.s.c.rpc.netty.NettyPoolableFactory   : channel valid false,channel:[id: 0x40f58dc1, L:/192.168.68.1:9689 ! R:/192.168.68.128:8099]
19:55:52:212  INFO 19320 --- [item-service] [NettyClientSelector_RMROLE_1_1] o.a.s.c.rpc.netty.NettyPoolableFactory   : will destroy channel:[id: 0x40f58dc1, L:/192.168.68.1:9689 ! R:/192.168.68.128:8099]
19:55:52:212  INFO 19320 --- [item-service] [NettyClientSelector_RMROLE_1_1] o.a.s.c.r.n.AbstractNettyRemotingClient  : ChannelHandlerContext(AbstractNettyRemotingClient$ClientHandler#0, [id: 0x40f58dc1, L:/192.168.68.1:9689 ! R:/192.168.68.128:8099]) will closed
19:55:52:212  INFO 19320 --- [item-service] [NettyClientSelector_RMROLE_1_1] o.a.s.c.r.n.AbstractNettyRemotingClient  : ChannelHandlerContext(AbstractNettyRemotingClient$ClientHandler#0, [id: 0x40f58dc1, L:/192.168.68.1:9689 ! R:/192.168.68.128:8099]) will closed
20:11:53:014  INFO 7596 --- [item-service] [main] c.a.nacos.client.logging.NacosLogging    : Nacos Logging Adapter Builder: com.alibaba.nacos.logger.adapter.logback12.LogbackNacosLoggingAdapterBuilder
20:11:53:023  INFO 7596 --- [item-service] [main] c.a.nacos.client.logging.NacosLogging    : Nacos Logging Adapter Builder: com.alibaba.nacos.logger.adapter.logback14.LogbackNacosLoggingAdapterBuilder
20:11:53:024  INFO 7596 --- [item-service] [main] c.a.nacos.client.logging.NacosLogging    : Nacos Logging Adapter: com.alibaba.nacos.logger.adapter.logback14.LogbackNacosLoggingAdapter match ch.qos.logback.classic.Logger success.
20:11:53:030  INFO 7596 --- [item-service] [main] c.a.nacos.client.logging.NacosLogging    : Nacos Logging Adapter Builder: com.alibaba.nacos.logger.adapter.log4j2.Log4j2NacosLoggingAdapterBuilder
20:11:53:122  WARN 7596 --- [item-service] [main] c.a.nacos.client.logging.NacosLogging    : Load ch.qos.logback.classic.Logger Configuration of Nacos fail, message: 'void ch.qos.logback.core.model.ModelUtil.setProperty(ch.qos.logback.core.model.processor.ModelInterpretationContext, java.lang.String, java.lang.String, ch.qos.logback.core.joran.action.ActionUtil$Scope)'
20:11:53:196  WARN 7596 --- [item-service] [main] c.a.nacos.client.logging.NacosLogging    : Load ch.qos.logback.classic.Logger Configuration of Nacos fail, message: 'void ch.qos.logback.core.model.ModelUtil.setProperty(ch.qos.logback.core.model.processor.ModelInterpretationContext, java.lang.String, java.lang.String, ch.qos.logback.core.joran.action.ActionUtil$Scope)'
20:11:53:210  INFO 7596 --- [item-service] [main] c.g.item.elastic.ElasticDocumentTest     : Starting ElasticDocumentTest using Java 21.0.11 with PID 7596 (started by lindu in E:\hmall\hm-item\item-service)
20:11:53:212  INFO 7596 --- [item-service] [main] c.g.item.elastic.ElasticDocumentTest     : The following 1 profile is active: "local"
20:11:54:381  INFO 7596 --- [item-service] [main] o.s.cloud.context.scope.GenericScope     : BeanFactory id=47d6e0ea-b2a4-3bea-86c5-5bfe4470e366
20:11:54:477  WARN 7596 --- [item-service] [main] trationDelegate$BeanPostProcessorChecker : Bean 'org.apache.seata.spring.boot.autoconfigure.SeataCoreAutoConfiguration' of type [org.apache.seata.spring.boot.autoconfigure.SeataCoreAutoConfiguration] is not eligible for getting processed by all BeanPostProcessors (for example: not eligible for auto-proxying). Is this bean getting eagerly injected/applied to a currently created BeanPostProcessor []? Check the corresponding BeanPostProcessor declaration and its dependencies/advisors. If this bean does not have to be post-processed, declare it with ROLE_INFRASTRUCTURE.
20:11:54:478  WARN 7596 --- [item-service] [main] trationDelegate$BeanPostProcessorChecker : Bean 'springApplicationContextProvider' of type [org.apache.seata.spring.boot.autoconfigure.provider.SpringApplicationContextProvider] is not eligible for getting processed by all BeanPostProcessors (for example: not eligible for auto-proxying). Is this bean getting eagerly injected/applied to a currently created BeanPostProcessor []? Check the corresponding BeanPostProcessor declaration and its dependencies/advisors. If this bean does not have to be post-processed, declare it with ROLE_INFRASTRUCTURE.
20:11:54:479  WARN 7596 --- [item-service] [main] trationDelegate$BeanPostProcessorChecker : Bean 'org.apache.seata.spring.boot.autoconfigure.SeataAutoConfiguration' of type [org.apache.seata.spring.boot.autoconfigure.SeataAutoConfiguration] is not eligible for getting processed by all BeanPostProcessors (for example: not eligible for auto-proxying). Is this bean getting eagerly injected/applied to a currently created BeanPostProcessor []? Check the corresponding BeanPostProcessor declaration and its dependencies/advisors. If this bean does not have to be post-processed, declare it with ROLE_INFRASTRUCTURE.
20:11:54:536  WARN 7596 --- [item-service] [main] trationDelegate$BeanPostProcessorChecker : Bean 'failureHandler' of type [org.apache.seata.tm.api.DefaultFailureHandlerImpl] is not eligible for getting processed by all BeanPostProcessors (for example: not eligible for auto-proxying). Is this bean getting eagerly injected/applied to a currently created BeanPostProcessor []? Check the corresponding BeanPostProcessor declaration and its dependencies/advisors. If this bean does not have to be post-processed, declare it with ROLE_INFRASTRUCTURE.
20:11:54:544  WARN 7596 --- [item-service] [main] trationDelegate$BeanPostProcessorChecker : Bean 'org.springframework.cloud.commons.config.CommonsConfigAutoConfiguration' of type [org.springframework.cloud.commons.config.CommonsConfigAutoConfiguration] is not eligible for getting processed by all BeanPostProcessors (for example: not eligible for auto-proxying). Is this bean getting eagerly injected/applied to a currently created BeanPostProcessor [globalTransactionScanner]? Check the corresponding BeanPostProcessor declaration and its dependencies/advisors. If this bean does not have to be post-processed, declare it with ROLE_INFRASTRUCTURE.
20:11:54:549  WARN 7596 --- [item-service] [main] trationDelegate$BeanPostProcessorChecker : Bean 'org.springframework.cloud.client.loadbalancer.LoadBalancerDefaultMappingsProviderAutoConfiguration' of type [org.springframework.cloud.client.loadbalancer.LoadBalancerDefaultMappingsProviderAutoConfiguration] is not eligible for getting processed by all BeanPostProcessors (for example: not eligible for auto-proxying). Is this bean getting eagerly injected/applied to a currently created BeanPostProcessor [globalTransactionScanner]? Check the corresponding BeanPostProcessor declaration and its dependencies/advisors. If this bean does not have to be post-processed, declare it with ROLE_INFRASTRUCTURE.
20:11:54:550  WARN 7596 --- [item-service] [main] trationDelegate$BeanPostProcessorChecker : Bean 'loadBalancerClientsDefaultsMappingsProvider' of type [org.springframework.cloud.client.loadbalancer.LoadBalancerDefaultMappingsProviderAutoConfiguration$$Lambda/0x000002a02a5bbb18] is not eligible for getting processed by all BeanPostProcessors (for example: not eligible for auto-proxying). Is this bean getting eagerly injected/applied to a currently created BeanPostProcessor [globalTransactionScanner]? Check the corresponding BeanPostProcessor declaration and its dependencies/advisors. If this bean does not have to be post-processed, declare it with ROLE_INFRASTRUCTURE.
20:11:54:551  WARN 7596 --- [item-service] [main] trationDelegate$BeanPostProcessorChecker : Bean 'defaultsBindHandlerAdvisor' of type [org.springframework.cloud.commons.config.DefaultsBindHandlerAdvisor] is not eligible for getting processed by all BeanPostProcessors (for example: not eligible for auto-proxying). Is this bean getting eagerly injected/applied to a currently created BeanPostProcessor [globalTransactionScanner]? Check the corresponding BeanPostProcessor declaration and its dependencies/advisors. If this bean does not have to be post-processed, declare it with ROLE_INFRASTRUCTURE.
20:11:54:558  WARN 7596 --- [item-service] [main] trationDelegate$BeanPostProcessorChecker : Bean 'springCloudAlibabaConfiguration' of type [org.apache.seata.spring.boot.autoconfigure.properties.SpringCloudAlibabaConfiguration] is not eligible for getting processed by all BeanPostProcessors (for example: not eligible for auto-proxying). Is this bean getting eagerly injected/applied to a currently created BeanPostProcessor [globalTransactionScanner]? Check the corresponding BeanPostProcessor declaration and its dependencies/advisors. If this bean does not have to be post-processed, declare it with ROLE_INFRASTRUCTURE.
20:11:54:564  WARN 7596 --- [item-service] [main] trationDelegate$BeanPostProcessorChecker : Bean 'seataProperties' of type [org.apache.seata.spring.boot.autoconfigure.properties.SeataProperties] is not eligible for getting processed by all BeanPostProcessors (for example: not eligible for auto-proxying). Is this bean getting eagerly injected/applied to a currently created BeanPostProcessor [globalTransactionScanner]? Check the corresponding BeanPostProcessor declaration and its dependencies/advisors. If this bean does not have to be post-processed, declare it with ROLE_INFRASTRUCTURE.
20:11:54:568  INFO 7596 --- [item-service] [main] o.a.s.s.b.a.SeataAutoConfiguration       : Automatically configure Seata
20:11:54:594  INFO 7596 --- [item-service] [main] ServiceLoader$InnerEnhancedServiceLoader : Load compatible class io.seata.spring.annotation.ScannerChecker
20:11:54:673  INFO 7596 --- [item-service] [main] ServiceLoader$InnerEnhancedServiceLoader : Ignore load compatible class io.seata.config.ExtConfigurationProvider, because is not assignable from origin type org.apache.seata.config.ExtConfigurationProvider
20:11:54:693  INFO 7596 --- [item-service] [main] o.a.seata.config.ConfigurationFactory    : load Configuration from :Spring Configuration
20:11:54:731  INFO 7596 --- [item-service] [main] ServiceLoader$InnerEnhancedServiceLoader : Load compatible class io.seata.integration.tx.api.remoting.RemotingParser
20:11:54:734  INFO 7596 --- [item-service] [main] o.a.s.s.a.GlobalTransactionScanner       : Initializing Global Transaction Clients ... 
20:11:54:850  INFO 7596 --- [item-service] [main] ServiceLoader$InnerEnhancedServiceLoader : Load compatible class io.seata.core.auth.AuthSigner
20:11:54:868  INFO 7596 --- [item-service] [main] o.a.s.c.rpc.netty.NettyClientBootstrap   : NettyClientBootstrap has started
20:11:54:894  INFO 7596 --- [item-service] [main] o.a.s.d.registry.RegistryFactory         : use registry center type: file
20:11:54:902  INFO 7596 --- [item-service] [main] ServiceLoader$InnerEnhancedServiceLoader : Load compatible class io.seata.discovery.registry.RegistryProvider
20:11:54:907  INFO 7596 --- [item-service] [main] o.a.s.c.r.n.NettyClientChannelManager    : will connect to 192.168.68.128:8099
20:11:54:914  INFO 7596 --- [item-service] [main] o.a.s.c.rpc.netty.NettyPoolableFactory   : NettyPool create channel to transactionRole:TMROLE,address:192.168.68.128:8099,msg:< RegisterTMRequest{version='2.1.0', applicationId='item-service', transactionServiceGroup='hmall', extraData='ak=null
digest=hmall,172.29.160.1,1790597514912
timestamp=1790597514912
authVersion=V4
vgroup=hmall
ip=172.29.160.1
'} >
20:11:55:038  INFO 7596 --- [item-service] [NettyClientSelector_TMROLE_1_1] ServiceLoader$InnerEnhancedServiceLoader : Load compatible class io.seata.core.serializer.Serializer
20:11:55:068  INFO 7596 --- [item-service] [main] o.a.s.c.rpc.netty.TmNettyRemotingClient  : register TM success. client version:2.1.0, server version:2.0.0,channel:[id: 0x878a5bf6, L:/192.168.68.1:10088 - R:/192.168.68.128:8099]
20:11:55:073  INFO 7596 --- [item-service] [main] o.a.s.c.rpc.netty.NettyPoolableFactory   : register success, cost 57 ms, version:2.0.0,role:TMROLE,channel:[id: 0x878a5bf6, L:/192.168.68.1:10088 - R:/192.168.68.128:8099]
20:11:55:074  INFO 7596 --- [item-service] [main] o.a.s.s.a.GlobalTransactionScanner       : Transaction Manager Client is initialized. applicationId[item-service] txServiceGroup[hmall]
20:11:55:091  INFO 7596 --- [item-service] [main] ServiceLoader$InnerEnhancedServiceLoader : Load compatible class io.seata.core.model.ResourceManager
20:11:55:096  INFO 7596 --- [item-service] [main] o.a.seata.rm.datasource.AsyncWorker      : Async Commit Buffer Limit: 10000
20:11:55:097  INFO 7596 --- [item-service] [main] o.a.s.r.datasource.xa.ResourceManagerXA  : ResourceManagerXA init ...
20:11:55:106  INFO 7596 --- [item-service] [main] o.a.s.c.rpc.netty.NettyClientBootstrap   : NettyClientBootstrap has started
20:11:55:106  INFO 7596 --- [item-service] [main] o.a.s.s.a.GlobalTransactionScanner       : Resource Manager is initialized. applicationId[item-service] txServiceGroup[hmall]
20:11:55:106  INFO 7596 --- [item-service] [main] o.a.s.s.a.GlobalTransactionScanner       : Global Transaction Clients are initialized. 
20:11:55:157  INFO 7596 --- [item-service] [main] o.a.s.s.a.GlobalTransactionScanner       : The needed enhancement business beans are : []
20:11:55:181  INFO 7596 --- [item-service] [main] ServiceLoader$InnerEnhancedServiceLoader : Load compatible class io.seata.core.context.ContextCore
20:11:55:452  WARN 7596 --- [item-service] [main] trationDelegate$BeanPostProcessorChecker : Bean 'org.springframework.cloud.client.loadbalancer.LoadBalancerAutoConfiguration$DeferringLoadBalancerInterceptorConfig' of type [org.springframework.cloud.client.loadbalancer.LoadBalancerAutoConfiguration$DeferringLoadBalancerInterceptorConfig] is not eligible for getting processed by all BeanPostProcessors (for example: not eligible for auto-proxying). The currently created BeanPostProcessor [lbRestClientPostProcessor] is declared through a non-static factory method on that class; consider declaring it as static instead.
20:11:55:455  WARN 7596 --- [item-service] [main] trationDelegate$BeanPostProcessorChecker : Bean 'deferringLoadBalancerInterceptor' of type [org.springframework.cloud.client.loadbalancer.DeferringLoadBalancerInterceptor] is not eligible for getting processed by all BeanPostProcessors (for example: not eligible for auto-proxying). Is this bean getting eagerly injected/applied to a currently created BeanPostProcessor [lbRestClientPostProcessor]? Check the corresponding BeanPostProcessor declaration and its dependencies/advisors. If this bean does not have to be post-processed, declare it with ROLE_INFRASTRUCTURE.
20:11:55:570  INFO 7596 --- [item-service] [main] com.zaxxer.hikari.HikariDataSource       : HikariPool-1 - Starting...
20:11:55:761  INFO 7596 --- [item-service] [main] com.zaxxer.hikari.pool.HikariPool        : HikariPool-1 - Added connection com.mysql.cj.jdbc.ConnectionImpl@3aca2579
20:11:55:764  INFO 7596 --- [item-service] [main] com.zaxxer.hikari.HikariDataSource       : HikariPool-1 - Start completed.
20:11:55:868  INFO 7596 --- [item-service] [main] o.a.s.c.r.n.NettyClientChannelManager    : will connect to 192.168.68.128:8099
20:11:55:869  INFO 7596 --- [item-service] [main] o.a.s.c.rpc.netty.RmNettyRemotingClient  : RM will register :jdbc:mysql://192.168.68.128:3307/hm-item
20:11:55:869  INFO 7596 --- [item-service] [main] o.a.s.c.rpc.netty.NettyPoolableFactory   : NettyPool create channel to transactionRole:RMROLE,address:192.168.68.128:8099,msg:< RegisterRMRequest{resourceIds='jdbc:mysql://192.168.68.128:3307/hm-item', version='2.1.0', applicationId='item-service', transactionServiceGroup='hmall', extraData='null'} >
20:11:55:877  INFO 7596 --- [item-service] [main] o.a.s.c.rpc.netty.RmNettyRemotingClient  : register RM success. client version:2.1.0, server version:2.0.0,channel:[id: 0xa3976b68, L:/192.168.68.1:10091 - R:/192.168.68.128:8099]
20:11:55:877  INFO 7596 --- [item-service] [main] o.a.s.c.rpc.netty.NettyPoolableFactory   : register success, cost 6 ms, version:2.0.0,role:RMROLE,channel:[id: 0xa3976b68, L:/192.168.68.1:10091 - R:/192.168.68.128:8099]
20:11:55:880  INFO 7596 --- [item-service] [main] .s.s.a.d.SeataAutoDataSourceProxyCreator : Auto proxy data source 'dataSource' by 'AT' mode.
20:11:56:471  INFO 7596 --- [item-service] [main] c.a.c.sentinel.SentinelWebMvcConfigurer  : [Sentinel Starter] register SentinelWebInterceptor with urlPatterns: [/**].
20:12:03:211  INFO 7596 --- [item-service] [main] m.e.s.MybatisPlusApplicationContextAware : Register ApplicationContext instances org.springframework.web.context.support.GenericWebApplicationContext@131fcb6f
20:12:04:061  INFO 7596 --- [item-service] [main] c.g.item.elastic.ElasticDocumentTest     : Started ElasticDocumentTest in 11.423 seconds (process running for 12.699)
20:12:13:697  WARN 7596 --- [item-service] [Thread-2] c.a.n.common.executor.ThreadPoolManager  : [ThreadPoolManager] Start destroying ThreadPool
20:12:13:698  WARN 7596 --- [item-service] [Thread-2] c.a.n.common.executor.ThreadPoolManager  : [ThreadPoolManager] Destruction of the end
20:12:23:706  INFO 7596 --- [item-service] [SpringContextShutdownHook] com.zaxxer.hikari.HikariDataSource       : HikariPool-1 - Shutdown initiated...
20:12:23:714  INFO 7596 --- [item-service] [SpringContextShutdownHook] com.zaxxer.hikari.HikariDataSource       : HikariPool-1 - Shutdown completed.
20:12:23:716  INFO 7596 --- [item-service] [NettyClientSelector_TMROLE_1_1] o.a.s.c.r.n.AbstractNettyRemotingClient  : channel inactive: [id: 0x878a5bf6, L:/192.168.68.1:10088 ! R:/192.168.68.128:8099]
20:12:23:717  INFO 7596 --- [item-service] [NettyClientSelector_TMROLE_1_1] o.a.s.c.r.n.NettyClientChannelManager    : return to pool, rm channel:[id: 0x878a5bf6, L:/192.168.68.1:10088 ! R:/192.168.68.128:8099]
20:12:23:717  INFO 7596 --- [item-service] [NettyClientSelector_TMROLE_1_1] o.a.s.c.rpc.netty.NettyPoolableFactory   : channel valid false,channel:[id: 0x878a5bf6, L:/192.168.68.1:10088 ! R:/192.168.68.128:8099]
20:12:23:717  INFO 7596 --- [item-service] [NettyClientSelector_TMROLE_1_1] o.a.s.c.rpc.netty.NettyPoolableFactory   : will destroy channel:[id: 0x878a5bf6, L:/192.168.68.1:10088 ! R:/192.168.68.128:8099]
20:12:23:717  INFO 7596 --- [item-service] [NettyClientSelector_TMROLE_1_1] o.a.s.c.r.n.AbstractNettyRemotingClient  : ChannelHandlerContext(AbstractNettyRemotingClient$ClientHandler#0, [id: 0x878a5bf6, L:/192.168.68.1:10088 ! R:/192.168.68.128:8099]) will closed
20:12:23:717  INFO 7596 --- [item-service] [NettyClientSelector_TMROLE_1_1] o.a.s.c.r.n.AbstractNettyRemotingClient  : ChannelHandlerContext(AbstractNettyRemotingClient$ClientHandler#0, [id: 0x878a5bf6, L:/192.168.68.1:10088 ! R:/192.168.68.128:8099]) will closed
20:12:23:718  INFO 7596 --- [item-service] [NettyClientSelector_RMROLE_1_1] o.a.s.c.r.n.AbstractNettyRemotingClient  : channel inactive: [id: 0xa3976b68, L:/192.168.68.1:10091 ! R:/192.168.68.128:8099]
20:12:23:719  INFO 7596 --- [item-service] [NettyClientSelector_RMROLE_1_1] o.a.s.c.r.n.NettyClientChannelManager    : return to pool, rm channel:[id: 0xa3976b68, L:/192.168.68.1:10091 ! R:/192.168.68.128:8099]
20:12:23:720  INFO 7596 --- [item-service] [NettyClientSelector_RMROLE_1_1] o.a.s.c.rpc.netty.NettyPoolableFactory   : channel valid false,channel:[id: 0xa3976b68, L:/192.168.68.1:10091 ! R:/192.168.68.128:8099]
20:12:23:720  INFO 7596 --- [item-service] [NettyClientSelector_RMROLE_1_1] o.a.s.c.rpc.netty.NettyPoolableFactory   : will destroy channel:[id: 0xa3976b68, L:/192.168.68.1:10091 ! R:/192.168.68.128:8099]
20:12:23:720  INFO 7596 --- [item-service] [NettyClientSelector_RMROLE_1_1] o.a.s.c.r.n.AbstractNettyRemotingClient  : ChannelHandlerContext(AbstractNettyRemotingClient$ClientHandler#0, [id: 0xa3976b68, L:/192.168.68.1:10091 ! R:/192.168.68.128:8099]) will closed
20:12:23:720  INFO 7596 --- [item-service] [NettyClientSelector_RMROLE_1_1] o.a.s.c.r.n.AbstractNettyRemotingClient  : ChannelHandlerContext(AbstractNettyRemotingClient$ClientHandler#0, [id: 0xa3976b68, L:/192.168.68.1:10091 ! R:/192.168.68.128:8099]) will closed
21:13:26:582  INFO 16392 --- [item-service] [main] c.a.nacos.client.logging.NacosLogging    : Nacos Logging Adapter Builder: com.alibaba.nacos.logger.adapter.logback12.LogbackNacosLoggingAdapterBuilder
21:13:26:592  INFO 16392 --- [item-service] [main] c.a.nacos.client.logging.NacosLogging    : Nacos Logging Adapter Builder: com.alibaba.nacos.logger.adapter.logback14.LogbackNacosLoggingAdapterBuilder
21:13:26:593  INFO 16392 --- [item-service] [main] c.a.nacos.client.logging.NacosLogging    : Nacos Logging Adapter: com.alibaba.nacos.logger.adapter.logback14.LogbackNacosLoggingAdapter match ch.qos.logback.classic.Logger success.
21:13:26:598  INFO 16392 --- [item-service] [main] c.a.nacos.client.logging.NacosLogging    : Nacos Logging Adapter Builder: com.alibaba.nacos.logger.adapter.log4j2.Log4j2NacosLoggingAdapterBuilder
21:13:26:680  WARN 16392 --- [item-service] [main] c.a.nacos.client.logging.NacosLogging    : Load ch.qos.logback.classic.Logger Configuration of Nacos fail, message: 'void ch.qos.logback.core.model.ModelUtil.setProperty(ch.qos.logback.core.model.processor.ModelInterpretationContext, java.lang.String, java.lang.String, ch.qos.logback.core.joran.action.ActionUtil$Scope)'
21:13:26:743  WARN 16392 --- [item-service] [main] c.a.nacos.client.logging.NacosLogging    : Load ch.qos.logback.classic.Logger Configuration of Nacos fail, message: 'void ch.qos.logback.core.model.ModelUtil.setProperty(ch.qos.logback.core.model.processor.ModelInterpretationContext, java.lang.String, java.lang.String, ch.qos.logback.core.joran.action.ActionUtil$Scope)'
21:13:26:758  INFO 16392 --- [item-service] [main] c.g.item.elastic.ElasticDSLSearchTest    : Starting ElasticDSLSearchTest using Java 21.0.11 with PID 16392 (started by lindu in E:\hmall\hm-item\item-service)
21:13:26:759  INFO 16392 --- [item-service] [main] c.g.item.elastic.ElasticDSLSearchTest    : The following 1 profile is active: "local"
21:13:27:900  INFO 16392 --- [item-service] [main] o.s.cloud.context.scope.GenericScope     : BeanFactory id=47d6e0ea-b2a4-3bea-86c5-5bfe4470e366
21:13:28:003  WARN 16392 --- [item-service] [main] trationDelegate$BeanPostProcessorChecker : Bean 'org.apache.seata.spring.boot.autoconfigure.SeataCoreAutoConfiguration' of type [org.apache.seata.spring.boot.autoconfigure.SeataCoreAutoConfiguration] is not eligible for getting processed by all BeanPostProcessors (for example: not eligible for auto-proxying). Is this bean getting eagerly injected/applied to a currently created BeanPostProcessor []? Check the corresponding BeanPostProcessor declaration and its dependencies/advisors. If this bean does not have to be post-processed, declare it with ROLE_INFRASTRUCTURE.
21:13:28:005  WARN 16392 --- [item-service] [main] trationDelegate$BeanPostProcessorChecker : Bean 'springApplicationContextProvider' of type [org.apache.seata.spring.boot.autoconfigure.provider.SpringApplicationContextProvider] is not eligible for getting processed by all BeanPostProcessors (for example: not eligible for auto-proxying). Is this bean getting eagerly injected/applied to a currently created BeanPostProcessor []? Check the corresponding BeanPostProcessor declaration and its dependencies/advisors. If this bean does not have to be post-processed, declare it with ROLE_INFRASTRUCTURE.
21:13:28:005  WARN 16392 --- [item-service] [main] trationDelegate$BeanPostProcessorChecker : Bean 'org.apache.seata.spring.boot.autoconfigure.SeataAutoConfiguration' of type [org.apache.seata.spring.boot.autoconfigure.SeataAutoConfiguration] is not eligible for getting processed by all BeanPostProcessors (for example: not eligible for auto-proxying). Is this bean getting eagerly injected/applied to a currently created BeanPostProcessor []? Check the corresponding BeanPostProcessor declaration and its dependencies/advisors. If this bean does not have to be post-processed, declare it with ROLE_INFRASTRUCTURE.
21:13:28:064  WARN 16392 --- [item-service] [main] trationDelegate$BeanPostProcessorChecker : Bean 'failureHandler' of type [org.apache.seata.tm.api.DefaultFailureHandlerImpl] is not eligible for getting processed by all BeanPostProcessors (for example: not eligible for auto-proxying). Is this bean getting eagerly injected/applied to a currently created BeanPostProcessor []? Check the corresponding BeanPostProcessor declaration and its dependencies/advisors. If this bean does not have to be post-processed, declare it with ROLE_INFRASTRUCTURE.
21:13:28:074  WARN 16392 --- [item-service] [main] trationDelegate$BeanPostProcessorChecker : Bean 'org.springframework.cloud.commons.config.CommonsConfigAutoConfiguration' of type [org.springframework.cloud.commons.config.CommonsConfigAutoConfiguration] is not eligible for getting processed by all BeanPostProcessors (for example: not eligible for auto-proxying). Is this bean getting eagerly injected/applied to a currently created BeanPostProcessor [globalTransactionScanner]? Check the corresponding BeanPostProcessor declaration and its dependencies/advisors. If this bean does not have to be post-processed, declare it with ROLE_INFRASTRUCTURE.
21:13:28:078  WARN 16392 --- [item-service] [main] trationDelegate$BeanPostProcessorChecker : Bean 'org.springframework.cloud.client.loadbalancer.LoadBalancerDefaultMappingsProviderAutoConfiguration' of type [org.springframework.cloud.client.loadbalancer.LoadBalancerDefaultMappingsProviderAutoConfiguration] is not eligible for getting processed by all BeanPostProcessors (for example: not eligible for auto-proxying). Is this bean getting eagerly injected/applied to a currently created BeanPostProcessor [globalTransactionScanner]? Check the corresponding BeanPostProcessor declaration and its dependencies/advisors. If this bean does not have to be post-processed, declare it with ROLE_INFRASTRUCTURE.
21:13:28:079  WARN 16392 --- [item-service] [main] trationDelegate$BeanPostProcessorChecker : Bean 'loadBalancerClientsDefaultsMappingsProvider' of type [org.springframework.cloud.client.loadbalancer.LoadBalancerDefaultMappingsProviderAutoConfiguration$$Lambda/0x000002b8115c7368] is not eligible for getting processed by all BeanPostProcessors (for example: not eligible for auto-proxying). Is this bean getting eagerly injected/applied to a currently created BeanPostProcessor [globalTransactionScanner]? Check the corresponding BeanPostProcessor declaration and its dependencies/advisors. If this bean does not have to be post-processed, declare it with ROLE_INFRASTRUCTURE.
21:13:28:082  WARN 16392 --- [item-service] [main] trationDelegate$BeanPostProcessorChecker : Bean 'defaultsBindHandlerAdvisor' of type [org.springframework.cloud.commons.config.DefaultsBindHandlerAdvisor] is not eligible for getting processed by all BeanPostProcessors (for example: not eligible for auto-proxying). Is this bean getting eagerly injected/applied to a currently created BeanPostProcessor [globalTransactionScanner]? Check the corresponding BeanPostProcessor declaration and its dependencies/advisors. If this bean does not have to be post-processed, declare it with ROLE_INFRASTRUCTURE.
21:13:28:089  WARN 16392 --- [item-service] [main] trationDelegate$BeanPostProcessorChecker : Bean 'springCloudAlibabaConfiguration' of type [org.apache.seata.spring.boot.autoconfigure.properties.SpringCloudAlibabaConfiguration] is not eligible for getting processed by all BeanPostProcessors (for example: not eligible for auto-proxying). Is this bean getting eagerly injected/applied to a currently created BeanPostProcessor [globalTransactionScanner]? Check the corresponding BeanPostProcessor declaration and its dependencies/advisors. If this bean does not have to be post-processed, declare it with ROLE_INFRASTRUCTURE.
21:13:28:095  WARN 16392 --- [item-service] [main] trationDelegate$BeanPostProcessorChecker : Bean 'seataProperties' of type [org.apache.seata.spring.boot.autoconfigure.properties.SeataProperties] is not eligible for getting processed by all BeanPostProcessors (for example: not eligible for auto-proxying). Is this bean getting eagerly injected/applied to a currently created BeanPostProcessor [globalTransactionScanner]? Check the corresponding BeanPostProcessor declaration and its dependencies/advisors. If this bean does not have to be post-processed, declare it with ROLE_INFRASTRUCTURE.
21:13:28:100  INFO 16392 --- [item-service] [main] o.a.s.s.b.a.SeataAutoConfiguration       : Automatically configure Seata
21:13:28:120  INFO 16392 --- [item-service] [main] ServiceLoader$InnerEnhancedServiceLoader : Load compatible class io.seata.spring.annotation.ScannerChecker
21:13:28:183  INFO 16392 --- [item-service] [main] ServiceLoader$InnerEnhancedServiceLoader : Ignore load compatible class io.seata.config.ExtConfigurationProvider, because is not assignable from origin type org.apache.seata.config.ExtConfigurationProvider
21:13:28:201  INFO 16392 --- [item-service] [main] o.a.seata.config.ConfigurationFactory    : load Configuration from :Spring Configuration
21:13:28:233  INFO 16392 --- [item-service] [main] ServiceLoader$InnerEnhancedServiceLoader : Load compatible class io.seata.integration.tx.api.remoting.RemotingParser
21:13:28:235  INFO 16392 --- [item-service] [main] o.a.s.s.a.GlobalTransactionScanner       : Initializing Global Transaction Clients ... 
21:13:28:326  INFO 16392 --- [item-service] [main] ServiceLoader$InnerEnhancedServiceLoader : Load compatible class io.seata.core.auth.AuthSigner
21:13:28:347  INFO 16392 --- [item-service] [main] o.a.s.c.rpc.netty.NettyClientBootstrap   : NettyClientBootstrap has started
21:13:28:358  INFO 16392 --- [item-service] [main] o.a.s.d.registry.RegistryFactory         : use registry center type: file
21:13:28:365  INFO 16392 --- [item-service] [main] ServiceLoader$InnerEnhancedServiceLoader : Load compatible class io.seata.discovery.registry.RegistryProvider
21:13:28:369  INFO 16392 --- [item-service] [main] o.a.s.c.r.n.NettyClientChannelManager    : will connect to 192.168.68.128:8099
21:13:28:377  INFO 16392 --- [item-service] [main] o.a.s.c.rpc.netty.NettyPoolableFactory   : NettyPool create channel to transactionRole:TMROLE,address:192.168.68.128:8099,msg:< RegisterTMRequest{version='2.1.0', applicationId='item-service', transactionServiceGroup='hmall', extraData='ak=null
digest=hmall,172.29.160.1,1790601208374
timestamp=1790601208374
authVersion=V4
vgroup=hmall
ip=172.29.160.1
'} >
21:13:28:498  INFO 16392 --- [item-service] [NettyClientSelector_TMROLE_1_1] ServiceLoader$InnerEnhancedServiceLoader : Load compatible class io.seata.core.serializer.Serializer
21:13:28:601  INFO 16392 --- [item-service] [main] o.a.s.c.rpc.netty.TmNettyRemotingClient  : register TM success. client version:2.1.0, server version:2.0.0,channel:[id: 0xf107b082, L:/192.168.68.1:14844 - R:/192.168.68.128:8099]
21:13:28:606  INFO 16392 --- [item-service] [main] o.a.s.c.rpc.netty.NettyPoolableFactory   : register success, cost 131 ms, version:2.0.0,role:TMROLE,channel:[id: 0xf107b082, L:/192.168.68.1:14844 - R:/192.168.68.128:8099]
21:13:28:608  INFO 16392 --- [item-service] [main] o.a.s.s.a.GlobalTransactionScanner       : Transaction Manager Client is initialized. applicationId[item-service] txServiceGroup[hmall]
21:13:28:629  INFO 16392 --- [item-service] [main] ServiceLoader$InnerEnhancedServiceLoader : Load compatible class io.seata.core.model.ResourceManager
21:13:28:635  INFO 16392 --- [item-service] [main] o.a.seata.rm.datasource.AsyncWorker      : Async Commit Buffer Limit: 10000
21:13:28:637  INFO 16392 --- [item-service] [main] o.a.s.r.datasource.xa.ResourceManagerXA  : ResourceManagerXA init ...
21:13:28:645  INFO 16392 --- [item-service] [main] o.a.s.c.rpc.netty.NettyClientBootstrap   : NettyClientBootstrap has started
21:13:28:645  INFO 16392 --- [item-service] [main] o.a.s.s.a.GlobalTransactionScanner       : Resource Manager is initialized. applicationId[item-service] txServiceGroup[hmall]
21:13:28:645  INFO 16392 --- [item-service] [main] o.a.s.s.a.GlobalTransactionScanner       : Global Transaction Clients are initialized. 
21:13:28:686  INFO 16392 --- [item-service] [main] o.a.s.s.a.GlobalTransactionScanner       : The needed enhancement business beans are : []
21:13:28:709  INFO 16392 --- [item-service] [main] ServiceLoader$InnerEnhancedServiceLoader : Load compatible class io.seata.core.context.ContextCore
21:13:28:985  WARN 16392 --- [item-service] [main] trationDelegate$BeanPostProcessorChecker : Bean 'org.springframework.cloud.client.loadbalancer.LoadBalancerAutoConfiguration$DeferringLoadBalancerInterceptorConfig' of type [org.springframework.cloud.client.loadbalancer.LoadBalancerAutoConfiguration$DeferringLoadBalancerInterceptorConfig] is not eligible for getting processed by all BeanPostProcessors (for example: not eligible for auto-proxying). The currently created BeanPostProcessor [lbRestClientPostProcessor] is declared through a non-static factory method on that class; consider declaring it as static instead.
21:13:28:987  WARN 16392 --- [item-service] [main] trationDelegate$BeanPostProcessorChecker : Bean 'deferringLoadBalancerInterceptor' of type [org.springframework.cloud.client.loadbalancer.DeferringLoadBalancerInterceptor] is not eligible for getting processed by all BeanPostProcessors (for example: not eligible for auto-proxying). Is this bean getting eagerly injected/applied to a currently created BeanPostProcessor [lbRestClientPostProcessor]? Check the corresponding BeanPostProcessor declaration and its dependencies/advisors. If this bean does not have to be post-processed, declare it with ROLE_INFRASTRUCTURE.
21:13:29:114  INFO 16392 --- [item-service] [main] com.zaxxer.hikari.HikariDataSource       : HikariPool-1 - Starting...
21:13:29:600  INFO 16392 --- [item-service] [main] com.zaxxer.hikari.pool.HikariPool        : HikariPool-1 - Added connection com.mysql.cj.jdbc.ConnectionImpl@6e4e60f5
21:13:29:602  INFO 16392 --- [item-service] [main] com.zaxxer.hikari.HikariDataSource       : HikariPool-1 - Start completed.
21:13:29:731  INFO 16392 --- [item-service] [main] o.a.s.c.r.n.NettyClientChannelManager    : will connect to 192.168.68.128:8099
21:13:29:732  INFO 16392 --- [item-service] [main] o.a.s.c.rpc.netty.RmNettyRemotingClient  : RM will register :jdbc:mysql://192.168.68.128:3307/hm-item
21:13:29:732  INFO 16392 --- [item-service] [main] o.a.s.c.rpc.netty.NettyPoolableFactory   : NettyPool create channel to transactionRole:RMROLE,address:192.168.68.128:8099,msg:< RegisterRMRequest{resourceIds='jdbc:mysql://192.168.68.128:3307/hm-item', version='2.1.0', applicationId='item-service', transactionServiceGroup='hmall', extraData='null'} >
21:13:29:752  INFO 16392 --- [item-service] [main] o.a.s.c.rpc.netty.RmNettyRemotingClient  : register RM success. client version:2.1.0, server version:2.0.0,channel:[id: 0x434f7580, L:/192.168.68.1:14848 - R:/192.168.68.128:8099]
21:13:29:752  INFO 16392 --- [item-service] [main] o.a.s.c.rpc.netty.NettyPoolableFactory   : register success, cost 18 ms, version:2.0.0,role:RMROLE,channel:[id: 0x434f7580, L:/192.168.68.1:14848 - R:/192.168.68.128:8099]
21:13:29:755  INFO 16392 --- [item-service] [main] .s.s.a.d.SeataAutoDataSourceProxyCreator : Auto proxy data source 'dataSource' by 'AT' mode.
21:13:30:481  INFO 16392 --- [item-service] [main] c.a.c.sentinel.SentinelWebMvcConfigurer  : [Sentinel Starter] register SentinelWebInterceptor with urlPatterns: [/**].
21:13:37:212  INFO 16392 --- [item-service] [main] m.e.s.MybatisPlusApplicationContextAware : Register ApplicationContext instances org.springframework.web.context.support.GenericWebApplicationContext@677b8e13
21:13:37:924  INFO 16392 --- [item-service] [main] c.g.item.elastic.ElasticDSLSearchTest    : Started ElasticDSLSearchTest in 11.753 seconds (process running for 13.15)
21:13:38:573  INFO 16392 --- [item-service] [main] c.g.item.elastic.ElasticDSLSearchTest    : {"id":"33742077119","name":"小米（MI）米兔儿童拉杆箱旅行箱包 米兔拉杆箱 樱花粉","price":55600,"image":"https://m.360buyimg.com/mobilecms/s720x720_jfs/t27838/100/504860399/233116/460937f4/5bb03dd7N92c96026.jpg!q70.jpg.webp","category":"拉杆箱","brand":"小米","sold":0,"commentCount":0,"isAD":false,"updateTime":1556640000000}
21:13:38:574  INFO 16392 --- [item-service] [main] c.g.item.elastic.ElasticDSLSearchTest    : {"id":"33742077120","name":"小米（MI）米兔儿童拉杆箱旅行箱包 米兔拉杆箱 樱花粉","price":15300,"image":"https://m.360buyimg.com/mobilecms/s720x720_jfs/t27838/100/504860399/233116/460937f4/5bb03dd7N92c96026.jpg!q70.jpg.webp","category":"拉杆箱","brand":"小米","sold":0,"commentCount":0,"isAD":false,"updateTime":1556640000000}
21:13:38:574  INFO 16392 --- [item-service] [main] c.g.item.elastic.ElasticDSLSearchTest    : {"id":"33742077121","name":"小米（MI）米兔儿童拉杆箱旅行箱包 米兔拉杆箱 布丁白","price":31100,"image":"https://m.360buyimg.com/mobilecms/s720x720_jfs/t27838/100/504860399/233116/460937f4/5bb03dd7N92c96026.jpg!q70.jpg.webp","category":"拉杆箱","brand":"小米","sold":0,"commentCount":0,"isAD":false,"updateTime":1556640000000}
21:13:38:575  INFO 16392 --- [item-service] [main] c.g.item.elastic.ElasticDSLSearchTest    : {"id":"34240429030","name":"小米（MI）米兔儿童拉杆箱坚固小巧旅行箱 米兔拉杆箱-海军蓝","price":64000,"image":"https://m.360buyimg.com/mobilecms/s720x720_jfs/t1/12070/38/600/185833/5c09eb81E98eb9fc1/b6ce92d0f1ffdffd.jpg!q70.jpg.webp","category":"拉杆箱","brand":"小米","sold":0,"commentCount":0,"isAD":false,"updateTime":1556640000000}
21:13:38:575  INFO 16392 --- [item-service] [main] c.g.item.elastic.ElasticDSLSearchTest    : {"id":"34240429032","name":"小米（MI）米兔儿童拉杆箱坚固小巧旅行箱 米兔拉杆箱-海军蓝","price":98400,"image":"https://m.360buyimg.com/mobilecms/s720x720_jfs/t1/12070/38/600/185833/5c09eb81E98eb9fc1/b6ce92d0f1ffdffd.jpg!q70.jpg.webp","category":"拉杆箱","brand":"小米","sold":0,"commentCount":0,"isAD":false,"updateTime":1556640000000}
21:13:38:575  INFO 16392 --- [item-service] [main] c.g.item.elastic.ElasticDSLSearchTest    : {"id":"34325704744","name":"小米（MI）米兔儿童拉杆箱坚固小巧旅行箱 米兔拉杆箱-海军蓝","price":87600,"image":"https://m.360buyimg.com/mobilecms/s720x720_jfs/t1/28703/17/1379/251288/5c11ce78E2820f062/03dee754f333cad3.jpg!q70.jpg.webp","category":"拉杆箱","brand":"小米","sold":0,"commentCount":0,"isAD":false,"updateTime":1556640000000}
21:13:38:575  INFO 16392 --- [item-service] [main] c.g.item.elastic.ElasticDSLSearchTest    : {"id":"34240429031","name":"小米（MI）米兔儿童拉杆箱坚固小巧旅行箱 米兔拉杆箱-布丁白","price":1100,"image":"https://m.360buyimg.com/mobilecms/s720x720_jfs/t1/12070/38/600/185833/5c09eb81E98eb9fc1/b6ce92d0f1ffdffd.jpg!q70.jpg.webp","category":"拉杆箱","brand":"小米","sold":0,"commentCount":0,"isAD":false,"updateTime":1556640000000}
21:13:38:575  INFO 16392 --- [item-service] [main] c.g.item.elastic.ElasticDSLSearchTest    : {"id":"34325704745","name":"小米（MI）米兔儿童拉杆箱坚固小巧旅行箱 米兔拉杆箱-布丁白","price":59700,"image":"https://m.360buyimg.com/mobilecms/s720x720_jfs/t1/28703/17/1379/251288/5c11ce78E2820f062/03dee754f333cad3.jpg!q70.jpg.webp","category":"拉杆箱","brand":"小米","sold":0,"commentCount":0,"isAD":false,"updateTime":1556640000000}
21:13:38:576  INFO 16392 --- [item-service] [main] c.g.item.elastic.ElasticDSLSearchTest    : {"id":"34325704746","name":"小米（MI）米兔儿童拉杆箱坚固小巧旅行箱 米兔拉杆箱-樱花粉","price":68400,"image":"https://m.360buyimg.com/mobilecms/s720x720_jfs/t1/28703/17/1379/251288/5c11ce78E2820f062/03dee754f333cad3.jpg!q70.jpg.webp","category":"拉杆箱","brand":"小米","sold":0,"commentCount":0,"isAD":false,"updateTime":1556640000000}
21:13:38:576  INFO 16392 --- [item-service] [main] c.g.item.elastic.ElasticDSLSearchTest    : {"id":"18379422205","name":"网易严选 拉杆箱 黑凤梨20寸PC膜拉链 时尚拉杆箱万向轮密码 肉桂粉","price":5300,"image":"https://m.360buyimg.com/mobilecms/s720x720_jfs/t1/23422/13/3015/143443/5c231d21E3a1c3d90/e4a77c1a4d95a44d.jpg!q70.jpg.webp","category":"拉杆箱","brand":"网易严选","sold":0,"commentCount":0,"isAD":false,"updateTime":1556640000000}
21:13:38:590  WARN 16392 --- [item-service] [Thread-2] c.a.n.common.executor.ThreadPoolManager  : [ThreadPoolManager] Start destroying ThreadPool
21:13:38:591  WARN 16392 --- [item-service] [Thread-2] c.a.n.common.executor.ThreadPoolManager  : [ThreadPoolManager] Destruction of the end
21:13:48:597  INFO 16392 --- [item-service] [SpringContextShutdownHook] com.zaxxer.hikari.HikariDataSource       : HikariPool-1 - Shutdown initiated...
21:13:48:604  INFO 16392 --- [item-service] [SpringContextShutdownHook] com.zaxxer.hikari.HikariDataSource       : HikariPool-1 - Shutdown completed.
21:13:48:607  INFO 16392 --- [item-service] [NettyClientSelector_TMROLE_1_1] o.a.s.c.r.n.AbstractNettyRemotingClient  : channel inactive: [id: 0xf107b082, L:/192.168.68.1:14844 ! R:/192.168.68.128:8099]
21:13:48:607  INFO 16392 --- [item-service] [NettyClientSelector_TMROLE_1_1] o.a.s.c.r.n.NettyClientChannelManager    : return to pool, rm channel:[id: 0xf107b082, L:/192.168.68.1:14844 ! R:/192.168.68.128:8099]
21:13:48:608  INFO 16392 --- [item-service] [NettyClientSelector_TMROLE_1_1] o.a.s.c.rpc.netty.NettyPoolableFactory   : channel valid false,channel:[id: 0xf107b082, L:/192.168.68.1:14844 ! R:/192.168.68.128:8099]
21:13:48:608  INFO 16392 --- [item-service] [NettyClientSelector_TMROLE_1_1] o.a.s.c.rpc.netty.NettyPoolableFactory   : will destroy channel:[id: 0xf107b082, L:/192.168.68.1:14844 ! R:/192.168.68.128:8099]
21:13:48:608  INFO 16392 --- [item-service] [NettyClientSelector_TMROLE_1_1] o.a.s.c.r.n.AbstractNettyRemotingClient  : ChannelHandlerContext(AbstractNettyRemotingClient$ClientHandler#0, [id: 0xf107b082, L:/192.168.68.1:14844 ! R:/192.168.68.128:8099]) will closed
21:13:48:608  INFO 16392 --- [item-service] [NettyClientSelector_TMROLE_1_1] o.a.s.c.r.n.AbstractNettyRemotingClient  : ChannelHandlerContext(AbstractNettyRemotingClient$ClientHandler#0, [id: 0xf107b082, L:/192.168.68.1:14844 ! R:/192.168.68.128:8099]) will closed
21:13:48:608  INFO 16392 --- [item-service] [NettyClientSelector_RMROLE_1_1] o.a.s.c.r.n.AbstractNettyRemotingClient  : channel inactive: [id: 0x434f7580, L:/192.168.68.1:14848 ! R:/192.168.68.128:8099]
21:13:48:609  INFO 16392 --- [item-service] [NettyClientSelector_RMROLE_1_1] o.a.s.c.r.n.NettyClientChannelManager    : return to pool, rm channel:[id: 0x434f7580, L:/192.168.68.1:14848 ! R:/192.168.68.128:8099]
21:13:48:609  INFO 16392 --- [item-service] [NettyClientSelector_RMROLE_1_1] o.a.s.c.rpc.netty.NettyPoolableFactory   : channel valid false,channel:[id: 0x434f7580, L:/192.168.68.1:14848 ! R:/192.168.68.128:8099]
21:13:48:609  INFO 16392 --- [item-service] [NettyClientSelector_RMROLE_1_1] o.a.s.c.rpc.netty.NettyPoolableFactory   : will destroy channel:[id: 0x434f7580, L:/192.168.68.1:14848 ! R:/192.168.68.128:8099]
21:13:48:609  INFO 16392 --- [item-service] [NettyClientSelector_RMROLE_1_1] o.a.s.c.r.n.AbstractNettyRemotingClient  : ChannelHandlerContext(AbstractNettyRemotingClient$ClientHandler#0, [id: 0x434f7580, L:/192.168.68.1:14848 ! R:/192.168.68.128:8099]) will closed
21:13:48:609  INFO 16392 --- [item-service] [NettyClientSelector_RMROLE_1_1] o.a.s.c.r.n.AbstractNettyRemotingClient  : ChannelHandlerContext(AbstractNettyRemotingClient$ClientHandler#0, [id: 0x434f7580, L:/192.168.68.1:14848 ! R:/192.168.68.128:8099]) will closed
21:16:10:259  INFO 18512 --- [item-service] [main] c.a.nacos.client.logging.NacosLogging    : Nacos Logging Adapter Builder: com.alibaba.nacos.logger.adapter.logback12.LogbackNacosLoggingAdapterBuilder
21:16:10:270  INFO 18512 --- [item-service] [main] c.a.nacos.client.logging.NacosLogging    : Nacos Logging Adapter Builder: com.alibaba.nacos.logger.adapter.logback14.LogbackNacosLoggingAdapterBuilder
21:16:10:273  INFO 18512 --- [item-service] [main] c.a.nacos.client.logging.NacosLogging    : Nacos Logging Adapter: com.alibaba.nacos.logger.adapter.logback14.LogbackNacosLoggingAdapter match ch.qos.logback.classic.Logger success.
21:16:10:280  INFO 18512 --- [item-service] [main] c.a.nacos.client.logging.NacosLogging    : Nacos Logging Adapter Builder: com.alibaba.nacos.logger.adapter.log4j2.Log4j2NacosLoggingAdapterBuilder
21:16:10:375  WARN 18512 --- [item-service] [main] c.a.nacos.client.logging.NacosLogging    : Load ch.qos.logback.classic.Logger Configuration of Nacos fail, message: 'void ch.qos.logback.core.model.ModelUtil.setProperty(ch.qos.logback.core.model.processor.ModelInterpretationContext, java.lang.String, java.lang.String, ch.qos.logback.core.joran.action.ActionUtil$Scope)'
21:16:10:448  WARN 18512 --- [item-service] [main] c.a.nacos.client.logging.NacosLogging    : Load ch.qos.logback.classic.Logger Configuration of Nacos fail, message: 'void ch.qos.logback.core.model.ModelUtil.setProperty(ch.qos.logback.core.model.processor.ModelInterpretationContext, java.lang.String, java.lang.String, ch.qos.logback.core.joran.action.ActionUtil$Scope)'
21:16:10:463  INFO 18512 --- [item-service] [main] c.g.item.elastic.ElasticDSLSearchTest    : Starting ElasticDSLSearchTest using Java 21.0.11 with PID 18512 (started by lindu in E:\hmall\hm-item\item-service)
21:16:10:465  INFO 18512 --- [item-service] [main] c.g.item.elastic.ElasticDSLSearchTest    : The following 1 profile is active: "local"
21:16:11:889  INFO 18512 --- [item-service] [main] o.s.cloud.context.scope.GenericScope     : BeanFactory id=47d6e0ea-b2a4-3bea-86c5-5bfe4470e366
21:16:12:012  WARN 18512 --- [item-service] [main] trationDelegate$BeanPostProcessorChecker : Bean 'org.apache.seata.spring.boot.autoconfigure.SeataCoreAutoConfiguration' of type [org.apache.seata.spring.boot.autoconfigure.SeataCoreAutoConfiguration] is not eligible for getting processed by all BeanPostProcessors (for example: not eligible for auto-proxying). Is this bean getting eagerly injected/applied to a currently created BeanPostProcessor []? Check the corresponding BeanPostProcessor declaration and its dependencies/advisors. If this bean does not have to be post-processed, declare it with ROLE_INFRASTRUCTURE.
21:16:12:013  WARN 18512 --- [item-service] [main] trationDelegate$BeanPostProcessorChecker : Bean 'springApplicationContextProvider' of type [org.apache.seata.spring.boot.autoconfigure.provider.SpringApplicationContextProvider] is not eligible for getting processed by all BeanPostProcessors (for example: not eligible for auto-proxying). Is this bean getting eagerly injected/applied to a currently created BeanPostProcessor []? Check the corresponding BeanPostProcessor declaration and its dependencies/advisors. If this bean does not have to be post-processed, declare it with ROLE_INFRASTRUCTURE.
21:16:12:014  WARN 18512 --- [item-service] [main] trationDelegate$BeanPostProcessorChecker : Bean 'org.apache.seata.spring.boot.autoconfigure.SeataAutoConfiguration' of type [org.apache.seata.spring.boot.autoconfigure.SeataAutoConfiguration] is not eligible for getting processed by all BeanPostProcessors (for example: not eligible for auto-proxying). Is this bean getting eagerly injected/applied to a currently created BeanPostProcessor []? Check the corresponding BeanPostProcessor declaration and its dependencies/advisors. If this bean does not have to be post-processed, declare it with ROLE_INFRASTRUCTURE.
21:16:12:081  WARN 18512 --- [item-service] [main] trationDelegate$BeanPostProcessorChecker : Bean 'failureHandler' of type [org.apache.seata.tm.api.DefaultFailureHandlerImpl] is not eligible for getting processed by all BeanPostProcessors (for example: not eligible for auto-proxying). Is this bean getting eagerly injected/applied to a currently created BeanPostProcessor []? Check the corresponding BeanPostProcessor declaration and its dependencies/advisors. If this bean does not have to be post-processed, declare it with ROLE_INFRASTRUCTURE.
21:16:12:091  WARN 18512 --- [item-service] [main] trationDelegate$BeanPostProcessorChecker : Bean 'org.springframework.cloud.commons.config.CommonsConfigAutoConfiguration' of type [org.springframework.cloud.commons.config.CommonsConfigAutoConfiguration] is not eligible for getting processed by all BeanPostProcessors (for example: not eligible for auto-proxying). Is this bean getting eagerly injected/applied to a currently created BeanPostProcessor [globalTransactionScanner]? Check the corresponding BeanPostProcessor declaration and its dependencies/advisors. If this bean does not have to be post-processed, declare it with ROLE_INFRASTRUCTURE.
21:16:12:098  WARN 18512 --- [item-service] [main] trationDelegate$BeanPostProcessorChecker : Bean 'org.springframework.cloud.client.loadbalancer.LoadBalancerDefaultMappingsProviderAutoConfiguration' of type [org.springframework.cloud.client.loadbalancer.LoadBalancerDefaultMappingsProviderAutoConfiguration] is not eligible for getting processed by all BeanPostProcessors (for example: not eligible for auto-proxying). Is this bean getting eagerly injected/applied to a currently created BeanPostProcessor [globalTransactionScanner]? Check the corresponding BeanPostProcessor declaration and its dependencies/advisors. If this bean does not have to be post-processed, declare it with ROLE_INFRASTRUCTURE.
21:16:12:099  WARN 18512 --- [item-service] [main] trationDelegate$BeanPostProcessorChecker : Bean 'loadBalancerClientsDefaultsMappingsProvider' of type [org.springframework.cloud.client.loadbalancer.LoadBalancerDefaultMappingsProviderAutoConfiguration$$Lambda/0x00000289015c7440] is not eligible for getting processed by all BeanPostProcessors (for example: not eligible for auto-proxying). Is this bean getting eagerly injected/applied to a currently created BeanPostProcessor [globalTransactionScanner]? Check the corresponding BeanPostProcessor declaration and its dependencies/advisors. If this bean does not have to be post-processed, declare it with ROLE_INFRASTRUCTURE.
21:16:12:101  WARN 18512 --- [item-service] [main] trationDelegate$BeanPostProcessorChecker : Bean 'defaultsBindHandlerAdvisor' of type [org.springframework.cloud.commons.config.DefaultsBindHandlerAdvisor] is not eligible for getting processed by all BeanPostProcessors (for example: not eligible for auto-proxying). Is this bean getting eagerly injected/applied to a currently created BeanPostProcessor [globalTransactionScanner]? Check the corresponding BeanPostProcessor declaration and its dependencies/advisors. If this bean does not have to be post-processed, declare it with ROLE_INFRASTRUCTURE.
21:16:12:112  WARN 18512 --- [item-service] [main] trationDelegate$BeanPostProcessorChecker : Bean 'springCloudAlibabaConfiguration' of type [org.apache.seata.spring.boot.autoconfigure.properties.SpringCloudAlibabaConfiguration] is not eligible for getting processed by all BeanPostProcessors (for example: not eligible for auto-proxying). Is this bean getting eagerly injected/applied to a currently created BeanPostProcessor [globalTransactionScanner]? Check the corresponding BeanPostProcessor declaration and its dependencies/advisors. If this bean does not have to be post-processed, declare it with ROLE_INFRASTRUCTURE.
21:16:12:124  WARN 18512 --- [item-service] [main] trationDelegate$BeanPostProcessorChecker : Bean 'seataProperties' of type [org.apache.seata.spring.boot.autoconfigure.properties.SeataProperties] is not eligible for getting processed by all BeanPostProcessors (for example: not eligible for auto-proxying). Is this bean getting eagerly injected/applied to a currently created BeanPostProcessor [globalTransactionScanner]? Check the corresponding BeanPostProcessor declaration and its dependencies/advisors. If this bean does not have to be post-processed, declare it with ROLE_INFRASTRUCTURE.
21:16:12:132  INFO 18512 --- [item-service] [main] o.a.s.s.b.a.SeataAutoConfiguration       : Automatically configure Seata
21:16:12:160  INFO 18512 --- [item-service] [main] ServiceLoader$InnerEnhancedServiceLoader : Load compatible class io.seata.spring.annotation.ScannerChecker
21:16:12:236  INFO 18512 --- [item-service] [main] ServiceLoader$InnerEnhancedServiceLoader : Ignore load compatible class io.seata.config.ExtConfigurationProvider, because is not assignable from origin type org.apache.seata.config.ExtConfigurationProvider
21:16:12:254  INFO 18512 --- [item-service] [main] o.a.seata.config.ConfigurationFactory    : load Configuration from :Spring Configuration
21:16:12:286  INFO 18512 --- [item-service] [main] ServiceLoader$InnerEnhancedServiceLoader : Load compatible class io.seata.integration.tx.api.remoting.RemotingParser
21:16:12:288  INFO 18512 --- [item-service] [main] o.a.s.s.a.GlobalTransactionScanner       : Initializing Global Transaction Clients ... 
21:16:12:423  INFO 18512 --- [item-service] [main] ServiceLoader$InnerEnhancedServiceLoader : Load compatible class io.seata.core.auth.AuthSigner
21:16:12:443  INFO 18512 --- [item-service] [main] o.a.s.c.rpc.netty.NettyClientBootstrap   : NettyClientBootstrap has started
21:16:12:470  INFO 18512 --- [item-service] [main] o.a.s.d.registry.RegistryFactory         : use registry center type: file
21:16:12:477  INFO 18512 --- [item-service] [main] ServiceLoader$InnerEnhancedServiceLoader : Load compatible class io.seata.discovery.registry.RegistryProvider
21:16:12:483  INFO 18512 --- [item-service] [main] o.a.s.c.r.n.NettyClientChannelManager    : will connect to 192.168.68.128:8099
21:16:12:490  INFO 18512 --- [item-service] [main] o.a.s.c.rpc.netty.NettyPoolableFactory   : NettyPool create channel to transactionRole:TMROLE,address:192.168.68.128:8099,msg:< RegisterTMRequest{version='2.1.0', applicationId='item-service', transactionServiceGroup='hmall', extraData='ak=null
digest=hmall,172.29.160.1,1790601372488
timestamp=1790601372488
authVersion=V4
vgroup=hmall
ip=172.29.160.1
'} >
21:16:14:171  INFO 18512 --- [item-service] [NettyClientSelector_TMROLE_1_1] ServiceLoader$InnerEnhancedServiceLoader : Load compatible class io.seata.core.serializer.Serializer
21:16:29:148  INFO 18512 --- [item-service] [NettyClientSelector_TMROLE_1_1] o.a.s.c.r.n.AbstractNettyRemotingClient  : channel [id: 0x0b0cddea, L:/192.168.68.1:4323 - R:/192.168.68.128:8099] read idle.
21:16:29:154  INFO 18512 --- [item-service] [NettyClientSelector_TMROLE_1_1] o.a.s.c.rpc.netty.NettyPoolableFactory   : will destroy channel:[id: 0x0b0cddea, L:/192.168.68.1:4323 - R:/192.168.68.128:8099]
21:16:29:154  INFO 18512 --- [item-service] [NettyClientSelector_TMROLE_1_1] o.a.s.c.r.n.AbstractNettyRemotingClient  : ChannelHandlerContext(AbstractNettyRemotingClient$ClientHandler#0, [id: 0x0b0cddea, L:/192.168.68.1:4323 - R:/192.168.68.128:8099]) will closed
21:16:29:155  INFO 18512 --- [item-service] [NettyClientSelector_TMROLE_1_1] o.a.s.c.r.n.AbstractNettyRemotingClient  : ChannelHandlerContext(AbstractNettyRemotingClient$ClientHandler#0, [id: 0x0b0cddea, L:/192.168.68.1:4323 ! R:/192.168.68.128:8099]) will closed
21:16:44:171 ERROR 18512 --- [item-service] [main] o.a.s.c.rpc.netty.AbstractNettyRemoting  : wait response error:null ,cost: 30022 ms,ip:/192.168.68.128:8099,request:RegisterTMRequest{version='2.1.0', applicationId='item-service', transactionServiceGroup='hmall', extraData='ak=null
digest=hmall,172.29.160.1,1790601372488
timestamp=1790601372488
authVersion=V4
vgroup=hmall
ip=172.29.160.1
'}
21:16:44:174 ERROR 18512 --- [item-service] [main] o.a.s.c.r.n.NettyClientChannelManager    : 0304 register RM failed.

org.apache.seata.common.exception.FrameworkException: register TMROLE error, errMsg:null ,cost: 30022 ms
	at org.apache.seata.core.rpc.netty.NettyPoolableFactory.makeObject(NettyPoolableFactory.java:78) ~[seata-all-2.1.0.jar:2.1.0]
	at org.apache.seata.core.rpc.netty.NettyPoolableFactory.makeObject(NettyPoolableFactory.java:34) ~[seata-all-2.1.0.jar:2.1.0]
	at org.apache.commons.pool.impl.GenericKeyedObjectPool.borrowObject(GenericKeyedObjectPool.java:1220) ~[commons-pool-1.6.jar:1.6]
	at org.apache.seata.core.rpc.netty.NettyClientChannelManager.doConnect(NettyClientChannelManager.java:288) ~[seata-all-2.1.0.jar:2.1.0]
	at org.apache.seata.core.rpc.netty.NettyClientChannelManager.acquireChannel(NettyClientChannelManager.java:110) ~[seata-all-2.1.0.jar:2.1.0]
	at org.apache.seata.core.rpc.netty.NettyClientChannelManager.doReconnect(NettyClientChannelManager.java:233) ~[seata-all-2.1.0.jar:2.1.0]
	at org.apache.seata.core.rpc.netty.NettyClientChannelManager.doReconnect(NettyClientChannelManager.java:212) ~[seata-all-2.1.0.jar:2.1.0]
	at org.apache.seata.core.rpc.netty.NettyClientChannelManager.initReconnect(NettyClientChannelManager.java:176) ~[seata-all-2.1.0.jar:2.1.0]
	at org.apache.seata.core.rpc.netty.TmNettyRemotingClient.initConnection(TmNettyRemotingClient.java:291) ~[seata-all-2.1.0.jar:2.1.0]
	at org.apache.seata.core.rpc.netty.TmNettyRemotingClient.init(TmNettyRemotingClient.java:191) ~[seata-all-2.1.0.jar:2.1.0]
	at org.apache.seata.tm.TMClient.init(TMClient.java:47) ~[seata-all-2.1.0.jar:2.1.0]
	at org.apache.seata.spring.annotation.GlobalTransactionScanner.initClient(GlobalTransactionScanner.java:232) ~[seata-all-2.1.0.jar:2.1.0]
	at org.apache.seata.spring.annotation.GlobalTransactionScanner.afterPropertiesSet(GlobalTransactionScanner.java:480) ~[seata-all-2.1.0.jar:2.1.0]
	at org.springframework.beans.factory.support.AbstractAutowireCapableBeanFactory.invokeInitMethods(AbstractAutowireCapableBeanFactory.java:1853) ~[spring-beans-6.1.15.jar:6.1.15]
	at org.springframework.beans.factory.support.AbstractAutowireCapableBeanFactory.initializeBean(AbstractAutowireCapableBeanFactory.java:1802) ~[spring-beans-6.1.15.jar:6.1.15]
	at org.springframework.beans.factory.support.AbstractAutowireCapableBeanFactory.doCreateBean(AbstractAutowireCapableBeanFactory.java:600) ~[spring-beans-6.1.15.jar:6.1.15]
	at org.springframework.beans.factory.support.AbstractAutowireCapableBeanFactory.createBean(AbstractAutowireCapableBeanFactory.java:522) ~[spring-beans-6.1.15.jar:6.1.15]
	at org.springframework.beans.factory.support.AbstractBeanFactory.lambda$doGetBean$0(AbstractBeanFactory.java:337) ~[spring-beans-6.1.15.jar:6.1.15]
	at org.springframework.beans.factory.support.DefaultSingletonBeanRegistry.getSingleton(DefaultSingletonBeanRegistry.java:234) ~[spring-beans-6.1.15.jar:6.1.15]
	at org.springframework.beans.factory.support.AbstractBeanFactory.doGetBean(AbstractBeanFactory.java:335) ~[spring-beans-6.1.15.jar:6.1.15]
	at org.springframework.beans.factory.support.AbstractBeanFactory.getBean(AbstractBeanFactory.java:205) ~[spring-beans-6.1.15.jar:6.1.15]
	at org.springframework.context.support.PostProcessorRegistrationDelegate.registerBeanPostProcessors(PostProcessorRegistrationDelegate.java:265) ~[spring-context-6.1.15.jar:6.1.15]
	at org.springframework.context.support.AbstractApplicationContext.registerBeanPostProcessors(AbstractApplicationContext.java:806) ~[spring-context-6.1.15.jar:6.1.15]
	at org.springframework.context.support.AbstractApplicationContext.refresh(AbstractApplicationContext.java:609) ~[spring-context-6.1.15.jar:6.1.15]
	at org.springframework.boot.SpringApplication.refresh(SpringApplication.java:754) ~[spring-boot-3.3.6.jar:3.3.6]
	at org.springframework.boot.SpringApplication.refreshContext(SpringApplication.java:456) ~[spring-boot-3.3.6.jar:3.3.6]
	at org.springframework.boot.SpringApplication.run(SpringApplication.java:335) ~[spring-boot-3.3.6.jar:3.3.6]
	at org.springframework.boot.test.context.SpringBootContextLoader.lambda$loadContext$3(SpringBootContextLoader.java:137) ~[spring-boot-test-3.3.6.jar:3.3.6]
	at org.springframework.util.function.ThrowingSupplier.get(ThrowingSupplier.java:58) ~[spring-core-6.1.15.jar:6.1.15]
	at org.springframework.util.function.ThrowingSupplier.get(ThrowingSupplier.java:46) ~[spring-core-6.1.15.jar:6.1.15]
	at org.springframework.boot.SpringApplication.withHook(SpringApplication.java:1463) ~[spring-boot-3.3.6.jar:3.3.6]
	at org.springframework.boot.test.context.SpringBootContextLoader$ContextLoaderHook.run(SpringBootContextLoader.java:553) ~[spring-boot-test-3.3.6.jar:3.3.6]
	at org.springframework.boot.test.context.SpringBootContextLoader.loadContext(SpringBootContextLoader.java:137) ~[spring-boot-test-3.3.6.jar:3.3.6]
	at org.springframework.boot.test.context.SpringBootContextLoader.loadContext(SpringBootContextLoader.java:108) ~[spring-boot-test-3.3.6.jar:3.3.6]
	at org.springframework.test.context.cache.DefaultCacheAwareContextLoaderDelegate.loadContextInternal(DefaultCacheAwareContextLoaderDelegate.java:225) ~[spring-test-6.1.15.jar:6.1.15]
	at org.springframework.test.context.cache.DefaultCacheAwareContextLoaderDelegate.loadContext(DefaultCacheAwareContextLoaderDelegate.java:152) ~[spring-test-6.1.15.jar:6.1.15]
	at org.springframework.test.context.support.DefaultTestContext.getApplicationContext(DefaultTestContext.java:130) ~[spring-test-6.1.15.jar:6.1.15]
	at org.springframework.test.context.web.ServletTestExecutionListener.setUpRequestContextIfNecessary(ServletTestExecutionListener.java:191) ~[spring-test-6.1.15.jar:6.1.15]
	at org.springframework.test.context.web.ServletTestExecutionListener.prepareTestInstance(ServletTestExecutionListener.java:130) ~[spring-test-6.1.15.jar:6.1.15]
	at org.springframework.test.context.TestContextManager.prepareTestInstance(TestContextManager.java:260) ~[spring-test-6.1.15.jar:6.1.15]
	at org.springframework.test.context.junit.jupiter.SpringExtension.postProcessTestInstance(SpringExtension.java:163) ~[spring-test-6.1.15.jar:6.1.15]
	at org.junit.jupiter.engine.descriptor.ClassBasedTestDescriptor.lambda$invokeTestInstancePostProcessors$10(ClassBasedTestDescriptor.java:378) ~[junit-jupiter-engine-5.10.5.jar:5.10.5]
	at org.junit.jupiter.engine.descriptor.ClassBasedTestDescriptor.executeAndMaskThrowable(ClassBasedTestDescriptor.java:383) ~[junit-jupiter-engine-5.10.5.jar:5.10.5]
	at org.junit.jupiter.engine.descriptor.ClassBasedTestDescriptor.lambda$invokeTestInstancePostProcessors$11(ClassBasedTestDescriptor.java:378) ~[junit-jupiter-engine-5.10.5.jar:5.10.5]
	at java.base/java.util.stream.ReferencePipeline$3$1.accept(ReferencePipeline.java:197) ~[na:na]
	at java.base/java.util.stream.ReferencePipeline$2$1.accept(ReferencePipeline.java:179) ~[na:na]
	at java.base/java.util.ArrayList$ArrayListSpliterator.forEachRemaining(ArrayList.java:1708) ~[na:na]
	at java.base/java.util.stream.AbstractPipeline.copyInto(AbstractPipeline.java:509) ~[na:na]
	at java.base/java.util.stream.AbstractPipeline.wrapAndCopyInto(AbstractPipeline.java:499) ~[na:na]
	at java.base/java.util.stream.StreamSpliterators$WrappingSpliterator.forEachRemaining(StreamSpliterators.java:310) ~[na:na]
	at java.base/java.util.stream.Streams$ConcatSpliterator.forEachRemaining(Streams.java:735) ~[na:na]
	at java.base/java.util.stream.Streams$ConcatSpliterator.forEachRemaining(Streams.java:734) ~[na:na]
	at java.base/java.util.stream.ReferencePipeline$Head.forEach(ReferencePipeline.java:762) ~[na:na]
	at org.junit.jupiter.engine.descriptor.ClassBasedTestDescriptor.invokeTestInstancePostProcessors(ClassBasedTestDescriptor.java:377) ~[junit-jupiter-engine-5.10.5.jar:5.10.5]
	at org.junit.jupiter.engine.descriptor.ClassBasedTestDescriptor.lambda$instantiateAndPostProcessTestInstance$6(ClassBasedTestDescriptor.java:290) ~[junit-jupiter-engine-5.10.5.jar:5.10.5]
	at org.junit.platform.engine.support.hierarchical.ThrowableCollector.execute(ThrowableCollector.java:73) ~[junit-platform-engine-1.10.5.jar:1.10.5]
	at org.junit.jupiter.engine.descriptor.ClassBasedTestDescriptor.instantiateAndPostProcessTestInstance(ClassBasedTestDescriptor.java:289) ~[junit-jupiter-engine-5.10.5.jar:5.10.5]
	at org.junit.jupiter.engine.descriptor.ClassBasedTestDescriptor.lambda$testInstancesProvider$4(ClassBasedTestDescriptor.java:279) ~[junit-jupiter-engine-5.10.5.jar:5.10.5]
	at java.base/java.util.Optional.orElseGet(Optional.java:364) ~[na:na]
	at org.junit.jupiter.engine.descriptor.ClassBasedTestDescriptor.lambda$testInstancesProvider$5(ClassBasedTestDescriptor.java:278) ~[junit-jupiter-engine-5.10.5.jar:5.10.5]
	at org.junit.jupiter.engine.execution.TestInstancesProvider.getTestInstances(TestInstancesProvider.java:31) ~[junit-jupiter-engine-5.10.5.jar:5.10.5]
	at org.junit.jupiter.engine.descriptor.TestMethodTestDescriptor.lambda$prepare$0(TestMethodTestDescriptor.java:106) ~[junit-jupiter-engine-5.10.5.jar:5.10.5]
	at org.junit.platform.engine.support.hierarchical.ThrowableCollector.execute(ThrowableCollector.java:73) ~[junit-platform-engine-1.10.5.jar:1.10.5]
	at org.junit.jupiter.engine.descriptor.TestMethodTestDescriptor.prepare(TestMethodTestDescriptor.java:105) ~[junit-jupiter-engine-5.10.5.jar:5.10.5]
	at org.junit.jupiter.engine.descriptor.TestMethodTestDescriptor.prepare(TestMethodTestDescriptor.java:69) ~[junit-jupiter-engine-5.10.5.jar:5.10.5]
	at org.junit.platform.engine.support.hierarchical.NodeTestTask.lambda$prepare$2(NodeTestTask.java:128) ~[junit-platform-engine-1.10.5.jar:1.10.5]
	at org.junit.platform.engine.support.hierarchical.ThrowableCollector.execute(ThrowableCollector.java:73) ~[junit-platform-engine-1.10.5.jar:1.10.5]
	at org.junit.platform.engine.support.hierarchical.NodeTestTask.prepare(NodeTestTask.java:128) ~[junit-platform-engine-1.10.5.jar:1.10.5]
	at org.junit.platform.engine.support.hierarchical.NodeTestTask.execute(NodeTestTask.java:95) ~[junit-platform-engine-1.10.5.jar:1.10.5]
	at java.base/java.util.ArrayList.forEach(ArrayList.java:1596) ~[na:na]
	at org.junit.platform.engine.support.hierarchical.SameThreadHierarchicalTestExecutorService.invokeAll(SameThreadHierarchicalTestExecutorService.java:41) ~[junit-platform-engine-1.10.5.jar:1.10.5]
	at org.junit.platform.engine.support.hierarchical.NodeTestTask.lambda$executeRecursively$6(NodeTestTask.java:160) ~[junit-platform-engine-1.10.5.jar:1.10.5]
	at org.junit.platform.engine.support.hierarchical.ThrowableCollector.execute(ThrowableCollector.java:73) ~[junit-platform-engine-1.10.5.jar:1.10.5]
	at org.junit.platform.engine.support.hierarchical.NodeTestTask.lambda$executeRecursively$8(NodeTestTask.java:146) ~[junit-platform-engine-1.10.5.jar:1.10.5]
	at org.junit.platform.engine.support.hierarchical.Node.around(Node.java:137) ~[junit-platform-engine-1.10.5.jar:1.10.5]
	at org.junit.platform.engine.support.hierarchical.NodeTestTask.lambda$executeRecursively$9(NodeTestTask.java:144) ~[junit-platform-engine-1.10.5.jar:1.10.5]
	at org.junit.platform.engine.support.hierarchical.ThrowableCollector.execute(ThrowableCollector.java:73) ~[junit-platform-engine-1.10.5.jar:1.10.5]
	at org.junit.platform.engine.support.hierarchical.NodeTestTask.executeRecursively(NodeTestTask.java:143) ~[junit-platform-engine-1.10.5.jar:1.10.5]
	at org.junit.platform.engine.support.hierarchical.NodeTestTask.execute(NodeTestTask.java:100) ~[junit-platform-engine-1.10.5.jar:1.10.5]
	at java.base/java.util.ArrayList.forEach(ArrayList.java:1596) ~[na:na]
	at org.junit.platform.engine.support.hierarchical.SameThreadHierarchicalTestExecutorService.invokeAll(SameThreadHierarchicalTestExecutorService.java:41) ~[junit-platform-engine-1.10.5.jar:1.10.5]
	at org.junit.platform.engine.support.hierarchical.NodeTestTask.lambda$executeRecursively$6(NodeTestTask.java:160) ~[junit-platform-engine-1.10.5.jar:1.10.5]
	at org.junit.platform.engine.support.hierarchical.ThrowableCollector.execute(ThrowableCollector.java:73) ~[junit-platform-engine-1.10.5.jar:1.10.5]
	at org.junit.platform.engine.support.hierarchical.NodeTestTask.lambda$executeRecursively$8(NodeTestTask.java:146) ~[junit-platform-engine-1.10.5.jar:1.10.5]
	at org.junit.platform.engine.support.hierarchical.Node.around(Node.java:137) ~[junit-platform-engine-1.10.5.jar:1.10.5]
	at org.junit.platform.engine.support.hierarchical.NodeTestTask.lambda$executeRecursively$9(NodeTestTask.java:144) ~[junit-platform-engine-1.10.5.jar:1.10.5]
	at org.junit.platform.engine.support.hierarchical.ThrowableCollector.execute(ThrowableCollector.java:73) ~[junit-platform-engine-1.10.5.jar:1.10.5]
	at org.junit.platform.engine.support.hierarchical.NodeTestTask.executeRecursively(NodeTestTask.java:143) ~[junit-platform-engine-1.10.5.jar:1.10.5]
	at org.junit.platform.engine.support.hierarchical.NodeTestTask.execute(NodeTestTask.java:100) ~[junit-platform-engine-1.10.5.jar:1.10.5]
	at org.junit.platform.engine.support.hierarchical.SameThreadHierarchicalTestExecutorService.submit(SameThreadHierarchicalTestExecutorService.java:35) ~[junit-platform-engine-1.10.5.jar:1.10.5]
	at org.junit.platform.engine.support.hierarchical.HierarchicalTestExecutor.execute(HierarchicalTestExecutor.java:57) ~[junit-platform-engine-1.10.5.jar:1.10.5]
	at org.junit.platform.engine.support.hierarchical.HierarchicalTestEngine.execute(HierarchicalTestEngine.java:54) ~[junit-platform-engine-1.10.5.jar:1.10.5]
	at org.junit.platform.launcher.core.EngineExecutionOrchestrator.execute(EngineExecutionOrchestrator.java:198) ~[junit-platform-launcher-1.10.5.jar:1.10.5]
	at org.junit.platform.launcher.core.EngineExecutionOrchestrator.execute(EngineExecutionOrchestrator.java:169) ~[junit-platform-launcher-1.10.5.jar:1.10.5]
	at org.junit.platform.launcher.core.EngineExecutionOrchestrator.execute(EngineExecutionOrchestrator.java:93) ~[junit-platform-launcher-1.10.5.jar:1.10.5]
	at org.junit.platform.launcher.core.EngineExecutionOrchestrator.lambda$execute$0(EngineExecutionOrchestrator.java:58) ~[junit-platform-launcher-1.10.5.jar:1.10.5]
	at org.junit.platform.launcher.core.EngineExecutionOrchestrator.withInterceptedStreams(EngineExecutionOrchestrator.java:141) ~[junit-platform-launcher-1.10.5.jar:1.10.5]
	at org.junit.platform.launcher.core.EngineExecutionOrchestrator.execute(EngineExecutionOrchestrator.java:57) ~[junit-platform-launcher-1.10.5.jar:1.10.5]
	at org.junit.platform.launcher.core.DefaultLauncher.execute(DefaultLauncher.java:103) ~[junit-platform-launcher-1.10.5.jar:1.10.5]
	at org.junit.platform.launcher.core.DefaultLauncher.execute(DefaultLauncher.java:85) ~[junit-platform-launcher-1.10.5.jar:1.10.5]
	at org.junit.platform.launcher.core.DelegatingLauncher.execute(DelegatingLauncher.java:47) ~[junit-platform-launcher-1.10.5.jar:1.10.5]
	at org.junit.platform.launcher.core.SessionPerRequestLauncher.execute(SessionPerRequestLauncher.java:63) ~[junit-platform-launcher-1.10.5.jar:1.10.5]
	at com.intellij.junit5.JUnit5TestRunnerHelper.execute(JUnit5TestRunnerHelper.java:134) ~[junit5-rt.jar:na]
	at com.intellij.junit5.JUnit5IdeaTestRunner.startRunnerWithArgs(JUnit5IdeaTestRunner.java:70) ~[junit5-rt.jar:na]
	at com.intellij.rt.junit.IdeaTestRunner$Repeater$1.execute(IdeaTestRunner.java:38) ~[junit-rt.jar:na]
	at com.intellij.rt.execution.junit.TestsRepeater.repeat(TestsRepeater.java:11) ~[idea_rt.jar:na]
	at com.intellij.rt.junit.IdeaTestRunner$Repeater.startRunnerWithArgs(IdeaTestRunner.java:35) ~[junit-rt.jar:na]
	at com.intellij.rt.junit.JUnitStarter.prepareStreamsAndStart(JUnitStarter.java:226) ~[junit-rt.jar:na]
	at com.intellij.rt.junit.JUnitStarter.main(JUnitStarter.java:62) ~[junit-rt.jar:na]

21:16:44:179  INFO 18512 --- [item-service] [NettyClientSelector_TMROLE_1_1] o.a.s.c.rpc.netty.NettyPoolableFactory   : channel valid false,channel:[id: 0x0b0cddea, L:/192.168.68.1:4323 ! R:/192.168.68.128:8099]
21:16:44:179  INFO 18512 --- [item-service] [NettyClientSelector_TMROLE_1_1] o.a.s.c.rpc.netty.NettyPoolableFactory   : will destroy channel:[id: 0x0b0cddea, L:/192.168.68.1:4323 ! R:/192.168.68.128:8099]
21:16:44:179 ERROR 18512 --- [item-service] [main] o.a.s.c.r.n.NettyClientChannelManager    : 0101 can not connect to [192.168.68.128:8099] cause:[can not register RM,err:register TMROLE error, errMsg:null ,cost: 30022 ms]
21:16:44:179  INFO 18512 --- [item-service] [NettyClientSelector_TMROLE_1_1] o.a.s.c.r.n.AbstractNettyRemotingClient  : ChannelHandlerContext(AbstractNettyRemotingClient$ClientHandler#0, [id: 0x0b0cddea, L:/192.168.68.1:4323 ! R:/192.168.68.128:8099]) will closed
21:16:44:179  INFO 18512 --- [item-service] [NettyClientSelector_TMROLE_1_1] o.a.s.c.r.n.AbstractNettyRemotingClient  : ChannelHandlerContext(AbstractNettyRemotingClient$ClientHandler#0, [id: 0x0b0cddea, L:/192.168.68.1:4323 ! R:/192.168.68.128:8099]) will closed
21:16:44:180  WARN 18512 --- [item-service] [main] o.s.w.c.s.GenericWebApplicationContext   : Exception encountered during context initialization - cancelling refresh attempt: org.springframework.beans.factory.BeanCreationException: Error creating bean with name 'globalTransactionScanner' defined in class path resource [org/apache/seata/spring/boot/autoconfigure/SeataAutoConfiguration.class]: can not connect to [192.168.68.128:8099]
21:16:44:182  INFO 18512 --- [item-service] [NettyClientSelector_TMROLE_1_1] o.a.s.c.r.n.AbstractNettyRemotingClient  : channel inactive: [id: 0x0b0cddea, L:/192.168.68.1:4323 ! R:/192.168.68.128:8099]
21:16:44:182  INFO 18512 --- [item-service] [NettyClientSelector_TMROLE_1_1] o.a.s.c.rpc.netty.NettyPoolableFactory   : channel valid false,channel:[id: 0x0b0cddea, L:/192.168.68.1:4323 ! R:/192.168.68.128:8099]
21:16:44:182  INFO 18512 --- [item-service] [NettyClientSelector_TMROLE_1_1] o.a.s.c.rpc.netty.NettyPoolableFactory   : will destroy channel:[id: 0x0b0cddea, L:/192.168.68.1:4323 ! R:/192.168.68.128:8099]
21:16:44:182  INFO 18512 --- [item-service] [NettyClientSelector_TMROLE_1_1] o.a.s.c.r.n.AbstractNettyRemotingClient  : ChannelHandlerContext(AbstractNettyRemotingClient$ClientHandler#0, [id: 0x0b0cddea, L:/192.168.68.1:4323 ! R:/192.168.68.128:8099]) will closed
21:16:44:182  INFO 18512 --- [item-service] [NettyClientSelector_TMROLE_1_1] o.a.s.c.r.n.AbstractNettyRemotingClient  : ChannelHandlerContext(AbstractNettyRemotingClient$ClientHandler#0, [id: 0x0b0cddea, L:/192.168.68.1:4323 ! R:/192.168.68.128:8099]) will closed
21:16:44:189  INFO 18512 --- [item-service] [main] .s.b.a.l.ConditionEvaluationReportLogger : 

Error starting ApplicationContext. To display the condition evaluation report re-run your application with 'debug' enabled.
21:16:44:220 ERROR 18512 --- [item-service] [main] o.s.boot.SpringApplication               : Application run failed

org.springframework.beans.factory.BeanCreationException: Error creating bean with name 'globalTransactionScanner' defined in class path resource [org/apache/seata/spring/boot/autoconfigure/SeataAutoConfiguration.class]: can not connect to [192.168.68.128:8099]
	at org.springframework.beans.factory.support.AbstractAutowireCapableBeanFactory.initializeBean(AbstractAutowireCapableBeanFactory.java:1806) ~[spring-beans-6.1.15.jar:6.1.15]
	at org.springframework.beans.factory.support.AbstractAutowireCapableBeanFactory.doCreateBean(AbstractAutowireCapableBeanFactory.java:600) ~[spring-beans-6.1.15.jar:6.1.15]
	at org.springframework.beans.factory.support.AbstractAutowireCapableBeanFactory.createBean(AbstractAutowireCapableBeanFactory.java:522) ~[spring-beans-6.1.15.jar:6.1.15]
	at org.springframework.beans.factory.support.AbstractBeanFactory.lambda$doGetBean$0(AbstractBeanFactory.java:337) ~[spring-beans-6.1.15.jar:6.1.15]
	at org.springframework.beans.factory.support.DefaultSingletonBeanRegistry.getSingleton(DefaultSingletonBeanRegistry.java:234) ~[spring-beans-6.1.15.jar:6.1.15]
	at org.springframework.beans.factory.support.AbstractBeanFactory.doGetBean(AbstractBeanFactory.java:335) ~[spring-beans-6.1.15.jar:6.1.15]
	at org.springframework.beans.factory.support.AbstractBeanFactory.getBean(AbstractBeanFactory.java:205) ~[spring-beans-6.1.15.jar:6.1.15]
	at org.springframework.context.support.PostProcessorRegistrationDelegate.registerBeanPostProcessors(PostProcessorRegistrationDelegate.java:265) ~[spring-context-6.1.15.jar:6.1.15]
	at org.springframework.context.support.AbstractApplicationContext.registerBeanPostProcessors(AbstractApplicationContext.java:806) ~[spring-context-6.1.15.jar:6.1.15]
	at org.springframework.context.support.AbstractApplicationContext.refresh(AbstractApplicationContext.java:609) ~[spring-context-6.1.15.jar:6.1.15]
	at org.springframework.boot.SpringApplication.refresh(SpringApplication.java:754) ~[spring-boot-3.3.6.jar:3.3.6]
	at org.springframework.boot.SpringApplication.refreshContext(SpringApplication.java:456) ~[spring-boot-3.3.6.jar:3.3.6]
	at org.springframework.boot.SpringApplication.run(SpringApplication.java:335) ~[spring-boot-3.3.6.jar:3.3.6]
	at org.springframework.boot.test.context.SpringBootContextLoader.lambda$loadContext$3(SpringBootContextLoader.java:137) ~[spring-boot-test-3.3.6.jar:3.3.6]
	at org.springframework.util.function.ThrowingSupplier.get(ThrowingSupplier.java:58) ~[spring-core-6.1.15.jar:6.1.15]
	at org.springframework.util.function.ThrowingSupplier.get(ThrowingSupplier.java:46) ~[spring-core-6.1.15.jar:6.1.15]
	at org.springframework.boot.SpringApplication.withHook(SpringApplication.java:1463) ~[spring-boot-3.3.6.jar:3.3.6]
	at org.springframework.boot.test.context.SpringBootContextLoader$ContextLoaderHook.run(SpringBootContextLoader.java:553) ~[spring-boot-test-3.3.6.jar:3.3.6]
	at org.springframework.boot.test.context.SpringBootContextLoader.loadContext(SpringBootContextLoader.java:137) ~[spring-boot-test-3.3.6.jar:3.3.6]
	at org.springframework.boot.test.context.SpringBootContextLoader.loadContext(SpringBootContextLoader.java:108) ~[spring-boot-test-3.3.6.jar:3.3.6]
	at org.springframework.test.context.cache.DefaultCacheAwareContextLoaderDelegate.loadContextInternal(DefaultCacheAwareContextLoaderDelegate.java:225) ~[spring-test-6.1.15.jar:6.1.15]
	at org.springframework.test.context.cache.DefaultCacheAwareContextLoaderDelegate.loadContext(DefaultCacheAwareContextLoaderDelegate.java:152) ~[spring-test-6.1.15.jar:6.1.15]
	at org.springframework.test.context.support.DefaultTestContext.getApplicationContext(DefaultTestContext.java:130) ~[spring-test-6.1.15.jar:6.1.15]
	at org.springframework.test.context.web.ServletTestExecutionListener.setUpRequestContextIfNecessary(ServletTestExecutionListener.java:191) ~[spring-test-6.1.15.jar:6.1.15]
	at org.springframework.test.context.web.ServletTestExecutionListener.prepareTestInstance(ServletTestExecutionListener.java:130) ~[spring-test-6.1.15.jar:6.1.15]
	at org.springframework.test.context.TestContextManager.prepareTestInstance(TestContextManager.java:260) ~[spring-test-6.1.15.jar:6.1.15]
	at org.springframework.test.context.junit.jupiter.SpringExtension.postProcessTestInstance(SpringExtension.java:163) ~[spring-test-6.1.15.jar:6.1.15]
	at org.junit.jupiter.engine.descriptor.ClassBasedTestDescriptor.lambda$invokeTestInstancePostProcessors$10(ClassBasedTestDescriptor.java:378) ~[junit-jupiter-engine-5.10.5.jar:5.10.5]
	at org.junit.jupiter.engine.descriptor.ClassBasedTestDescriptor.executeAndMaskThrowable(ClassBasedTestDescriptor.java:383) ~[junit-jupiter-engine-5.10.5.jar:5.10.5]
	at org.junit.jupiter.engine.descriptor.ClassBasedTestDescriptor.lambda$invokeTestInstancePostProcessors$11(ClassBasedTestDescriptor.java:378) ~[junit-jupiter-engine-5.10.5.jar:5.10.5]
	at java.base/java.util.stream.ReferencePipeline$3$1.accept(ReferencePipeline.java:197) ~[na:na]
	at java.base/java.util.stream.ReferencePipeline$2$1.accept(ReferencePipeline.java:179) ~[na:na]
	at java.base/java.util.ArrayList$ArrayListSpliterator.forEachRemaining(ArrayList.java:1708) ~[na:na]
	at java.base/java.util.stream.AbstractPipeline.copyInto(AbstractPipeline.java:509) ~[na:na]
	at java.base/java.util.stream.AbstractPipeline.wrapAndCopyInto(AbstractPipeline.java:499) ~[na:na]
	at java.base/java.util.stream.StreamSpliterators$WrappingSpliterator.forEachRemaining(StreamSpliterators.java:310) ~[na:na]
	at java.base/java.util.stream.Streams$ConcatSpliterator.forEachRemaining(Streams.java:735) ~[na:na]
	at java.base/java.util.stream.Streams$ConcatSpliterator.forEachRemaining(Streams.java:734) ~[na:na]
	at java.base/java.util.stream.ReferencePipeline$Head.forEach(ReferencePipeline.java:762) ~[na:na]
	at org.junit.jupiter.engine.descriptor.ClassBasedTestDescriptor.invokeTestInstancePostProcessors(ClassBasedTestDescriptor.java:377) ~[junit-jupiter-engine-5.10.5.jar:5.10.5]
	at org.junit.jupiter.engine.descriptor.ClassBasedTestDescriptor.lambda$instantiateAndPostProcessTestInstance$6(ClassBasedTestDescriptor.java:290) ~[junit-jupiter-engine-5.10.5.jar:5.10.5]
	at org.junit.platform.engine.support.hierarchical.ThrowableCollector.execute(ThrowableCollector.java:73) ~[junit-platform-engine-1.10.5.jar:1.10.5]
	at org.junit.jupiter.engine.descriptor.ClassBasedTestDescriptor.instantiateAndPostProcessTestInstance(ClassBasedTestDescriptor.java:289) ~[junit-jupiter-engine-5.10.5.jar:5.10.5]
	at org.junit.jupiter.engine.descriptor.ClassBasedTestDescriptor.lambda$testInstancesProvider$4(ClassBasedTestDescriptor.java:279) ~[junit-jupiter-engine-5.10.5.jar:5.10.5]
	at java.base/java.util.Optional.orElseGet(Optional.java:364) ~[na:na]
	at org.junit.jupiter.engine.descriptor.ClassBasedTestDescriptor.lambda$testInstancesProvider$5(ClassBasedTestDescriptor.java:278) ~[junit-jupiter-engine-5.10.5.jar:5.10.5]
	at org.junit.jupiter.engine.execution.TestInstancesProvider.getTestInstances(TestInstancesProvider.java:31) ~[junit-jupiter-engine-5.10.5.jar:5.10.5]
	at org.junit.jupiter.engine.descriptor.TestMethodTestDescriptor.lambda$prepare$0(TestMethodTestDescriptor.java:106) ~[junit-jupiter-engine-5.10.5.jar:5.10.5]
	at org.junit.platform.engine.support.hierarchical.ThrowableCollector.execute(ThrowableCollector.java:73) ~[junit-platform-engine-1.10.5.jar:1.10.5]
	at org.junit.jupiter.engine.descriptor.TestMethodTestDescriptor.prepare(TestMethodTestDescriptor.java:105) ~[junit-jupiter-engine-5.10.5.jar:5.10.5]
	at org.junit.jupiter.engine.descriptor.TestMethodTestDescriptor.prepare(TestMethodTestDescriptor.java:69) ~[junit-jupiter-engine-5.10.5.jar:5.10.5]
	at org.junit.platform.engine.support.hierarchical.NodeTestTask.lambda$prepare$2(NodeTestTask.java:128) ~[junit-platform-engine-1.10.5.jar:1.10.5]
	at org.junit.platform.engine.support.hierarchical.ThrowableCollector.execute(ThrowableCollector.java:73) ~[junit-platform-engine-1.10.5.jar:1.10.5]
	at org.junit.platform.engine.support.hierarchical.NodeTestTask.prepare(NodeTestTask.java:128) ~[junit-platform-engine-1.10.5.jar:1.10.5]
	at org.junit.platform.engine.support.hierarchical.NodeTestTask.execute(NodeTestTask.java:95) ~[junit-platform-engine-1.10.5.jar:1.10.5]
	at java.base/java.util.ArrayList.forEach(ArrayList.java:1596) ~[na:na]
	at org.junit.platform.engine.support.hierarchical.SameThreadHierarchicalTestExecutorService.invokeAll(SameThreadHierarchicalTestExecutorService.java:41) ~[junit-platform-engine-1.10.5.jar:1.10.5]
	at org.junit.platform.engine.support.hierarchical.NodeTestTask.lambda$executeRecursively$6(NodeTestTask.java:160) ~[junit-platform-engine-1.10.5.jar:1.10.5]
	at org.junit.platform.engine.support.hierarchical.ThrowableCollector.execute(ThrowableCollector.java:73) ~[junit-platform-engine-1.10.5.jar:1.10.5]
	at org.junit.platform.engine.support.hierarchical.NodeTestTask.lambda$executeRecursively$8(NodeTestTask.java:146) ~[junit-platform-engine-1.10.5.jar:1.10.5]
	at org.junit.platform.engine.support.hierarchical.Node.around(Node.java:137) ~[junit-platform-engine-1.10.5.jar:1.10.5]
	at org.junit.platform.engine.support.hierarchical.NodeTestTask.lambda$executeRecursively$9(NodeTestTask.java:144) ~[junit-platform-engine-1.10.5.jar:1.10.5]
	at org.junit.platform.engine.support.hierarchical.ThrowableCollector.execute(ThrowableCollector.java:73) ~[junit-platform-engine-1.10.5.jar:1.10.5]
	at org.junit.platform.engine.support.hierarchical.NodeTestTask.executeRecursively(NodeTestTask.java:143) ~[junit-platform-engine-1.10.5.jar:1.10.5]
	at org.junit.platform.engine.support.hierarchical.NodeTestTask.execute(NodeTestTask.java:100) ~[junit-platform-engine-1.10.5.jar:1.10.5]
	at java.base/java.util.ArrayList.forEach(ArrayList.java:1596) ~[na:na]
	at org.junit.platform.engine.support.hierarchical.SameThreadHierarchicalTestExecutorService.invokeAll(SameThreadHierarchicalTestExecutorService.java:41) ~[junit-platform-engine-1.10.5.jar:1.10.5]
	at org.junit.platform.engine.support.hierarchical.NodeTestTask.lambda$executeRecursively$6(NodeTestTask.java:160) ~[junit-platform-engine-1.10.5.jar:1.10.5]
	at org.junit.platform.engine.support.hierarchical.ThrowableCollector.execute(ThrowableCollector.java:73) ~[junit-platform-engine-1.10.5.jar:1.10.5]
	at org.junit.platform.engine.support.hierarchical.NodeTestTask.lambda$executeRecursively$8(NodeTestTask.java:146) ~[junit-platform-engine-1.10.5.jar:1.10.5]
	at org.junit.platform.engine.support.hierarchical.Node.around(Node.java:137) ~[junit-platform-engine-1.10.5.jar:1.10.5]
	at org.junit.platform.engine.support.hierarchical.NodeTestTask.lambda$executeRecursively$9(NodeTestTask.java:144) ~[junit-platform-engine-1.10.5.jar:1.10.5]
	at org.junit.platform.engine.support.hierarchical.ThrowableCollector.execute(ThrowableCollector.java:73) ~[junit-platform-engine-1.10.5.jar:1.10.5]
	at org.junit.platform.engine.support.hierarchical.NodeTestTask.executeRecursively(NodeTestTask.java:143) ~[junit-platform-engine-1.10.5.jar:1.10.5]
	at org.junit.platform.engine.support.hierarchical.NodeTestTask.execute(NodeTestTask.java:100) ~[junit-platform-engine-1.10.5.jar:1.10.5]
	at org.junit.platform.engine.support.hierarchical.SameThreadHierarchicalTestExecutorService.submit(SameThreadHierarchicalTestExecutorService.java:35) ~[junit-platform-engine-1.10.5.jar:1.10.5]
	at org.junit.platform.engine.support.hierarchical.HierarchicalTestExecutor.execute(HierarchicalTestExecutor.java:57) ~[junit-platform-engine-1.10.5.jar:1.10.5]
	at org.junit.platform.engine.support.hierarchical.HierarchicalTestEngine.execute(HierarchicalTestEngine.java:54) ~[junit-platform-engine-1.10.5.jar:1.10.5]
	at org.junit.platform.launcher.core.EngineExecutionOrchestrator.execute(EngineExecutionOrchestrator.java:198) ~[junit-platform-launcher-1.10.5.jar:1.10.5]
	at org.junit.platform.launcher.core.EngineExecutionOrchestrator.execute(EngineExecutionOrchestrator.java:169) ~[junit-platform-launcher-1.10.5.jar:1.10.5]
	at org.junit.platform.launcher.core.EngineExecutionOrchestrator.execute(EngineExecutionOrchestrator.java:93) ~[junit-platform-launcher-1.10.5.jar:1.10.5]
	at org.junit.platform.launcher.core.EngineExecutionOrchestrator.lambda$execute$0(EngineExecutionOrchestrator.java:58) ~[junit-platform-launcher-1.10.5.jar:1.10.5]
	at org.junit.platform.launcher.core.EngineExecutionOrchestrator.withInterceptedStreams(EngineExecutionOrchestrator.java:141) ~[junit-platform-launcher-1.10.5.jar:1.10.5]
	at org.junit.platform.launcher.core.EngineExecutionOrchestrator.execute(EngineExecutionOrchestrator.java:57) ~[junit-platform-launcher-1.10.5.jar:1.10.5]
	at org.junit.platform.launcher.core.DefaultLauncher.execute(DefaultLauncher.java:103) ~[junit-platform-launcher-1.10.5.jar:1.10.5]
	at org.junit.platform.launcher.core.DefaultLauncher.execute(DefaultLauncher.java:85) ~[junit-platform-launcher-1.10.5.jar:1.10.5]
	at org.junit.platform.launcher.core.DelegatingLauncher.execute(DelegatingLauncher.java:47) ~[junit-platform-launcher-1.10.5.jar:1.10.5]
	at org.junit.platform.launcher.core.SessionPerRequestLauncher.execute(SessionPerRequestLauncher.java:63) ~[junit-platform-launcher-1.10.5.jar:1.10.5]
	at com.intellij.junit5.JUnit5TestRunnerHelper.execute(JUnit5TestRunnerHelper.java:134) ~[junit5-rt.jar:na]
	at com.intellij.junit5.JUnit5IdeaTestRunner.startRunnerWithArgs(JUnit5IdeaTestRunner.java:70) ~[junit5-rt.jar:na]
	at com.intellij.rt.junit.IdeaTestRunner$Repeater$1.execute(IdeaTestRunner.java:38) ~[junit-rt.jar:na]
	at com.intellij.rt.execution.junit.TestsRepeater.repeat(TestsRepeater.java:11) ~[idea_rt.jar:na]
	at com.intellij.rt.junit.IdeaTestRunner$Repeater.startRunnerWithArgs(IdeaTestRunner.java:35) ~[junit-rt.jar:na]
	at com.intellij.rt.junit.JUnitStarter.prepareStreamsAndStart(JUnitStarter.java:226) ~[junit-rt.jar:na]
	at com.intellij.rt.junit.JUnitStarter.main(JUnitStarter.java:62) ~[junit-rt.jar:na]
Caused by: org.apache.seata.common.exception.FrameworkException: can not connect to [192.168.68.128:8099]
	at org.apache.seata.core.rpc.netty.NettyClientChannelManager.doReconnect(NettyClientChannelManager.java:251) ~[seata-all-2.1.0.jar:2.1.0]
	at org.apache.seata.core.rpc.netty.NettyClientChannelManager.doReconnect(NettyClientChannelManager.java:212) ~[seata-all-2.1.0.jar:2.1.0]
	at org.apache.seata.core.rpc.netty.NettyClientChannelManager.initReconnect(NettyClientChannelManager.java:176) ~[seata-all-2.1.0.jar:2.1.0]
	at org.apache.seata.core.rpc.netty.TmNettyRemotingClient.initConnection(TmNettyRemotingClient.java:291) ~[seata-all-2.1.0.jar:2.1.0]
	at org.apache.seata.core.rpc.netty.TmNettyRemotingClient.init(TmNettyRemotingClient.java:191) ~[seata-all-2.1.0.jar:2.1.0]
	at org.apache.seata.tm.TMClient.init(TMClient.java:47) ~[seata-all-2.1.0.jar:2.1.0]
	at org.apache.seata.spring.annotation.GlobalTransactionScanner.initClient(GlobalTransactionScanner.java:232) ~[seata-all-2.1.0.jar:2.1.0]
	at org.apache.seata.spring.annotation.GlobalTransactionScanner.afterPropertiesSet(GlobalTransactionScanner.java:480) ~[seata-all-2.1.0.jar:2.1.0]
	at org.springframework.beans.factory.support.AbstractAutowireCapableBeanFactory.invokeInitMethods(AbstractAutowireCapableBeanFactory.java:1853) ~[spring-beans-6.1.15.jar:6.1.15]
	at org.springframework.beans.factory.support.AbstractAutowireCapableBeanFactory.initializeBean(AbstractAutowireCapableBeanFactory.java:1802) ~[spring-beans-6.1.15.jar:6.1.15]
	... 94 common frames omitted

21:16:44:229  WARN 18512 --- [item-service] [main] o.s.test.context.TestContextManager      : Caught exception while allowing TestExecutionListener [org.springframework.test.context.web.ServletTestExecutionListener] to prepare test instance [com.george.item.elastic.ElasticDSLSearchTest@20b829d5]

java.lang.IllegalStateException: Failed to load ApplicationContext for [WebMergedContextConfiguration@2774dcf4 testClass = com.george.item.elastic.ElasticDSLSearchTest, locations = [], classes = [com.george.item.ItemApplication], contextInitializerClasses = [], activeProfiles = [], propertySourceDescriptors = [], propertySourceProperties = ["spring.profiles.active=local", "org.springframework.boot.test.context.SpringBootTestContextBootstrapper=true"], contextCustomizers = [org.springframework.boot.test.context.filter.ExcludeFilterContextCustomizer@71a8adcf, org.springframework.boot.test.json.DuplicateJsonObjectContextCustomizerFactory$DuplicateJsonObjectContextCustomizer@47e2e487, org.springframework.boot.test.mock.mockito.MockitoContextCustomizer@0, org.springframework.boot.test.web.client.TestRestTemplateContextCustomizer@54e1c68b, org.springframework.boot.test.web.reactor.netty.DisableReactorResourceFactoryGlobalResourcesContextCustomizerFactory$DisableReactorResourceFactoryGlobalResourcesContextCustomizerCustomizer@5d534f5d, org.springframework.boot.test.context.SpringBootTestAnnotation@1045caf8], resourceBasePath = "src/main/webapp", contextLoader = org.springframework.boot.test.context.SpringBootContextLoader, parent = null]
	at org.springframework.test.context.cache.DefaultCacheAwareContextLoaderDelegate.loadContext(DefaultCacheAwareContextLoaderDelegate.java:180) ~[spring-test-6.1.15.jar:6.1.15]
	at org.springframework.test.context.support.DefaultTestContext.getApplicationContext(DefaultTestContext.java:130) ~[spring-test-6.1.15.jar:6.1.15]
	at org.springframework.test.context.web.ServletTestExecutionListener.setUpRequestContextIfNecessary(ServletTestExecutionListener.java:191) ~[spring-test-6.1.15.jar:6.1.15]
	at org.springframework.test.context.web.ServletTestExecutionListener.prepareTestInstance(ServletTestExecutionListener.java:130) ~[spring-test-6.1.15.jar:6.1.15]
	at org.springframework.test.context.TestContextManager.prepareTestInstance(TestContextManager.java:260) ~[spring-test-6.1.15.jar:6.1.15]
	at org.springframework.test.context.junit.jupiter.SpringExtension.postProcessTestInstance(SpringExtension.java:163) ~[spring-test-6.1.15.jar:6.1.15]
	at org.junit.jupiter.engine.descriptor.ClassBasedTestDescriptor.lambda$invokeTestInstancePostProcessors$10(ClassBasedTestDescriptor.java:378) ~[junit-jupiter-engine-5.10.5.jar:5.10.5]
	at org.junit.jupiter.engine.descriptor.ClassBasedTestDescriptor.executeAndMaskThrowable(ClassBasedTestDescriptor.java:383) ~[junit-jupiter-engine-5.10.5.jar:5.10.5]
	at org.junit.jupiter.engine.descriptor.ClassBasedTestDescriptor.lambda$invokeTestInstancePostProcessors$11(ClassBasedTestDescriptor.java:378) ~[junit-jupiter-engine-5.10.5.jar:5.10.5]
	at java.base/java.util.stream.ReferencePipeline$3$1.accept(ReferencePipeline.java:197) ~[na:na]
	at java.base/java.util.stream.ReferencePipeline$2$1.accept(ReferencePipeline.java:179) ~[na:na]
	at java.base/java.util.ArrayList$ArrayListSpliterator.forEachRemaining(ArrayList.java:1708) ~[na:na]
	at java.base/java.util.stream.AbstractPipeline.copyInto(AbstractPipeline.java:509) ~[na:na]
	at java.base/java.util.stream.AbstractPipeline.wrapAndCopyInto(AbstractPipeline.java:499) ~[na:na]
	at java.base/java.util.stream.StreamSpliterators$WrappingSpliterator.forEachRemaining(StreamSpliterators.java:310) ~[na:na]
	at java.base/java.util.stream.Streams$ConcatSpliterator.forEachRemaining(Streams.java:735) ~[na:na]
	at java.base/java.util.stream.Streams$ConcatSpliterator.forEachRemaining(Streams.java:734) ~[na:na]
	at java.base/java.util.stream.ReferencePipeline$Head.forEach(ReferencePipeline.java:762) ~[na:na]
	at org.junit.jupiter.engine.descriptor.ClassBasedTestDescriptor.invokeTestInstancePostProcessors(ClassBasedTestDescriptor.java:377) ~[junit-jupiter-engine-5.10.5.jar:5.10.5]
	at org.junit.jupiter.engine.descriptor.ClassBasedTestDescriptor.lambda$instantiateAndPostProcessTestInstance$6(ClassBasedTestDescriptor.java:290) ~[junit-jupiter-engine-5.10.5.jar:5.10.5]
	at org.junit.platform.engine.support.hierarchical.ThrowableCollector.execute(ThrowableCollector.java:73) ~[junit-platform-engine-1.10.5.jar:1.10.5]
	at org.junit.jupiter.engine.descriptor.ClassBasedTestDescriptor.instantiateAndPostProcessTestInstance(ClassBasedTestDescriptor.java:289) ~[junit-jupiter-engine-5.10.5.jar:5.10.5]
	at org.junit.jupiter.engine.descriptor.ClassBasedTestDescriptor.lambda$testInstancesProvider$4(ClassBasedTestDescriptor.java:279) ~[junit-jupiter-engine-5.10.5.jar:5.10.5]
	at java.base/java.util.Optional.orElseGet(Optional.java:364) ~[na:na]
	at org.junit.jupiter.engine.descriptor.ClassBasedTestDescriptor.lambda$testInstancesProvider$5(ClassBasedTestDescriptor.java:278) ~[junit-jupiter-engine-5.10.5.jar:5.10.5]
	at org.junit.jupiter.engine.execution.TestInstancesProvider.getTestInstances(TestInstancesProvider.java:31) ~[junit-jupiter-engine-5.10.5.jar:5.10.5]
	at org.junit.jupiter.engine.descriptor.TestMethodTestDescriptor.lambda$prepare$0(TestMethodTestDescriptor.java:106) ~[junit-jupiter-engine-5.10.5.jar:5.10.5]
	at org.junit.platform.engine.support.hierarchical.ThrowableCollector.execute(ThrowableCollector.java:73) ~[junit-platform-engine-1.10.5.jar:1.10.5]
	at org.junit.jupiter.engine.descriptor.TestMethodTestDescriptor.prepare(TestMethodTestDescriptor.java:105) ~[junit-jupiter-engine-5.10.5.jar:5.10.5]
	at org.junit.jupiter.engine.descriptor.TestMethodTestDescriptor.prepare(TestMethodTestDescriptor.java:69) ~[junit-jupiter-engine-5.10.5.jar:5.10.5]
	at org.junit.platform.engine.support.hierarchical.NodeTestTask.lambda$prepare$2(NodeTestTask.java:128) ~[junit-platform-engine-1.10.5.jar:1.10.5]
	at org.junit.platform.engine.support.hierarchical.ThrowableCollector.execute(ThrowableCollector.java:73) ~[junit-platform-engine-1.10.5.jar:1.10.5]
	at org.junit.platform.engine.support.hierarchical.NodeTestTask.prepare(NodeTestTask.java:128) ~[junit-platform-engine-1.10.5.jar:1.10.5]
	at org.junit.platform.engine.support.hierarchical.NodeTestTask.execute(NodeTestTask.java:95) ~[junit-platform-engine-1.10.5.jar:1.10.5]
	at java.base/java.util.ArrayList.forEach(ArrayList.java:1596) ~[na:na]
	at org.junit.platform.engine.support.hierarchical.SameThreadHierarchicalTestExecutorService.invokeAll(SameThreadHierarchicalTestExecutorService.java:41) ~[junit-platform-engine-1.10.5.jar:1.10.5]
	at org.junit.platform.engine.support.hierarchical.NodeTestTask.lambda$executeRecursively$6(NodeTestTask.java:160) ~[junit-platform-engine-1.10.5.jar:1.10.5]
	at org.junit.platform.engine.support.hierarchical.ThrowableCollector.execute(ThrowableCollector.java:73) ~[junit-platform-engine-1.10.5.jar:1.10.5]
	at org.junit.platform.engine.support.hierarchical.NodeTestTask.lambda$executeRecursively$8(NodeTestTask.java:146) ~[junit-platform-engine-1.10.5.jar:1.10.5]
	at org.junit.platform.engine.support.hierarchical.Node.around(Node.java:137) ~[junit-platform-engine-1.10.5.jar:1.10.5]
	at org.junit.platform.engine.support.hierarchical.NodeTestTask.lambda$executeRecursively$9(NodeTestTask.java:144) ~[junit-platform-engine-1.10.5.jar:1.10.5]
	at org.junit.platform.engine.support.hierarchical.ThrowableCollector.execute(ThrowableCollector.java:73) ~[junit-platform-engine-1.10.5.jar:1.10.5]
	at org.junit.platform.engine.support.hierarchical.NodeTestTask.executeRecursively(NodeTestTask.java:143) ~[junit-platform-engine-1.10.5.jar:1.10.5]
	at org.junit.platform.engine.support.hierarchical.NodeTestTask.execute(NodeTestTask.java:100) ~[junit-platform-engine-1.10.5.jar:1.10.5]
	at java.base/java.util.ArrayList.forEach(ArrayList.java:1596) ~[na:na]
	at org.junit.platform.engine.support.hierarchical.SameThreadHierarchicalTestExecutorService.invokeAll(SameThreadHierarchicalTestExecutorService.java:41) ~[junit-platform-engine-1.10.5.jar:1.10.5]
	at org.junit.platform.engine.support.hierarchical.NodeTestTask.lambda$executeRecursively$6(NodeTestTask.java:160) ~[junit-platform-engine-1.10.5.jar:1.10.5]
	at org.junit.platform.engine.support.hierarchical.ThrowableCollector.execute(ThrowableCollector.java:73) ~[junit-platform-engine-1.10.5.jar:1.10.5]
	at org.junit.platform.engine.support.hierarchical.NodeTestTask.lambda$executeRecursively$8(NodeTestTask.java:146) ~[junit-platform-engine-1.10.5.jar:1.10.5]
	at org.junit.platform.engine.support.hierarchical.Node.around(Node.java:137) ~[junit-platform-engine-1.10.5.jar:1.10.5]
	at org.junit.platform.engine.support.hierarchical.NodeTestTask.lambda$executeRecursively$9(NodeTestTask.java:144) ~[junit-platform-engine-1.10.5.jar:1.10.5]
	at org.junit.platform.engine.support.hierarchical.ThrowableCollector.execute(ThrowableCollector.java:73) ~[junit-platform-engine-1.10.5.jar:1.10.5]
	at org.junit.platform.engine.support.hierarchical.NodeTestTask.executeRecursively(NodeTestTask.java:143) ~[junit-platform-engine-1.10.5.jar:1.10.5]
	at org.junit.platform.engine.support.hierarchical.NodeTestTask.execute(NodeTestTask.java:100) ~[junit-platform-engine-1.10.5.jar:1.10.5]
	at org.junit.platform.engine.support.hierarchical.SameThreadHierarchicalTestExecutorService.submit(SameThreadHierarchicalTestExecutorService.java:35) ~[junit-platform-engine-1.10.5.jar:1.10.5]
	at org.junit.platform.engine.support.hierarchical.HierarchicalTestExecutor.execute(HierarchicalTestExecutor.java:57) ~[junit-platform-engine-1.10.5.jar:1.10.5]
	at org.junit.platform.engine.support.hierarchical.HierarchicalTestEngine.execute(HierarchicalTestEngine.java:54) ~[junit-platform-engine-1.10.5.jar:1.10.5]
	at org.junit.platform.launcher.core.EngineExecutionOrchestrator.execute(EngineExecutionOrchestrator.java:198) ~[junit-platform-launcher-1.10.5.jar:1.10.5]
	at org.junit.platform.launcher.core.EngineExecutionOrchestrator.execute(EngineExecutionOrchestrator.java:169) ~[junit-platform-launcher-1.10.5.jar:1.10.5]
	at org.junit.platform.launcher.core.EngineExecutionOrchestrator.execute(EngineExecutionOrchestrator.java:93) ~[junit-platform-launcher-1.10.5.jar:1.10.5]
	at org.junit.platform.launcher.core.EngineExecutionOrchestrator.lambda$execute$0(EngineExecutionOrchestrator.java:58) ~[junit-platform-launcher-1.10.5.jar:1.10.5]
	at org.junit.platform.launcher.core.EngineExecutionOrchestrator.withInterceptedStreams(EngineExecutionOrchestrator.java:141) ~[junit-platform-launcher-1.10.5.jar:1.10.5]
	at org.junit.platform.launcher.core.EngineExecutionOrchestrator.execute(EngineExecutionOrchestrator.java:57) ~[junit-platform-launcher-1.10.5.jar:1.10.5]
	at org.junit.platform.launcher.core.DefaultLauncher.execute(DefaultLauncher.java:103) ~[junit-platform-launcher-1.10.5.jar:1.10.5]
	at org.junit.platform.launcher.core.DefaultLauncher.execute(DefaultLauncher.java:85) ~[junit-platform-launcher-1.10.5.jar:1.10.5]
	at org.junit.platform.launcher.core.DelegatingLauncher.execute(DelegatingLauncher.java:47) ~[junit-platform-launcher-1.10.5.jar:1.10.5]
	at org.junit.platform.launcher.core.SessionPerRequestLauncher.execute(SessionPerRequestLauncher.java:63) ~[junit-platform-launcher-1.10.5.jar:1.10.5]
	at com.intellij.junit5.JUnit5TestRunnerHelper.execute(JUnit5TestRunnerHelper.java:134) ~[junit5-rt.jar:na]
	at com.intellij.junit5.JUnit5IdeaTestRunner.startRunnerWithArgs(JUnit5IdeaTestRunner.java:70) ~[junit5-rt.jar:na]
	at com.intellij.rt.junit.IdeaTestRunner$Repeater$1.execute(IdeaTestRunner.java:38) ~[junit-rt.jar:na]
	at com.intellij.rt.execution.junit.TestsRepeater.repeat(TestsRepeater.java:11) ~[idea_rt.jar:na]
	at com.intellij.rt.junit.IdeaTestRunner$Repeater.startRunnerWithArgs(IdeaTestRunner.java:35) ~[junit-rt.jar:na]
	at com.intellij.rt.junit.JUnitStarter.prepareStreamsAndStart(JUnitStarter.java:226) ~[junit-rt.jar:na]
	at com.intellij.rt.junit.JUnitStarter.main(JUnitStarter.java:62) ~[junit-rt.jar:na]
Caused by: org.springframework.beans.factory.BeanCreationException: Error creating bean with name 'globalTransactionScanner' defined in class path resource [org/apache/seata/spring/boot/autoconfigure/SeataAutoConfiguration.class]: can not connect to [192.168.68.128:8099]
	at org.springframework.beans.factory.support.AbstractAutowireCapableBeanFactory.initializeBean(AbstractAutowireCapableBeanFactory.java:1806) ~[spring-beans-6.1.15.jar:6.1.15]
	at org.springframework.beans.factory.support.AbstractAutowireCapableBeanFactory.doCreateBean(AbstractAutowireCapableBeanFactory.java:600) ~[spring-beans-6.1.15.jar:6.1.15]
	at org.springframework.beans.factory.support.AbstractAutowireCapableBeanFactory.createBean(AbstractAutowireCapableBeanFactory.java:522) ~[spring-beans-6.1.15.jar:6.1.15]
	at org.springframework.beans.factory.support.AbstractBeanFactory.lambda$doGetBean$0(AbstractBeanFactory.java:337) ~[spring-beans-6.1.15.jar:6.1.15]
	at org.springframework.beans.factory.support.DefaultSingletonBeanRegistry.getSingleton(DefaultSingletonBeanRegistry.java:234) ~[spring-beans-6.1.15.jar:6.1.15]
	at org.springframework.beans.factory.support.AbstractBeanFactory.doGetBean(AbstractBeanFactory.java:335) ~[spring-beans-6.1.15.jar:6.1.15]
	at org.springframework.beans.factory.support.AbstractBeanFactory.getBean(AbstractBeanFactory.java:205) ~[spring-beans-6.1.15.jar:6.1.15]
	at org.springframework.context.support.PostProcessorRegistrationDelegate.registerBeanPostProcessors(PostProcessorRegistrationDelegate.java:265) ~[spring-context-6.1.15.jar:6.1.15]
	at org.springframework.context.support.AbstractApplicationContext.registerBeanPostProcessors(AbstractApplicationContext.java:806) ~[spring-context-6.1.15.jar:6.1.15]
	at org.springframework.context.support.AbstractApplicationContext.refresh(AbstractApplicationContext.java:609) ~[spring-context-6.1.15.jar:6.1.15]
	at org.springframework.boot.SpringApplication.refresh(SpringApplication.java:754) ~[spring-boot-3.3.6.jar:3.3.6]
	at org.springframework.boot.SpringApplication.refreshContext(SpringApplication.java:456) ~[spring-boot-3.3.6.jar:3.3.6]
	at org.springframework.boot.SpringApplication.run(SpringApplication.java:335) ~[spring-boot-3.3.6.jar:3.3.6]
	at org.springframework.boot.test.context.SpringBootContextLoader.lambda$loadContext$3(SpringBootContextLoader.java:137) ~[spring-boot-test-3.3.6.jar:3.3.6]
	at org.springframework.util.function.ThrowingSupplier.get(ThrowingSupplier.java:58) ~[spring-core-6.1.15.jar:6.1.15]
	at org.springframework.util.function.ThrowingSupplier.get(ThrowingSupplier.java:46) ~[spring-core-6.1.15.jar:6.1.15]
	at org.springframework.boot.SpringApplication.withHook(SpringApplication.java:1463) ~[spring-boot-3.3.6.jar:3.3.6]
	at org.springframework.boot.test.context.SpringBootContextLoader$ContextLoaderHook.run(SpringBootContextLoader.java:553) ~[spring-boot-test-3.3.6.jar:3.3.6]
	at org.springframework.boot.test.context.SpringBootContextLoader.loadContext(SpringBootContextLoader.java:137) ~[spring-boot-test-3.3.6.jar:3.3.6]
	at org.springframework.boot.test.context.SpringBootContextLoader.loadContext(SpringBootContextLoader.java:108) ~[spring-boot-test-3.3.6.jar:3.3.6]
	at org.springframework.test.context.cache.DefaultCacheAwareContextLoaderDelegate.loadContextInternal(DefaultCacheAwareContextLoaderDelegate.java:225) ~[spring-test-6.1.15.jar:6.1.15]
	at org.springframework.test.context.cache.DefaultCacheAwareContextLoaderDelegate.loadContext(DefaultCacheAwareContextLoaderDelegate.java:152) ~[spring-test-6.1.15.jar:6.1.15]
	... 73 common frames omitted
Caused by: org.apache.seata.common.exception.FrameworkException: can not connect to [192.168.68.128:8099]
	at org.apache.seata.core.rpc.netty.NettyClientChannelManager.doReconnect(NettyClientChannelManager.java:251) ~[seata-all-2.1.0.jar:2.1.0]
	at org.apache.seata.core.rpc.netty.NettyClientChannelManager.doReconnect(NettyClientChannelManager.java:212) ~[seata-all-2.1.0.jar:2.1.0]
	at org.apache.seata.core.rpc.netty.NettyClientChannelManager.initReconnect(NettyClientChannelManager.java:176) ~[seata-all-2.1.0.jar:2.1.0]
	at org.apache.seata.core.rpc.netty.TmNettyRemotingClient.initConnection(TmNettyRemotingClient.java:291) ~[seata-all-2.1.0.jar:2.1.0]
	at org.apache.seata.core.rpc.netty.TmNettyRemotingClient.init(TmNettyRemotingClient.java:191) ~[seata-all-2.1.0.jar:2.1.0]
	at org.apache.seata.tm.TMClient.init(TMClient.java:47) ~[seata-all-2.1.0.jar:2.1.0]
	at org.apache.seata.spring.annotation.GlobalTransactionScanner.initClient(GlobalTransactionScanner.java:232) ~[seata-all-2.1.0.jar:2.1.0]
	at org.apache.seata.spring.annotation.GlobalTransactionScanner.afterPropertiesSet(GlobalTransactionScanner.java:480) ~[seata-all-2.1.0.jar:2.1.0]
	at org.springframework.beans.factory.support.AbstractAutowireCapableBeanFactory.invokeInitMethods(AbstractAutowireCapableBeanFactory.java:1853) ~[spring-beans-6.1.15.jar:6.1.15]
	at org.springframework.beans.factory.support.AbstractAutowireCapableBeanFactory.initializeBean(AbstractAutowireCapableBeanFactory.java:1802) ~[spring-beans-6.1.15.jar:6.1.15]
	... 94 common frames omitted

21:16:44:264  WARN 18512 --- [item-service] [Thread-2] c.a.n.common.executor.ThreadPoolManager  : [ThreadPoolManager] Start destroying ThreadPool
21:32:21:472  INFO 19184 --- [item-service] [main] c.a.nacos.client.logging.NacosLogging    : Nacos Logging Adapter Builder: com.alibaba.nacos.logger.adapter.logback12.LogbackNacosLoggingAdapterBuilder
21:32:21:485  INFO 19184 --- [item-service] [main] c.a.nacos.client.logging.NacosLogging    : Nacos Logging Adapter Builder: com.alibaba.nacos.logger.adapter.logback14.LogbackNacosLoggingAdapterBuilder
21:32:21:487  INFO 19184 --- [item-service] [main] c.a.nacos.client.logging.NacosLogging    : Nacos Logging Adapter: com.alibaba.nacos.logger.adapter.logback14.LogbackNacosLoggingAdapter match ch.qos.logback.classic.Logger success.
21:32:21:494  INFO 19184 --- [item-service] [main] c.a.nacos.client.logging.NacosLogging    : Nacos Logging Adapter Builder: com.alibaba.nacos.logger.adapter.log4j2.Log4j2NacosLoggingAdapterBuilder
21:32:21:599  WARN 19184 --- [item-service] [main] c.a.nacos.client.logging.NacosLogging    : Load ch.qos.logback.classic.Logger Configuration of Nacos fail, message: 'void ch.qos.logback.core.model.ModelUtil.setProperty(ch.qos.logback.core.model.processor.ModelInterpretationContext, java.lang.String, java.lang.String, ch.qos.logback.core.joran.action.ActionUtil$Scope)'
21:32:21:679  WARN 19184 --- [item-service] [main] c.a.nacos.client.logging.NacosLogging    : Load ch.qos.logback.classic.Logger Configuration of Nacos fail, message: 'void ch.qos.logback.core.model.ModelUtil.setProperty(ch.qos.logback.core.model.processor.ModelInterpretationContext, java.lang.String, java.lang.String, ch.qos.logback.core.joran.action.ActionUtil$Scope)'
21:32:21:697  INFO 19184 --- [item-service] [main] c.g.item.elastic.ElasticDSLSearchTest    : Starting ElasticDSLSearchTest using Java 21.0.11 with PID 19184 (started by lindu in E:\hmall\hm-item\item-service)
21:32:21:699  INFO 19184 --- [item-service] [main] c.g.item.elastic.ElasticDSLSearchTest    : The following 1 profile is active: "local"
21:32:23:146  INFO 19184 --- [item-service] [main] o.s.cloud.context.scope.GenericScope     : BeanFactory id=47d6e0ea-b2a4-3bea-86c5-5bfe4470e366
21:32:23:285  WARN 19184 --- [item-service] [main] trationDelegate$BeanPostProcessorChecker : Bean 'org.apache.seata.spring.boot.autoconfigure.SeataCoreAutoConfiguration' of type [org.apache.seata.spring.boot.autoconfigure.SeataCoreAutoConfiguration] is not eligible for getting processed by all BeanPostProcessors (for example: not eligible for auto-proxying). Is this bean getting eagerly injected/applied to a currently created BeanPostProcessor []? Check the corresponding BeanPostProcessor declaration and its dependencies/advisors. If this bean does not have to be post-processed, declare it with ROLE_INFRASTRUCTURE.
21:32:23:287  WARN 19184 --- [item-service] [main] trationDelegate$BeanPostProcessorChecker : Bean 'springApplicationContextProvider' of type [org.apache.seata.spring.boot.autoconfigure.provider.SpringApplicationContextProvider] is not eligible for getting processed by all BeanPostProcessors (for example: not eligible for auto-proxying). Is this bean getting eagerly injected/applied to a currently created BeanPostProcessor []? Check the corresponding BeanPostProcessor declaration and its dependencies/advisors. If this bean does not have to be post-processed, declare it with ROLE_INFRASTRUCTURE.
21:32:23:288  WARN 19184 --- [item-service] [main] trationDelegate$BeanPostProcessorChecker : Bean 'org.apache.seata.spring.boot.autoconfigure.SeataAutoConfiguration' of type [org.apache.seata.spring.boot.autoconfigure.SeataAutoConfiguration] is not eligible for getting processed by all BeanPostProcessors (for example: not eligible for auto-proxying). Is this bean getting eagerly injected/applied to a currently created BeanPostProcessor []? Check the corresponding BeanPostProcessor declaration and its dependencies/advisors. If this bean does not have to be post-processed, declare it with ROLE_INFRASTRUCTURE.
21:32:23:373  WARN 19184 --- [item-service] [main] trationDelegate$BeanPostProcessorChecker : Bean 'failureHandler' of type [org.apache.seata.tm.api.DefaultFailureHandlerImpl] is not eligible for getting processed by all BeanPostProcessors (for example: not eligible for auto-proxying). Is this bean getting eagerly injected/applied to a currently created BeanPostProcessor []? Check the corresponding BeanPostProcessor declaration and its dependencies/advisors. If this bean does not have to be post-processed, declare it with ROLE_INFRASTRUCTURE.
21:32:23:388  WARN 19184 --- [item-service] [main] trationDelegate$BeanPostProcessorChecker : Bean 'org.springframework.cloud.commons.config.CommonsConfigAutoConfiguration' of type [org.springframework.cloud.commons.config.CommonsConfigAutoConfiguration] is not eligible for getting processed by all BeanPostProcessors (for example: not eligible for auto-proxying). Is this bean getting eagerly injected/applied to a currently created BeanPostProcessor [globalTransactionScanner]? Check the corresponding BeanPostProcessor declaration and its dependencies/advisors. If this bean does not have to be post-processed, declare it with ROLE_INFRASTRUCTURE.
21:32:23:396  WARN 19184 --- [item-service] [main] trationDelegate$BeanPostProcessorChecker : Bean 'org.springframework.cloud.client.loadbalancer.LoadBalancerDefaultMappingsProviderAutoConfiguration' of type [org.springframework.cloud.client.loadbalancer.LoadBalancerDefaultMappingsProviderAutoConfiguration] is not eligible for getting processed by all BeanPostProcessors (for example: not eligible for auto-proxying). Is this bean getting eagerly injected/applied to a currently created BeanPostProcessor [globalTransactionScanner]? Check the corresponding BeanPostProcessor declaration and its dependencies/advisors. If this bean does not have to be post-processed, declare it with ROLE_INFRASTRUCTURE.
21:32:23:398  WARN 19184 --- [item-service] [main] trationDelegate$BeanPostProcessorChecker : Bean 'loadBalancerClientsDefaultsMappingsProvider' of type [org.springframework.cloud.client.loadbalancer.LoadBalancerDefaultMappingsProviderAutoConfiguration$$Lambda/0x00000146145b4a88] is not eligible for getting processed by all BeanPostProcessors (for example: not eligible for auto-proxying). Is this bean getting eagerly injected/applied to a currently created BeanPostProcessor [globalTransactionScanner]? Check the corresponding BeanPostProcessor declaration and its dependencies/advisors. If this bean does not have to be post-processed, declare it with ROLE_INFRASTRUCTURE.
21:32:23:400  WARN 19184 --- [item-service] [main] trationDelegate$BeanPostProcessorChecker : Bean 'defaultsBindHandlerAdvisor' of type [org.springframework.cloud.commons.config.DefaultsBindHandlerAdvisor] is not eligible for getting processed by all BeanPostProcessors (for example: not eligible for auto-proxying). Is this bean getting eagerly injected/applied to a currently created BeanPostProcessor [globalTransactionScanner]? Check the corresponding BeanPostProcessor declaration and its dependencies/advisors. If this bean does not have to be post-processed, declare it with ROLE_INFRASTRUCTURE.
21:32:23:409  WARN 19184 --- [item-service] [main] trationDelegate$BeanPostProcessorChecker : Bean 'springCloudAlibabaConfiguration' of type [org.apache.seata.spring.boot.autoconfigure.properties.SpringCloudAlibabaConfiguration] is not eligible for getting processed by all BeanPostProcessors (for example: not eligible for auto-proxying). Is this bean getting eagerly injected/applied to a currently created BeanPostProcessor [globalTransactionScanner]? Check the corresponding BeanPostProcessor declaration and its dependencies/advisors. If this bean does not have to be post-processed, declare it with ROLE_INFRASTRUCTURE.
21:32:23:419  WARN 19184 --- [item-service] [main] trationDelegate$BeanPostProcessorChecker : Bean 'seataProperties' of type [org.apache.seata.spring.boot.autoconfigure.properties.SeataProperties] is not eligible for getting processed by all BeanPostProcessors (for example: not eligible for auto-proxying). Is this bean getting eagerly injected/applied to a currently created BeanPostProcessor [globalTransactionScanner]? Check the corresponding BeanPostProcessor declaration and its dependencies/advisors. If this bean does not have to be post-processed, declare it with ROLE_INFRASTRUCTURE.
21:32:23:425  INFO 19184 --- [item-service] [main] o.a.s.s.b.a.SeataAutoConfiguration       : Automatically configure Seata
21:32:23:456  INFO 19184 --- [item-service] [main] ServiceLoader$InnerEnhancedServiceLoader : Load compatible class io.seata.spring.annotation.ScannerChecker
21:32:23:531  INFO 19184 --- [item-service] [main] ServiceLoader$InnerEnhancedServiceLoader : Ignore load compatible class io.seata.config.ExtConfigurationProvider, because is not assignable from origin type org.apache.seata.config.ExtConfigurationProvider
21:32:23:549  INFO 19184 --- [item-service] [main] o.a.seata.config.ConfigurationFactory    : load Configuration from :Spring Configuration
21:32:23:587  INFO 19184 --- [item-service] [main] ServiceLoader$InnerEnhancedServiceLoader : Load compatible class io.seata.integration.tx.api.remoting.RemotingParser
21:32:23:590  INFO 19184 --- [item-service] [main] o.a.s.s.a.GlobalTransactionScanner       : Initializing Global Transaction Clients ... 
21:32:23:733  INFO 19184 --- [item-service] [main] ServiceLoader$InnerEnhancedServiceLoader : Load compatible class io.seata.core.auth.AuthSigner
21:32:23:754  INFO 19184 --- [item-service] [main] o.a.s.c.rpc.netty.NettyClientBootstrap   : NettyClientBootstrap has started
21:32:23:767  INFO 19184 --- [item-service] [main] o.a.s.d.registry.RegistryFactory         : use registry center type: file
21:32:23:775  INFO 19184 --- [item-service] [main] ServiceLoader$InnerEnhancedServiceLoader : Load compatible class io.seata.discovery.registry.RegistryProvider
21:32:23:779  INFO 19184 --- [item-service] [main] o.a.s.c.r.n.NettyClientChannelManager    : will connect to 192.168.68.128:8099
21:32:23:787  INFO 19184 --- [item-service] [main] o.a.s.c.rpc.netty.NettyPoolableFactory   : NettyPool create channel to transactionRole:TMROLE,address:192.168.68.128:8099,msg:< RegisterTMRequest{version='2.1.0', applicationId='item-service', transactionServiceGroup='hmall', extraData='ak=null
digest=hmall,172.29.160.1,1790602343784
timestamp=1790602343784
authVersion=V4
vgroup=hmall
ip=172.29.160.1
'} >
21:32:33:887 ERROR 19184 --- [item-service] [main] o.a.s.c.r.n.NettyClientChannelManager    : 0304 register RM failed.

org.apache.seata.common.exception.FrameworkException: can not connect to services-server.
	at org.apache.seata.core.rpc.netty.NettyClientBootstrap.getNewChannel(NettyClientBootstrap.java:181) ~[seata-all-2.1.0.jar:2.1.0]
	at org.apache.seata.core.rpc.netty.NettyPoolableFactory.makeObject(NettyPoolableFactory.java:58) ~[seata-all-2.1.0.jar:2.1.0]
	at org.apache.seata.core.rpc.netty.NettyPoolableFactory.makeObject(NettyPoolableFactory.java:34) ~[seata-all-2.1.0.jar:2.1.0]
	at org.apache.commons.pool.impl.GenericKeyedObjectPool.borrowObject(GenericKeyedObjectPool.java:1220) ~[commons-pool-1.6.jar:1.6]
	at org.apache.seata.core.rpc.netty.NettyClientChannelManager.doConnect(NettyClientChannelManager.java:288) ~[seata-all-2.1.0.jar:2.1.0]
	at org.apache.seata.core.rpc.netty.NettyClientChannelManager.acquireChannel(NettyClientChannelManager.java:110) ~[seata-all-2.1.0.jar:2.1.0]
	at org.apache.seata.core.rpc.netty.NettyClientChannelManager.doReconnect(NettyClientChannelManager.java:233) ~[seata-all-2.1.0.jar:2.1.0]
	at org.apache.seata.core.rpc.netty.NettyClientChannelManager.doReconnect(NettyClientChannelManager.java:212) ~[seata-all-2.1.0.jar:2.1.0]
	at org.apache.seata.core.rpc.netty.NettyClientChannelManager.initReconnect(NettyClientChannelManager.java:176) ~[seata-all-2.1.0.jar:2.1.0]
	at org.apache.seata.core.rpc.netty.TmNettyRemotingClient.initConnection(TmNettyRemotingClient.java:291) ~[seata-all-2.1.0.jar:2.1.0]
	at org.apache.seata.core.rpc.netty.TmNettyRemotingClient.init(TmNettyRemotingClient.java:191) ~[seata-all-2.1.0.jar:2.1.0]
	at org.apache.seata.tm.TMClient.init(TMClient.java:47) ~[seata-all-2.1.0.jar:2.1.0]
	at org.apache.seata.spring.annotation.GlobalTransactionScanner.initClient(GlobalTransactionScanner.java:232) ~[seata-all-2.1.0.jar:2.1.0]
	at org.apache.seata.spring.annotation.GlobalTransactionScanner.afterPropertiesSet(GlobalTransactionScanner.java:480) ~[seata-all-2.1.0.jar:2.1.0]
	at org.springframework.beans.factory.support.AbstractAutowireCapableBeanFactory.invokeInitMethods(AbstractAutowireCapableBeanFactory.java:1853) ~[spring-beans-6.1.15.jar:6.1.15]
	at org.springframework.beans.factory.support.AbstractAutowireCapableBeanFactory.initializeBean(AbstractAutowireCapableBeanFactory.java:1802) ~[spring-beans-6.1.15.jar:6.1.15]
	at org.springframework.beans.factory.support.AbstractAutowireCapableBeanFactory.doCreateBean(AbstractAutowireCapableBeanFactory.java:600) ~[spring-beans-6.1.15.jar:6.1.15]
	at org.springframework.beans.factory.support.AbstractAutowireCapableBeanFactory.createBean(AbstractAutowireCapableBeanFactory.java:522) ~[spring-beans-6.1.15.jar:6.1.15]
	at org.springframework.beans.factory.support.AbstractBeanFactory.lambda$doGetBean$0(AbstractBeanFactory.java:337) ~[spring-beans-6.1.15.jar:6.1.15]
	at org.springframework.beans.factory.support.DefaultSingletonBeanRegistry.getSingleton(DefaultSingletonBeanRegistry.java:234) ~[spring-beans-6.1.15.jar:6.1.15]
	at org.springframework.beans.factory.support.AbstractBeanFactory.doGetBean(AbstractBeanFactory.java:335) ~[spring-beans-6.1.15.jar:6.1.15]
	at org.springframework.beans.factory.support.AbstractBeanFactory.getBean(AbstractBeanFactory.java:205) ~[spring-beans-6.1.15.jar:6.1.15]
	at org.springframework.context.support.PostProcessorRegistrationDelegate.registerBeanPostProcessors(PostProcessorRegistrationDelegate.java:265) ~[spring-context-6.1.15.jar:6.1.15]
	at org.springframework.context.support.AbstractApplicationContext.registerBeanPostProcessors(AbstractApplicationContext.java:806) ~[spring-context-6.1.15.jar:6.1.15]
	at org.springframework.context.support.AbstractApplicationContext.refresh(AbstractApplicationContext.java:609) ~[spring-context-6.1.15.jar:6.1.15]
	at org.springframework.boot.SpringApplication.refresh(SpringApplication.java:754) ~[spring-boot-3.3.6.jar:3.3.6]
	at org.springframework.boot.SpringApplication.refreshContext(SpringApplication.java:456) ~[spring-boot-3.3.6.jar:3.3.6]
	at org.springframework.boot.SpringApplication.run(SpringApplication.java:335) ~[spring-boot-3.3.6.jar:3.3.6]
	at org.springframework.boot.test.context.SpringBootContextLoader.lambda$loadContext$3(SpringBootContextLoader.java:137) ~[spring-boot-test-3.3.6.jar:3.3.6]
	at org.springframework.util.function.ThrowingSupplier.get(ThrowingSupplier.java:58) ~[spring-core-6.1.15.jar:6.1.15]
	at org.springframework.util.function.ThrowingSupplier.get(ThrowingSupplier.java:46) ~[spring-core-6.1.15.jar:6.1.15]
	at org.springframework.boot.SpringApplication.withHook(SpringApplication.java:1463) ~[spring-boot-3.3.6.jar:3.3.6]
	at org.springframework.boot.test.context.SpringBootContextLoader$ContextLoaderHook.run(SpringBootContextLoader.java:553) ~[spring-boot-test-3.3.6.jar:3.3.6]
	at org.springframework.boot.test.context.SpringBootContextLoader.loadContext(SpringBootContextLoader.java:137) ~[spring-boot-test-3.3.6.jar:3.3.6]
	at org.springframework.boot.test.context.SpringBootContextLoader.loadContext(SpringBootContextLoader.java:108) ~[spring-boot-test-3.3.6.jar:3.3.6]
	at org.springframework.test.context.cache.DefaultCacheAwareContextLoaderDelegate.loadContextInternal(DefaultCacheAwareContextLoaderDelegate.java:225) ~[spring-test-6.1.15.jar:6.1.15]
	at org.springframework.test.context.cache.DefaultCacheAwareContextLoaderDelegate.loadContext(DefaultCacheAwareContextLoaderDelegate.java:152) ~[spring-test-6.1.15.jar:6.1.15]
	at org.springframework.test.context.support.DefaultTestContext.getApplicationContext(DefaultTestContext.java:130) ~[spring-test-6.1.15.jar:6.1.15]
	at org.springframework.test.context.web.ServletTestExecutionListener.setUpRequestContextIfNecessary(ServletTestExecutionListener.java:191) ~[spring-test-6.1.15.jar:6.1.15]
	at org.springframework.test.context.web.ServletTestExecutionListener.prepareTestInstance(ServletTestExecutionListener.java:130) ~[spring-test-6.1.15.jar:6.1.15]
	at org.springframework.test.context.TestContextManager.prepareTestInstance(TestContextManager.java:260) ~[spring-test-6.1.15.jar:6.1.15]
	at org.springframework.test.context.junit.jupiter.SpringExtension.postProcessTestInstance(SpringExtension.java:163) ~[spring-test-6.1.15.jar:6.1.15]
	at org.junit.jupiter.engine.descriptor.ClassBasedTestDescriptor.lambda$invokeTestInstancePostProcessors$10(ClassBasedTestDescriptor.java:378) ~[junit-jupiter-engine-5.10.5.jar:5.10.5]
	at org.junit.jupiter.engine.descriptor.ClassBasedTestDescriptor.executeAndMaskThrowable(ClassBasedTestDescriptor.java:383) ~[junit-jupiter-engine-5.10.5.jar:5.10.5]
	at org.junit.jupiter.engine.descriptor.ClassBasedTestDescriptor.lambda$invokeTestInstancePostProcessors$11(ClassBasedTestDescriptor.java:378) ~[junit-jupiter-engine-5.10.5.jar:5.10.5]
	at java.base/java.util.stream.ReferencePipeline$3$1.accept(ReferencePipeline.java:197) ~[na:na]
	at java.base/java.util.stream.ReferencePipeline$2$1.accept(ReferencePipeline.java:179) ~[na:na]
	at java.base/java.util.ArrayList$ArrayListSpliterator.forEachRemaining(ArrayList.java:1708) ~[na:na]
	at java.base/java.util.stream.AbstractPipeline.copyInto(AbstractPipeline.java:509) ~[na:na]
	at java.base/java.util.stream.AbstractPipeline.wrapAndCopyInto(AbstractPipeline.java:499) ~[na:na]
	at java.base/java.util.stream.StreamSpliterators$WrappingSpliterator.forEachRemaining(StreamSpliterators.java:310) ~[na:na]
	at java.base/java.util.stream.Streams$ConcatSpliterator.forEachRemaining(Streams.java:735) ~[na:na]
	at java.base/java.util.stream.Streams$ConcatSpliterator.forEachRemaining(Streams.java:734) ~[na:na]
	at java.base/java.util.stream.ReferencePipeline$Head.forEach(ReferencePipeline.java:762) ~[na:na]
	at org.junit.jupiter.engine.descriptor.ClassBasedTestDescriptor.invokeTestInstancePostProcessors(ClassBasedTestDescriptor.java:377) ~[junit-jupiter-engine-5.10.5.jar:5.10.5]
	at org.junit.jupiter.engine.descriptor.ClassBasedTestDescriptor.lambda$instantiateAndPostProcessTestInstance$6(ClassBasedTestDescriptor.java:290) ~[junit-jupiter-engine-5.10.5.jar:5.10.5]
	at org.junit.platform.engine.support.hierarchical.ThrowableCollector.execute(ThrowableCollector.java:73) ~[junit-platform-engine-1.10.5.jar:1.10.5]
	at org.junit.jupiter.engine.descriptor.ClassBasedTestDescriptor.instantiateAndPostProcessTestInstance(ClassBasedTestDescriptor.java:289) ~[junit-jupiter-engine-5.10.5.jar:5.10.5]
	at org.junit.jupiter.engine.descriptor.ClassBasedTestDescriptor.lambda$testInstancesProvider$4(ClassBasedTestDescriptor.java:279) ~[junit-jupiter-engine-5.10.5.jar:5.10.5]
	at java.base/java.util.Optional.orElseGet(Optional.java:364) ~[na:na]
	at org.junit.jupiter.engine.descriptor.ClassBasedTestDescriptor.lambda$testInstancesProvider$5(ClassBasedTestDescriptor.java:278) ~[junit-jupiter-engine-5.10.5.jar:5.10.5]
	at org.junit.jupiter.engine.execution.TestInstancesProvider.getTestInstances(TestInstancesProvider.java:31) ~[junit-jupiter-engine-5.10.5.jar:5.10.5]
	at org.junit.jupiter.engine.descriptor.TestMethodTestDescriptor.lambda$prepare$0(TestMethodTestDescriptor.java:106) ~[junit-jupiter-engine-5.10.5.jar:5.10.5]
	at org.junit.platform.engine.support.hierarchical.ThrowableCollector.execute(ThrowableCollector.java:73) ~[junit-platform-engine-1.10.5.jar:1.10.5]
	at org.junit.jupiter.engine.descriptor.TestMethodTestDescriptor.prepare(TestMethodTestDescriptor.java:105) ~[junit-jupiter-engine-5.10.5.jar:5.10.5]
	at org.junit.jupiter.engine.descriptor.TestMethodTestDescriptor.prepare(TestMethodTestDescriptor.java:69) ~[junit-jupiter-engine-5.10.5.jar:5.10.5]
	at org.junit.platform.engine.support.hierarchical.NodeTestTask.lambda$prepare$2(NodeTestTask.java:128) ~[junit-platform-engine-1.10.5.jar:1.10.5]
	at org.junit.platform.engine.support.hierarchical.ThrowableCollector.execute(ThrowableCollector.java:73) ~[junit-platform-engine-1.10.5.jar:1.10.5]
	at org.junit.platform.engine.support.hierarchical.NodeTestTask.prepare(NodeTestTask.java:128) ~[junit-platform-engine-1.10.5.jar:1.10.5]
	at org.junit.platform.engine.support.hierarchical.NodeTestTask.execute(NodeTestTask.java:95) ~[junit-platform-engine-1.10.5.jar:1.10.5]
	at java.base/java.util.ArrayList.forEach(ArrayList.java:1596) ~[na:na]
	at org.junit.platform.engine.support.hierarchical.SameThreadHierarchicalTestExecutorService.invokeAll(SameThreadHierarchicalTestExecutorService.java:41) ~[junit-platform-engine-1.10.5.jar:1.10.5]
	at org.junit.platform.engine.support.hierarchical.NodeTestTask.lambda$executeRecursively$6(NodeTestTask.java:160) ~[junit-platform-engine-1.10.5.jar:1.10.5]
	at org.junit.platform.engine.support.hierarchical.ThrowableCollector.execute(ThrowableCollector.java:73) ~[junit-platform-engine-1.10.5.jar:1.10.5]
	at org.junit.platform.engine.support.hierarchical.NodeTestTask.lambda$executeRecursively$8(NodeTestTask.java:146) ~[junit-platform-engine-1.10.5.jar:1.10.5]
	at org.junit.platform.engine.support.hierarchical.Node.around(Node.java:137) ~[junit-platform-engine-1.10.5.jar:1.10.5]
	at org.junit.platform.engine.support.hierarchical.NodeTestTask.lambda$executeRecursively$9(NodeTestTask.java:144) ~[junit-platform-engine-1.10.5.jar:1.10.5]
	at org.junit.platform.engine.support.hierarchical.ThrowableCollector.execute(ThrowableCollector.java:73) ~[junit-platform-engine-1.10.5.jar:1.10.5]
	at org.junit.platform.engine.support.hierarchical.NodeTestTask.executeRecursively(NodeTestTask.java:143) ~[junit-platform-engine-1.10.5.jar:1.10.5]
	at org.junit.platform.engine.support.hierarchical.NodeTestTask.execute(NodeTestTask.java:100) ~[junit-platform-engine-1.10.5.jar:1.10.5]
	at java.base/java.util.ArrayList.forEach(ArrayList.java:1596) ~[na:na]
	at org.junit.platform.engine.support.hierarchical.SameThreadHierarchicalTestExecutorService.invokeAll(SameThreadHierarchicalTestExecutorService.java:41) ~[junit-platform-engine-1.10.5.jar:1.10.5]
	at org.junit.platform.engine.support.hierarchical.NodeTestTask.lambda$executeRecursively$6(NodeTestTask.java:160) ~[junit-platform-engine-1.10.5.jar:1.10.5]
	at org.junit.platform.engine.support.hierarchical.ThrowableCollector.execute(ThrowableCollector.java:73) ~[junit-platform-engine-1.10.5.jar:1.10.5]
	at org.junit.platform.engine.support.hierarchical.NodeTestTask.lambda$executeRecursively$8(NodeTestTask.java:146) ~[junit-platform-engine-1.10.5.jar:1.10.5]
	at org.junit.platform.engine.support.hierarchical.Node.around(Node.java:137) ~[junit-platform-engine-1.10.5.jar:1.10.5]
	at org.junit.platform.engine.support.hierarchical.NodeTestTask.lambda$executeRecursively$9(NodeTestTask.java:144) ~[junit-platform-engine-1.10.5.jar:1.10.5]
	at org.junit.platform.engine.support.hierarchical.ThrowableCollector.execute(ThrowableCollector.java:73) ~[junit-platform-engine-1.10.5.jar:1.10.5]
	at org.junit.platform.engine.support.hierarchical.NodeTestTask.executeRecursively(NodeTestTask.java:143) ~[junit-platform-engine-1.10.5.jar:1.10.5]
	at org.junit.platform.engine.support.hierarchical.NodeTestTask.execute(NodeTestTask.java:100) ~[junit-platform-engine-1.10.5.jar:1.10.5]
	at org.junit.platform.engine.support.hierarchical.SameThreadHierarchicalTestExecutorService.submit(SameThreadHierarchicalTestExecutorService.java:35) ~[junit-platform-engine-1.10.5.jar:1.10.5]
	at org.junit.platform.engine.support.hierarchical.HierarchicalTestExecutor.execute(HierarchicalTestExecutor.java:57) ~[junit-platform-engine-1.10.5.jar:1.10.5]
	at org.junit.platform.engine.support.hierarchical.HierarchicalTestEngine.execute(HierarchicalTestEngine.java:54) ~[junit-platform-engine-1.10.5.jar:1.10.5]
	at org.junit.platform.launcher.core.EngineExecutionOrchestrator.execute(EngineExecutionOrchestrator.java:198) ~[junit-platform-launcher-1.10.5.jar:1.10.5]
	at org.junit.platform.launcher.core.EngineExecutionOrchestrator.execute(EngineExecutionOrchestrator.java:169) ~[junit-platform-launcher-1.10.5.jar:1.10.5]
	at org.junit.platform.launcher.core.EngineExecutionOrchestrator.execute(EngineExecutionOrchestrator.java:93) ~[junit-platform-launcher-1.10.5.jar:1.10.5]
	at org.junit.platform.launcher.core.EngineExecutionOrchestrator.lambda$execute$0(EngineExecutionOrchestrator.java:58) ~[junit-platform-launcher-1.10.5.jar:1.10.5]
	at org.junit.platform.launcher.core.EngineExecutionOrchestrator.withInterceptedStreams(EngineExecutionOrchestrator.java:141) ~[junit-platform-launcher-1.10.5.jar:1.10.5]
	at org.junit.platform.launcher.core.EngineExecutionOrchestrator.execute(EngineExecutionOrchestrator.java:57) ~[junit-platform-launcher-1.10.5.jar:1.10.5]
	at org.junit.platform.launcher.core.DefaultLauncher.execute(DefaultLauncher.java:103) ~[junit-platform-launcher-1.10.5.jar:1.10.5]
	at org.junit.platform.launcher.core.DefaultLauncher.execute(DefaultLauncher.java:85) ~[junit-platform-launcher-1.10.5.jar:1.10.5]
	at org.junit.platform.launcher.core.DelegatingLauncher.execute(DelegatingLauncher.java:47) ~[junit-platform-launcher-1.10.5.jar:1.10.5]
	at org.junit.platform.launcher.core.SessionPerRequestLauncher.execute(SessionPerRequestLauncher.java:63) ~[junit-platform-launcher-1.10.5.jar:1.10.5]
	at com.intellij.junit5.JUnit5TestRunnerHelper.execute(JUnit5TestRunnerHelper.java:134) ~[junit5-rt.jar:na]
	at com.intellij.junit5.JUnit5IdeaTestRunner.startRunnerWithArgs(JUnit5IdeaTestRunner.java:70) ~[junit5-rt.jar:na]
	at com.intellij.rt.junit.IdeaTestRunner$Repeater$1.execute(IdeaTestRunner.java:38) ~[junit-rt.jar:na]
	at com.intellij.rt.execution.junit.TestsRepeater.repeat(TestsRepeater.java:11) ~[idea_rt.jar:na]
	at com.intellij.rt.junit.IdeaTestRunner$Repeater.startRunnerWithArgs(IdeaTestRunner.java:35) ~[junit-rt.jar:na]
	at com.intellij.rt.junit.JUnitStarter.prepareStreamsAndStart(JUnitStarter.java:226) ~[junit-rt.jar:na]
	at com.intellij.rt.junit.JUnitStarter.main(JUnitStarter.java:62) ~[junit-rt.jar:na]
Caused by: org.apache.seata.common.exception.FrameworkException: connect failed, can not connect to services-server.
	at org.apache.seata.core.rpc.netty.NettyClientBootstrap.getNewChannel(NettyClientBootstrap.java:176) ~[seata-all-2.1.0.jar:2.1.0]
	... 109 common frames omitted

21:32:33:903 ERROR 19184 --- [item-service] [main] o.a.s.c.r.n.NettyClientChannelManager    : 0101 can not connect to [192.168.68.128:8099] cause:[can not register RM,err:can not connect to services-server.]
21:32:33:904  WARN 19184 --- [item-service] [main] o.s.w.c.s.GenericWebApplicationContext   : Exception encountered during context initialization - cancelling refresh attempt: org.springframework.beans.factory.BeanCreationException: Error creating bean with name 'globalTransactionScanner' defined in class path resource [org/apache/seata/spring/boot/autoconfigure/SeataAutoConfiguration.class]: can not connect to [192.168.68.128:8099]
21:32:33:915  INFO 19184 --- [item-service] [main] .s.b.a.l.ConditionEvaluationReportLogger : 

Error starting ApplicationContext. To display the condition evaluation report re-run your application with 'debug' enabled.
21:32:33:921  INFO 19184 --- [item-service] [NettyClientSelector_TMROLE_1_1] o.a.s.c.r.n.AbstractNettyRemotingClient  : ChannelHandlerContext(AbstractNettyRemotingClient$ClientHandler#0, [id: 0x02aed27e, L:null ! R:/192.168.68.128:8099]) will closed
21:32:33:946 ERROR 19184 --- [item-service] [main] o.s.boot.SpringApplication               : Application run failed

org.springframework.beans.factory.BeanCreationException: Error creating bean with name 'globalTransactionScanner' defined in class path resource [org/apache/seata/spring/boot/autoconfigure/SeataAutoConfiguration.class]: can not connect to [192.168.68.128:8099]
	at org.springframework.beans.factory.support.AbstractAutowireCapableBeanFactory.initializeBean(AbstractAutowireCapableBeanFactory.java:1806) ~[spring-beans-6.1.15.jar:6.1.15]
	at org.springframework.beans.factory.support.AbstractAutowireCapableBeanFactory.doCreateBean(AbstractAutowireCapableBeanFactory.java:600) ~[spring-beans-6.1.15.jar:6.1.15]
	at org.springframework.beans.factory.support.AbstractAutowireCapableBeanFactory.createBean(AbstractAutowireCapableBeanFactory.java:522) ~[spring-beans-6.1.15.jar:6.1.15]
	at org.springframework.beans.factory.support.AbstractBeanFactory.lambda$doGetBean$0(AbstractBeanFactory.java:337) ~[spring-beans-6.1.15.jar:6.1.15]
	at org.springframework.beans.factory.support.DefaultSingletonBeanRegistry.getSingleton(DefaultSingletonBeanRegistry.java:234) ~[spring-beans-6.1.15.jar:6.1.15]
	at org.springframework.beans.factory.support.AbstractBeanFactory.doGetBean(AbstractBeanFactory.java:335) ~[spring-beans-6.1.15.jar:6.1.15]
	at org.springframework.beans.factory.support.AbstractBeanFactory.getBean(AbstractBeanFactory.java:205) ~[spring-beans-6.1.15.jar:6.1.15]
	at org.springframework.context.support.PostProcessorRegistrationDelegate.registerBeanPostProcessors(PostProcessorRegistrationDelegate.java:265) ~[spring-context-6.1.15.jar:6.1.15]
	at org.springframework.context.support.AbstractApplicationContext.registerBeanPostProcessors(AbstractApplicationContext.java:806) ~[spring-context-6.1.15.jar:6.1.15]
	at org.springframework.context.support.AbstractApplicationContext.refresh(AbstractApplicationContext.java:609) ~[spring-context-6.1.15.jar:6.1.15]
	at org.springframework.boot.SpringApplication.refresh(SpringApplication.java:754) ~[spring-boot-3.3.6.jar:3.3.6]
	at org.springframework.boot.SpringApplication.refreshContext(SpringApplication.java:456) ~[spring-boot-3.3.6.jar:3.3.6]
	at org.springframework.boot.SpringApplication.run(SpringApplication.java:335) ~[spring-boot-3.3.6.jar:3.3.6]
	at org.springframework.boot.test.context.SpringBootContextLoader.lambda$loadContext$3(SpringBootContextLoader.java:137) ~[spring-boot-test-3.3.6.jar:3.3.6]
	at org.springframework.util.function.ThrowingSupplier.get(ThrowingSupplier.java:58) ~[spring-core-6.1.15.jar:6.1.15]
	at org.springframework.util.function.ThrowingSupplier.get(ThrowingSupplier.java:46) ~[spring-core-6.1.15.jar:6.1.15]
	at org.springframework.boot.SpringApplication.withHook(SpringApplication.java:1463) ~[spring-boot-3.3.6.jar:3.3.6]
	at org.springframework.boot.test.context.SpringBootContextLoader$ContextLoaderHook.run(SpringBootContextLoader.java:553) ~[spring-boot-test-3.3.6.jar:3.3.6]
	at org.springframework.boot.test.context.SpringBootContextLoader.loadContext(SpringBootContextLoader.java:137) ~[spring-boot-test-3.3.6.jar:3.3.6]
	at org.springframework.boot.test.context.SpringBootContextLoader.loadContext(SpringBootContextLoader.java:108) ~[spring-boot-test-3.3.6.jar:3.3.6]
	at org.springframework.test.context.cache.DefaultCacheAwareContextLoaderDelegate.loadContextInternal(DefaultCacheAwareContextLoaderDelegate.java:225) ~[spring-test-6.1.15.jar:6.1.15]
	at org.springframework.test.context.cache.DefaultCacheAwareContextLoaderDelegate.loadContext(DefaultCacheAwareContextLoaderDelegate.java:152) ~[spring-test-6.1.15.jar:6.1.15]
	at org.springframework.test.context.support.DefaultTestContext.getApplicationContext(DefaultTestContext.java:130) ~[spring-test-6.1.15.jar:6.1.15]
	at org.springframework.test.context.web.ServletTestExecutionListener.setUpRequestContextIfNecessary(ServletTestExecutionListener.java:191) ~[spring-test-6.1.15.jar:6.1.15]
	at org.springframework.test.context.web.ServletTestExecutionListener.prepareTestInstance(ServletTestExecutionListener.java:130) ~[spring-test-6.1.15.jar:6.1.15]
	at org.springframework.test.context.TestContextManager.prepareTestInstance(TestContextManager.java:260) ~[spring-test-6.1.15.jar:6.1.15]
	at org.springframework.test.context.junit.jupiter.SpringExtension.postProcessTestInstance(SpringExtension.java:163) ~[spring-test-6.1.15.jar:6.1.15]
	at org.junit.jupiter.engine.descriptor.ClassBasedTestDescriptor.lambda$invokeTestInstancePostProcessors$10(ClassBasedTestDescriptor.java:378) ~[junit-jupiter-engine-5.10.5.jar:5.10.5]
	at org.junit.jupiter.engine.descriptor.ClassBasedTestDescriptor.executeAndMaskThrowable(ClassBasedTestDescriptor.java:383) ~[junit-jupiter-engine-5.10.5.jar:5.10.5]
	at org.junit.jupiter.engine.descriptor.ClassBasedTestDescriptor.lambda$invokeTestInstancePostProcessors$11(ClassBasedTestDescriptor.java:378) ~[junit-jupiter-engine-5.10.5.jar:5.10.5]
	at java.base/java.util.stream.ReferencePipeline$3$1.accept(ReferencePipeline.java:197) ~[na:na]
	at java.base/java.util.stream.ReferencePipeline$2$1.accept(ReferencePipeline.java:179) ~[na:na]
	at java.base/java.util.ArrayList$ArrayListSpliterator.forEachRemaining(ArrayList.java:1708) ~[na:na]
	at java.base/java.util.stream.AbstractPipeline.copyInto(AbstractPipeline.java:509) ~[na:na]
	at java.base/java.util.stream.AbstractPipeline.wrapAndCopyInto(AbstractPipeline.java:499) ~[na:na]
	at java.base/java.util.stream.StreamSpliterators$WrappingSpliterator.forEachRemaining(StreamSpliterators.java:310) ~[na:na]
	at java.base/java.util.stream.Streams$ConcatSpliterator.forEachRemaining(Streams.java:735) ~[na:na]
	at java.base/java.util.stream.Streams$ConcatSpliterator.forEachRemaining(Streams.java:734) ~[na:na]
	at java.base/java.util.stream.ReferencePipeline$Head.forEach(ReferencePipeline.java:762) ~[na:na]
	at org.junit.jupiter.engine.descriptor.ClassBasedTestDescriptor.invokeTestInstancePostProcessors(ClassBasedTestDescriptor.java:377) ~[junit-jupiter-engine-5.10.5.jar:5.10.5]
	at org.junit.jupiter.engine.descriptor.ClassBasedTestDescriptor.lambda$instantiateAndPostProcessTestInstance$6(ClassBasedTestDescriptor.java:290) ~[junit-jupiter-engine-5.10.5.jar:5.10.5]
	at org.junit.platform.engine.support.hierarchical.ThrowableCollector.execute(ThrowableCollector.java:73) ~[junit-platform-engine-1.10.5.jar:1.10.5]
	at org.junit.jupiter.engine.descriptor.ClassBasedTestDescriptor.instantiateAndPostProcessTestInstance(ClassBasedTestDescriptor.java:289) ~[junit-jupiter-engine-5.10.5.jar:5.10.5]
	at org.junit.jupiter.engine.descriptor.ClassBasedTestDescriptor.lambda$testInstancesProvider$4(ClassBasedTestDescriptor.java:279) ~[junit-jupiter-engine-5.10.5.jar:5.10.5]
	at java.base/java.util.Optional.orElseGet(Optional.java:364) ~[na:na]
	at org.junit.jupiter.engine.descriptor.ClassBasedTestDescriptor.lambda$testInstancesProvider$5(ClassBasedTestDescriptor.java:278) ~[junit-jupiter-engine-5.10.5.jar:5.10.5]
	at org.junit.jupiter.engine.execution.TestInstancesProvider.getTestInstances(TestInstancesProvider.java:31) ~[junit-jupiter-engine-5.10.5.jar:5.10.5]
	at org.junit.jupiter.engine.descriptor.TestMethodTestDescriptor.lambda$prepare$0(TestMethodTestDescriptor.java:106) ~[junit-jupiter-engine-5.10.5.jar:5.10.5]
	at org.junit.platform.engine.support.hierarchical.ThrowableCollector.execute(ThrowableCollector.java:73) ~[junit-platform-engine-1.10.5.jar:1.10.5]
	at org.junit.jupiter.engine.descriptor.TestMethodTestDescriptor.prepare(TestMethodTestDescriptor.java:105) ~[junit-jupiter-engine-5.10.5.jar:5.10.5]
	at org.junit.jupiter.engine.descriptor.TestMethodTestDescriptor.prepare(TestMethodTestDescriptor.java:69) ~[junit-jupiter-engine-5.10.5.jar:5.10.5]
	at org.junit.platform.engine.support.hierarchical.NodeTestTask.lambda$prepare$2(NodeTestTask.java:128) ~[junit-platform-engine-1.10.5.jar:1.10.5]
	at org.junit.platform.engine.support.hierarchical.ThrowableCollector.execute(ThrowableCollector.java:73) ~[junit-platform-engine-1.10.5.jar:1.10.5]
	at org.junit.platform.engine.support.hierarchical.NodeTestTask.prepare(NodeTestTask.java:128) ~[junit-platform-engine-1.10.5.jar:1.10.5]
	at org.junit.platform.engine.support.hierarchical.NodeTestTask.execute(NodeTestTask.java:95) ~[junit-platform-engine-1.10.5.jar:1.10.5]
	at java.base/java.util.ArrayList.forEach(ArrayList.java:1596) ~[na:na]
	at org.junit.platform.engine.support.hierarchical.SameThreadHierarchicalTestExecutorService.invokeAll(SameThreadHierarchicalTestExecutorService.java:41) ~[junit-platform-engine-1.10.5.jar:1.10.5]
	at org.junit.platform.engine.support.hierarchical.NodeTestTask.lambda$executeRecursively$6(NodeTestTask.java:160) ~[junit-platform-engine-1.10.5.jar:1.10.5]
	at org.junit.platform.engine.support.hierarchical.ThrowableCollector.execute(ThrowableCollector.java:73) ~[junit-platform-engine-1.10.5.jar:1.10.5]
	at org.junit.platform.engine.support.hierarchical.NodeTestTask.lambda$executeRecursively$8(NodeTestTask.java:146) ~[junit-platform-engine-1.10.5.jar:1.10.5]
	at org.junit.platform.engine.support.hierarchical.Node.around(Node.java:137) ~[junit-platform-engine-1.10.5.jar:1.10.5]
	at org.junit.platform.engine.support.hierarchical.NodeTestTask.lambda$executeRecursively$9(NodeTestTask.java:144) ~[junit-platform-engine-1.10.5.jar:1.10.5]
	at org.junit.platform.engine.support.hierarchical.ThrowableCollector.execute(ThrowableCollector.java:73) ~[junit-platform-engine-1.10.5.jar:1.10.5]
	at org.junit.platform.engine.support.hierarchical.NodeTestTask.executeRecursively(NodeTestTask.java:143) ~[junit-platform-engine-1.10.5.jar:1.10.5]
	at org.junit.platform.engine.support.hierarchical.NodeTestTask.execute(NodeTestTask.java:100) ~[junit-platform-engine-1.10.5.jar:1.10.5]
	at java.base/java.util.ArrayList.forEach(ArrayList.java:1596) ~[na:na]
	at org.junit.platform.engine.support.hierarchical.SameThreadHierarchicalTestExecutorService.invokeAll(SameThreadHierarchicalTestExecutorService.java:41) ~[junit-platform-engine-1.10.5.jar:1.10.5]
	at org.junit.platform.engine.support.hierarchical.NodeTestTask.lambda$executeRecursively$6(NodeTestTask.java:160) ~[junit-platform-engine-1.10.5.jar:1.10.5]
	at org.junit.platform.engine.support.hierarchical.ThrowableCollector.execute(ThrowableCollector.java:73) ~[junit-platform-engine-1.10.5.jar:1.10.5]
	at org.junit.platform.engine.support.hierarchical.NodeTestTask.lambda$executeRecursively$8(NodeTestTask.java:146) ~[junit-platform-engine-1.10.5.jar:1.10.5]
	at org.junit.platform.engine.support.hierarchical.Node.around(Node.java:137) ~[junit-platform-engine-1.10.5.jar:1.10.5]
	at org.junit.platform.engine.support.hierarchical.NodeTestTask.lambda$executeRecursively$9(NodeTestTask.java:144) ~[junit-platform-engine-1.10.5.jar:1.10.5]
	at org.junit.platform.engine.support.hierarchical.ThrowableCollector.execute(ThrowableCollector.java:73) ~[junit-platform-engine-1.10.5.jar:1.10.5]
	at org.junit.platform.engine.support.hierarchical.NodeTestTask.executeRecursively(NodeTestTask.java:143) ~[junit-platform-engine-1.10.5.jar:1.10.5]
	at org.junit.platform.engine.support.hierarchical.NodeTestTask.execute(NodeTestTask.java:100) ~[junit-platform-engine-1.10.5.jar:1.10.5]
	at org.junit.platform.engine.support.hierarchical.SameThreadHierarchicalTestExecutorService.submit(SameThreadHierarchicalTestExecutorService.java:35) ~[junit-platform-engine-1.10.5.jar:1.10.5]
	at org.junit.platform.engine.support.hierarchical.HierarchicalTestExecutor.execute(HierarchicalTestExecutor.java:57) ~[junit-platform-engine-1.10.5.jar:1.10.5]
	at org.junit.platform.engine.support.hierarchical.HierarchicalTestEngine.execute(HierarchicalTestEngine.java:54) ~[junit-platform-engine-1.10.5.jar:1.10.5]
	at org.junit.platform.launcher.core.EngineExecutionOrchestrator.execute(EngineExecutionOrchestrator.java:198) ~[junit-platform-launcher-1.10.5.jar:1.10.5]
	at org.junit.platform.launcher.core.EngineExecutionOrchestrator.execute(EngineExecutionOrchestrator.java:169) ~[junit-platform-launcher-1.10.5.jar:1.10.5]
	at org.junit.platform.launcher.core.EngineExecutionOrchestrator.execute(EngineExecutionOrchestrator.java:93) ~[junit-platform-launcher-1.10.5.jar:1.10.5]
	at org.junit.platform.launcher.core.EngineExecutionOrchestrator.lambda$execute$0(EngineExecutionOrchestrator.java:58) ~[junit-platform-launcher-1.10.5.jar:1.10.5]
	at org.junit.platform.launcher.core.EngineExecutionOrchestrator.withInterceptedStreams(EngineExecutionOrchestrator.java:141) ~[junit-platform-launcher-1.10.5.jar:1.10.5]
	at org.junit.platform.launcher.core.EngineExecutionOrchestrator.execute(EngineExecutionOrchestrator.java:57) ~[junit-platform-launcher-1.10.5.jar:1.10.5]
	at org.junit.platform.launcher.core.DefaultLauncher.execute(DefaultLauncher.java:103) ~[junit-platform-launcher-1.10.5.jar:1.10.5]
	at org.junit.platform.launcher.core.DefaultLauncher.execute(DefaultLauncher.java:85) ~[junit-platform-launcher-1.10.5.jar:1.10.5]
	at org.junit.platform.launcher.core.DelegatingLauncher.execute(DelegatingLauncher.java:47) ~[junit-platform-launcher-1.10.5.jar:1.10.5]
	at org.junit.platform.launcher.core.SessionPerRequestLauncher.execute(SessionPerRequestLauncher.java:63) ~[junit-platform-launcher-1.10.5.jar:1.10.5]
	at com.intellij.junit5.JUnit5TestRunnerHelper.execute(JUnit5TestRunnerHelper.java:134) ~[junit5-rt.jar:na]
	at com.intellij.junit5.JUnit5IdeaTestRunner.startRunnerWithArgs(JUnit5IdeaTestRunner.java:70) ~[junit5-rt.jar:na]
	at com.intellij.rt.junit.IdeaTestRunner$Repeater$1.execute(IdeaTestRunner.java:38) ~[junit-rt.jar:na]
	at com.intellij.rt.execution.junit.TestsRepeater.repeat(TestsRepeater.java:11) ~[idea_rt.jar:na]
	at com.intellij.rt.junit.IdeaTestRunner$Repeater.startRunnerWithArgs(IdeaTestRunner.java:35) ~[junit-rt.jar:na]
	at com.intellij.rt.junit.JUnitStarter.prepareStreamsAndStart(JUnitStarter.java:226) ~[junit-rt.jar:na]
	at com.intellij.rt.junit.JUnitStarter.main(JUnitStarter.java:62) ~[junit-rt.jar:na]
Caused by: org.apache.seata.common.exception.FrameworkException: can not connect to [192.168.68.128:8099]
	at org.apache.seata.core.rpc.netty.NettyClientChannelManager.doReconnect(NettyClientChannelManager.java:251) ~[seata-all-2.1.0.jar:2.1.0]
	at org.apache.seata.core.rpc.netty.NettyClientChannelManager.doReconnect(NettyClientChannelManager.java:212) ~[seata-all-2.1.0.jar:2.1.0]
	at org.apache.seata.core.rpc.netty.NettyClientChannelManager.initReconnect(NettyClientChannelManager.java:176) ~[seata-all-2.1.0.jar:2.1.0]
	at org.apache.seata.core.rpc.netty.TmNettyRemotingClient.initConnection(TmNettyRemotingClient.java:291) ~[seata-all-2.1.0.jar:2.1.0]
	at org.apache.seata.core.rpc.netty.TmNettyRemotingClient.init(TmNettyRemotingClient.java:191) ~[seata-all-2.1.0.jar:2.1.0]
	at org.apache.seata.tm.TMClient.init(TMClient.java:47) ~[seata-all-2.1.0.jar:2.1.0]
	at org.apache.seata.spring.annotation.GlobalTransactionScanner.initClient(GlobalTransactionScanner.java:232) ~[seata-all-2.1.0.jar:2.1.0]
	at org.apache.seata.spring.annotation.GlobalTransactionScanner.afterPropertiesSet(GlobalTransactionScanner.java:480) ~[seata-all-2.1.0.jar:2.1.0]
	at org.springframework.beans.factory.support.AbstractAutowireCapableBeanFactory.invokeInitMethods(AbstractAutowireCapableBeanFactory.java:1853) ~[spring-beans-6.1.15.jar:6.1.15]
	at org.springframework.beans.factory.support.AbstractAutowireCapableBeanFactory.initializeBean(AbstractAutowireCapableBeanFactory.java:1802) ~[spring-beans-6.1.15.jar:6.1.15]
	... 94 common frames omitted

21:32:33:953  WARN 19184 --- [item-service] [main] o.s.test.context.TestContextManager      : Caught exception while allowing TestExecutionListener [org.springframework.test.context.web.ServletTestExecutionListener] to prepare test instance [com.george.item.elastic.ElasticDSLSearchTest@56da96b3]

java.lang.IllegalStateException: Failed to load ApplicationContext for [WebMergedContextConfiguration@bf2aa32 testClass = com.george.item.elastic.ElasticDSLSearchTest, locations = [], classes = [com.george.item.ItemApplication], contextInitializerClasses = [], activeProfiles = [], propertySourceDescriptors = [], propertySourceProperties = ["spring.profiles.active=local", "org.springframework.boot.test.context.SpringBootTestContextBootstrapper=true"], contextCustomizers = [org.springframework.boot.test.context.filter.ExcludeFilterContextCustomizer@47e2e487, org.springframework.boot.test.json.DuplicateJsonObjectContextCustomizerFactory$DuplicateJsonObjectContextCustomizer@26e356f0, org.springframework.boot.test.mock.mockito.MockitoContextCustomizer@0, org.springframework.boot.test.web.client.TestRestTemplateContextCustomizer@783a467b, org.springframework.boot.test.web.reactor.netty.DisableReactorResourceFactoryGlobalResourcesContextCustomizerFactory$DisableReactorResourceFactoryGlobalResourcesContextCustomizerCustomizer@6fdbe764, org.springframework.boot.test.context.SpringBootTestAnnotation@5e4bbd53], resourceBasePath = "src/main/webapp", contextLoader = org.springframework.boot.test.context.SpringBootContextLoader, parent = null]
	at org.springframework.test.context.cache.DefaultCacheAwareContextLoaderDelegate.loadContext(DefaultCacheAwareContextLoaderDelegate.java:180) ~[spring-test-6.1.15.jar:6.1.15]
	at org.springframework.test.context.support.DefaultTestContext.getApplicationContext(DefaultTestContext.java:130) ~[spring-test-6.1.15.jar:6.1.15]
	at org.springframework.test.context.web.ServletTestExecutionListener.setUpRequestContextIfNecessary(ServletTestExecutionListener.java:191) ~[spring-test-6.1.15.jar:6.1.15]
	at org.springframework.test.context.web.ServletTestExecutionListener.prepareTestInstance(ServletTestExecutionListener.java:130) ~[spring-test-6.1.15.jar:6.1.15]
	at org.springframework.test.context.TestContextManager.prepareTestInstance(TestContextManager.java:260) ~[spring-test-6.1.15.jar:6.1.15]
	at org.springframework.test.context.junit.jupiter.SpringExtension.postProcessTestInstance(SpringExtension.java:163) ~[spring-test-6.1.15.jar:6.1.15]
	at org.junit.jupiter.engine.descriptor.ClassBasedTestDescriptor.lambda$invokeTestInstancePostProcessors$10(ClassBasedTestDescriptor.java:378) ~[junit-jupiter-engine-5.10.5.jar:5.10.5]
	at org.junit.jupiter.engine.descriptor.ClassBasedTestDescriptor.executeAndMaskThrowable(ClassBasedTestDescriptor.java:383) ~[junit-jupiter-engine-5.10.5.jar:5.10.5]
	at org.junit.jupiter.engine.descriptor.ClassBasedTestDescriptor.lambda$invokeTestInstancePostProcessors$11(ClassBasedTestDescriptor.java:378) ~[junit-jupiter-engine-5.10.5.jar:5.10.5]
	at java.base/java.util.stream.ReferencePipeline$3$1.accept(ReferencePipeline.java:197) ~[na:na]
	at java.base/java.util.stream.ReferencePipeline$2$1.accept(ReferencePipeline.java:179) ~[na:na]
	at java.base/java.util.ArrayList$ArrayListSpliterator.forEachRemaining(ArrayList.java:1708) ~[na:na]
	at java.base/java.util.stream.AbstractPipeline.copyInto(AbstractPipeline.java:509) ~[na:na]
	at java.base/java.util.stream.AbstractPipeline.wrapAndCopyInto(AbstractPipeline.java:499) ~[na:na]
	at java.base/java.util.stream.StreamSpliterators$WrappingSpliterator.forEachRemaining(StreamSpliterators.java:310) ~[na:na]
	at java.base/java.util.stream.Streams$ConcatSpliterator.forEachRemaining(Streams.java:735) ~[na:na]
	at java.base/java.util.stream.Streams$ConcatSpliterator.forEachRemaining(Streams.java:734) ~[na:na]
	at java.base/java.util.stream.ReferencePipeline$Head.forEach(ReferencePipeline.java:762) ~[na:na]
	at org.junit.jupiter.engine.descriptor.ClassBasedTestDescriptor.invokeTestInstancePostProcessors(ClassBasedTestDescriptor.java:377) ~[junit-jupiter-engine-5.10.5.jar:5.10.5]
	at org.junit.jupiter.engine.descriptor.ClassBasedTestDescriptor.lambda$instantiateAndPostProcessTestInstance$6(ClassBasedTestDescriptor.java:290) ~[junit-jupiter-engine-5.10.5.jar:5.10.5]
	at org.junit.platform.engine.support.hierarchical.ThrowableCollector.execute(ThrowableCollector.java:73) ~[junit-platform-engine-1.10.5.jar:1.10.5]
	at org.junit.jupiter.engine.descriptor.ClassBasedTestDescriptor.instantiateAndPostProcessTestInstance(ClassBasedTestDescriptor.java:289) ~[junit-jupiter-engine-5.10.5.jar:5.10.5]
	at org.junit.jupiter.engine.descriptor.ClassBasedTestDescriptor.lambda$testInstancesProvider$4(ClassBasedTestDescriptor.java:279) ~[junit-jupiter-engine-5.10.5.jar:5.10.5]
	at java.base/java.util.Optional.orElseGet(Optional.java:364) ~[na:na]
	at org.junit.jupiter.engine.descriptor.ClassBasedTestDescriptor.lambda$testInstancesProvider$5(ClassBasedTestDescriptor.java:278) ~[junit-jupiter-engine-5.10.5.jar:5.10.5]
	at org.junit.jupiter.engine.execution.TestInstancesProvider.getTestInstances(TestInstancesProvider.java:31) ~[junit-jupiter-engine-5.10.5.jar:5.10.5]
	at org.junit.jupiter.engine.descriptor.TestMethodTestDescriptor.lambda$prepare$0(TestMethodTestDescriptor.java:106) ~[junit-jupiter-engine-5.10.5.jar:5.10.5]
	at org.junit.platform.engine.support.hierarchical.ThrowableCollector.execute(ThrowableCollector.java:73) ~[junit-platform-engine-1.10.5.jar:1.10.5]
	at org.junit.jupiter.engine.descriptor.TestMethodTestDescriptor.prepare(TestMethodTestDescriptor.java:105) ~[junit-jupiter-engine-5.10.5.jar:5.10.5]
	at org.junit.jupiter.engine.descriptor.TestMethodTestDescriptor.prepare(TestMethodTestDescriptor.java:69) ~[junit-jupiter-engine-5.10.5.jar:5.10.5]
	at org.junit.platform.engine.support.hierarchical.NodeTestTask.lambda$prepare$2(NodeTestTask.java:128) ~[junit-platform-engine-1.10.5.jar:1.10.5]
	at org.junit.platform.engine.support.hierarchical.ThrowableCollector.execute(ThrowableCollector.java:73) ~[junit-platform-engine-1.10.5.jar:1.10.5]
	at org.junit.platform.engine.support.hierarchical.NodeTestTask.prepare(NodeTestTask.java:128) ~[junit-platform-engine-1.10.5.jar:1.10.5]
	at org.junit.platform.engine.support.hierarchical.NodeTestTask.execute(NodeTestTask.java:95) ~[junit-platform-engine-1.10.5.jar:1.10.5]
	at java.base/java.util.ArrayList.forEach(ArrayList.java:1596) ~[na:na]
	at org.junit.platform.engine.support.hierarchical.SameThreadHierarchicalTestExecutorService.invokeAll(SameThreadHierarchicalTestExecutorService.java:41) ~[junit-platform-engine-1.10.5.jar:1.10.5]
	at org.junit.platform.engine.support.hierarchical.NodeTestTask.lambda$executeRecursively$6(NodeTestTask.java:160) ~[junit-platform-engine-1.10.5.jar:1.10.5]
	at org.junit.platform.engine.support.hierarchical.ThrowableCollector.execute(ThrowableCollector.java:73) ~[junit-platform-engine-1.10.5.jar:1.10.5]
	at org.junit.platform.engine.support.hierarchical.NodeTestTask.lambda$executeRecursively$8(NodeTestTask.java:146) ~[junit-platform-engine-1.10.5.jar:1.10.5]
	at org.junit.platform.engine.support.hierarchical.Node.around(Node.java:137) ~[junit-platform-engine-1.10.5.jar:1.10.5]
	at org.junit.platform.engine.support.hierarchical.NodeTestTask.lambda$executeRecursively$9(NodeTestTask.java:144) ~[junit-platform-engine-1.10.5.jar:1.10.5]
	at org.junit.platform.engine.support.hierarchical.ThrowableCollector.execute(ThrowableCollector.java:73) ~[junit-platform-engine-1.10.5.jar:1.10.5]
	at org.junit.platform.engine.support.hierarchical.NodeTestTask.executeRecursively(NodeTestTask.java:143) ~[junit-platform-engine-1.10.5.jar:1.10.5]
	at org.junit.platform.engine.support.hierarchical.NodeTestTask.execute(NodeTestTask.java:100) ~[junit-platform-engine-1.10.5.jar:1.10.5]
	at java.base/java.util.ArrayList.forEach(ArrayList.java:1596) ~[na:na]
	at org.junit.platform.engine.support.hierarchical.SameThreadHierarchicalTestExecutorService.invokeAll(SameThreadHierarchicalTestExecutorService.java:41) ~[junit-platform-engine-1.10.5.jar:1.10.5]
	at org.junit.platform.engine.support.hierarchical.NodeTestTask.lambda$executeRecursively$6(NodeTestTask.java:160) ~[junit-platform-engine-1.10.5.jar:1.10.5]
	at org.junit.platform.engine.support.hierarchical.ThrowableCollector.execute(ThrowableCollector.java:73) ~[junit-platform-engine-1.10.5.jar:1.10.5]
	at org.junit.platform.engine.support.hierarchical.NodeTestTask.lambda$executeRecursively$8(NodeTestTask.java:146) ~[junit-platform-engine-1.10.5.jar:1.10.5]
	at org.junit.platform.engine.support.hierarchical.Node.around(Node.java:137) ~[junit-platform-engine-1.10.5.jar:1.10.5]
	at org.junit.platform.engine.support.hierarchical.NodeTestTask.lambda$executeRecursively$9(NodeTestTask.java:144) ~[junit-platform-engine-1.10.5.jar:1.10.5]
	at org.junit.platform.engine.support.hierarchical.ThrowableCollector.execute(ThrowableCollector.java:73) ~[junit-platform-engine-1.10.5.jar:1.10.5]
	at org.junit.platform.engine.support.hierarchical.NodeTestTask.executeRecursively(NodeTestTask.java:143) ~[junit-platform-engine-1.10.5.jar:1.10.5]
	at org.junit.platform.engine.support.hierarchical.NodeTestTask.execute(NodeTestTask.java:100) ~[junit-platform-engine-1.10.5.jar:1.10.5]
	at org.junit.platform.engine.support.hierarchical.SameThreadHierarchicalTestExecutorService.submit(SameThreadHierarchicalTestExecutorService.java:35) ~[junit-platform-engine-1.10.5.jar:1.10.5]
	at org.junit.platform.engine.support.hierarchical.HierarchicalTestExecutor.execute(HierarchicalTestExecutor.java:57) ~[junit-platform-engine-1.10.5.jar:1.10.5]
	at org.junit.platform.engine.support.hierarchical.HierarchicalTestEngine.execute(HierarchicalTestEngine.java:54) ~[junit-platform-engine-1.10.5.jar:1.10.5]
	at org.junit.platform.launcher.core.EngineExecutionOrchestrator.execute(EngineExecutionOrchestrator.java:198) ~[junit-platform-launcher-1.10.5.jar:1.10.5]
	at org.junit.platform.launcher.core.EngineExecutionOrchestrator.execute(EngineExecutionOrchestrator.java:169) ~[junit-platform-launcher-1.10.5.jar:1.10.5]
	at org.junit.platform.launcher.core.EngineExecutionOrchestrator.execute(EngineExecutionOrchestrator.java:93) ~[junit-platform-launcher-1.10.5.jar:1.10.5]
	at org.junit.platform.launcher.core.EngineExecutionOrchestrator.lambda$execute$0(EngineExecutionOrchestrator.java:58) ~[junit-platform-launcher-1.10.5.jar:1.10.5]
	at org.junit.platform.launcher.core.EngineExecutionOrchestrator.withInterceptedStreams(EngineExecutionOrchestrator.java:141) ~[junit-platform-launcher-1.10.5.jar:1.10.5]
	at org.junit.platform.launcher.core.EngineExecutionOrchestrator.execute(EngineExecutionOrchestrator.java:57) ~[junit-platform-launcher-1.10.5.jar:1.10.5]
	at org.junit.platform.launcher.core.DefaultLauncher.execute(DefaultLauncher.java:103) ~[junit-platform-launcher-1.10.5.jar:1.10.5]
	at org.junit.platform.launcher.core.DefaultLauncher.execute(DefaultLauncher.java:85) ~[junit-platform-launcher-1.10.5.jar:1.10.5]
	at org.junit.platform.launcher.core.DelegatingLauncher.execute(DelegatingLauncher.java:47) ~[junit-platform-launcher-1.10.5.jar:1.10.5]
	at org.junit.platform.launcher.core.SessionPerRequestLauncher.execute(SessionPerRequestLauncher.java:63) ~[junit-platform-launcher-1.10.5.jar:1.10.5]
	at com.intellij.junit5.JUnit5TestRunnerHelper.execute(JUnit5TestRunnerHelper.java:134) ~[junit5-rt.jar:na]
	at com.intellij.junit5.JUnit5IdeaTestRunner.startRunnerWithArgs(JUnit5IdeaTestRunner.java:70) ~[junit5-rt.jar:na]
	at com.intellij.rt.junit.IdeaTestRunner$Repeater$1.execute(IdeaTestRunner.java:38) ~[junit-rt.jar:na]
	at com.intellij.rt.execution.junit.TestsRepeater.repeat(TestsRepeater.java:11) ~[idea_rt.jar:na]
	at com.intellij.rt.junit.IdeaTestRunner$Repeater.startRunnerWithArgs(IdeaTestRunner.java:35) ~[junit-rt.jar:na]
	at com.intellij.rt.junit.JUnitStarter.prepareStreamsAndStart(JUnitStarter.java:226) ~[junit-rt.jar:na]
	at com.intellij.rt.junit.JUnitStarter.main(JUnitStarter.java:62) ~[junit-rt.jar:na]
Caused by: org.springframework.beans.factory.BeanCreationException: Error creating bean with name 'globalTransactionScanner' defined in class path resource [org/apache/seata/spring/boot/autoconfigure/SeataAutoConfiguration.class]: can not connect to [192.168.68.128:8099]
	at org.springframework.beans.factory.support.AbstractAutowireCapableBeanFactory.initializeBean(AbstractAutowireCapableBeanFactory.java:1806) ~[spring-beans-6.1.15.jar:6.1.15]
	at org.springframework.beans.factory.support.AbstractAutowireCapableBeanFactory.doCreateBean(AbstractAutowireCapableBeanFactory.java:600) ~[spring-beans-6.1.15.jar:6.1.15]
	at org.springframework.beans.factory.support.AbstractAutowireCapableBeanFactory.createBean(AbstractAutowireCapableBeanFactory.java:522) ~[spring-beans-6.1.15.jar:6.1.15]
	at org.springframework.beans.factory.support.AbstractBeanFactory.lambda$doGetBean$0(AbstractBeanFactory.java:337) ~[spring-beans-6.1.15.jar:6.1.15]
	at org.springframework.beans.factory.support.DefaultSingletonBeanRegistry.getSingleton(DefaultSingletonBeanRegistry.java:234) ~[spring-beans-6.1.15.jar:6.1.15]
	at org.springframework.beans.factory.support.AbstractBeanFactory.doGetBean(AbstractBeanFactory.java:335) ~[spring-beans-6.1.15.jar:6.1.15]
	at org.springframework.beans.factory.support.AbstractBeanFactory.getBean(AbstractBeanFactory.java:205) ~[spring-beans-6.1.15.jar:6.1.15]
	at org.springframework.context.support.PostProcessorRegistrationDelegate.registerBeanPostProcessors(PostProcessorRegistrationDelegate.java:265) ~[spring-context-6.1.15.jar:6.1.15]
	at org.springframework.context.support.AbstractApplicationContext.registerBeanPostProcessors(AbstractApplicationContext.java:806) ~[spring-context-6.1.15.jar:6.1.15]
	at org.springframework.context.support.AbstractApplicationContext.refresh(AbstractApplicationContext.java:609) ~[spring-context-6.1.15.jar:6.1.15]
	at org.springframework.boot.SpringApplication.refresh(SpringApplication.java:754) ~[spring-boot-3.3.6.jar:3.3.6]
	at org.springframework.boot.SpringApplication.refreshContext(SpringApplication.java:456) ~[spring-boot-3.3.6.jar:3.3.6]
	at org.springframework.boot.SpringApplication.run(SpringApplication.java:335) ~[spring-boot-3.3.6.jar:3.3.6]
	at org.springframework.boot.test.context.SpringBootContextLoader.lambda$loadContext$3(SpringBootContextLoader.java:137) ~[spring-boot-test-3.3.6.jar:3.3.6]
	at org.springframework.util.function.ThrowingSupplier.get(ThrowingSupplier.java:58) ~[spring-core-6.1.15.jar:6.1.15]
	at org.springframework.util.function.ThrowingSupplier.get(ThrowingSupplier.java:46) ~[spring-core-6.1.15.jar:6.1.15]
	at org.springframework.boot.SpringApplication.withHook(SpringApplication.java:1463) ~[spring-boot-3.3.6.jar:3.3.6]
	at org.springframework.boot.test.context.SpringBootContextLoader$ContextLoaderHook.run(SpringBootContextLoader.java:553) ~[spring-boot-test-3.3.6.jar:3.3.6]
	at org.springframework.boot.test.context.SpringBootContextLoader.loadContext(SpringBootContextLoader.java:137) ~[spring-boot-test-3.3.6.jar:3.3.6]
	at org.springframework.boot.test.context.SpringBootContextLoader.loadContext(SpringBootContextLoader.java:108) ~[spring-boot-test-3.3.6.jar:3.3.6]
	at org.springframework.test.context.cache.DefaultCacheAwareContextLoaderDelegate.loadContextInternal(DefaultCacheAwareContextLoaderDelegate.java:225) ~[spring-test-6.1.15.jar:6.1.15]
	at org.springframework.test.context.cache.DefaultCacheAwareContextLoaderDelegate.loadContext(DefaultCacheAwareContextLoaderDelegate.java:152) ~[spring-test-6.1.15.jar:6.1.15]
	... 73 common frames omitted
Caused by: org.apache.seata.common.exception.FrameworkException: can not connect to [192.168.68.128:8099]
	at org.apache.seata.core.rpc.netty.NettyClientChannelManager.doReconnect(NettyClientChannelManager.java:251) ~[seata-all-2.1.0.jar:2.1.0]
	at org.apache.seata.core.rpc.netty.NettyClientChannelManager.doReconnect(NettyClientChannelManager.java:212) ~[seata-all-2.1.0.jar:2.1.0]
	at org.apache.seata.core.rpc.netty.NettyClientChannelManager.initReconnect(NettyClientChannelManager.java:176) ~[seata-all-2.1.0.jar:2.1.0]
	at org.apache.seata.core.rpc.netty.TmNettyRemotingClient.initConnection(TmNettyRemotingClient.java:291) ~[seata-all-2.1.0.jar:2.1.0]
	at org.apache.seata.core.rpc.netty.TmNettyRemotingClient.init(TmNettyRemotingClient.java:191) ~[seata-all-2.1.0.jar:2.1.0]
	at org.apache.seata.tm.TMClient.init(TMClient.java:47) ~[seata-all-2.1.0.jar:2.1.0]
	at org.apache.seata.spring.annotation.GlobalTransactionScanner.initClient(GlobalTransactionScanner.java:232) ~[seata-all-2.1.0.jar:2.1.0]
	at org.apache.seata.spring.annotation.GlobalTransactionScanner.afterPropertiesSet(GlobalTransactionScanner.java:480) ~[seata-all-2.1.0.jar:2.1.0]
	at org.springframework.beans.factory.support.AbstractAutowireCapableBeanFactory.invokeInitMethods(AbstractAutowireCapableBeanFactory.java:1853) ~[spring-beans-6.1.15.jar:6.1.15]
	at org.springframework.beans.factory.support.AbstractAutowireCapableBeanFactory.initializeBean(AbstractAutowireCapableBeanFactory.java:1802) ~[spring-beans-6.1.15.jar:6.1.15]
	... 94 common frames omitted

21:32:33:982  WARN 19184 --- [item-service] [Thread-2] c.a.n.common.executor.ThreadPoolManager  : [ThreadPoolManager] Start destroying ThreadPool
21:32:33:982  WARN 19184 --- [item-service] [Thread-2] c.a.n.common.executor.ThreadPoolManager  : [ThreadPoolManager] Destruction of the end
21:39:45:911  INFO 18416 --- [item-service] [main] c.a.nacos.client.logging.NacosLogging    : Nacos Logging Adapter Builder: com.alibaba.nacos.logger.adapter.logback12.LogbackNacosLoggingAdapterBuilder
21:39:45:927  INFO 18416 --- [item-service] [main] c.a.nacos.client.logging.NacosLogging    : Nacos Logging Adapter Builder: com.alibaba.nacos.logger.adapter.logback14.LogbackNacosLoggingAdapterBuilder
21:39:45:928  INFO 18416 --- [item-service] [main] c.a.nacos.client.logging.NacosLogging    : Nacos Logging Adapter: com.alibaba.nacos.logger.adapter.logback14.LogbackNacosLoggingAdapter match ch.qos.logback.classic.Logger success.
21:39:45:938  INFO 18416 --- [item-service] [main] c.a.nacos.client.logging.NacosLogging    : Nacos Logging Adapter Builder: com.alibaba.nacos.logger.adapter.log4j2.Log4j2NacosLoggingAdapterBuilder
21:39:46:061  WARN 18416 --- [item-service] [main] c.a.nacos.client.logging.NacosLogging    : Load ch.qos.logback.classic.Logger Configuration of Nacos fail, message: 'void ch.qos.logback.core.model.ModelUtil.setProperty(ch.qos.logback.core.model.processor.ModelInterpretationContext, java.lang.String, java.lang.String, ch.qos.logback.core.joran.action.ActionUtil$Scope)'
21:39:46:140  WARN 18416 --- [item-service] [main] c.a.nacos.client.logging.NacosLogging    : Load ch.qos.logback.classic.Logger Configuration of Nacos fail, message: 'void ch.qos.logback.core.model.ModelUtil.setProperty(ch.qos.logback.core.model.processor.ModelInterpretationContext, java.lang.String, java.lang.String, ch.qos.logback.core.joran.action.ActionUtil$Scope)'
21:39:46:154  INFO 18416 --- [item-service] [main] c.g.item.elastic.ElasticDSLSearchTest    : Starting ElasticDSLSearchTest using Java 21.0.11 with PID 18416 (started by lindu in E:\hmall\hm-item\item-service)
21:39:46:156  INFO 18416 --- [item-service] [main] c.g.item.elastic.ElasticDSLSearchTest    : The following 1 profile is active: "local"
21:39:47:450  INFO 18416 --- [item-service] [main] o.s.cloud.context.scope.GenericScope     : BeanFactory id=47d6e0ea-b2a4-3bea-86c5-5bfe4470e366
21:39:47:588  WARN 18416 --- [item-service] [main] trationDelegate$BeanPostProcessorChecker : Bean 'org.apache.seata.spring.boot.autoconfigure.SeataCoreAutoConfiguration' of type [org.apache.seata.spring.boot.autoconfigure.SeataCoreAutoConfiguration] is not eligible for getting processed by all BeanPostProcessors (for example: not eligible for auto-proxying). Is this bean getting eagerly injected/applied to a currently created BeanPostProcessor []? Check the corresponding BeanPostProcessor declaration and its dependencies/advisors. If this bean does not have to be post-processed, declare it with ROLE_INFRASTRUCTURE.
21:39:47:589  WARN 18416 --- [item-service] [main] trationDelegate$BeanPostProcessorChecker : Bean 'springApplicationContextProvider' of type [org.apache.seata.spring.boot.autoconfigure.provider.SpringApplicationContextProvider] is not eligible for getting processed by all BeanPostProcessors (for example: not eligible for auto-proxying). Is this bean getting eagerly injected/applied to a currently created BeanPostProcessor []? Check the corresponding BeanPostProcessor declaration and its dependencies/advisors. If this bean does not have to be post-processed, declare it with ROLE_INFRASTRUCTURE.
21:39:47:590  WARN 18416 --- [item-service] [main] trationDelegate$BeanPostProcessorChecker : Bean 'org.apache.seata.spring.boot.autoconfigure.SeataAutoConfiguration' of type [org.apache.seata.spring.boot.autoconfigure.SeataAutoConfiguration] is not eligible for getting processed by all BeanPostProcessors (for example: not eligible for auto-proxying). Is this bean getting eagerly injected/applied to a currently created BeanPostProcessor []? Check the corresponding BeanPostProcessor declaration and its dependencies/advisors. If this bean does not have to be post-processed, declare it with ROLE_INFRASTRUCTURE.
21:39:47:679  WARN 18416 --- [item-service] [main] trationDelegate$BeanPostProcessorChecker : Bean 'failureHandler' of type [org.apache.seata.tm.api.DefaultFailureHandlerImpl] is not eligible for getting processed by all BeanPostProcessors (for example: not eligible for auto-proxying). Is this bean getting eagerly injected/applied to a currently created BeanPostProcessor []? Check the corresponding BeanPostProcessor declaration and its dependencies/advisors. If this bean does not have to be post-processed, declare it with ROLE_INFRASTRUCTURE.
21:39:47:694  WARN 18416 --- [item-service] [main] trationDelegate$BeanPostProcessorChecker : Bean 'org.springframework.cloud.commons.config.CommonsConfigAutoConfiguration' of type [org.springframework.cloud.commons.config.CommonsConfigAutoConfiguration] is not eligible for getting processed by all BeanPostProcessors (for example: not eligible for auto-proxying). Is this bean getting eagerly injected/applied to a currently created BeanPostProcessor [globalTransactionScanner]? Check the corresponding BeanPostProcessor declaration and its dependencies/advisors. If this bean does not have to be post-processed, declare it with ROLE_INFRASTRUCTURE.
21:39:47:701  WARN 18416 --- [item-service] [main] trationDelegate$BeanPostProcessorChecker : Bean 'org.springframework.cloud.client.loadbalancer.LoadBalancerDefaultMappingsProviderAutoConfiguration' of type [org.springframework.cloud.client.loadbalancer.LoadBalancerDefaultMappingsProviderAutoConfiguration] is not eligible for getting processed by all BeanPostProcessors (for example: not eligible for auto-proxying). Is this bean getting eagerly injected/applied to a currently created BeanPostProcessor [globalTransactionScanner]? Check the corresponding BeanPostProcessor declaration and its dependencies/advisors. If this bean does not have to be post-processed, declare it with ROLE_INFRASTRUCTURE.
21:39:47:702  WARN 18416 --- [item-service] [main] trationDelegate$BeanPostProcessorChecker : Bean 'loadBalancerClientsDefaultsMappingsProvider' of type [org.springframework.cloud.client.loadbalancer.LoadBalancerDefaultMappingsProviderAutoConfiguration$$Lambda/0x0000015b9d5b2b70] is not eligible for getting processed by all BeanPostProcessors (for example: not eligible for auto-proxying). Is this bean getting eagerly injected/applied to a currently created BeanPostProcessor [globalTransactionScanner]? Check the corresponding BeanPostProcessor declaration and its dependencies/advisors. If this bean does not have to be post-processed, declare it with ROLE_INFRASTRUCTURE.
21:39:47:704  WARN 18416 --- [item-service] [main] trationDelegate$BeanPostProcessorChecker : Bean 'defaultsBindHandlerAdvisor' of type [org.springframework.cloud.commons.config.DefaultsBindHandlerAdvisor] is not eligible for getting processed by all BeanPostProcessors (for example: not eligible for auto-proxying). Is this bean getting eagerly injected/applied to a currently created BeanPostProcessor [globalTransactionScanner]? Check the corresponding BeanPostProcessor declaration and its dependencies/advisors. If this bean does not have to be post-processed, declare it with ROLE_INFRASTRUCTURE.
21:39:47:711  WARN 18416 --- [item-service] [main] trationDelegate$BeanPostProcessorChecker : Bean 'springCloudAlibabaConfiguration' of type [org.apache.seata.spring.boot.autoconfigure.properties.SpringCloudAlibabaConfiguration] is not eligible for getting processed by all BeanPostProcessors (for example: not eligible for auto-proxying). Is this bean getting eagerly injected/applied to a currently created BeanPostProcessor [globalTransactionScanner]? Check the corresponding BeanPostProcessor declaration and its dependencies/advisors. If this bean does not have to be post-processed, declare it with ROLE_INFRASTRUCTURE.
21:39:47:719  WARN 18416 --- [item-service] [main] trationDelegate$BeanPostProcessorChecker : Bean 'seataProperties' of type [org.apache.seata.spring.boot.autoconfigure.properties.SeataProperties] is not eligible for getting processed by all BeanPostProcessors (for example: not eligible for auto-proxying). Is this bean getting eagerly injected/applied to a currently created BeanPostProcessor [globalTransactionScanner]? Check the corresponding BeanPostProcessor declaration and its dependencies/advisors. If this bean does not have to be post-processed, declare it with ROLE_INFRASTRUCTURE.
21:39:47:722  INFO 18416 --- [item-service] [main] o.a.s.s.b.a.SeataAutoConfiguration       : Automatically configure Seata
21:39:47:746  INFO 18416 --- [item-service] [main] ServiceLoader$InnerEnhancedServiceLoader : Load compatible class io.seata.spring.annotation.ScannerChecker
21:39:47:832  INFO 18416 --- [item-service] [main] ServiceLoader$InnerEnhancedServiceLoader : Ignore load compatible class io.seata.config.ExtConfigurationProvider, because is not assignable from origin type org.apache.seata.config.ExtConfigurationProvider
21:39:47:851  INFO 18416 --- [item-service] [main] o.a.seata.config.ConfigurationFactory    : load Configuration from :Spring Configuration
21:39:47:898  INFO 18416 --- [item-service] [main] ServiceLoader$InnerEnhancedServiceLoader : Load compatible class io.seata.integration.tx.api.remoting.RemotingParser
21:39:47:900  INFO 18416 --- [item-service] [main] o.a.s.s.a.GlobalTransactionScanner       : Initializing Global Transaction Clients ... 
21:39:48:052  INFO 18416 --- [item-service] [main] ServiceLoader$InnerEnhancedServiceLoader : Load compatible class io.seata.core.auth.AuthSigner
21:39:48:070  INFO 18416 --- [item-service] [main] o.a.s.c.rpc.netty.NettyClientBootstrap   : NettyClientBootstrap has started
21:39:48:082  INFO 18416 --- [item-service] [main] o.a.s.d.registry.RegistryFactory         : use registry center type: file
21:39:48:088  INFO 18416 --- [item-service] [main] ServiceLoader$InnerEnhancedServiceLoader : Load compatible class io.seata.discovery.registry.RegistryProvider
21:39:48:092  INFO 18416 --- [item-service] [main] o.a.s.c.r.n.NettyClientChannelManager    : will connect to 192.168.68.128:8099
21:39:48:099  INFO 18416 --- [item-service] [main] o.a.s.c.rpc.netty.NettyPoolableFactory   : NettyPool create channel to transactionRole:TMROLE,address:192.168.68.128:8099,msg:< RegisterTMRequest{version='2.1.0', applicationId='item-service', transactionServiceGroup='hmall', extraData='ak=null
digest=hmall,172.29.160.1,1790602788096
timestamp=1790602788096
authVersion=V4
vgroup=hmall
ip=172.29.160.1
'} >
21:39:50:279  INFO 18416 --- [item-service] [NettyClientSelector_TMROLE_1_1] o.a.s.c.r.n.AbstractNettyRemotingClient  : ChannelHandlerContext(AbstractNettyRemotingClient$ClientHandler#0, [id: 0xc49b4b69, L:null ! R:/192.168.68.128:8099]) will closed
21:39:50:276 ERROR 18416 --- [item-service] [main] o.a.s.c.r.n.NettyClientChannelManager    : 0304 register RM failed.

org.apache.seata.common.exception.FrameworkException: can not connect to services-server.
	at org.apache.seata.core.rpc.netty.NettyClientBootstrap.getNewChannel(NettyClientBootstrap.java:181) ~[seata-all-2.1.0.jar:2.1.0]
	at org.apache.seata.core.rpc.netty.NettyPoolableFactory.makeObject(NettyPoolableFactory.java:58) ~[seata-all-2.1.0.jar:2.1.0]
	at org.apache.seata.core.rpc.netty.NettyPoolableFactory.makeObject(NettyPoolableFactory.java:34) ~[seata-all-2.1.0.jar:2.1.0]
	at org.apache.commons.pool.impl.GenericKeyedObjectPool.borrowObject(GenericKeyedObjectPool.java:1220) ~[commons-pool-1.6.jar:1.6]
	at org.apache.seata.core.rpc.netty.NettyClientChannelManager.doConnect(NettyClientChannelManager.java:288) ~[seata-all-2.1.0.jar:2.1.0]
	at org.apache.seata.core.rpc.netty.NettyClientChannelManager.acquireChannel(NettyClientChannelManager.java:110) ~[seata-all-2.1.0.jar:2.1.0]
	at org.apache.seata.core.rpc.netty.NettyClientChannelManager.doReconnect(NettyClientChannelManager.java:233) ~[seata-all-2.1.0.jar:2.1.0]
	at org.apache.seata.core.rpc.netty.NettyClientChannelManager.doReconnect(NettyClientChannelManager.java:212) ~[seata-all-2.1.0.jar:2.1.0]
	at org.apache.seata.core.rpc.netty.NettyClientChannelManager.initReconnect(NettyClientChannelManager.java:176) ~[seata-all-2.1.0.jar:2.1.0]
	at org.apache.seata.core.rpc.netty.TmNettyRemotingClient.initConnection(TmNettyRemotingClient.java:291) ~[seata-all-2.1.0.jar:2.1.0]
	at org.apache.seata.core.rpc.netty.TmNettyRemotingClient.init(TmNettyRemotingClient.java:191) ~[seata-all-2.1.0.jar:2.1.0]
	at org.apache.seata.tm.TMClient.init(TMClient.java:47) ~[seata-all-2.1.0.jar:2.1.0]
	at org.apache.seata.spring.annotation.GlobalTransactionScanner.initClient(GlobalTransactionScanner.java:232) ~[seata-all-2.1.0.jar:2.1.0]
	at org.apache.seata.spring.annotation.GlobalTransactionScanner.afterPropertiesSet(GlobalTransactionScanner.java:480) ~[seata-all-2.1.0.jar:2.1.0]
	at org.springframework.beans.factory.support.AbstractAutowireCapableBeanFactory.invokeInitMethods(AbstractAutowireCapableBeanFactory.java:1853) ~[spring-beans-6.1.15.jar:6.1.15]
	at org.springframework.beans.factory.support.AbstractAutowireCapableBeanFactory.initializeBean(AbstractAutowireCapableBeanFactory.java:1802) ~[spring-beans-6.1.15.jar:6.1.15]
	at org.springframework.beans.factory.support.AbstractAutowireCapableBeanFactory.doCreateBean(AbstractAutowireCapableBeanFactory.java:600) ~[spring-beans-6.1.15.jar:6.1.15]
	at org.springframework.beans.factory.support.AbstractAutowireCapableBeanFactory.createBean(AbstractAutowireCapableBeanFactory.java:522) ~[spring-beans-6.1.15.jar:6.1.15]
	at org.springframework.beans.factory.support.AbstractBeanFactory.lambda$doGetBean$0(AbstractBeanFactory.java:337) ~[spring-beans-6.1.15.jar:6.1.15]
	at org.springframework.beans.factory.support.DefaultSingletonBeanRegistry.getSingleton(DefaultSingletonBeanRegistry.java:234) ~[spring-beans-6.1.15.jar:6.1.15]
	at org.springframework.beans.factory.support.AbstractBeanFactory.doGetBean(AbstractBeanFactory.java:335) ~[spring-beans-6.1.15.jar:6.1.15]
	at org.springframework.beans.factory.support.AbstractBeanFactory.getBean(AbstractBeanFactory.java:205) ~[spring-beans-6.1.15.jar:6.1.15]
	at org.springframework.context.support.PostProcessorRegistrationDelegate.registerBeanPostProcessors(PostProcessorRegistrationDelegate.java:265) ~[spring-context-6.1.15.jar:6.1.15]
	at org.springframework.context.support.AbstractApplicationContext.registerBeanPostProcessors(AbstractApplicationContext.java:806) ~[spring-context-6.1.15.jar:6.1.15]
	at org.springframework.context.support.AbstractApplicationContext.refresh(AbstractApplicationContext.java:609) ~[spring-context-6.1.15.jar:6.1.15]
	at org.springframework.boot.SpringApplication.refresh(SpringApplication.java:754) ~[spring-boot-3.3.6.jar:3.3.6]
	at org.springframework.boot.SpringApplication.refreshContext(SpringApplication.java:456) ~[spring-boot-3.3.6.jar:3.3.6]
	at org.springframework.boot.SpringApplication.run(SpringApplication.java:335) ~[spring-boot-3.3.6.jar:3.3.6]
	at org.springframework.boot.test.context.SpringBootContextLoader.lambda$loadContext$3(SpringBootContextLoader.java:137) ~[spring-boot-test-3.3.6.jar:3.3.6]
	at org.springframework.util.function.ThrowingSupplier.get(ThrowingSupplier.java:58) ~[spring-core-6.1.15.jar:6.1.15]
	at org.springframework.util.function.ThrowingSupplier.get(ThrowingSupplier.java:46) ~[spring-core-6.1.15.jar:6.1.15]
	at org.springframework.boot.SpringApplication.withHook(SpringApplication.java:1463) ~[spring-boot-3.3.6.jar:3.3.6]
	at org.springframework.boot.test.context.SpringBootContextLoader$ContextLoaderHook.run(SpringBootContextLoader.java:553) ~[spring-boot-test-3.3.6.jar:3.3.6]
	at org.springframework.boot.test.context.SpringBootContextLoader.loadContext(SpringBootContextLoader.java:137) ~[spring-boot-test-3.3.6.jar:3.3.6]
	at org.springframework.boot.test.context.SpringBootContextLoader.loadContext(SpringBootContextLoader.java:108) ~[spring-boot-test-3.3.6.jar:3.3.6]
	at org.springframework.test.context.cache.DefaultCacheAwareContextLoaderDelegate.loadContextInternal(DefaultCacheAwareContextLoaderDelegate.java:225) ~[spring-test-6.1.15.jar:6.1.15]
	at org.springframework.test.context.cache.DefaultCacheAwareContextLoaderDelegate.loadContext(DefaultCacheAwareContextLoaderDelegate.java:152) ~[spring-test-6.1.15.jar:6.1.15]
	at org.springframework.test.context.support.DefaultTestContext.getApplicationContext(DefaultTestContext.java:130) ~[spring-test-6.1.15.jar:6.1.15]
	at org.springframework.test.context.web.ServletTestExecutionListener.setUpRequestContextIfNecessary(ServletTestExecutionListener.java:191) ~[spring-test-6.1.15.jar:6.1.15]
	at org.springframework.test.context.web.ServletTestExecutionListener.prepareTestInstance(ServletTestExecutionListener.java:130) ~[spring-test-6.1.15.jar:6.1.15]
	at org.springframework.test.context.TestContextManager.prepareTestInstance(TestContextManager.java:260) ~[spring-test-6.1.15.jar:6.1.15]
	at org.springframework.test.context.junit.jupiter.SpringExtension.postProcessTestInstance(SpringExtension.java:163) ~[spring-test-6.1.15.jar:6.1.15]
	at org.junit.jupiter.engine.descriptor.ClassBasedTestDescriptor.lambda$invokeTestInstancePostProcessors$10(ClassBasedTestDescriptor.java:378) ~[junit-jupiter-engine-5.10.5.jar:5.10.5]
	at org.junit.jupiter.engine.descriptor.ClassBasedTestDescriptor.executeAndMaskThrowable(ClassBasedTestDescriptor.java:383) ~[junit-jupiter-engine-5.10.5.jar:5.10.5]
	at org.junit.jupiter.engine.descriptor.ClassBasedTestDescriptor.lambda$invokeTestInstancePostProcessors$11(ClassBasedTestDescriptor.java:378) ~[junit-jupiter-engine-5.10.5.jar:5.10.5]
	at java.base/java.util.stream.ReferencePipeline$3$1.accept(ReferencePipeline.java:197) ~[na:na]
	at java.base/java.util.stream.ReferencePipeline$2$1.accept(ReferencePipeline.java:179) ~[na:na]
	at java.base/java.util.ArrayList$ArrayListSpliterator.forEachRemaining(ArrayList.java:1708) ~[na:na]
	at java.base/java.util.stream.AbstractPipeline.copyInto(AbstractPipeline.java:509) ~[na:na]
	at java.base/java.util.stream.AbstractPipeline.wrapAndCopyInto(AbstractPipeline.java:499) ~[na:na]
	at java.base/java.util.stream.StreamSpliterators$WrappingSpliterator.forEachRemaining(StreamSpliterators.java:310) ~[na:na]
	at java.base/java.util.stream.Streams$ConcatSpliterator.forEachRemaining(Streams.java:735) ~[na:na]
	at java.base/java.util.stream.Streams$ConcatSpliterator.forEachRemaining(Streams.java:734) ~[na:na]
	at java.base/java.util.stream.ReferencePipeline$Head.forEach(ReferencePipeline.java:762) ~[na:na]
	at org.junit.jupiter.engine.descriptor.ClassBasedTestDescriptor.invokeTestInstancePostProcessors(ClassBasedTestDescriptor.java:377) ~[junit-jupiter-engine-5.10.5.jar:5.10.5]
	at org.junit.jupiter.engine.descriptor.ClassBasedTestDescriptor.lambda$instantiateAndPostProcessTestInstance$6(ClassBasedTestDescriptor.java:290) ~[junit-jupiter-engine-5.10.5.jar:5.10.5]
	at org.junit.platform.engine.support.hierarchical.ThrowableCollector.execute(ThrowableCollector.java:73) ~[junit-platform-engine-1.10.5.jar:1.10.5]
	at org.junit.jupiter.engine.descriptor.ClassBasedTestDescriptor.instantiateAndPostProcessTestInstance(ClassBasedTestDescriptor.java:289) ~[junit-jupiter-engine-5.10.5.jar:5.10.5]
	at org.junit.jupiter.engine.descriptor.ClassBasedTestDescriptor.lambda$testInstancesProvider$4(ClassBasedTestDescriptor.java:279) ~[junit-jupiter-engine-5.10.5.jar:5.10.5]
	at java.base/java.util.Optional.orElseGet(Optional.java:364) ~[na:na]
	at org.junit.jupiter.engine.descriptor.ClassBasedTestDescriptor.lambda$testInstancesProvider$5(ClassBasedTestDescriptor.java:278) ~[junit-jupiter-engine-5.10.5.jar:5.10.5]
	at org.junit.jupiter.engine.execution.TestInstancesProvider.getTestInstances(TestInstancesProvider.java:31) ~[junit-jupiter-engine-5.10.5.jar:5.10.5]
	at org.junit.jupiter.engine.descriptor.TestMethodTestDescriptor.lambda$prepare$0(TestMethodTestDescriptor.java:106) ~[junit-jupiter-engine-5.10.5.jar:5.10.5]
	at org.junit.platform.engine.support.hierarchical.ThrowableCollector.execute(ThrowableCollector.java:73) ~[junit-platform-engine-1.10.5.jar:1.10.5]
	at org.junit.jupiter.engine.descriptor.TestMethodTestDescriptor.prepare(TestMethodTestDescriptor.java:105) ~[junit-jupiter-engine-5.10.5.jar:5.10.5]
	at org.junit.jupiter.engine.descriptor.TestMethodTestDescriptor.prepare(TestMethodTestDescriptor.java:69) ~[junit-jupiter-engine-5.10.5.jar:5.10.5]
	at org.junit.platform.engine.support.hierarchical.NodeTestTask.lambda$prepare$2(NodeTestTask.java:128) ~[junit-platform-engine-1.10.5.jar:1.10.5]
	at org.junit.platform.engine.support.hierarchical.ThrowableCollector.execute(ThrowableCollector.java:73) ~[junit-platform-engine-1.10.5.jar:1.10.5]
	at org.junit.platform.engine.support.hierarchical.NodeTestTask.prepare(NodeTestTask.java:128) ~[junit-platform-engine-1.10.5.jar:1.10.5]
	at org.junit.platform.engine.support.hierarchical.NodeTestTask.execute(NodeTestTask.java:95) ~[junit-platform-engine-1.10.5.jar:1.10.5]
	at java.base/java.util.ArrayList.forEach(ArrayList.java:1596) ~[na:na]
	at org.junit.platform.engine.support.hierarchical.SameThreadHierarchicalTestExecutorService.invokeAll(SameThreadHierarchicalTestExecutorService.java:41) ~[junit-platform-engine-1.10.5.jar:1.10.5]
	at org.junit.platform.engine.support.hierarchical.NodeTestTask.lambda$executeRecursively$6(NodeTestTask.java:160) ~[junit-platform-engine-1.10.5.jar:1.10.5]
	at org.junit.platform.engine.support.hierarchical.ThrowableCollector.execute(ThrowableCollector.java:73) ~[junit-platform-engine-1.10.5.jar:1.10.5]
	at org.junit.platform.engine.support.hierarchical.NodeTestTask.lambda$executeRecursively$8(NodeTestTask.java:146) ~[junit-platform-engine-1.10.5.jar:1.10.5]
	at org.junit.platform.engine.support.hierarchical.Node.around(Node.java:137) ~[junit-platform-engine-1.10.5.jar:1.10.5]
	at org.junit.platform.engine.support.hierarchical.NodeTestTask.lambda$executeRecursively$9(NodeTestTask.java:144) ~[junit-platform-engine-1.10.5.jar:1.10.5]
	at org.junit.platform.engine.support.hierarchical.ThrowableCollector.execute(ThrowableCollector.java:73) ~[junit-platform-engine-1.10.5.jar:1.10.5]
	at org.junit.platform.engine.support.hierarchical.NodeTestTask.executeRecursively(NodeTestTask.java:143) ~[junit-platform-engine-1.10.5.jar:1.10.5]
	at org.junit.platform.engine.support.hierarchical.NodeTestTask.execute(NodeTestTask.java:100) ~[junit-platform-engine-1.10.5.jar:1.10.5]
	at java.base/java.util.ArrayList.forEach(ArrayList.java:1596) ~[na:na]
	at org.junit.platform.engine.support.hierarchical.SameThreadHierarchicalTestExecutorService.invokeAll(SameThreadHierarchicalTestExecutorService.java:41) ~[junit-platform-engine-1.10.5.jar:1.10.5]
	at org.junit.platform.engine.support.hierarchical.NodeTestTask.lambda$executeRecursively$6(NodeTestTask.java:160) ~[junit-platform-engine-1.10.5.jar:1.10.5]
	at org.junit.platform.engine.support.hierarchical.ThrowableCollector.execute(ThrowableCollector.java:73) ~[junit-platform-engine-1.10.5.jar:1.10.5]
	at org.junit.platform.engine.support.hierarchical.NodeTestTask.lambda$executeRecursively$8(NodeTestTask.java:146) ~[junit-platform-engine-1.10.5.jar:1.10.5]
	at org.junit.platform.engine.support.hierarchical.Node.around(Node.java:137) ~[junit-platform-engine-1.10.5.jar:1.10.5]
	at org.junit.platform.engine.support.hierarchical.NodeTestTask.lambda$executeRecursively$9(NodeTestTask.java:144) ~[junit-platform-engine-1.10.5.jar:1.10.5]
	at org.junit.platform.engine.support.hierarchical.ThrowableCollector.execute(ThrowableCollector.java:73) ~[junit-platform-engine-1.10.5.jar:1.10.5]
	at org.junit.platform.engine.support.hierarchical.NodeTestTask.executeRecursively(NodeTestTask.java:143) ~[junit-platform-engine-1.10.5.jar:1.10.5]
	at org.junit.platform.engine.support.hierarchical.NodeTestTask.execute(NodeTestTask.java:100) ~[junit-platform-engine-1.10.5.jar:1.10.5]
	at org.junit.platform.engine.support.hierarchical.SameThreadHierarchicalTestExecutorService.submit(SameThreadHierarchicalTestExecutorService.java:35) ~[junit-platform-engine-1.10.5.jar:1.10.5]
	at org.junit.platform.engine.support.hierarchical.HierarchicalTestExecutor.execute(HierarchicalTestExecutor.java:57) ~[junit-platform-engine-1.10.5.jar:1.10.5]
	at org.junit.platform.engine.support.hierarchical.HierarchicalTestEngine.execute(HierarchicalTestEngine.java:54) ~[junit-platform-engine-1.10.5.jar:1.10.5]
	at org.junit.platform.launcher.core.EngineExecutionOrchestrator.execute(EngineExecutionOrchestrator.java:198) ~[junit-platform-launcher-1.10.5.jar:1.10.5]
	at org.junit.platform.launcher.core.EngineExecutionOrchestrator.execute(EngineExecutionOrchestrator.java:169) ~[junit-platform-launcher-1.10.5.jar:1.10.5]
	at org.junit.platform.launcher.core.EngineExecutionOrchestrator.execute(EngineExecutionOrchestrator.java:93) ~[junit-platform-launcher-1.10.5.jar:1.10.5]
	at org.junit.platform.launcher.core.EngineExecutionOrchestrator.lambda$execute$0(EngineExecutionOrchestrator.java:58) ~[junit-platform-launcher-1.10.5.jar:1.10.5]
	at org.junit.platform.launcher.core.EngineExecutionOrchestrator.withInterceptedStreams(EngineExecutionOrchestrator.java:141) ~[junit-platform-launcher-1.10.5.jar:1.10.5]
	at org.junit.platform.launcher.core.EngineExecutionOrchestrator.execute(EngineExecutionOrchestrator.java:57) ~[junit-platform-launcher-1.10.5.jar:1.10.5]
	at org.junit.platform.launcher.core.DefaultLauncher.execute(DefaultLauncher.java:103) ~[junit-platform-launcher-1.10.5.jar:1.10.5]
	at org.junit.platform.launcher.core.DefaultLauncher.execute(DefaultLauncher.java:85) ~[junit-platform-launcher-1.10.5.jar:1.10.5]
	at org.junit.platform.launcher.core.DelegatingLauncher.execute(DelegatingLauncher.java:47) ~[junit-platform-launcher-1.10.5.jar:1.10.5]
	at org.junit.platform.launcher.core.SessionPerRequestLauncher.execute(SessionPerRequestLauncher.java:63) ~[junit-platform-launcher-1.10.5.jar:1.10.5]
	at com.intellij.junit5.JUnit5TestRunnerHelper.execute(JUnit5TestRunnerHelper.java:134) ~[junit5-rt.jar:na]
	at com.intellij.junit5.JUnit5IdeaTestRunner.startRunnerWithArgs(JUnit5IdeaTestRunner.java:70) ~[junit5-rt.jar:na]
	at com.intellij.rt.junit.IdeaTestRunner$Repeater$1.execute(IdeaTestRunner.java:38) ~[junit-rt.jar:na]
	at com.intellij.rt.execution.junit.TestsRepeater.repeat(TestsRepeater.java:11) ~[idea_rt.jar:na]
	at com.intellij.rt.junit.IdeaTestRunner$Repeater.startRunnerWithArgs(IdeaTestRunner.java:35) ~[junit-rt.jar:na]
	at com.intellij.rt.junit.JUnitStarter.prepareStreamsAndStart(JUnitStarter.java:226) ~[junit-rt.jar:na]
	at com.intellij.rt.junit.JUnitStarter.main(JUnitStarter.java:62) ~[junit-rt.jar:na]
Caused by: org.apache.seata.common.exception.FrameworkException: connect failed, can not connect to services-server.
	at org.apache.seata.core.rpc.netty.NettyClientBootstrap.getNewChannel(NettyClientBootstrap.java:176) ~[seata-all-2.1.0.jar:2.1.0]
	... 109 common frames omitted
Caused by: io.netty.channel.AbstractChannel$AnnotatedConnectException: Connection refused: getsockopt: /192.168.68.128:8099
Caused by: java.net.ConnectException: Connection refused: getsockopt
	at java.base/sun.nio.ch.Net.pollConnect(Native Method) ~[na:na]
	at java.base/sun.nio.ch.Net.pollConnectNow(Net.java:694) ~[na:na]
	at java.base/sun.nio.ch.SocketChannelImpl.finishConnect(SocketChannelImpl.java:973) ~[na:na]
	at io.netty.channel.socket.nio.NioSocketChannel.doFinishConnect(NioSocketChannel.java:336) ~[netty-transport-4.1.115.Final.jar:4.1.115.Final]
	at io.netty.channel.nio.AbstractNioChannel$AbstractNioUnsafe.finishConnect(AbstractNioChannel.java:339) ~[netty-transport-4.1.115.Final.jar:4.1.115.Final]
	at io.netty.channel.nio.NioEventLoop.processSelectedKey(NioEventLoop.java:776) ~[netty-transport-4.1.115.Final.jar:4.1.115.Final]
	at io.netty.channel.nio.NioEventLoop.processSelectedKeysOptimized(NioEventLoop.java:724) ~[netty-transport-4.1.115.Final.jar:4.1.115.Final]
	at io.netty.channel.nio.NioEventLoop.processSelectedKeys(NioEventLoop.java:650) ~[netty-transport-4.1.115.Final.jar:4.1.115.Final]
	at io.netty.channel.nio.NioEventLoop.run(NioEventLoop.java:562) ~[netty-transport-4.1.115.Final.jar:4.1.115.Final]
	at io.netty.util.concurrent.SingleThreadEventExecutor$4.run(SingleThreadEventExecutor.java:997) ~[netty-common-4.1.115.Final.jar:4.1.115.Final]
	at io.netty.util.internal.ThreadExecutorMap$2.run(ThreadExecutorMap.java:74) ~[netty-common-4.1.115.Final.jar:4.1.115.Final]
	at io.netty.util.concurrent.FastThreadLocalRunnable.run(FastThreadLocalRunnable.java:30) ~[netty-common-4.1.115.Final.jar:4.1.115.Final]
	at java.base/java.lang.Thread.run(Thread.java:1583) ~[na:na]

21:39:50:280 ERROR 18416 --- [item-service] [main] o.a.s.c.r.n.NettyClientChannelManager    : 0101 can not connect to [192.168.68.128:8099] cause:[can not register RM,err:can not connect to services-server.]
21:39:50:281  WARN 18416 --- [item-service] [main] o.s.w.c.s.GenericWebApplicationContext   : Exception encountered during context initialization - cancelling refresh attempt: org.springframework.beans.factory.BeanCreationException: Error creating bean with name 'globalTransactionScanner' defined in class path resource [org/apache/seata/spring/boot/autoconfigure/SeataAutoConfiguration.class]: can not connect to [192.168.68.128:8099]
21:39:50:289  INFO 18416 --- [item-service] [main] .s.b.a.l.ConditionEvaluationReportLogger : 

Error starting ApplicationContext. To display the condition evaluation report re-run your application with 'debug' enabled.
21:39:50:314 ERROR 18416 --- [item-service] [main] o.s.boot.SpringApplication               : Application run failed

org.springframework.beans.factory.BeanCreationException: Error creating bean with name 'globalTransactionScanner' defined in class path resource [org/apache/seata/spring/boot/autoconfigure/SeataAutoConfiguration.class]: can not connect to [192.168.68.128:8099]
	at org.springframework.beans.factory.support.AbstractAutowireCapableBeanFactory.initializeBean(AbstractAutowireCapableBeanFactory.java:1806) ~[spring-beans-6.1.15.jar:6.1.15]
	at org.springframework.beans.factory.support.AbstractAutowireCapableBeanFactory.doCreateBean(AbstractAutowireCapableBeanFactory.java:600) ~[spring-beans-6.1.15.jar:6.1.15]
	at org.springframework.beans.factory.support.AbstractAutowireCapableBeanFactory.createBean(AbstractAutowireCapableBeanFactory.java:522) ~[spring-beans-6.1.15.jar:6.1.15]
	at org.springframework.beans.factory.support.AbstractBeanFactory.lambda$doGetBean$0(AbstractBeanFactory.java:337) ~[spring-beans-6.1.15.jar:6.1.15]
	at org.springframework.beans.factory.support.DefaultSingletonBeanRegistry.getSingleton(DefaultSingletonBeanRegistry.java:234) ~[spring-beans-6.1.15.jar:6.1.15]
	at org.springframework.beans.factory.support.AbstractBeanFactory.doGetBean(AbstractBeanFactory.java:335) ~[spring-beans-6.1.15.jar:6.1.15]
	at org.springframework.beans.factory.support.AbstractBeanFactory.getBean(AbstractBeanFactory.java:205) ~[spring-beans-6.1.15.jar:6.1.15]
	at org.springframework.context.support.PostProcessorRegistrationDelegate.registerBeanPostProcessors(PostProcessorRegistrationDelegate.java:265) ~[spring-context-6.1.15.jar:6.1.15]
	at org.springframework.context.support.AbstractApplicationContext.registerBeanPostProcessors(AbstractApplicationContext.java:806) ~[spring-context-6.1.15.jar:6.1.15]
	at org.springframework.context.support.AbstractApplicationContext.refresh(AbstractApplicationContext.java:609) ~[spring-context-6.1.15.jar:6.1.15]
	at org.springframework.boot.SpringApplication.refresh(SpringApplication.java:754) ~[spring-boot-3.3.6.jar:3.3.6]
	at org.springframework.boot.SpringApplication.refreshContext(SpringApplication.java:456) ~[spring-boot-3.3.6.jar:3.3.6]
	at org.springframework.boot.SpringApplication.run(SpringApplication.java:335) ~[spring-boot-3.3.6.jar:3.3.6]
	at org.springframework.boot.test.context.SpringBootContextLoader.lambda$loadContext$3(SpringBootContextLoader.java:137) ~[spring-boot-test-3.3.6.jar:3.3.6]
	at org.springframework.util.function.ThrowingSupplier.get(ThrowingSupplier.java:58) ~[spring-core-6.1.15.jar:6.1.15]
	at org.springframework.util.function.ThrowingSupplier.get(ThrowingSupplier.java:46) ~[spring-core-6.1.15.jar:6.1.15]
	at org.springframework.boot.SpringApplication.withHook(SpringApplication.java:1463) ~[spring-boot-3.3.6.jar:3.3.6]
	at org.springframework.boot.test.context.SpringBootContextLoader$ContextLoaderHook.run(SpringBootContextLoader.java:553) ~[spring-boot-test-3.3.6.jar:3.3.6]
	at org.springframework.boot.test.context.SpringBootContextLoader.loadContext(SpringBootContextLoader.java:137) ~[spring-boot-test-3.3.6.jar:3.3.6]
	at org.springframework.boot.test.context.SpringBootContextLoader.loadContext(SpringBootContextLoader.java:108) ~[spring-boot-test-3.3.6.jar:3.3.6]
	at org.springframework.test.context.cache.DefaultCacheAwareContextLoaderDelegate.loadContextInternal(DefaultCacheAwareContextLoaderDelegate.java:225) ~[spring-test-6.1.15.jar:6.1.15]
	at org.springframework.test.context.cache.DefaultCacheAwareContextLoaderDelegate.loadContext(DefaultCacheAwareContextLoaderDelegate.java:152) ~[spring-test-6.1.15.jar:6.1.15]
	at org.springframework.test.context.support.DefaultTestContext.getApplicationContext(DefaultTestContext.java:130) ~[spring-test-6.1.15.jar:6.1.15]
	at org.springframework.test.context.web.ServletTestExecutionListener.setUpRequestContextIfNecessary(ServletTestExecutionListener.java:191) ~[spring-test-6.1.15.jar:6.1.15]
	at org.springframework.test.context.web.ServletTestExecutionListener.prepareTestInstance(ServletTestExecutionListener.java:130) ~[spring-test-6.1.15.jar:6.1.15]
	at org.springframework.test.context.TestContextManager.prepareTestInstance(TestContextManager.java:260) ~[spring-test-6.1.15.jar:6.1.15]
	at org.springframework.test.context.junit.jupiter.SpringExtension.postProcessTestInstance(SpringExtension.java:163) ~[spring-test-6.1.15.jar:6.1.15]
	at org.junit.jupiter.engine.descriptor.ClassBasedTestDescriptor.lambda$invokeTestInstancePostProcessors$10(ClassBasedTestDescriptor.java:378) ~[junit-jupiter-engine-5.10.5.jar:5.10.5]
	at org.junit.jupiter.engine.descriptor.ClassBasedTestDescriptor.executeAndMaskThrowable(ClassBasedTestDescriptor.java:383) ~[junit-jupiter-engine-5.10.5.jar:5.10.5]
	at org.junit.jupiter.engine.descriptor.ClassBasedTestDescriptor.lambda$invokeTestInstancePostProcessors$11(ClassBasedTestDescriptor.java:378) ~[junit-jupiter-engine-5.10.5.jar:5.10.5]
	at java.base/java.util.stream.ReferencePipeline$3$1.accept(ReferencePipeline.java:197) ~[na:na]
	at java.base/java.util.stream.ReferencePipeline$2$1.accept(ReferencePipeline.java:179) ~[na:na]
	at java.base/java.util.ArrayList$ArrayListSpliterator.forEachRemaining(ArrayList.java:1708) ~[na:na]
	at java.base/java.util.stream.AbstractPipeline.copyInto(AbstractPipeline.java:509) ~[na:na]
	at java.base/java.util.stream.AbstractPipeline.wrapAndCopyInto(AbstractPipeline.java:499) ~[na:na]
	at java.base/java.util.stream.StreamSpliterators$WrappingSpliterator.forEachRemaining(StreamSpliterators.java:310) ~[na:na]
	at java.base/java.util.stream.Streams$ConcatSpliterator.forEachRemaining(Streams.java:735) ~[na:na]
	at java.base/java.util.stream.Streams$ConcatSpliterator.forEachRemaining(Streams.java:734) ~[na:na]
	at java.base/java.util.stream.ReferencePipeline$Head.forEach(ReferencePipeline.java:762) ~[na:na]
	at org.junit.jupiter.engine.descriptor.ClassBasedTestDescriptor.invokeTestInstancePostProcessors(ClassBasedTestDescriptor.java:377) ~[junit-jupiter-engine-5.10.5.jar:5.10.5]
	at org.junit.jupiter.engine.descriptor.ClassBasedTestDescriptor.lambda$instantiateAndPostProcessTestInstance$6(ClassBasedTestDescriptor.java:290) ~[junit-jupiter-engine-5.10.5.jar:5.10.5]
	at org.junit.platform.engine.support.hierarchical.ThrowableCollector.execute(ThrowableCollector.java:73) ~[junit-platform-engine-1.10.5.jar:1.10.5]
	at org.junit.jupiter.engine.descriptor.ClassBasedTestDescriptor.instantiateAndPostProcessTestInstance(ClassBasedTestDescriptor.java:289) ~[junit-jupiter-engine-5.10.5.jar:5.10.5]
	at org.junit.jupiter.engine.descriptor.ClassBasedTestDescriptor.lambda$testInstancesProvider$4(ClassBasedTestDescriptor.java:279) ~[junit-jupiter-engine-5.10.5.jar:5.10.5]
	at java.base/java.util.Optional.orElseGet(Optional.java:364) ~[na:na]
	at org.junit.jupiter.engine.descriptor.ClassBasedTestDescriptor.lambda$testInstancesProvider$5(ClassBasedTestDescriptor.java:278) ~[junit-jupiter-engine-5.10.5.jar:5.10.5]
	at org.junit.jupiter.engine.execution.TestInstancesProvider.getTestInstances(TestInstancesProvider.java:31) ~[junit-jupiter-engine-5.10.5.jar:5.10.5]
	at org.junit.jupiter.engine.descriptor.TestMethodTestDescriptor.lambda$prepare$0(TestMethodTestDescriptor.java:106) ~[junit-jupiter-engine-5.10.5.jar:5.10.5]
	at org.junit.platform.engine.support.hierarchical.ThrowableCollector.execute(ThrowableCollector.java:73) ~[junit-platform-engine-1.10.5.jar:1.10.5]
	at org.junit.jupiter.engine.descriptor.TestMethodTestDescriptor.prepare(TestMethodTestDescriptor.java:105) ~[junit-jupiter-engine-5.10.5.jar:5.10.5]
	at org.junit.jupiter.engine.descriptor.TestMethodTestDescriptor.prepare(TestMethodTestDescriptor.java:69) ~[junit-jupiter-engine-5.10.5.jar:5.10.5]
	at org.junit.platform.engine.support.hierarchical.NodeTestTask.lambda$prepare$2(NodeTestTask.java:128) ~[junit-platform-engine-1.10.5.jar:1.10.5]
	at org.junit.platform.engine.support.hierarchical.ThrowableCollector.execute(ThrowableCollector.java:73) ~[junit-platform-engine-1.10.5.jar:1.10.5]
	at org.junit.platform.engine.support.hierarchical.NodeTestTask.prepare(NodeTestTask.java:128) ~[junit-platform-engine-1.10.5.jar:1.10.5]
	at org.junit.platform.engine.support.hierarchical.NodeTestTask.execute(NodeTestTask.java:95) ~[junit-platform-engine-1.10.5.jar:1.10.5]
	at java.base/java.util.ArrayList.forEach(ArrayList.java:1596) ~[na:na]
	at org.junit.platform.engine.support.hierarchical.SameThreadHierarchicalTestExecutorService.invokeAll(SameThreadHierarchicalTestExecutorService.java:41) ~[junit-platform-engine-1.10.5.jar:1.10.5]
	at org.junit.platform.engine.support.hierarchical.NodeTestTask.lambda$executeRecursively$6(NodeTestTask.java:160) ~[junit-platform-engine-1.10.5.jar:1.10.5]
	at org.junit.platform.engine.support.hierarchical.ThrowableCollector.execute(ThrowableCollector.java:73) ~[junit-platform-engine-1.10.5.jar:1.10.5]
	at org.junit.platform.engine.support.hierarchical.NodeTestTask.lambda$executeRecursively$8(NodeTestTask.java:146) ~[junit-platform-engine-1.10.5.jar:1.10.5]
	at org.junit.platform.engine.support.hierarchical.Node.around(Node.java:137) ~[junit-platform-engine-1.10.5.jar:1.10.5]
	at org.junit.platform.engine.support.hierarchical.NodeTestTask.lambda$executeRecursively$9(NodeTestTask.java:144) ~[junit-platform-engine-1.10.5.jar:1.10.5]
	at org.junit.platform.engine.support.hierarchical.ThrowableCollector.execute(ThrowableCollector.java:73) ~[junit-platform-engine-1.10.5.jar:1.10.5]
	at org.junit.platform.engine.support.hierarchical.NodeTestTask.executeRecursively(NodeTestTask.java:143) ~[junit-platform-engine-1.10.5.jar:1.10.5]
	at org.junit.platform.engine.support.hierarchical.NodeTestTask.execute(NodeTestTask.java:100) ~[junit-platform-engine-1.10.5.jar:1.10.5]
	at java.base/java.util.ArrayList.forEach(ArrayList.java:1596) ~[na:na]
	at org.junit.platform.engine.support.hierarchical.SameThreadHierarchicalTestExecutorService.invokeAll(SameThreadHierarchicalTestExecutorService.java:41) ~[junit-platform-engine-1.10.5.jar:1.10.5]
	at org.junit.platform.engine.support.hierarchical.NodeTestTask.lambda$executeRecursively$6(NodeTestTask.java:160) ~[junit-platform-engine-1.10.5.jar:1.10.5]
	at org.junit.platform.engine.support.hierarchical.ThrowableCollector.execute(ThrowableCollector.java:73) ~[junit-platform-engine-1.10.5.jar:1.10.5]
	at org.junit.platform.engine.support.hierarchical.NodeTestTask.lambda$executeRecursively$8(NodeTestTask.java:146) ~[junit-platform-engine-1.10.5.jar:1.10.5]
	at org.junit.platform.engine.support.hierarchical.Node.around(Node.java:137) ~[junit-platform-engine-1.10.5.jar:1.10.5]
	at org.junit.platform.engine.support.hierarchical.NodeTestTask.lambda$executeRecursively$9(NodeTestTask.java:144) ~[junit-platform-engine-1.10.5.jar:1.10.5]
	at org.junit.platform.engine.support.hierarchical.ThrowableCollector.execute(ThrowableCollector.java:73) ~[junit-platform-engine-1.10.5.jar:1.10.5]
	at org.junit.platform.engine.support.hierarchical.NodeTestTask.executeRecursively(NodeTestTask.java:143) ~[junit-platform-engine-1.10.5.jar:1.10.5]
	at org.junit.platform.engine.support.hierarchical.NodeTestTask.execute(NodeTestTask.java:100) ~[junit-platform-engine-1.10.5.jar:1.10.5]
	at org.junit.platform.engine.support.hierarchical.SameThreadHierarchicalTestExecutorService.submit(SameThreadHierarchicalTestExecutorService.java:35) ~[junit-platform-engine-1.10.5.jar:1.10.5]
	at org.junit.platform.engine.support.hierarchical.HierarchicalTestExecutor.execute(HierarchicalTestExecutor.java:57) ~[junit-platform-engine-1.10.5.jar:1.10.5]
	at org.junit.platform.engine.support.hierarchical.HierarchicalTestEngine.execute(HierarchicalTestEngine.java:54) ~[junit-platform-engine-1.10.5.jar:1.10.5]
	at org.junit.platform.launcher.core.EngineExecutionOrchestrator.execute(EngineExecutionOrchestrator.java:198) ~[junit-platform-launcher-1.10.5.jar:1.10.5]
	at org.junit.platform.launcher.core.EngineExecutionOrchestrator.execute(EngineExecutionOrchestrator.java:169) ~[junit-platform-launcher-1.10.5.jar:1.10.5]
	at org.junit.platform.launcher.core.EngineExecutionOrchestrator.execute(EngineExecutionOrchestrator.java:93) ~[junit-platform-launcher-1.10.5.jar:1.10.5]
	at org.junit.platform.launcher.core.EngineExecutionOrchestrator.lambda$execute$0(EngineExecutionOrchestrator.java:58) ~[junit-platform-launcher-1.10.5.jar:1.10.5]
	at org.junit.platform.launcher.core.EngineExecutionOrchestrator.withInterceptedStreams(EngineExecutionOrchestrator.java:141) ~[junit-platform-launcher-1.10.5.jar:1.10.5]
	at org.junit.platform.launcher.core.EngineExecutionOrchestrator.execute(EngineExecutionOrchestrator.java:57) ~[junit-platform-launcher-1.10.5.jar:1.10.5]
	at org.junit.platform.launcher.core.DefaultLauncher.execute(DefaultLauncher.java:103) ~[junit-platform-launcher-1.10.5.jar:1.10.5]
	at org.junit.platform.launcher.core.DefaultLauncher.execute(DefaultLauncher.java:85) ~[junit-platform-launcher-1.10.5.jar:1.10.5]
	at org.junit.platform.launcher.core.DelegatingLauncher.execute(DelegatingLauncher.java:47) ~[junit-platform-launcher-1.10.5.jar:1.10.5]
	at org.junit.platform.launcher.core.SessionPerRequestLauncher.execute(SessionPerRequestLauncher.java:63) ~[junit-platform-launcher-1.10.5.jar:1.10.5]
	at com.intellij.junit5.JUnit5TestRunnerHelper.execute(JUnit5TestRunnerHelper.java:134) ~[junit5-rt.jar:na]
	at com.intellij.junit5.JUnit5IdeaTestRunner.startRunnerWithArgs(JUnit5IdeaTestRunner.java:70) ~[junit5-rt.jar:na]
	at com.intellij.rt.junit.IdeaTestRunner$Repeater$1.execute(IdeaTestRunner.java:38) ~[junit-rt.jar:na]
	at com.intellij.rt.execution.junit.TestsRepeater.repeat(TestsRepeater.java:11) ~[idea_rt.jar:na]
	at com.intellij.rt.junit.IdeaTestRunner$Repeater.startRunnerWithArgs(IdeaTestRunner.java:35) ~[junit-rt.jar:na]
	at com.intellij.rt.junit.JUnitStarter.prepareStreamsAndStart(JUnitStarter.java:226) ~[junit-rt.jar:na]
	at com.intellij.rt.junit.JUnitStarter.main(JUnitStarter.java:62) ~[junit-rt.jar:na]
Caused by: org.apache.seata.common.exception.FrameworkException: can not connect to [192.168.68.128:8099]
	at org.apache.seata.core.rpc.netty.NettyClientChannelManager.doReconnect(NettyClientChannelManager.java:251) ~[seata-all-2.1.0.jar:2.1.0]
	at org.apache.seata.core.rpc.netty.NettyClientChannelManager.doReconnect(NettyClientChannelManager.java:212) ~[seata-all-2.1.0.jar:2.1.0]
	at org.apache.seata.core.rpc.netty.NettyClientChannelManager.initReconnect(NettyClientChannelManager.java:176) ~[seata-all-2.1.0.jar:2.1.0]
	at org.apache.seata.core.rpc.netty.TmNettyRemotingClient.initConnection(TmNettyRemotingClient.java:291) ~[seata-all-2.1.0.jar:2.1.0]
	at org.apache.seata.core.rpc.netty.TmNettyRemotingClient.init(TmNettyRemotingClient.java:191) ~[seata-all-2.1.0.jar:2.1.0]
	at org.apache.seata.tm.TMClient.init(TMClient.java:47) ~[seata-all-2.1.0.jar:2.1.0]
	at org.apache.seata.spring.annotation.GlobalTransactionScanner.initClient(GlobalTransactionScanner.java:232) ~[seata-all-2.1.0.jar:2.1.0]
	at org.apache.seata.spring.annotation.GlobalTransactionScanner.afterPropertiesSet(GlobalTransactionScanner.java:480) ~[seata-all-2.1.0.jar:2.1.0]
	at org.springframework.beans.factory.support.AbstractAutowireCapableBeanFactory.invokeInitMethods(AbstractAutowireCapableBeanFactory.java:1853) ~[spring-beans-6.1.15.jar:6.1.15]
	at org.springframework.beans.factory.support.AbstractAutowireCapableBeanFactory.initializeBean(AbstractAutowireCapableBeanFactory.java:1802) ~[spring-beans-6.1.15.jar:6.1.15]
	... 94 common frames omitted

21:39:50:320  WARN 18416 --- [item-service] [main] o.s.test.context.TestContextManager      : Caught exception while allowing TestExecutionListener [org.springframework.test.context.web.ServletTestExecutionListener] to prepare test instance [com.george.item.elastic.ElasticDSLSearchTest@750cd36d]

java.lang.IllegalStateException: Failed to load ApplicationContext for [WebMergedContextConfiguration@6c5747db testClass = com.george.item.elastic.ElasticDSLSearchTest, locations = [], classes = [com.george.item.ItemApplication], contextInitializerClasses = [], activeProfiles = [], propertySourceDescriptors = [], propertySourceProperties = ["spring.profiles.active=local", "org.springframework.boot.test.context.SpringBootTestContextBootstrapper=true"], contextCustomizers = [org.springframework.boot.test.context.filter.ExcludeFilterContextCustomizer@27f981c6, org.springframework.boot.test.json.DuplicateJsonObjectContextCustomizerFactory$DuplicateJsonObjectContextCustomizer@55634720, org.springframework.boot.test.mock.mockito.MockitoContextCustomizer@0, org.springframework.boot.test.web.client.TestRestTemplateContextCustomizer@942a29c, org.springframework.boot.test.web.reactor.netty.DisableReactorResourceFactoryGlobalResourcesContextCustomizerFactory$DisableReactorResourceFactoryGlobalResourcesContextCustomizerCustomizer@7b36aa0c, org.springframework.boot.test.context.SpringBootTestAnnotation@d9dd90bd], resourceBasePath = "src/main/webapp", contextLoader = org.springframework.boot.test.context.SpringBootContextLoader, parent = null]
	at org.springframework.test.context.cache.DefaultCacheAwareContextLoaderDelegate.loadContext(DefaultCacheAwareContextLoaderDelegate.java:180) ~[spring-test-6.1.15.jar:6.1.15]
	at org.springframework.test.context.support.DefaultTestContext.getApplicationContext(DefaultTestContext.java:130) ~[spring-test-6.1.15.jar:6.1.15]
	at org.springframework.test.context.web.ServletTestExecutionListener.setUpRequestContextIfNecessary(ServletTestExecutionListener.java:191) ~[spring-test-6.1.15.jar:6.1.15]
	at org.springframework.test.context.web.ServletTestExecutionListener.prepareTestInstance(ServletTestExecutionListener.java:130) ~[spring-test-6.1.15.jar:6.1.15]
	at org.springframework.test.context.TestContextManager.prepareTestInstance(TestContextManager.java:260) ~[spring-test-6.1.15.jar:6.1.15]
	at org.springframework.test.context.junit.jupiter.SpringExtension.postProcessTestInstance(SpringExtension.java:163) ~[spring-test-6.1.15.jar:6.1.15]
	at org.junit.jupiter.engine.descriptor.ClassBasedTestDescriptor.lambda$invokeTestInstancePostProcessors$10(ClassBasedTestDescriptor.java:378) ~[junit-jupiter-engine-5.10.5.jar:5.10.5]
	at org.junit.jupiter.engine.descriptor.ClassBasedTestDescriptor.executeAndMaskThrowable(ClassBasedTestDescriptor.java:383) ~[junit-jupiter-engine-5.10.5.jar:5.10.5]
	at org.junit.jupiter.engine.descriptor.ClassBasedTestDescriptor.lambda$invokeTestInstancePostProcessors$11(ClassBasedTestDescriptor.java:378) ~[junit-jupiter-engine-5.10.5.jar:5.10.5]
	at java.base/java.util.stream.ReferencePipeline$3$1.accept(ReferencePipeline.java:197) ~[na:na]
	at java.base/java.util.stream.ReferencePipeline$2$1.accept(ReferencePipeline.java:179) ~[na:na]
	at java.base/java.util.ArrayList$ArrayListSpliterator.forEachRemaining(ArrayList.java:1708) ~[na:na]
	at java.base/java.util.stream.AbstractPipeline.copyInto(AbstractPipeline.java:509) ~[na:na]
	at java.base/java.util.stream.AbstractPipeline.wrapAndCopyInto(AbstractPipeline.java:499) ~[na:na]
	at java.base/java.util.stream.StreamSpliterators$WrappingSpliterator.forEachRemaining(StreamSpliterators.java:310) ~[na:na]
	at java.base/java.util.stream.Streams$ConcatSpliterator.forEachRemaining(Streams.java:735) ~[na:na]
	at java.base/java.util.stream.Streams$ConcatSpliterator.forEachRemaining(Streams.java:734) ~[na:na]
	at java.base/java.util.stream.ReferencePipeline$Head.forEach(ReferencePipeline.java:762) ~[na:na]
	at org.junit.jupiter.engine.descriptor.ClassBasedTestDescriptor.invokeTestInstancePostProcessors(ClassBasedTestDescriptor.java:377) ~[junit-jupiter-engine-5.10.5.jar:5.10.5]
	at org.junit.jupiter.engine.descriptor.ClassBasedTestDescriptor.lambda$instantiateAndPostProcessTestInstance$6(ClassBasedTestDescriptor.java:290) ~[junit-jupiter-engine-5.10.5.jar:5.10.5]
	at org.junit.platform.engine.support.hierarchical.ThrowableCollector.execute(ThrowableCollector.java:73) ~[junit-platform-engine-1.10.5.jar:1.10.5]
	at org.junit.jupiter.engine.descriptor.ClassBasedTestDescriptor.instantiateAndPostProcessTestInstance(ClassBasedTestDescriptor.java:289) ~[junit-jupiter-engine-5.10.5.jar:5.10.5]
	at org.junit.jupiter.engine.descriptor.ClassBasedTestDescriptor.lambda$testInstancesProvider$4(ClassBasedTestDescriptor.java:279) ~[junit-jupiter-engine-5.10.5.jar:5.10.5]
	at java.base/java.util.Optional.orElseGet(Optional.java:364) ~[na:na]
	at org.junit.jupiter.engine.descriptor.ClassBasedTestDescriptor.lambda$testInstancesProvider$5(ClassBasedTestDescriptor.java:278) ~[junit-jupiter-engine-5.10.5.jar:5.10.5]
	at org.junit.jupiter.engine.execution.TestInstancesProvider.getTestInstances(TestInstancesProvider.java:31) ~[junit-jupiter-engine-5.10.5.jar:5.10.5]
	at org.junit.jupiter.engine.descriptor.TestMethodTestDescriptor.lambda$prepare$0(TestMethodTestDescriptor.java:106) ~[junit-jupiter-engine-5.10.5.jar:5.10.5]
	at org.junit.platform.engine.support.hierarchical.ThrowableCollector.execute(ThrowableCollector.java:73) ~[junit-platform-engine-1.10.5.jar:1.10.5]
	at org.junit.jupiter.engine.descriptor.TestMethodTestDescriptor.prepare(TestMethodTestDescriptor.java:105) ~[junit-jupiter-engine-5.10.5.jar:5.10.5]
	at org.junit.jupiter.engine.descriptor.TestMethodTestDescriptor.prepare(TestMethodTestDescriptor.java:69) ~[junit-jupiter-engine-5.10.5.jar:5.10.5]
	at org.junit.platform.engine.support.hierarchical.NodeTestTask.lambda$prepare$2(NodeTestTask.java:128) ~[junit-platform-engine-1.10.5.jar:1.10.5]
	at org.junit.platform.engine.support.hierarchical.ThrowableCollector.execute(ThrowableCollector.java:73) ~[junit-platform-engine-1.10.5.jar:1.10.5]
	at org.junit.platform.engine.support.hierarchical.NodeTestTask.prepare(NodeTestTask.java:128) ~[junit-platform-engine-1.10.5.jar:1.10.5]
	at org.junit.platform.engine.support.hierarchical.NodeTestTask.execute(NodeTestTask.java:95) ~[junit-platform-engine-1.10.5.jar:1.10.5]
	at java.base/java.util.ArrayList.forEach(ArrayList.java:1596) ~[na:na]
	at org.junit.platform.engine.support.hierarchical.SameThreadHierarchicalTestExecutorService.invokeAll(SameThreadHierarchicalTestExecutorService.java:41) ~[junit-platform-engine-1.10.5.jar:1.10.5]
	at org.junit.platform.engine.support.hierarchical.NodeTestTask.lambda$executeRecursively$6(NodeTestTask.java:160) ~[junit-platform-engine-1.10.5.jar:1.10.5]
	at org.junit.platform.engine.support.hierarchical.ThrowableCollector.execute(ThrowableCollector.java:73) ~[junit-platform-engine-1.10.5.jar:1.10.5]
	at org.junit.platform.engine.support.hierarchical.NodeTestTask.lambda$executeRecursively$8(NodeTestTask.java:146) ~[junit-platform-engine-1.10.5.jar:1.10.5]
	at org.junit.platform.engine.support.hierarchical.Node.around(Node.java:137) ~[junit-platform-engine-1.10.5.jar:1.10.5]
	at org.junit.platform.engine.support.hierarchical.NodeTestTask.lambda$executeRecursively$9(NodeTestTask.java:144) ~[junit-platform-engine-1.10.5.jar:1.10.5]
	at org.junit.platform.engine.support.hierarchical.ThrowableCollector.execute(ThrowableCollector.java:73) ~[junit-platform-engine-1.10.5.jar:1.10.5]
	at org.junit.platform.engine.support.hierarchical.NodeTestTask.executeRecursively(NodeTestTask.java:143) ~[junit-platform-engine-1.10.5.jar:1.10.5]
	at org.junit.platform.engine.support.hierarchical.NodeTestTask.execute(NodeTestTask.java:100) ~[junit-platform-engine-1.10.5.jar:1.10.5]
	at java.base/java.util.ArrayList.forEach(ArrayList.java:1596) ~[na:na]
	at org.junit.platform.engine.support.hierarchical.SameThreadHierarchicalTestExecutorService.invokeAll(SameThreadHierarchicalTestExecutorService.java:41) ~[junit-platform-engine-1.10.5.jar:1.10.5]
	at org.junit.platform.engine.support.hierarchical.NodeTestTask.lambda$executeRecursively$6(NodeTestTask.java:160) ~[junit-platform-engine-1.10.5.jar:1.10.5]
	at org.junit.platform.engine.support.hierarchical.ThrowableCollector.execute(ThrowableCollector.java:73) ~[junit-platform-engine-1.10.5.jar:1.10.5]
	at org.junit.platform.engine.support.hierarchical.NodeTestTask.lambda$executeRecursively$8(NodeTestTask.java:146) ~[junit-platform-engine-1.10.5.jar:1.10.5]
	at org.junit.platform.engine.support.hierarchical.Node.around(Node.java:137) ~[junit-platform-engine-1.10.5.jar:1.10.5]
	at org.junit.platform.engine.support.hierarchical.NodeTestTask.lambda$executeRecursively$9(NodeTestTask.java:144) ~[junit-platform-engine-1.10.5.jar:1.10.5]
	at org.junit.platform.engine.support.hierarchical.ThrowableCollector.execute(ThrowableCollector.java:73) ~[junit-platform-engine-1.10.5.jar:1.10.5]
	at org.junit.platform.engine.support.hierarchical.NodeTestTask.executeRecursively(NodeTestTask.java:143) ~[junit-platform-engine-1.10.5.jar:1.10.5]
	at org.junit.platform.engine.support.hierarchical.NodeTestTask.execute(NodeTestTask.java:100) ~[junit-platform-engine-1.10.5.jar:1.10.5]
	at org.junit.platform.engine.support.hierarchical.SameThreadHierarchicalTestExecutorService.submit(SameThreadHierarchicalTestExecutorService.java:35) ~[junit-platform-engine-1.10.5.jar:1.10.5]
	at org.junit.platform.engine.support.hierarchical.HierarchicalTestExecutor.execute(HierarchicalTestExecutor.java:57) ~[junit-platform-engine-1.10.5.jar:1.10.5]
	at org.junit.platform.engine.support.hierarchical.HierarchicalTestEngine.execute(HierarchicalTestEngine.java:54) ~[junit-platform-engine-1.10.5.jar:1.10.5]
	at org.junit.platform.launcher.core.EngineExecutionOrchestrator.execute(EngineExecutionOrchestrator.java:198) ~[junit-platform-launcher-1.10.5.jar:1.10.5]
	at org.junit.platform.launcher.core.EngineExecutionOrchestrator.execute(EngineExecutionOrchestrator.java:169) ~[junit-platform-launcher-1.10.5.jar:1.10.5]
	at org.junit.platform.launcher.core.EngineExecutionOrchestrator.execute(EngineExecutionOrchestrator.java:93) ~[junit-platform-launcher-1.10.5.jar:1.10.5]
	at org.junit.platform.launcher.core.EngineExecutionOrchestrator.lambda$execute$0(EngineExecutionOrchestrator.java:58) ~[junit-platform-launcher-1.10.5.jar:1.10.5]
	at org.junit.platform.launcher.core.EngineExecutionOrchestrator.withInterceptedStreams(EngineExecutionOrchestrator.java:141) ~[junit-platform-launcher-1.10.5.jar:1.10.5]
	at org.junit.platform.launcher.core.EngineExecutionOrchestrator.execute(EngineExecutionOrchestrator.java:57) ~[junit-platform-launcher-1.10.5.jar:1.10.5]
	at org.junit.platform.launcher.core.DefaultLauncher.execute(DefaultLauncher.java:103) ~[junit-platform-launcher-1.10.5.jar:1.10.5]
	at org.junit.platform.launcher.core.DefaultLauncher.execute(DefaultLauncher.java:85) ~[junit-platform-launcher-1.10.5.jar:1.10.5]
	at org.junit.platform.launcher.core.DelegatingLauncher.execute(DelegatingLauncher.java:47) ~[junit-platform-launcher-1.10.5.jar:1.10.5]
	at org.junit.platform.launcher.core.SessionPerRequestLauncher.execute(SessionPerRequestLauncher.java:63) ~[junit-platform-launcher-1.10.5.jar:1.10.5]
	at com.intellij.junit5.JUnit5TestRunnerHelper.execute(JUnit5TestRunnerHelper.java:134) ~[junit5-rt.jar:na]
	at com.intellij.junit5.JUnit5IdeaTestRunner.startRunnerWithArgs(JUnit5IdeaTestRunner.java:70) ~[junit5-rt.jar:na]
	at com.intellij.rt.junit.IdeaTestRunner$Repeater$1.execute(IdeaTestRunner.java:38) ~[junit-rt.jar:na]
	at com.intellij.rt.execution.junit.TestsRepeater.repeat(TestsRepeater.java:11) ~[idea_rt.jar:na]
	at com.intellij.rt.junit.IdeaTestRunner$Repeater.startRunnerWithArgs(IdeaTestRunner.java:35) ~[junit-rt.jar:na]
	at com.intellij.rt.junit.JUnitStarter.prepareStreamsAndStart(JUnitStarter.java:226) ~[junit-rt.jar:na]
	at com.intellij.rt.junit.JUnitStarter.main(JUnitStarter.java:62) ~[junit-rt.jar:na]
Caused by: org.springframework.beans.factory.BeanCreationException: Error creating bean with name 'globalTransactionScanner' defined in class path resource [org/apache/seata/spring/boot/autoconfigure/SeataAutoConfiguration.class]: can not connect to [192.168.68.128:8099]
	at org.springframework.beans.factory.support.AbstractAutowireCapableBeanFactory.initializeBean(AbstractAutowireCapableBeanFactory.java:1806) ~[spring-beans-6.1.15.jar:6.1.15]
	at org.springframework.beans.factory.support.AbstractAutowireCapableBeanFactory.doCreateBean(AbstractAutowireCapableBeanFactory.java:600) ~[spring-beans-6.1.15.jar:6.1.15]
	at org.springframework.beans.factory.support.AbstractAutowireCapableBeanFactory.createBean(AbstractAutowireCapableBeanFactory.java:522) ~[spring-beans-6.1.15.jar:6.1.15]
	at org.springframework.beans.factory.support.AbstractBeanFactory.lambda$doGetBean$0(AbstractBeanFactory.java:337) ~[spring-beans-6.1.15.jar:6.1.15]
	at org.springframework.beans.factory.support.DefaultSingletonBeanRegistry.getSingleton(DefaultSingletonBeanRegistry.java:234) ~[spring-beans-6.1.15.jar:6.1.15]
	at org.springframework.beans.factory.support.AbstractBeanFactory.doGetBean(AbstractBeanFactory.java:335) ~[spring-beans-6.1.15.jar:6.1.15]
	at org.springframework.beans.factory.support.AbstractBeanFactory.getBean(AbstractBeanFactory.java:205) ~[spring-beans-6.1.15.jar:6.1.15]
	at org.springframework.context.support.PostProcessorRegistrationDelegate.registerBeanPostProcessors(PostProcessorRegistrationDelegate.java:265) ~[spring-context-6.1.15.jar:6.1.15]
	at org.springframework.context.support.AbstractApplicationContext.registerBeanPostProcessors(AbstractApplicationContext.java:806) ~[spring-context-6.1.15.jar:6.1.15]
	at org.springframework.context.support.AbstractApplicationContext.refresh(AbstractApplicationContext.java:609) ~[spring-context-6.1.15.jar:6.1.15]
	at org.springframework.boot.SpringApplication.refresh(SpringApplication.java:754) ~[spring-boot-3.3.6.jar:3.3.6]
	at org.springframework.boot.SpringApplication.refreshContext(SpringApplication.java:456) ~[spring-boot-3.3.6.jar:3.3.6]
	at org.springframework.boot.SpringApplication.run(SpringApplication.java:335) ~[spring-boot-3.3.6.jar:3.3.6]
	at org.springframework.boot.test.context.SpringBootContextLoader.lambda$loadContext$3(SpringBootContextLoader.java:137) ~[spring-boot-test-3.3.6.jar:3.3.6]
	at org.springframework.util.function.ThrowingSupplier.get(ThrowingSupplier.java:58) ~[spring-core-6.1.15.jar:6.1.15]
	at org.springframework.util.function.ThrowingSupplier.get(ThrowingSupplier.java:46) ~[spring-core-6.1.15.jar:6.1.15]
	at org.springframework.boot.SpringApplication.withHook(SpringApplication.java:1463) ~[spring-boot-3.3.6.jar:3.3.6]
	at org.springframework.boot.test.context.SpringBootContextLoader$ContextLoaderHook.run(SpringBootContextLoader.java:553) ~[spring-boot-test-3.3.6.jar:3.3.6]
	at org.springframework.boot.test.context.SpringBootContextLoader.loadContext(SpringBootContextLoader.java:137) ~[spring-boot-test-3.3.6.jar:3.3.6]
	at org.springframework.boot.test.context.SpringBootContextLoader.loadContext(SpringBootContextLoader.java:108) ~[spring-boot-test-3.3.6.jar:3.3.6]
	at org.springframework.test.context.cache.DefaultCacheAwareContextLoaderDelegate.loadContextInternal(DefaultCacheAwareContextLoaderDelegate.java:225) ~[spring-test-6.1.15.jar:6.1.15]
	at org.springframework.test.context.cache.DefaultCacheAwareContextLoaderDelegate.loadContext(DefaultCacheAwareContextLoaderDelegate.java:152) ~[spring-test-6.1.15.jar:6.1.15]
	... 73 common frames omitted
Caused by: org.apache.seata.common.exception.FrameworkException: can not connect to [192.168.68.128:8099]
	at org.apache.seata.core.rpc.netty.NettyClientChannelManager.doReconnect(NettyClientChannelManager.java:251) ~[seata-all-2.1.0.jar:2.1.0]
	at org.apache.seata.core.rpc.netty.NettyClientChannelManager.doReconnect(NettyClientChannelManager.java:212) ~[seata-all-2.1.0.jar:2.1.0]
	at org.apache.seata.core.rpc.netty.NettyClientChannelManager.initReconnect(NettyClientChannelManager.java:176) ~[seata-all-2.1.0.jar:2.1.0]
	at org.apache.seata.core.rpc.netty.TmNettyRemotingClient.initConnection(TmNettyRemotingClient.java:291) ~[seata-all-2.1.0.jar:2.1.0]
	at org.apache.seata.core.rpc.netty.TmNettyRemotingClient.init(TmNettyRemotingClient.java:191) ~[seata-all-2.1.0.jar:2.1.0]
	at org.apache.seata.tm.TMClient.init(TMClient.java:47) ~[seata-all-2.1.0.jar:2.1.0]
	at org.apache.seata.spring.annotation.GlobalTransactionScanner.initClient(GlobalTransactionScanner.java:232) ~[seata-all-2.1.0.jar:2.1.0]
	at org.apache.seata.spring.annotation.GlobalTransactionScanner.afterPropertiesSet(GlobalTransactionScanner.java:480) ~[seata-all-2.1.0.jar:2.1.0]
	at org.springframework.beans.factory.support.AbstractAutowireCapableBeanFactory.invokeInitMethods(AbstractAutowireCapableBeanFactory.java:1853) ~[spring-beans-6.1.15.jar:6.1.15]
	at org.springframework.beans.factory.support.AbstractAutowireCapableBeanFactory.initializeBean(AbstractAutowireCapableBeanFactory.java:1802) ~[spring-beans-6.1.15.jar:6.1.15]
	... 94 common frames omitted

21:39:50:348  WARN 18416 --- [item-service] [Thread-2] c.a.n.common.executor.ThreadPoolManager  : [ThreadPoolManager] Start destroying ThreadPool
21:39:50:349  WARN 18416 --- [item-service] [Thread-2] c.a.n.common.executor.ThreadPoolManager  : [ThreadPoolManager] Destruction of the end
21:42:01:311  INFO 18588 --- [item-service] [main] c.a.nacos.client.logging.NacosLogging    : Nacos Logging Adapter Builder: com.alibaba.nacos.logger.adapter.logback12.LogbackNacosLoggingAdapterBuilder
21:42:01:324  INFO 18588 --- [item-service] [main] c.a.nacos.client.logging.NacosLogging    : Nacos Logging Adapter Builder: com.alibaba.nacos.logger.adapter.logback14.LogbackNacosLoggingAdapterBuilder
21:42:01:325  INFO 18588 --- [item-service] [main] c.a.nacos.client.logging.NacosLogging    : Nacos Logging Adapter: com.alibaba.nacos.logger.adapter.logback14.LogbackNacosLoggingAdapter match ch.qos.logback.classic.Logger success.
21:42:01:331  INFO 18588 --- [item-service] [main] c.a.nacos.client.logging.NacosLogging    : Nacos Logging Adapter Builder: com.alibaba.nacos.logger.adapter.log4j2.Log4j2NacosLoggingAdapterBuilder
21:42:01:426  WARN 18588 --- [item-service] [main] c.a.nacos.client.logging.NacosLogging    : Load ch.qos.logback.classic.Logger Configuration of Nacos fail, message: 'void ch.qos.logback.core.model.ModelUtil.setProperty(ch.qos.logback.core.model.processor.ModelInterpretationContext, java.lang.String, java.lang.String, ch.qos.logback.core.joran.action.ActionUtil$Scope)'
21:42:01:486  WARN 18588 --- [item-service] [main] c.a.nacos.client.logging.NacosLogging    : Load ch.qos.logback.classic.Logger Configuration of Nacos fail, message: 'void ch.qos.logback.core.model.ModelUtil.setProperty(ch.qos.logback.core.model.processor.ModelInterpretationContext, java.lang.String, java.lang.String, ch.qos.logback.core.joran.action.ActionUtil$Scope)'
21:42:01:498  INFO 18588 --- [item-service] [main] c.g.item.elastic.ElasticDSLSearchTest    : Starting ElasticDSLSearchTest using Java 21.0.11 with PID 18588 (started by lindu in E:\hmall\hm-item\item-service)
21:42:01:499  INFO 18588 --- [item-service] [main] c.g.item.elastic.ElasticDSLSearchTest    : The following 1 profile is active: "local"
21:42:02:681  INFO 18588 --- [item-service] [main] o.s.cloud.context.scope.GenericScope     : BeanFactory id=47d6e0ea-b2a4-3bea-86c5-5bfe4470e366
21:42:02:784  WARN 18588 --- [item-service] [main] trationDelegate$BeanPostProcessorChecker : Bean 'org.apache.seata.spring.boot.autoconfigure.SeataCoreAutoConfiguration' of type [org.apache.seata.spring.boot.autoconfigure.SeataCoreAutoConfiguration] is not eligible for getting processed by all BeanPostProcessors (for example: not eligible for auto-proxying). Is this bean getting eagerly injected/applied to a currently created BeanPostProcessor []? Check the corresponding BeanPostProcessor declaration and its dependencies/advisors. If this bean does not have to be post-processed, declare it with ROLE_INFRASTRUCTURE.
21:42:02:785  WARN 18588 --- [item-service] [main] trationDelegate$BeanPostProcessorChecker : Bean 'springApplicationContextProvider' of type [org.apache.seata.spring.boot.autoconfigure.provider.SpringApplicationContextProvider] is not eligible for getting processed by all BeanPostProcessors (for example: not eligible for auto-proxying). Is this bean getting eagerly injected/applied to a currently created BeanPostProcessor []? Check the corresponding BeanPostProcessor declaration and its dependencies/advisors. If this bean does not have to be post-processed, declare it with ROLE_INFRASTRUCTURE.
21:42:02:785  WARN 18588 --- [item-service] [main] trationDelegate$BeanPostProcessorChecker : Bean 'org.apache.seata.spring.boot.autoconfigure.SeataAutoConfiguration' of type [org.apache.seata.spring.boot.autoconfigure.SeataAutoConfiguration] is not eligible for getting processed by all BeanPostProcessors (for example: not eligible for auto-proxying). Is this bean getting eagerly injected/applied to a currently created BeanPostProcessor []? Check the corresponding BeanPostProcessor declaration and its dependencies/advisors. If this bean does not have to be post-processed, declare it with ROLE_INFRASTRUCTURE.
21:42:02:854  WARN 18588 --- [item-service] [main] trationDelegate$BeanPostProcessorChecker : Bean 'failureHandler' of type [org.apache.seata.tm.api.DefaultFailureHandlerImpl] is not eligible for getting processed by all BeanPostProcessors (for example: not eligible for auto-proxying). Is this bean getting eagerly injected/applied to a currently created BeanPostProcessor []? Check the corresponding BeanPostProcessor declaration and its dependencies/advisors. If this bean does not have to be post-processed, declare it with ROLE_INFRASTRUCTURE.
21:42:02:863  WARN 18588 --- [item-service] [main] trationDelegate$BeanPostProcessorChecker : Bean 'org.springframework.cloud.commons.config.CommonsConfigAutoConfiguration' of type [org.springframework.cloud.commons.config.CommonsConfigAutoConfiguration] is not eligible for getting processed by all BeanPostProcessors (for example: not eligible for auto-proxying). Is this bean getting eagerly injected/applied to a currently created BeanPostProcessor [globalTransactionScanner]? Check the corresponding BeanPostProcessor declaration and its dependencies/advisors. If this bean does not have to be post-processed, declare it with ROLE_INFRASTRUCTURE.
21:42:02:867  WARN 18588 --- [item-service] [main] trationDelegate$BeanPostProcessorChecker : Bean 'org.springframework.cloud.client.loadbalancer.LoadBalancerDefaultMappingsProviderAutoConfiguration' of type [org.springframework.cloud.client.loadbalancer.LoadBalancerDefaultMappingsProviderAutoConfiguration] is not eligible for getting processed by all BeanPostProcessors (for example: not eligible for auto-proxying). Is this bean getting eagerly injected/applied to a currently created BeanPostProcessor [globalTransactionScanner]? Check the corresponding BeanPostProcessor declaration and its dependencies/advisors. If this bean does not have to be post-processed, declare it with ROLE_INFRASTRUCTURE.
21:42:02:868  WARN 18588 --- [item-service] [main] trationDelegate$BeanPostProcessorChecker : Bean 'loadBalancerClientsDefaultsMappingsProvider' of type [org.springframework.cloud.client.loadbalancer.LoadBalancerDefaultMappingsProviderAutoConfiguration$$Lambda/0x0000028f815b7440] is not eligible for getting processed by all BeanPostProcessors (for example: not eligible for auto-proxying). Is this bean getting eagerly injected/applied to a currently created BeanPostProcessor [globalTransactionScanner]? Check the corresponding BeanPostProcessor declaration and its dependencies/advisors. If this bean does not have to be post-processed, declare it with ROLE_INFRASTRUCTURE.
21:42:02:869  WARN 18588 --- [item-service] [main] trationDelegate$BeanPostProcessorChecker : Bean 'defaultsBindHandlerAdvisor' of type [org.springframework.cloud.commons.config.DefaultsBindHandlerAdvisor] is not eligible for getting processed by all BeanPostProcessors (for example: not eligible for auto-proxying). Is this bean getting eagerly injected/applied to a currently created BeanPostProcessor [globalTransactionScanner]? Check the corresponding BeanPostProcessor declaration and its dependencies/advisors. If this bean does not have to be post-processed, declare it with ROLE_INFRASTRUCTURE.
21:42:02:875  WARN 18588 --- [item-service] [main] trationDelegate$BeanPostProcessorChecker : Bean 'springCloudAlibabaConfiguration' of type [org.apache.seata.spring.boot.autoconfigure.properties.SpringCloudAlibabaConfiguration] is not eligible for getting processed by all BeanPostProcessors (for example: not eligible for auto-proxying). Is this bean getting eagerly injected/applied to a currently created BeanPostProcessor [globalTransactionScanner]? Check the corresponding BeanPostProcessor declaration and its dependencies/advisors. If this bean does not have to be post-processed, declare it with ROLE_INFRASTRUCTURE.
21:42:02:881  WARN 18588 --- [item-service] [main] trationDelegate$BeanPostProcessorChecker : Bean 'seataProperties' of type [org.apache.seata.spring.boot.autoconfigure.properties.SeataProperties] is not eligible for getting processed by all BeanPostProcessors (for example: not eligible for auto-proxying). Is this bean getting eagerly injected/applied to a currently created BeanPostProcessor [globalTransactionScanner]? Check the corresponding BeanPostProcessor declaration and its dependencies/advisors. If this bean does not have to be post-processed, declare it with ROLE_INFRASTRUCTURE.
21:42:02:884  INFO 18588 --- [item-service] [main] o.a.s.s.b.a.SeataAutoConfiguration       : Automatically configure Seata
21:42:02:914  INFO 18588 --- [item-service] [main] ServiceLoader$InnerEnhancedServiceLoader : Load compatible class io.seata.spring.annotation.ScannerChecker
21:42:02:985  INFO 18588 --- [item-service] [main] ServiceLoader$InnerEnhancedServiceLoader : Ignore load compatible class io.seata.config.ExtConfigurationProvider, because is not assignable from origin type org.apache.seata.config.ExtConfigurationProvider
21:42:02:999  INFO 18588 --- [item-service] [main] o.a.seata.config.ConfigurationFactory    : load Configuration from :Spring Configuration
21:42:03:024  INFO 18588 --- [item-service] [main] ServiceLoader$InnerEnhancedServiceLoader : Load compatible class io.seata.integration.tx.api.remoting.RemotingParser
21:42:03:026  INFO 18588 --- [item-service] [main] o.a.s.s.a.GlobalTransactionScanner       : Initializing Global Transaction Clients ... 
21:42:03:130  INFO 18588 --- [item-service] [main] ServiceLoader$InnerEnhancedServiceLoader : Load compatible class io.seata.core.auth.AuthSigner
21:42:03:150  INFO 18588 --- [item-service] [main] o.a.s.c.rpc.netty.NettyClientBootstrap   : NettyClientBootstrap has started
21:42:03:158  INFO 18588 --- [item-service] [main] o.a.s.d.registry.RegistryFactory         : use registry center type: file
21:42:03:164  INFO 18588 --- [item-service] [main] ServiceLoader$InnerEnhancedServiceLoader : Load compatible class io.seata.discovery.registry.RegistryProvider
21:42:03:167  INFO 18588 --- [item-service] [main] o.a.s.c.r.n.NettyClientChannelManager    : will connect to 192.168.68.128:8099
21:42:03:172  INFO 18588 --- [item-service] [main] o.a.s.c.rpc.netty.NettyPoolableFactory   : NettyPool create channel to transactionRole:TMROLE,address:192.168.68.128:8099,msg:< RegisterTMRequest{version='2.1.0', applicationId='item-service', transactionServiceGroup='hmall', extraData='ak=null
digest=hmall,172.29.160.1,1790602923170
timestamp=1790602923170
authVersion=V4
vgroup=hmall
ip=172.29.160.1
'} >
21:42:05:302  INFO 18588 --- [item-service] [NettyClientSelector_TMROLE_1_1] o.a.s.c.r.n.AbstractNettyRemotingClient  : ChannelHandlerContext(AbstractNettyRemotingClient$ClientHandler#0, [id: 0x1f8d1d37, L:null ! R:/192.168.68.128:8099]) will closed
21:42:05:299 ERROR 18588 --- [item-service] [main] o.a.s.c.r.n.NettyClientChannelManager    : 0304 register RM failed.

org.apache.seata.common.exception.FrameworkException: can not connect to services-server.
	at org.apache.seata.core.rpc.netty.NettyClientBootstrap.getNewChannel(NettyClientBootstrap.java:181) ~[seata-all-2.1.0.jar:2.1.0]
	at org.apache.seata.core.rpc.netty.NettyPoolableFactory.makeObject(NettyPoolableFactory.java:58) ~[seata-all-2.1.0.jar:2.1.0]
	at org.apache.seata.core.rpc.netty.NettyPoolableFactory.makeObject(NettyPoolableFactory.java:34) ~[seata-all-2.1.0.jar:2.1.0]
	at org.apache.commons.pool.impl.GenericKeyedObjectPool.borrowObject(GenericKeyedObjectPool.java:1220) ~[commons-pool-1.6.jar:1.6]
	at org.apache.seata.core.rpc.netty.NettyClientChannelManager.doConnect(NettyClientChannelManager.java:288) ~[seata-all-2.1.0.jar:2.1.0]
	at org.apache.seata.core.rpc.netty.NettyClientChannelManager.acquireChannel(NettyClientChannelManager.java:110) ~[seata-all-2.1.0.jar:2.1.0]
	at org.apache.seata.core.rpc.netty.NettyClientChannelManager.doReconnect(NettyClientChannelManager.java:233) ~[seata-all-2.1.0.jar:2.1.0]
	at org.apache.seata.core.rpc.netty.NettyClientChannelManager.doReconnect(NettyClientChannelManager.java:212) ~[seata-all-2.1.0.jar:2.1.0]
	at org.apache.seata.core.rpc.netty.NettyClientChannelManager.initReconnect(NettyClientChannelManager.java:176) ~[seata-all-2.1.0.jar:2.1.0]
	at org.apache.seata.core.rpc.netty.TmNettyRemotingClient.initConnection(TmNettyRemotingClient.java:291) ~[seata-all-2.1.0.jar:2.1.0]
	at org.apache.seata.core.rpc.netty.TmNettyRemotingClient.init(TmNettyRemotingClient.java:191) ~[seata-all-2.1.0.jar:2.1.0]
	at org.apache.seata.tm.TMClient.init(TMClient.java:47) ~[seata-all-2.1.0.jar:2.1.0]
	at org.apache.seata.spring.annotation.GlobalTransactionScanner.initClient(GlobalTransactionScanner.java:232) ~[seata-all-2.1.0.jar:2.1.0]
	at org.apache.seata.spring.annotation.GlobalTransactionScanner.afterPropertiesSet(GlobalTransactionScanner.java:480) ~[seata-all-2.1.0.jar:2.1.0]
	at org.springframework.beans.factory.support.AbstractAutowireCapableBeanFactory.invokeInitMethods(AbstractAutowireCapableBeanFactory.java:1853) ~[spring-beans-6.1.15.jar:6.1.15]
	at org.springframework.beans.factory.support.AbstractAutowireCapableBeanFactory.initializeBean(AbstractAutowireCapableBeanFactory.java:1802) ~[spring-beans-6.1.15.jar:6.1.15]
	at org.springframework.beans.factory.support.AbstractAutowireCapableBeanFactory.doCreateBean(AbstractAutowireCapableBeanFactory.java:600) ~[spring-beans-6.1.15.jar:6.1.15]
	at org.springframework.beans.factory.support.AbstractAutowireCapableBeanFactory.createBean(AbstractAutowireCapableBeanFactory.java:522) ~[spring-beans-6.1.15.jar:6.1.15]
	at org.springframework.beans.factory.support.AbstractBeanFactory.lambda$doGetBean$0(AbstractBeanFactory.java:337) ~[spring-beans-6.1.15.jar:6.1.15]
	at org.springframework.beans.factory.support.DefaultSingletonBeanRegistry.getSingleton(DefaultSingletonBeanRegistry.java:234) ~[spring-beans-6.1.15.jar:6.1.15]
	at org.springframework.beans.factory.support.AbstractBeanFactory.doGetBean(AbstractBeanFactory.java:335) ~[spring-beans-6.1.15.jar:6.1.15]
	at org.springframework.beans.factory.support.AbstractBeanFactory.getBean(AbstractBeanFactory.java:205) ~[spring-beans-6.1.15.jar:6.1.15]
	at org.springframework.context.support.PostProcessorRegistrationDelegate.registerBeanPostProcessors(PostProcessorRegistrationDelegate.java:265) ~[spring-context-6.1.15.jar:6.1.15]
	at org.springframework.context.support.AbstractApplicationContext.registerBeanPostProcessors(AbstractApplicationContext.java:806) ~[spring-context-6.1.15.jar:6.1.15]
	at org.springframework.context.support.AbstractApplicationContext.refresh(AbstractApplicationContext.java:609) ~[spring-context-6.1.15.jar:6.1.15]
	at org.springframework.boot.SpringApplication.refresh(SpringApplication.java:754) ~[spring-boot-3.3.6.jar:3.3.6]
	at org.springframework.boot.SpringApplication.refreshContext(SpringApplication.java:456) ~[spring-boot-3.3.6.jar:3.3.6]
	at org.springframework.boot.SpringApplication.run(SpringApplication.java:335) ~[spring-boot-3.3.6.jar:3.3.6]
	at org.springframework.boot.test.context.SpringBootContextLoader.lambda$loadContext$3(SpringBootContextLoader.java:137) ~[spring-boot-test-3.3.6.jar:3.3.6]
	at org.springframework.util.function.ThrowingSupplier.get(ThrowingSupplier.java:58) ~[spring-core-6.1.15.jar:6.1.15]
	at org.springframework.util.function.ThrowingSupplier.get(ThrowingSupplier.java:46) ~[spring-core-6.1.15.jar:6.1.15]
	at org.springframework.boot.SpringApplication.withHook(SpringApplication.java:1463) ~[spring-boot-3.3.6.jar:3.3.6]
	at org.springframework.boot.test.context.SpringBootContextLoader$ContextLoaderHook.run(SpringBootContextLoader.java:553) ~[spring-boot-test-3.3.6.jar:3.3.6]
	at org.springframework.boot.test.context.SpringBootContextLoader.loadContext(SpringBootContextLoader.java:137) ~[spring-boot-test-3.3.6.jar:3.3.6]
	at org.springframework.boot.test.context.SpringBootContextLoader.loadContext(SpringBootContextLoader.java:108) ~[spring-boot-test-3.3.6.jar:3.3.6]
	at org.springframework.test.context.cache.DefaultCacheAwareContextLoaderDelegate.loadContextInternal(DefaultCacheAwareContextLoaderDelegate.java:225) ~[spring-test-6.1.15.jar:6.1.15]
	at org.springframework.test.context.cache.DefaultCacheAwareContextLoaderDelegate.loadContext(DefaultCacheAwareContextLoaderDelegate.java:152) ~[spring-test-6.1.15.jar:6.1.15]
	at org.springframework.test.context.support.DefaultTestContext.getApplicationContext(DefaultTestContext.java:130) ~[spring-test-6.1.15.jar:6.1.15]
	at org.springframework.test.context.web.ServletTestExecutionListener.setUpRequestContextIfNecessary(ServletTestExecutionListener.java:191) ~[spring-test-6.1.15.jar:6.1.15]
	at org.springframework.test.context.web.ServletTestExecutionListener.prepareTestInstance(ServletTestExecutionListener.java:130) ~[spring-test-6.1.15.jar:6.1.15]
	at org.springframework.test.context.TestContextManager.prepareTestInstance(TestContextManager.java:260) ~[spring-test-6.1.15.jar:6.1.15]
	at org.springframework.test.context.junit.jupiter.SpringExtension.postProcessTestInstance(SpringExtension.java:163) ~[spring-test-6.1.15.jar:6.1.15]
	at org.junit.jupiter.engine.descriptor.ClassBasedTestDescriptor.lambda$invokeTestInstancePostProcessors$10(ClassBasedTestDescriptor.java:378) ~[junit-jupiter-engine-5.10.5.jar:5.10.5]
	at org.junit.jupiter.engine.descriptor.ClassBasedTestDescriptor.executeAndMaskThrowable(ClassBasedTestDescriptor.java:383) ~[junit-jupiter-engine-5.10.5.jar:5.10.5]
	at org.junit.jupiter.engine.descriptor.ClassBasedTestDescriptor.lambda$invokeTestInstancePostProcessors$11(ClassBasedTestDescriptor.java:378) ~[junit-jupiter-engine-5.10.5.jar:5.10.5]
	at java.base/java.util.stream.ReferencePipeline$3$1.accept(ReferencePipeline.java:197) ~[na:na]
	at java.base/java.util.stream.ReferencePipeline$2$1.accept(ReferencePipeline.java:179) ~[na:na]
	at java.base/java.util.ArrayList$ArrayListSpliterator.forEachRemaining(ArrayList.java:1708) ~[na:na]
	at java.base/java.util.stream.AbstractPipeline.copyInto(AbstractPipeline.java:509) ~[na:na]
	at java.base/java.util.stream.AbstractPipeline.wrapAndCopyInto(AbstractPipeline.java:499) ~[na:na]
	at java.base/java.util.stream.StreamSpliterators$WrappingSpliterator.forEachRemaining(StreamSpliterators.java:310) ~[na:na]
	at java.base/java.util.stream.Streams$ConcatSpliterator.forEachRemaining(Streams.java:735) ~[na:na]
	at java.base/java.util.stream.Streams$ConcatSpliterator.forEachRemaining(Streams.java:734) ~[na:na]
	at java.base/java.util.stream.ReferencePipeline$Head.forEach(ReferencePipeline.java:762) ~[na:na]
	at org.junit.jupiter.engine.descriptor.ClassBasedTestDescriptor.invokeTestInstancePostProcessors(ClassBasedTestDescriptor.java:377) ~[junit-jupiter-engine-5.10.5.jar:5.10.5]
	at org.junit.jupiter.engine.descriptor.ClassBasedTestDescriptor.lambda$instantiateAndPostProcessTestInstance$6(ClassBasedTestDescriptor.java:290) ~[junit-jupiter-engine-5.10.5.jar:5.10.5]
	at org.junit.platform.engine.support.hierarchical.ThrowableCollector.execute(ThrowableCollector.java:73) ~[junit-platform-engine-1.10.5.jar:1.10.5]
	at org.junit.jupiter.engine.descriptor.ClassBasedTestDescriptor.instantiateAndPostProcessTestInstance(ClassBasedTestDescriptor.java:289) ~[junit-jupiter-engine-5.10.5.jar:5.10.5]
	at org.junit.jupiter.engine.descriptor.ClassBasedTestDescriptor.lambda$testInstancesProvider$4(ClassBasedTestDescriptor.java:279) ~[junit-jupiter-engine-5.10.5.jar:5.10.5]
	at java.base/java.util.Optional.orElseGet(Optional.java:364) ~[na:na]
	at org.junit.jupiter.engine.descriptor.ClassBasedTestDescriptor.lambda$testInstancesProvider$5(ClassBasedTestDescriptor.java:278) ~[junit-jupiter-engine-5.10.5.jar:5.10.5]
	at org.junit.jupiter.engine.execution.TestInstancesProvider.getTestInstances(TestInstancesProvider.java:31) ~[junit-jupiter-engine-5.10.5.jar:5.10.5]
	at org.junit.jupiter.engine.descriptor.TestMethodTestDescriptor.lambda$prepare$0(TestMethodTestDescriptor.java:106) ~[junit-jupiter-engine-5.10.5.jar:5.10.5]
	at org.junit.platform.engine.support.hierarchical.ThrowableCollector.execute(ThrowableCollector.java:73) ~[junit-platform-engine-1.10.5.jar:1.10.5]
	at org.junit.jupiter.engine.descriptor.TestMethodTestDescriptor.prepare(TestMethodTestDescriptor.java:105) ~[junit-jupiter-engine-5.10.5.jar:5.10.5]
	at org.junit.jupiter.engine.descriptor.TestMethodTestDescriptor.prepare(TestMethodTestDescriptor.java:69) ~[junit-jupiter-engine-5.10.5.jar:5.10.5]
	at org.junit.platform.engine.support.hierarchical.NodeTestTask.lambda$prepare$2(NodeTestTask.java:128) ~[junit-platform-engine-1.10.5.jar:1.10.5]
	at org.junit.platform.engine.support.hierarchical.ThrowableCollector.execute(ThrowableCollector.java:73) ~[junit-platform-engine-1.10.5.jar:1.10.5]
	at org.junit.platform.engine.support.hierarchical.NodeTestTask.prepare(NodeTestTask.java:128) ~[junit-platform-engine-1.10.5.jar:1.10.5]
	at org.junit.platform.engine.support.hierarchical.NodeTestTask.execute(NodeTestTask.java:95) ~[junit-platform-engine-1.10.5.jar:1.10.5]
	at java.base/java.util.ArrayList.forEach(ArrayList.java:1596) ~[na:na]
	at org.junit.platform.engine.support.hierarchical.SameThreadHierarchicalTestExecutorService.invokeAll(SameThreadHierarchicalTestExecutorService.java:41) ~[junit-platform-engine-1.10.5.jar:1.10.5]
	at org.junit.platform.engine.support.hierarchical.NodeTestTask.lambda$executeRecursively$6(NodeTestTask.java:160) ~[junit-platform-engine-1.10.5.jar:1.10.5]
	at org.junit.platform.engine.support.hierarchical.ThrowableCollector.execute(ThrowableCollector.java:73) ~[junit-platform-engine-1.10.5.jar:1.10.5]
	at org.junit.platform.engine.support.hierarchical.NodeTestTask.lambda$executeRecursively$8(NodeTestTask.java:146) ~[junit-platform-engine-1.10.5.jar:1.10.5]
	at org.junit.platform.engine.support.hierarchical.Node.around(Node.java:137) ~[junit-platform-engine-1.10.5.jar:1.10.5]
	at org.junit.platform.engine.support.hierarchical.NodeTestTask.lambda$executeRecursively$9(NodeTestTask.java:144) ~[junit-platform-engine-1.10.5.jar:1.10.5]
	at org.junit.platform.engine.support.hierarchical.ThrowableCollector.execute(ThrowableCollector.java:73) ~[junit-platform-engine-1.10.5.jar:1.10.5]
	at org.junit.platform.engine.support.hierarchical.NodeTestTask.executeRecursively(NodeTestTask.java:143) ~[junit-platform-engine-1.10.5.jar:1.10.5]
	at org.junit.platform.engine.support.hierarchical.NodeTestTask.execute(NodeTestTask.java:100) ~[junit-platform-engine-1.10.5.jar:1.10.5]
	at java.base/java.util.ArrayList.forEach(ArrayList.java:1596) ~[na:na]
	at org.junit.platform.engine.support.hierarchical.SameThreadHierarchicalTestExecutorService.invokeAll(SameThreadHierarchicalTestExecutorService.java:41) ~[junit-platform-engine-1.10.5.jar:1.10.5]
	at org.junit.platform.engine.support.hierarchical.NodeTestTask.lambda$executeRecursively$6(NodeTestTask.java:160) ~[junit-platform-engine-1.10.5.jar:1.10.5]
	at org.junit.platform.engine.support.hierarchical.ThrowableCollector.execute(ThrowableCollector.java:73) ~[junit-platform-engine-1.10.5.jar:1.10.5]
	at org.junit.platform.engine.support.hierarchical.NodeTestTask.lambda$executeRecursively$8(NodeTestTask.java:146) ~[junit-platform-engine-1.10.5.jar:1.10.5]
	at org.junit.platform.engine.support.hierarchical.Node.around(Node.java:137) ~[junit-platform-engine-1.10.5.jar:1.10.5]
	at org.junit.platform.engine.support.hierarchical.NodeTestTask.lambda$executeRecursively$9(NodeTestTask.java:144) ~[junit-platform-engine-1.10.5.jar:1.10.5]
	at org.junit.platform.engine.support.hierarchical.ThrowableCollector.execute(ThrowableCollector.java:73) ~[junit-platform-engine-1.10.5.jar:1.10.5]
	at org.junit.platform.engine.support.hierarchical.NodeTestTask.executeRecursively(NodeTestTask.java:143) ~[junit-platform-engine-1.10.5.jar:1.10.5]
	at org.junit.platform.engine.support.hierarchical.NodeTestTask.execute(NodeTestTask.java:100) ~[junit-platform-engine-1.10.5.jar:1.10.5]
	at org.junit.platform.engine.support.hierarchical.SameThreadHierarchicalTestExecutorService.submit(SameThreadHierarchicalTestExecutorService.java:35) ~[junit-platform-engine-1.10.5.jar:1.10.5]
	at org.junit.platform.engine.support.hierarchical.HierarchicalTestExecutor.execute(HierarchicalTestExecutor.java:57) ~[junit-platform-engine-1.10.5.jar:1.10.5]
	at org.junit.platform.engine.support.hierarchical.HierarchicalTestEngine.execute(HierarchicalTestEngine.java:54) ~[junit-platform-engine-1.10.5.jar:1.10.5]
	at org.junit.platform.launcher.core.EngineExecutionOrchestrator.execute(EngineExecutionOrchestrator.java:198) ~[junit-platform-launcher-1.10.5.jar:1.10.5]
	at org.junit.platform.launcher.core.EngineExecutionOrchestrator.execute(EngineExecutionOrchestrator.java:169) ~[junit-platform-launcher-1.10.5.jar:1.10.5]
	at org.junit.platform.launcher.core.EngineExecutionOrchestrator.execute(EngineExecutionOrchestrator.java:93) ~[junit-platform-launcher-1.10.5.jar:1.10.5]
	at org.junit.platform.launcher.core.EngineExecutionOrchestrator.lambda$execute$0(EngineExecutionOrchestrator.java:58) ~[junit-platform-launcher-1.10.5.jar:1.10.5]
	at org.junit.platform.launcher.core.EngineExecutionOrchestrator.withInterceptedStreams(EngineExecutionOrchestrator.java:141) ~[junit-platform-launcher-1.10.5.jar:1.10.5]
	at org.junit.platform.launcher.core.EngineExecutionOrchestrator.execute(EngineExecutionOrchestrator.java:57) ~[junit-platform-launcher-1.10.5.jar:1.10.5]
	at org.junit.platform.launcher.core.DefaultLauncher.execute(DefaultLauncher.java:103) ~[junit-platform-launcher-1.10.5.jar:1.10.5]
	at org.junit.platform.launcher.core.DefaultLauncher.execute(DefaultLauncher.java:85) ~[junit-platform-launcher-1.10.5.jar:1.10.5]
	at org.junit.platform.launcher.core.DelegatingLauncher.execute(DelegatingLauncher.java:47) ~[junit-platform-launcher-1.10.5.jar:1.10.5]
	at org.junit.platform.launcher.core.SessionPerRequestLauncher.execute(SessionPerRequestLauncher.java:63) ~[junit-platform-launcher-1.10.5.jar:1.10.5]
	at com.intellij.junit5.JUnit5TestRunnerHelper.execute(JUnit5TestRunnerHelper.java:134) ~[junit5-rt.jar:na]
	at com.intellij.junit5.JUnit5IdeaTestRunner.startRunnerWithArgs(JUnit5IdeaTestRunner.java:70) ~[junit5-rt.jar:na]
	at com.intellij.rt.junit.IdeaTestRunner$Repeater$1.execute(IdeaTestRunner.java:38) ~[junit-rt.jar:na]
	at com.intellij.rt.execution.junit.TestsRepeater.repeat(TestsRepeater.java:11) ~[idea_rt.jar:na]
	at com.intellij.rt.junit.IdeaTestRunner$Repeater.startRunnerWithArgs(IdeaTestRunner.java:35) ~[junit-rt.jar:na]
	at com.intellij.rt.junit.JUnitStarter.prepareStreamsAndStart(JUnitStarter.java:226) ~[junit-rt.jar:na]
	at com.intellij.rt.junit.JUnitStarter.main(JUnitStarter.java:62) ~[junit-rt.jar:na]
Caused by: org.apache.seata.common.exception.FrameworkException: connect failed, can not connect to services-server.
	at org.apache.seata.core.rpc.netty.NettyClientBootstrap.getNewChannel(NettyClientBootstrap.java:176) ~[seata-all-2.1.0.jar:2.1.0]
	... 109 common frames omitted
Caused by: io.netty.channel.AbstractChannel$AnnotatedConnectException: Connection refused: getsockopt: /192.168.68.128:8099
Caused by: java.net.ConnectException: Connection refused: getsockopt
	at java.base/sun.nio.ch.Net.pollConnect(Native Method) ~[na:na]
	at java.base/sun.nio.ch.Net.pollConnectNow(Net.java:694) ~[na:na]
	at java.base/sun.nio.ch.SocketChannelImpl.finishConnect(SocketChannelImpl.java:973) ~[na:na]
	at io.netty.channel.socket.nio.NioSocketChannel.doFinishConnect(NioSocketChannel.java:336) ~[netty-transport-4.1.115.Final.jar:4.1.115.Final]
	at io.netty.channel.nio.AbstractNioChannel$AbstractNioUnsafe.finishConnect(AbstractNioChannel.java:339) ~[netty-transport-4.1.115.Final.jar:4.1.115.Final]
	at io.netty.channel.nio.NioEventLoop.processSelectedKey(NioEventLoop.java:776) ~[netty-transport-4.1.115.Final.jar:4.1.115.Final]
	at io.netty.channel.nio.NioEventLoop.processSelectedKeysOptimized(NioEventLoop.java:724) ~[netty-transport-4.1.115.Final.jar:4.1.115.Final]
	at io.netty.channel.nio.NioEventLoop.processSelectedKeys(NioEventLoop.java:650) ~[netty-transport-4.1.115.Final.jar:4.1.115.Final]
	at io.netty.channel.nio.NioEventLoop.run(NioEventLoop.java:562) ~[netty-transport-4.1.115.Final.jar:4.1.115.Final]
	at io.netty.util.concurrent.SingleThreadEventExecutor$4.run(SingleThreadEventExecutor.java:997) ~[netty-common-4.1.115.Final.jar:4.1.115.Final]
	at io.netty.util.internal.ThreadExecutorMap$2.run(ThreadExecutorMap.java:74) ~[netty-common-4.1.115.Final.jar:4.1.115.Final]
	at io.netty.util.concurrent.FastThreadLocalRunnable.run(FastThreadLocalRunnable.java:30) ~[netty-common-4.1.115.Final.jar:4.1.115.Final]
	at java.base/java.lang.Thread.run(Thread.java:1583) ~[na:na]

21:42:05:306 ERROR 18588 --- [item-service] [main] o.a.s.c.r.n.NettyClientChannelManager    : 0101 can not connect to [192.168.68.128:8099] cause:[can not register RM,err:can not connect to services-server.]
21:42:05:307  WARN 18588 --- [item-service] [main] o.s.w.c.s.GenericWebApplicationContext   : Exception encountered during context initialization - cancelling refresh attempt: org.springframework.beans.factory.BeanCreationException: Error creating bean with name 'globalTransactionScanner' defined in class path resource [org/apache/seata/spring/boot/autoconfigure/SeataAutoConfiguration.class]: can not connect to [192.168.68.128:8099]
21:42:05:315  INFO 18588 --- [item-service] [main] .s.b.a.l.ConditionEvaluationReportLogger : 

Error starting ApplicationContext. To display the condition evaluation report re-run your application with 'debug' enabled.
21:42:05:338 ERROR 18588 --- [item-service] [main] o.s.boot.SpringApplication               : Application run failed

org.springframework.beans.factory.BeanCreationException: Error creating bean with name 'globalTransactionScanner' defined in class path resource [org/apache/seata/spring/boot/autoconfigure/SeataAutoConfiguration.class]: can not connect to [192.168.68.128:8099]
	at org.springframework.beans.factory.support.AbstractAutowireCapableBeanFactory.initializeBean(AbstractAutowireCapableBeanFactory.java:1806) ~[spring-beans-6.1.15.jar:6.1.15]
	at org.springframework.beans.factory.support.AbstractAutowireCapableBeanFactory.doCreateBean(AbstractAutowireCapableBeanFactory.java:600) ~[spring-beans-6.1.15.jar:6.1.15]
	at org.springframework.beans.factory.support.AbstractAutowireCapableBeanFactory.createBean(AbstractAutowireCapableBeanFactory.java:522) ~[spring-beans-6.1.15.jar:6.1.15]
	at org.springframework.beans.factory.support.AbstractBeanFactory.lambda$doGetBean$0(AbstractBeanFactory.java:337) ~[spring-beans-6.1.15.jar:6.1.15]
	at org.springframework.beans.factory.support.DefaultSingletonBeanRegistry.getSingleton(DefaultSingletonBeanRegistry.java:234) ~[spring-beans-6.1.15.jar:6.1.15]
	at org.springframework.beans.factory.support.AbstractBeanFactory.doGetBean(AbstractBeanFactory.java:335) ~[spring-beans-6.1.15.jar:6.1.15]
	at org.springframework.beans.factory.support.AbstractBeanFactory.getBean(AbstractBeanFactory.java:205) ~[spring-beans-6.1.15.jar:6.1.15]
	at org.springframework.context.support.PostProcessorRegistrationDelegate.registerBeanPostProcessors(PostProcessorRegistrationDelegate.java:265) ~[spring-context-6.1.15.jar:6.1.15]
	at org.springframework.context.support.AbstractApplicationContext.registerBeanPostProcessors(AbstractApplicationContext.java:806) ~[spring-context-6.1.15.jar:6.1.15]
	at org.springframework.context.support.AbstractApplicationContext.refresh(AbstractApplicationContext.java:609) ~[spring-context-6.1.15.jar:6.1.15]
	at org.springframework.boot.SpringApplication.refresh(SpringApplication.java:754) ~[spring-boot-3.3.6.jar:3.3.6]
	at org.springframework.boot.SpringApplication.refreshContext(SpringApplication.java:456) ~[spring-boot-3.3.6.jar:3.3.6]
	at org.springframework.boot.SpringApplication.run(SpringApplication.java:335) ~[spring-boot-3.3.6.jar:3.3.6]
	at org.springframework.boot.test.context.SpringBootContextLoader.lambda$loadContext$3(SpringBootContextLoader.java:137) ~[spring-boot-test-3.3.6.jar:3.3.6]
	at org.springframework.util.function.ThrowingSupplier.get(ThrowingSupplier.java:58) ~[spring-core-6.1.15.jar:6.1.15]
	at org.springframework.util.function.ThrowingSupplier.get(ThrowingSupplier.java:46) ~[spring-core-6.1.15.jar:6.1.15]
	at org.springframework.boot.SpringApplication.withHook(SpringApplication.java:1463) ~[spring-boot-3.3.6.jar:3.3.6]
	at org.springframework.boot.test.context.SpringBootContextLoader$ContextLoaderHook.run(SpringBootContextLoader.java:553) ~[spring-boot-test-3.3.6.jar:3.3.6]
	at org.springframework.boot.test.context.SpringBootContextLoader.loadContext(SpringBootContextLoader.java:137) ~[spring-boot-test-3.3.6.jar:3.3.6]
	at org.springframework.boot.test.context.SpringBootContextLoader.loadContext(SpringBootContextLoader.java:108) ~[spring-boot-test-3.3.6.jar:3.3.6]
	at org.springframework.test.context.cache.DefaultCacheAwareContextLoaderDelegate.loadContextInternal(DefaultCacheAwareContextLoaderDelegate.java:225) ~[spring-test-6.1.15.jar:6.1.15]
	at org.springframework.test.context.cache.DefaultCacheAwareContextLoaderDelegate.loadContext(DefaultCacheAwareContextLoaderDelegate.java:152) ~[spring-test-6.1.15.jar:6.1.15]
	at org.springframework.test.context.support.DefaultTestContext.getApplicationContext(DefaultTestContext.java:130) ~[spring-test-6.1.15.jar:6.1.15]
	at org.springframework.test.context.web.ServletTestExecutionListener.setUpRequestContextIfNecessary(ServletTestExecutionListener.java:191) ~[spring-test-6.1.15.jar:6.1.15]
	at org.springframework.test.context.web.ServletTestExecutionListener.prepareTestInstance(ServletTestExecutionListener.java:130) ~[spring-test-6.1.15.jar:6.1.15]
	at org.springframework.test.context.TestContextManager.prepareTestInstance(TestContextManager.java:260) ~[spring-test-6.1.15.jar:6.1.15]
	at org.springframework.test.context.junit.jupiter.SpringExtension.postProcessTestInstance(SpringExtension.java:163) ~[spring-test-6.1.15.jar:6.1.15]
	at org.junit.jupiter.engine.descriptor.ClassBasedTestDescriptor.lambda$invokeTestInstancePostProcessors$10(ClassBasedTestDescriptor.java:378) ~[junit-jupiter-engine-5.10.5.jar:5.10.5]
	at org.junit.jupiter.engine.descriptor.ClassBasedTestDescriptor.executeAndMaskThrowable(ClassBasedTestDescriptor.java:383) ~[junit-jupiter-engine-5.10.5.jar:5.10.5]
	at org.junit.jupiter.engine.descriptor.ClassBasedTestDescriptor.lambda$invokeTestInstancePostProcessors$11(ClassBasedTestDescriptor.java:378) ~[junit-jupiter-engine-5.10.5.jar:5.10.5]
	at java.base/java.util.stream.ReferencePipeline$3$1.accept(ReferencePipeline.java:197) ~[na:na]
	at java.base/java.util.stream.ReferencePipeline$2$1.accept(ReferencePipeline.java:179) ~[na:na]
	at java.base/java.util.ArrayList$ArrayListSpliterator.forEachRemaining(ArrayList.java:1708) ~[na:na]
	at java.base/java.util.stream.AbstractPipeline.copyInto(AbstractPipeline.java:509) ~[na:na]
	at java.base/java.util.stream.AbstractPipeline.wrapAndCopyInto(AbstractPipeline.java:499) ~[na:na]
	at java.base/java.util.stream.StreamSpliterators$WrappingSpliterator.forEachRemaining(StreamSpliterators.java:310) ~[na:na]
	at java.base/java.util.stream.Streams$ConcatSpliterator.forEachRemaining(Streams.java:735) ~[na:na]
	at java.base/java.util.stream.Streams$ConcatSpliterator.forEachRemaining(Streams.java:734) ~[na:na]
	at java.base/java.util.stream.ReferencePipeline$Head.forEach(ReferencePipeline.java:762) ~[na:na]
	at org.junit.jupiter.engine.descriptor.ClassBasedTestDescriptor.invokeTestInstancePostProcessors(ClassBasedTestDescriptor.java:377) ~[junit-jupiter-engine-5.10.5.jar:5.10.5]
	at org.junit.jupiter.engine.descriptor.ClassBasedTestDescriptor.lambda$instantiateAndPostProcessTestInstance$6(ClassBasedTestDescriptor.java:290) ~[junit-jupiter-engine-5.10.5.jar:5.10.5]
	at org.junit.platform.engine.support.hierarchical.ThrowableCollector.execute(ThrowableCollector.java:73) ~[junit-platform-engine-1.10.5.jar:1.10.5]
	at org.junit.jupiter.engine.descriptor.ClassBasedTestDescriptor.instantiateAndPostProcessTestInstance(ClassBasedTestDescriptor.java:289) ~[junit-jupiter-engine-5.10.5.jar:5.10.5]
	at org.junit.jupiter.engine.descriptor.ClassBasedTestDescriptor.lambda$testInstancesProvider$4(ClassBasedTestDescriptor.java:279) ~[junit-jupiter-engine-5.10.5.jar:5.10.5]
	at java.base/java.util.Optional.orElseGet(Optional.java:364) ~[na:na]
	at org.junit.jupiter.engine.descriptor.ClassBasedTestDescriptor.lambda$testInstancesProvider$5(ClassBasedTestDescriptor.java:278) ~[junit-jupiter-engine-5.10.5.jar:5.10.5]
	at org.junit.jupiter.engine.execution.TestInstancesProvider.getTestInstances(TestInstancesProvider.java:31) ~[junit-jupiter-engine-5.10.5.jar:5.10.5]
	at org.junit.jupiter.engine.descriptor.TestMethodTestDescriptor.lambda$prepare$0(TestMethodTestDescriptor.java:106) ~[junit-jupiter-engine-5.10.5.jar:5.10.5]
	at org.junit.platform.engine.support.hierarchical.ThrowableCollector.execute(ThrowableCollector.java:73) ~[junit-platform-engine-1.10.5.jar:1.10.5]
	at org.junit.jupiter.engine.descriptor.TestMethodTestDescriptor.prepare(TestMethodTestDescriptor.java:105) ~[junit-jupiter-engine-5.10.5.jar:5.10.5]
	at org.junit.jupiter.engine.descriptor.TestMethodTestDescriptor.prepare(TestMethodTestDescriptor.java:69) ~[junit-jupiter-engine-5.10.5.jar:5.10.5]
	at org.junit.platform.engine.support.hierarchical.NodeTestTask.lambda$prepare$2(NodeTestTask.java:128) ~[junit-platform-engine-1.10.5.jar:1.10.5]
	at org.junit.platform.engine.support.hierarchical.ThrowableCollector.execute(ThrowableCollector.java:73) ~[junit-platform-engine-1.10.5.jar:1.10.5]
	at org.junit.platform.engine.support.hierarchical.NodeTestTask.prepare(NodeTestTask.java:128) ~[junit-platform-engine-1.10.5.jar:1.10.5]
	at org.junit.platform.engine.support.hierarchical.NodeTestTask.execute(NodeTestTask.java:95) ~[junit-platform-engine-1.10.5.jar:1.10.5]
	at java.base/java.util.ArrayList.forEach(ArrayList.java:1596) ~[na:na]
	at org.junit.platform.engine.support.hierarchical.SameThreadHierarchicalTestExecutorService.invokeAll(SameThreadHierarchicalTestExecutorService.java:41) ~[junit-platform-engine-1.10.5.jar:1.10.5]
	at org.junit.platform.engine.support.hierarchical.NodeTestTask.lambda$executeRecursively$6(NodeTestTask.java:160) ~[junit-platform-engine-1.10.5.jar:1.10.5]
	at org.junit.platform.engine.support.hierarchical.ThrowableCollector.execute(ThrowableCollector.java:73) ~[junit-platform-engine-1.10.5.jar:1.10.5]
	at org.junit.platform.engine.support.hierarchical.NodeTestTask.lambda$executeRecursively$8(NodeTestTask.java:146) ~[junit-platform-engine-1.10.5.jar:1.10.5]
	at org.junit.platform.engine.support.hierarchical.Node.around(Node.java:137) ~[junit-platform-engine-1.10.5.jar:1.10.5]
	at org.junit.platform.engine.support.hierarchical.NodeTestTask.lambda$executeRecursively$9(NodeTestTask.java:144) ~[junit-platform-engine-1.10.5.jar:1.10.5]
	at org.junit.platform.engine.support.hierarchical.ThrowableCollector.execute(ThrowableCollector.java:73) ~[junit-platform-engine-1.10.5.jar:1.10.5]
	at org.junit.platform.engine.support.hierarchical.NodeTestTask.executeRecursively(NodeTestTask.java:143) ~[junit-platform-engine-1.10.5.jar:1.10.5]
	at org.junit.platform.engine.support.hierarchical.NodeTestTask.execute(NodeTestTask.java:100) ~[junit-platform-engine-1.10.5.jar:1.10.5]
	at java.base/java.util.ArrayList.forEach(ArrayList.java:1596) ~[na:na]
	at org.junit.platform.engine.support.hierarchical.SameThreadHierarchicalTestExecutorService.invokeAll(SameThreadHierarchicalTestExecutorService.java:41) ~[junit-platform-engine-1.10.5.jar:1.10.5]
	at org.junit.platform.engine.support.hierarchical.NodeTestTask.lambda$executeRecursively$6(NodeTestTask.java:160) ~[junit-platform-engine-1.10.5.jar:1.10.5]
	at org.junit.platform.engine.support.hierarchical.ThrowableCollector.execute(ThrowableCollector.java:73) ~[junit-platform-engine-1.10.5.jar:1.10.5]
	at org.junit.platform.engine.support.hierarchical.NodeTestTask.lambda$executeRecursively$8(NodeTestTask.java:146) ~[junit-platform-engine-1.10.5.jar:1.10.5]
	at org.junit.platform.engine.support.hierarchical.Node.around(Node.java:137) ~[junit-platform-engine-1.10.5.jar:1.10.5]
	at org.junit.platform.engine.support.hierarchical.NodeTestTask.lambda$executeRecursively$9(NodeTestTask.java:144) ~[junit-platform-engine-1.10.5.jar:1.10.5]
	at org.junit.platform.engine.support.hierarchical.ThrowableCollector.execute(ThrowableCollector.java:73) ~[junit-platform-engine-1.10.5.jar:1.10.5]
	at org.junit.platform.engine.support.hierarchical.NodeTestTask.executeRecursively(NodeTestTask.java:143) ~[junit-platform-engine-1.10.5.jar:1.10.5]
	at org.junit.platform.engine.support.hierarchical.NodeTestTask.execute(NodeTestTask.java:100) ~[junit-platform-engine-1.10.5.jar:1.10.5]
	at org.junit.platform.engine.support.hierarchical.SameThreadHierarchicalTestExecutorService.submit(SameThreadHierarchicalTestExecutorService.java:35) ~[junit-platform-engine-1.10.5.jar:1.10.5]
	at org.junit.platform.engine.support.hierarchical.HierarchicalTestExecutor.execute(HierarchicalTestExecutor.java:57) ~[junit-platform-engine-1.10.5.jar:1.10.5]
	at org.junit.platform.engine.support.hierarchical.HierarchicalTestEngine.execute(HierarchicalTestEngine.java:54) ~[junit-platform-engine-1.10.5.jar:1.10.5]
	at org.junit.platform.launcher.core.EngineExecutionOrchestrator.execute(EngineExecutionOrchestrator.java:198) ~[junit-platform-launcher-1.10.5.jar:1.10.5]
	at org.junit.platform.launcher.core.EngineExecutionOrchestrator.execute(EngineExecutionOrchestrator.java:169) ~[junit-platform-launcher-1.10.5.jar:1.10.5]
	at org.junit.platform.launcher.core.EngineExecutionOrchestrator.execute(EngineExecutionOrchestrator.java:93) ~[junit-platform-launcher-1.10.5.jar:1.10.5]
	at org.junit.platform.launcher.core.EngineExecutionOrchestrator.lambda$execute$0(EngineExecutionOrchestrator.java:58) ~[junit-platform-launcher-1.10.5.jar:1.10.5]
	at org.junit.platform.launcher.core.EngineExecutionOrchestrator.withInterceptedStreams(EngineExecutionOrchestrator.java:141) ~[junit-platform-launcher-1.10.5.jar:1.10.5]
	at org.junit.platform.launcher.core.EngineExecutionOrchestrator.execute(EngineExecutionOrchestrator.java:57) ~[junit-platform-launcher-1.10.5.jar:1.10.5]
	at org.junit.platform.launcher.core.DefaultLauncher.execute(DefaultLauncher.java:103) ~[junit-platform-launcher-1.10.5.jar:1.10.5]
	at org.junit.platform.launcher.core.DefaultLauncher.execute(DefaultLauncher.java:85) ~[junit-platform-launcher-1.10.5.jar:1.10.5]
	at org.junit.platform.launcher.core.DelegatingLauncher.execute(DelegatingLauncher.java:47) ~[junit-platform-launcher-1.10.5.jar:1.10.5]
	at org.junit.platform.launcher.core.SessionPerRequestLauncher.execute(SessionPerRequestLauncher.java:63) ~[junit-platform-launcher-1.10.5.jar:1.10.5]
	at com.intellij.junit5.JUnit5TestRunnerHelper.execute(JUnit5TestRunnerHelper.java:134) ~[junit5-rt.jar:na]
	at com.intellij.junit5.JUnit5IdeaTestRunner.startRunnerWithArgs(JUnit5IdeaTestRunner.java:70) ~[junit5-rt.jar:na]
	at com.intellij.rt.junit.IdeaTestRunner$Repeater$1.execute(IdeaTestRunner.java:38) ~[junit-rt.jar:na]
	at com.intellij.rt.execution.junit.TestsRepeater.repeat(TestsRepeater.java:11) ~[idea_rt.jar:na]
	at com.intellij.rt.junit.IdeaTestRunner$Repeater.startRunnerWithArgs(IdeaTestRunner.java:35) ~[junit-rt.jar:na]
	at com.intellij.rt.junit.JUnitStarter.prepareStreamsAndStart(JUnitStarter.java:226) ~[junit-rt.jar:na]
	at com.intellij.rt.junit.JUnitStarter.main(JUnitStarter.java:62) ~[junit-rt.jar:na]
Caused by: org.apache.seata.common.exception.FrameworkException: can not connect to [192.168.68.128:8099]
	at org.apache.seata.core.rpc.netty.NettyClientChannelManager.doReconnect(NettyClientChannelManager.java:251) ~[seata-all-2.1.0.jar:2.1.0]
	at org.apache.seata.core.rpc.netty.NettyClientChannelManager.doReconnect(NettyClientChannelManager.java:212) ~[seata-all-2.1.0.jar:2.1.0]
	at org.apache.seata.core.rpc.netty.NettyClientChannelManager.initReconnect(NettyClientChannelManager.java:176) ~[seata-all-2.1.0.jar:2.1.0]
	at org.apache.seata.core.rpc.netty.TmNettyRemotingClient.initConnection(TmNettyRemotingClient.java:291) ~[seata-all-2.1.0.jar:2.1.0]
	at org.apache.seata.core.rpc.netty.TmNettyRemotingClient.init(TmNettyRemotingClient.java:191) ~[seata-all-2.1.0.jar:2.1.0]
	at org.apache.seata.tm.TMClient.init(TMClient.java:47) ~[seata-all-2.1.0.jar:2.1.0]
	at org.apache.seata.spring.annotation.GlobalTransactionScanner.initClient(GlobalTransactionScanner.java:232) ~[seata-all-2.1.0.jar:2.1.0]
	at org.apache.seata.spring.annotation.GlobalTransactionScanner.afterPropertiesSet(GlobalTransactionScanner.java:480) ~[seata-all-2.1.0.jar:2.1.0]
	at org.springframework.beans.factory.support.AbstractAutowireCapableBeanFactory.invokeInitMethods(AbstractAutowireCapableBeanFactory.java:1853) ~[spring-beans-6.1.15.jar:6.1.15]
	at org.springframework.beans.factory.support.AbstractAutowireCapableBeanFactory.initializeBean(AbstractAutowireCapableBeanFactory.java:1802) ~[spring-beans-6.1.15.jar:6.1.15]
	... 94 common frames omitted

21:42:05:344  WARN 18588 --- [item-service] [main] o.s.test.context.TestContextManager      : Caught exception while allowing TestExecutionListener [org.springframework.test.context.web.ServletTestExecutionListener] to prepare test instance [com.george.item.elastic.ElasticDSLSearchTest@2ba9f986]

java.lang.IllegalStateException: Failed to load ApplicationContext for [WebMergedContextConfiguration@23f60b7d testClass = com.george.item.elastic.ElasticDSLSearchTest, locations = [], classes = [com.george.item.ItemApplication], contextInitializerClasses = [], activeProfiles = [], propertySourceDescriptors = [], propertySourceProperties = ["spring.profiles.active=local", "org.springframework.boot.test.context.SpringBootTestContextBootstrapper=true"], contextCustomizers = [org.springframework.boot.test.context.filter.ExcludeFilterContextCustomizer@26e356f0, org.springframework.boot.test.json.DuplicateJsonObjectContextCustomizerFactory$DuplicateJsonObjectContextCustomizer@1151e434, org.springframework.boot.test.mock.mockito.MockitoContextCustomizer@0, org.springframework.boot.test.web.client.TestRestTemplateContextCustomizer@242b836, org.springframework.boot.test.web.reactor.netty.DisableReactorResourceFactoryGlobalResourcesContextCustomizerFactory$DisableReactorResourceFactoryGlobalResourcesContextCustomizerCustomizer@3012646b, org.springframework.boot.test.context.SpringBootTestAnnotation@75d76dc0], resourceBasePath = "src/main/webapp", contextLoader = org.springframework.boot.test.context.SpringBootContextLoader, parent = null]
	at org.springframework.test.context.cache.DefaultCacheAwareContextLoaderDelegate.loadContext(DefaultCacheAwareContextLoaderDelegate.java:180) ~[spring-test-6.1.15.jar:6.1.15]
	at org.springframework.test.context.support.DefaultTestContext.getApplicationContext(DefaultTestContext.java:130) ~[spring-test-6.1.15.jar:6.1.15]
	at org.springframework.test.context.web.ServletTestExecutionListener.setUpRequestContextIfNecessary(ServletTestExecutionListener.java:191) ~[spring-test-6.1.15.jar:6.1.15]
	at org.springframework.test.context.web.ServletTestExecutionListener.prepareTestInstance(ServletTestExecutionListener.java:130) ~[spring-test-6.1.15.jar:6.1.15]
	at org.springframework.test.context.TestContextManager.prepareTestInstance(TestContextManager.java:260) ~[spring-test-6.1.15.jar:6.1.15]
	at org.springframework.test.context.junit.jupiter.SpringExtension.postProcessTestInstance(SpringExtension.java:163) ~[spring-test-6.1.15.jar:6.1.15]
	at org.junit.jupiter.engine.descriptor.ClassBasedTestDescriptor.lambda$invokeTestInstancePostProcessors$10(ClassBasedTestDescriptor.java:378) ~[junit-jupiter-engine-5.10.5.jar:5.10.5]
	at org.junit.jupiter.engine.descriptor.ClassBasedTestDescriptor.executeAndMaskThrowable(ClassBasedTestDescriptor.java:383) ~[junit-jupiter-engine-5.10.5.jar:5.10.5]
	at org.junit.jupiter.engine.descriptor.ClassBasedTestDescriptor.lambda$invokeTestInstancePostProcessors$11(ClassBasedTestDescriptor.java:378) ~[junit-jupiter-engine-5.10.5.jar:5.10.5]
	at java.base/java.util.stream.ReferencePipeline$3$1.accept(ReferencePipeline.java:197) ~[na:na]
	at java.base/java.util.stream.ReferencePipeline$2$1.accept(ReferencePipeline.java:179) ~[na:na]
	at java.base/java.util.ArrayList$ArrayListSpliterator.forEachRemaining(ArrayList.java:1708) ~[na:na]
	at java.base/java.util.stream.AbstractPipeline.copyInto(AbstractPipeline.java:509) ~[na:na]
	at java.base/java.util.stream.AbstractPipeline.wrapAndCopyInto(AbstractPipeline.java:499) ~[na:na]
	at java.base/java.util.stream.StreamSpliterators$WrappingSpliterator.forEachRemaining(StreamSpliterators.java:310) ~[na:na]
	at java.base/java.util.stream.Streams$ConcatSpliterator.forEachRemaining(Streams.java:735) ~[na:na]
	at java.base/java.util.stream.Streams$ConcatSpliterator.forEachRemaining(Streams.java:734) ~[na:na]
	at java.base/java.util.stream.ReferencePipeline$Head.forEach(ReferencePipeline.java:762) ~[na:na]
	at org.junit.jupiter.engine.descriptor.ClassBasedTestDescriptor.invokeTestInstancePostProcessors(ClassBasedTestDescriptor.java:377) ~[junit-jupiter-engine-5.10.5.jar:5.10.5]
	at org.junit.jupiter.engine.descriptor.ClassBasedTestDescriptor.lambda$instantiateAndPostProcessTestInstance$6(ClassBasedTestDescriptor.java:290) ~[junit-jupiter-engine-5.10.5.jar:5.10.5]
	at org.junit.platform.engine.support.hierarchical.ThrowableCollector.execute(ThrowableCollector.java:73) ~[junit-platform-engine-1.10.5.jar:1.10.5]
	at org.junit.jupiter.engine.descriptor.ClassBasedTestDescriptor.instantiateAndPostProcessTestInstance(ClassBasedTestDescriptor.java:289) ~[junit-jupiter-engine-5.10.5.jar:5.10.5]
	at org.junit.jupiter.engine.descriptor.ClassBasedTestDescriptor.lambda$testInstancesProvider$4(ClassBasedTestDescriptor.java:279) ~[junit-jupiter-engine-5.10.5.jar:5.10.5]
	at java.base/java.util.Optional.orElseGet(Optional.java:364) ~[na:na]
	at org.junit.jupiter.engine.descriptor.ClassBasedTestDescriptor.lambda$testInstancesProvider$5(ClassBasedTestDescriptor.java:278) ~[junit-jupiter-engine-5.10.5.jar:5.10.5]
	at org.junit.jupiter.engine.execution.TestInstancesProvider.getTestInstances(TestInstancesProvider.java:31) ~[junit-jupiter-engine-5.10.5.jar:5.10.5]
	at org.junit.jupiter.engine.descriptor.TestMethodTestDescriptor.lambda$prepare$0(TestMethodTestDescriptor.java:106) ~[junit-jupiter-engine-5.10.5.jar:5.10.5]
	at org.junit.platform.engine.support.hierarchical.ThrowableCollector.execute(ThrowableCollector.java:73) ~[junit-platform-engine-1.10.5.jar:1.10.5]
	at org.junit.jupiter.engine.descriptor.TestMethodTestDescriptor.prepare(TestMethodTestDescriptor.java:105) ~[junit-jupiter-engine-5.10.5.jar:5.10.5]
	at org.junit.jupiter.engine.descriptor.TestMethodTestDescriptor.prepare(TestMethodTestDescriptor.java:69) ~[junit-jupiter-engine-5.10.5.jar:5.10.5]
	at org.junit.platform.engine.support.hierarchical.NodeTestTask.lambda$prepare$2(NodeTestTask.java:128) ~[junit-platform-engine-1.10.5.jar:1.10.5]
	at org.junit.platform.engine.support.hierarchical.ThrowableCollector.execute(ThrowableCollector.java:73) ~[junit-platform-engine-1.10.5.jar:1.10.5]
	at org.junit.platform.engine.support.hierarchical.NodeTestTask.prepare(NodeTestTask.java:128) ~[junit-platform-engine-1.10.5.jar:1.10.5]
	at org.junit.platform.engine.support.hierarchical.NodeTestTask.execute(NodeTestTask.java:95) ~[junit-platform-engine-1.10.5.jar:1.10.5]
	at java.base/java.util.ArrayList.forEach(ArrayList.java:1596) ~[na:na]
	at org.junit.platform.engine.support.hierarchical.SameThreadHierarchicalTestExecutorService.invokeAll(SameThreadHierarchicalTestExecutorService.java:41) ~[junit-platform-engine-1.10.5.jar:1.10.5]
	at org.junit.platform.engine.support.hierarchical.NodeTestTask.lambda$executeRecursively$6(NodeTestTask.java:160) ~[junit-platform-engine-1.10.5.jar:1.10.5]
	at org.junit.platform.engine.support.hierarchical.ThrowableCollector.execute(ThrowableCollector.java:73) ~[junit-platform-engine-1.10.5.jar:1.10.5]
	at org.junit.platform.engine.support.hierarchical.NodeTestTask.lambda$executeRecursively$8(NodeTestTask.java:146) ~[junit-platform-engine-1.10.5.jar:1.10.5]
	at org.junit.platform.engine.support.hierarchical.Node.around(Node.java:137) ~[junit-platform-engine-1.10.5.jar:1.10.5]
	at org.junit.platform.engine.support.hierarchical.NodeTestTask.lambda$executeRecursively$9(NodeTestTask.java:144) ~[junit-platform-engine-1.10.5.jar:1.10.5]
	at org.junit.platform.engine.support.hierarchical.ThrowableCollector.execute(ThrowableCollector.java:73) ~[junit-platform-engine-1.10.5.jar:1.10.5]
	at org.junit.platform.engine.support.hierarchical.NodeTestTask.executeRecursively(NodeTestTask.java:143) ~[junit-platform-engine-1.10.5.jar:1.10.5]
	at org.junit.platform.engine.support.hierarchical.NodeTestTask.execute(NodeTestTask.java:100) ~[junit-platform-engine-1.10.5.jar:1.10.5]
	at java.base/java.util.ArrayList.forEach(ArrayList.java:1596) ~[na:na]
	at org.junit.platform.engine.support.hierarchical.SameThreadHierarchicalTestExecutorService.invokeAll(SameThreadHierarchicalTestExecutorService.java:41) ~[junit-platform-engine-1.10.5.jar:1.10.5]
	at org.junit.platform.engine.support.hierarchical.NodeTestTask.lambda$executeRecursively$6(NodeTestTask.java:160) ~[junit-platform-engine-1.10.5.jar:1.10.5]
	at org.junit.platform.engine.support.hierarchical.ThrowableCollector.execute(ThrowableCollector.java:73) ~[junit-platform-engine-1.10.5.jar:1.10.5]
	at org.junit.platform.engine.support.hierarchical.NodeTestTask.lambda$executeRecursively$8(NodeTestTask.java:146) ~[junit-platform-engine-1.10.5.jar:1.10.5]
	at org.junit.platform.engine.support.hierarchical.Node.around(Node.java:137) ~[junit-platform-engine-1.10.5.jar:1.10.5]
	at org.junit.platform.engine.support.hierarchical.NodeTestTask.lambda$executeRecursively$9(NodeTestTask.java:144) ~[junit-platform-engine-1.10.5.jar:1.10.5]
	at org.junit.platform.engine.support.hierarchical.ThrowableCollector.execute(ThrowableCollector.java:73) ~[junit-platform-engine-1.10.5.jar:1.10.5]
	at org.junit.platform.engine.support.hierarchical.NodeTestTask.executeRecursively(NodeTestTask.java:143) ~[junit-platform-engine-1.10.5.jar:1.10.5]
	at org.junit.platform.engine.support.hierarchical.NodeTestTask.execute(NodeTestTask.java:100) ~[junit-platform-engine-1.10.5.jar:1.10.5]
	at org.junit.platform.engine.support.hierarchical.SameThreadHierarchicalTestExecutorService.submit(SameThreadHierarchicalTestExecutorService.java:35) ~[junit-platform-engine-1.10.5.jar:1.10.5]
	at org.junit.platform.engine.support.hierarchical.HierarchicalTestExecutor.execute(HierarchicalTestExecutor.java:57) ~[junit-platform-engine-1.10.5.jar:1.10.5]
	at org.junit.platform.engine.support.hierarchical.HierarchicalTestEngine.execute(HierarchicalTestEngine.java:54) ~[junit-platform-engine-1.10.5.jar:1.10.5]
	at org.junit.platform.launcher.core.EngineExecutionOrchestrator.execute(EngineExecutionOrchestrator.java:198) ~[junit-platform-launcher-1.10.5.jar:1.10.5]
	at org.junit.platform.launcher.core.EngineExecutionOrchestrator.execute(EngineExecutionOrchestrator.java:169) ~[junit-platform-launcher-1.10.5.jar:1.10.5]
	at org.junit.platform.launcher.core.EngineExecutionOrchestrator.execute(EngineExecutionOrchestrator.java:93) ~[junit-platform-launcher-1.10.5.jar:1.10.5]
	at org.junit.platform.launcher.core.EngineExecutionOrchestrator.lambda$execute$0(EngineExecutionOrchestrator.java:58) ~[junit-platform-launcher-1.10.5.jar:1.10.5]
	at org.junit.platform.launcher.core.EngineExecutionOrchestrator.withInterceptedStreams(EngineExecutionOrchestrator.java:141) ~[junit-platform-launcher-1.10.5.jar:1.10.5]
	at org.junit.platform.launcher.core.EngineExecutionOrchestrator.execute(EngineExecutionOrchestrator.java:57) ~[junit-platform-launcher-1.10.5.jar:1.10.5]
	at org.junit.platform.launcher.core.DefaultLauncher.execute(DefaultLauncher.java:103) ~[junit-platform-launcher-1.10.5.jar:1.10.5]
	at org.junit.platform.launcher.core.DefaultLauncher.execute(DefaultLauncher.java:85) ~[junit-platform-launcher-1.10.5.jar:1.10.5]
	at org.junit.platform.launcher.core.DelegatingLauncher.execute(DelegatingLauncher.java:47) ~[junit-platform-launcher-1.10.5.jar:1.10.5]
	at org.junit.platform.launcher.core.SessionPerRequestLauncher.execute(SessionPerRequestLauncher.java:63) ~[junit-platform-launcher-1.10.5.jar:1.10.5]
	at com.intellij.junit5.JUnit5TestRunnerHelper.execute(JUnit5TestRunnerHelper.java:134) ~[junit5-rt.jar:na]
	at com.intellij.junit5.JUnit5IdeaTestRunner.startRunnerWithArgs(JUnit5IdeaTestRunner.java:70) ~[junit5-rt.jar:na]
	at com.intellij.rt.junit.IdeaTestRunner$Repeater$1.execute(IdeaTestRunner.java:38) ~[junit-rt.jar:na]
	at com.intellij.rt.execution.junit.TestsRepeater.repeat(TestsRepeater.java:11) ~[idea_rt.jar:na]
	at com.intellij.rt.junit.IdeaTestRunner$Repeater.startRunnerWithArgs(IdeaTestRunner.java:35) ~[junit-rt.jar:na]
	at com.intellij.rt.junit.JUnitStarter.prepareStreamsAndStart(JUnitStarter.java:226) ~[junit-rt.jar:na]
	at com.intellij.rt.junit.JUnitStarter.main(JUnitStarter.java:62) ~[junit-rt.jar:na]
Caused by: org.springframework.beans.factory.BeanCreationException: Error creating bean with name 'globalTransactionScanner' defined in class path resource [org/apache/seata/spring/boot/autoconfigure/SeataAutoConfiguration.class]: can not connect to [192.168.68.128:8099]
	at org.springframework.beans.factory.support.AbstractAutowireCapableBeanFactory.initializeBean(AbstractAutowireCapableBeanFactory.java:1806) ~[spring-beans-6.1.15.jar:6.1.15]
	at org.springframework.beans.factory.support.AbstractAutowireCapableBeanFactory.doCreateBean(AbstractAutowireCapableBeanFactory.java:600) ~[spring-beans-6.1.15.jar:6.1.15]
	at org.springframework.beans.factory.support.AbstractAutowireCapableBeanFactory.createBean(AbstractAutowireCapableBeanFactory.java:522) ~[spring-beans-6.1.15.jar:6.1.15]
	at org.springframework.beans.factory.support.AbstractBeanFactory.lambda$doGetBean$0(AbstractBeanFactory.java:337) ~[spring-beans-6.1.15.jar:6.1.15]
	at org.springframework.beans.factory.support.DefaultSingletonBeanRegistry.getSingleton(DefaultSingletonBeanRegistry.java:234) ~[spring-beans-6.1.15.jar:6.1.15]
	at org.springframework.beans.factory.support.AbstractBeanFactory.doGetBean(AbstractBeanFactory.java:335) ~[spring-beans-6.1.15.jar:6.1.15]
	at org.springframework.beans.factory.support.AbstractBeanFactory.getBean(AbstractBeanFactory.java:205) ~[spring-beans-6.1.15.jar:6.1.15]
	at org.springframework.context.support.PostProcessorRegistrationDelegate.registerBeanPostProcessors(PostProcessorRegistrationDelegate.java:265) ~[spring-context-6.1.15.jar:6.1.15]
	at org.springframework.context.support.AbstractApplicationContext.registerBeanPostProcessors(AbstractApplicationContext.java:806) ~[spring-context-6.1.15.jar:6.1.15]
	at org.springframework.context.support.AbstractApplicationContext.refresh(AbstractApplicationContext.java:609) ~[spring-context-6.1.15.jar:6.1.15]
	at org.springframework.boot.SpringApplication.refresh(SpringApplication.java:754) ~[spring-boot-3.3.6.jar:3.3.6]
	at org.springframework.boot.SpringApplication.refreshContext(SpringApplication.java:456) ~[spring-boot-3.3.6.jar:3.3.6]
	at org.springframework.boot.SpringApplication.run(SpringApplication.java:335) ~[spring-boot-3.3.6.jar:3.3.6]
	at org.springframework.boot.test.context.SpringBootContextLoader.lambda$loadContext$3(SpringBootContextLoader.java:137) ~[spring-boot-test-3.3.6.jar:3.3.6]
	at org.springframework.util.function.ThrowingSupplier.get(ThrowingSupplier.java:58) ~[spring-core-6.1.15.jar:6.1.15]
	at org.springframework.util.function.ThrowingSupplier.get(ThrowingSupplier.java:46) ~[spring-core-6.1.15.jar:6.1.15]
	at org.springframework.boot.SpringApplication.withHook(SpringApplication.java:1463) ~[spring-boot-3.3.6.jar:3.3.6]
	at org.springframework.boot.test.context.SpringBootContextLoader$ContextLoaderHook.run(SpringBootContextLoader.java:553) ~[spring-boot-test-3.3.6.jar:3.3.6]
	at org.springframework.boot.test.context.SpringBootContextLoader.loadContext(SpringBootContextLoader.java:137) ~[spring-boot-test-3.3.6.jar:3.3.6]
	at org.springframework.boot.test.context.SpringBootContextLoader.loadContext(SpringBootContextLoader.java:108) ~[spring-boot-test-3.3.6.jar:3.3.6]
	at org.springframework.test.context.cache.DefaultCacheAwareContextLoaderDelegate.loadContextInternal(DefaultCacheAwareContextLoaderDelegate.java:225) ~[spring-test-6.1.15.jar:6.1.15]
	at org.springframework.test.context.cache.DefaultCacheAwareContextLoaderDelegate.loadContext(DefaultCacheAwareContextLoaderDelegate.java:152) ~[spring-test-6.1.15.jar:6.1.15]
	... 73 common frames omitted
Caused by: org.apache.seata.common.exception.FrameworkException: can not connect to [192.168.68.128:8099]
	at org.apache.seata.core.rpc.netty.NettyClientChannelManager.doReconnect(NettyClientChannelManager.java:251) ~[seata-all-2.1.0.jar:2.1.0]
	at org.apache.seata.core.rpc.netty.NettyClientChannelManager.doReconnect(NettyClientChannelManager.java:212) ~[seata-all-2.1.0.jar:2.1.0]
	at org.apache.seata.core.rpc.netty.NettyClientChannelManager.initReconnect(NettyClientChannelManager.java:176) ~[seata-all-2.1.0.jar:2.1.0]
	at org.apache.seata.core.rpc.netty.TmNettyRemotingClient.initConnection(TmNettyRemotingClient.java:291) ~[seata-all-2.1.0.jar:2.1.0]
	at org.apache.seata.core.rpc.netty.TmNettyRemotingClient.init(TmNettyRemotingClient.java:191) ~[seata-all-2.1.0.jar:2.1.0]
	at org.apache.seata.tm.TMClient.init(TMClient.java:47) ~[seata-all-2.1.0.jar:2.1.0]
	at org.apache.seata.spring.annotation.GlobalTransactionScanner.initClient(GlobalTransactionScanner.java:232) ~[seata-all-2.1.0.jar:2.1.0]
	at org.apache.seata.spring.annotation.GlobalTransactionScanner.afterPropertiesSet(GlobalTransactionScanner.java:480) ~[seata-all-2.1.0.jar:2.1.0]
	at org.springframework.beans.factory.support.AbstractAutowireCapableBeanFactory.invokeInitMethods(AbstractAutowireCapableBeanFactory.java:1853) ~[spring-beans-6.1.15.jar:6.1.15]
	at org.springframework.beans.factory.support.AbstractAutowireCapableBeanFactory.initializeBean(AbstractAutowireCapableBeanFactory.java:1802) ~[spring-beans-6.1.15.jar:6.1.15]
	... 94 common frames omitted

21:42:05:363  WARN 18588 --- [item-service] [Thread-2] c.a.n.common.executor.ThreadPoolManager  : [ThreadPoolManager] Start destroying ThreadPool
21:42:05:363  WARN 18588 --- [item-service] [Thread-2] c.a.n.common.executor.ThreadPoolManager  : [ThreadPoolManager] Destruction of the end
21:42:46:163  INFO 18236 --- [item-service] [main] c.a.nacos.client.logging.NacosLogging    : Nacos Logging Adapter Builder: com.alibaba.nacos.logger.adapter.logback12.LogbackNacosLoggingAdapterBuilder
21:42:46:173  INFO 18236 --- [item-service] [main] c.a.nacos.client.logging.NacosLogging    : Nacos Logging Adapter Builder: com.alibaba.nacos.logger.adapter.logback14.LogbackNacosLoggingAdapterBuilder
21:42:46:174  INFO 18236 --- [item-service] [main] c.a.nacos.client.logging.NacosLogging    : Nacos Logging Adapter: com.alibaba.nacos.logger.adapter.logback14.LogbackNacosLoggingAdapter match ch.qos.logback.classic.Logger success.
21:42:46:179  INFO 18236 --- [item-service] [main] c.a.nacos.client.logging.NacosLogging    : Nacos Logging Adapter Builder: com.alibaba.nacos.logger.adapter.log4j2.Log4j2NacosLoggingAdapterBuilder
21:42:46:265  WARN 18236 --- [item-service] [main] c.a.nacos.client.logging.NacosLogging    : Load ch.qos.logback.classic.Logger Configuration of Nacos fail, message: 'void ch.qos.logback.core.model.ModelUtil.setProperty(ch.qos.logback.core.model.processor.ModelInterpretationContext, java.lang.String, java.lang.String, ch.qos.logback.core.joran.action.ActionUtil$Scope)'
21:42:46:323  WARN 18236 --- [item-service] [main] c.a.nacos.client.logging.NacosLogging    : Load ch.qos.logback.classic.Logger Configuration of Nacos fail, message: 'void ch.qos.logback.core.model.ModelUtil.setProperty(ch.qos.logback.core.model.processor.ModelInterpretationContext, java.lang.String, java.lang.String, ch.qos.logback.core.joran.action.ActionUtil$Scope)'
21:42:46:334  INFO 18236 --- [item-service] [main] c.g.item.elastic.ElasticDSLSearchTest    : Starting ElasticDSLSearchTest using Java 21.0.11 with PID 18236 (started by lindu in E:\hmall\hm-item\item-service)
21:42:46:335  INFO 18236 --- [item-service] [main] c.g.item.elastic.ElasticDSLSearchTest    : The following 1 profile is active: "local"
21:42:47:415  INFO 18236 --- [item-service] [main] o.s.cloud.context.scope.GenericScope     : BeanFactory id=47d6e0ea-b2a4-3bea-86c5-5bfe4470e366
21:42:47:511  WARN 18236 --- [item-service] [main] trationDelegate$BeanPostProcessorChecker : Bean 'org.apache.seata.spring.boot.autoconfigure.SeataCoreAutoConfiguration' of type [org.apache.seata.spring.boot.autoconfigure.SeataCoreAutoConfiguration] is not eligible for getting processed by all BeanPostProcessors (for example: not eligible for auto-proxying). Is this bean getting eagerly injected/applied to a currently created BeanPostProcessor []? Check the corresponding BeanPostProcessor declaration and its dependencies/advisors. If this bean does not have to be post-processed, declare it with ROLE_INFRASTRUCTURE.
21:42:47:512  WARN 18236 --- [item-service] [main] trationDelegate$BeanPostProcessorChecker : Bean 'springApplicationContextProvider' of type [org.apache.seata.spring.boot.autoconfigure.provider.SpringApplicationContextProvider] is not eligible for getting processed by all BeanPostProcessors (for example: not eligible for auto-proxying). Is this bean getting eagerly injected/applied to a currently created BeanPostProcessor []? Check the corresponding BeanPostProcessor declaration and its dependencies/advisors. If this bean does not have to be post-processed, declare it with ROLE_INFRASTRUCTURE.
21:42:47:513  WARN 18236 --- [item-service] [main] trationDelegate$BeanPostProcessorChecker : Bean 'org.apache.seata.spring.boot.autoconfigure.SeataAutoConfiguration' of type [org.apache.seata.spring.boot.autoconfigure.SeataAutoConfiguration] is not eligible for getting processed by all BeanPostProcessors (for example: not eligible for auto-proxying). Is this bean getting eagerly injected/applied to a currently created BeanPostProcessor []? Check the corresponding BeanPostProcessor declaration and its dependencies/advisors. If this bean does not have to be post-processed, declare it with ROLE_INFRASTRUCTURE.
21:42:47:571  WARN 18236 --- [item-service] [main] trationDelegate$BeanPostProcessorChecker : Bean 'failureHandler' of type [org.apache.seata.tm.api.DefaultFailureHandlerImpl] is not eligible for getting processed by all BeanPostProcessors (for example: not eligible for auto-proxying). Is this bean getting eagerly injected/applied to a currently created BeanPostProcessor []? Check the corresponding BeanPostProcessor declaration and its dependencies/advisors. If this bean does not have to be post-processed, declare it with ROLE_INFRASTRUCTURE.
21:42:47:579  WARN 18236 --- [item-service] [main] trationDelegate$BeanPostProcessorChecker : Bean 'org.springframework.cloud.commons.config.CommonsConfigAutoConfiguration' of type [org.springframework.cloud.commons.config.CommonsConfigAutoConfiguration] is not eligible for getting processed by all BeanPostProcessors (for example: not eligible for auto-proxying). Is this bean getting eagerly injected/applied to a currently created BeanPostProcessor [globalTransactionScanner]? Check the corresponding BeanPostProcessor declaration and its dependencies/advisors. If this bean does not have to be post-processed, declare it with ROLE_INFRASTRUCTURE.
21:42:47:583  WARN 18236 --- [item-service] [main] trationDelegate$BeanPostProcessorChecker : Bean 'org.springframework.cloud.client.loadbalancer.LoadBalancerDefaultMappingsProviderAutoConfiguration' of type [org.springframework.cloud.client.loadbalancer.LoadBalancerDefaultMappingsProviderAutoConfiguration] is not eligible for getting processed by all BeanPostProcessors (for example: not eligible for auto-proxying). Is this bean getting eagerly injected/applied to a currently created BeanPostProcessor [globalTransactionScanner]? Check the corresponding BeanPostProcessor declaration and its dependencies/advisors. If this bean does not have to be post-processed, declare it with ROLE_INFRASTRUCTURE.
21:42:47:584  WARN 18236 --- [item-service] [main] trationDelegate$BeanPostProcessorChecker : Bean 'loadBalancerClientsDefaultsMappingsProvider' of type [org.springframework.cloud.client.loadbalancer.LoadBalancerDefaultMappingsProviderAutoConfiguration$$Lambda/0x00000223635b4130] is not eligible for getting processed by all BeanPostProcessors (for example: not eligible for auto-proxying). Is this bean getting eagerly injected/applied to a currently created BeanPostProcessor [globalTransactionScanner]? Check the corresponding BeanPostProcessor declaration and its dependencies/advisors. If this bean does not have to be post-processed, declare it with ROLE_INFRASTRUCTURE.
21:42:47:585  WARN 18236 --- [item-service] [main] trationDelegate$BeanPostProcessorChecker : Bean 'defaultsBindHandlerAdvisor' of type [org.springframework.cloud.commons.config.DefaultsBindHandlerAdvisor] is not eligible for getting processed by all BeanPostProcessors (for example: not eligible for auto-proxying). Is this bean getting eagerly injected/applied to a currently created BeanPostProcessor [globalTransactionScanner]? Check the corresponding BeanPostProcessor declaration and its dependencies/advisors. If this bean does not have to be post-processed, declare it with ROLE_INFRASTRUCTURE.
21:42:47:591  WARN 18236 --- [item-service] [main] trationDelegate$BeanPostProcessorChecker : Bean 'springCloudAlibabaConfiguration' of type [org.apache.seata.spring.boot.autoconfigure.properties.SpringCloudAlibabaConfiguration] is not eligible for getting processed by all BeanPostProcessors (for example: not eligible for auto-proxying). Is this bean getting eagerly injected/applied to a currently created BeanPostProcessor [globalTransactionScanner]? Check the corresponding BeanPostProcessor declaration and its dependencies/advisors. If this bean does not have to be post-processed, declare it with ROLE_INFRASTRUCTURE.
21:42:47:597  WARN 18236 --- [item-service] [main] trationDelegate$BeanPostProcessorChecker : Bean 'seataProperties' of type [org.apache.seata.spring.boot.autoconfigure.properties.SeataProperties] is not eligible for getting processed by all BeanPostProcessors (for example: not eligible for auto-proxying). Is this bean getting eagerly injected/applied to a currently created BeanPostProcessor [globalTransactionScanner]? Check the corresponding BeanPostProcessor declaration and its dependencies/advisors. If this bean does not have to be post-processed, declare it with ROLE_INFRASTRUCTURE.
21:42:47:600  INFO 18236 --- [item-service] [main] o.a.s.s.b.a.SeataAutoConfiguration       : Automatically configure Seata
21:42:47:616  INFO 18236 --- [item-service] [main] ServiceLoader$InnerEnhancedServiceLoader : Load compatible class io.seata.spring.annotation.ScannerChecker
21:42:47:672  INFO 18236 --- [item-service] [main] ServiceLoader$InnerEnhancedServiceLoader : Ignore load compatible class io.seata.config.ExtConfigurationProvider, because is not assignable from origin type org.apache.seata.config.ExtConfigurationProvider
21:42:47:686  INFO 18236 --- [item-service] [main] o.a.seata.config.ConfigurationFactory    : load Configuration from :Spring Configuration
21:42:47:718  INFO 18236 --- [item-service] [main] ServiceLoader$InnerEnhancedServiceLoader : Load compatible class io.seata.integration.tx.api.remoting.RemotingParser
21:42:47:719  INFO 18236 --- [item-service] [main] o.a.s.s.a.GlobalTransactionScanner       : Initializing Global Transaction Clients ... 
21:42:47:806  INFO 18236 --- [item-service] [main] ServiceLoader$InnerEnhancedServiceLoader : Load compatible class io.seata.core.auth.AuthSigner
21:42:47:821  INFO 18236 --- [item-service] [main] o.a.s.c.rpc.netty.NettyClientBootstrap   : NettyClientBootstrap has started
21:42:47:831  INFO 18236 --- [item-service] [main] o.a.s.d.registry.RegistryFactory         : use registry center type: file
21:42:47:837  INFO 18236 --- [item-service] [main] ServiceLoader$InnerEnhancedServiceLoader : Load compatible class io.seata.discovery.registry.RegistryProvider
21:42:47:841  INFO 18236 --- [item-service] [main] o.a.s.c.r.n.NettyClientChannelManager    : will connect to 192.168.68.128:8099
21:42:47:848  INFO 18236 --- [item-service] [main] o.a.s.c.rpc.netty.NettyPoolableFactory   : NettyPool create channel to transactionRole:TMROLE,address:192.168.68.128:8099,msg:< RegisterTMRequest{version='2.1.0', applicationId='item-service', transactionServiceGroup='hmall', extraData='ak=null
digest=hmall,172.29.160.1,1790602967846
timestamp=1790602967846
authVersion=V4
vgroup=hmall
ip=172.29.160.1
'} >
21:42:47:953  INFO 18236 --- [item-service] [NettyClientSelector_TMROLE_1_1] ServiceLoader$InnerEnhancedServiceLoader : Load compatible class io.seata.core.serializer.Serializer
21:42:48:030  INFO 18236 --- [item-service] [main] o.a.s.c.rpc.netty.TmNettyRemotingClient  : register TM success. client version:2.1.0, server version:2.0.0,channel:[id: 0x9c8b1448, L:/192.168.68.1:13292 - R:/192.168.68.128:8099]
21:42:48:036  INFO 18236 --- [item-service] [main] o.a.s.c.rpc.netty.NettyPoolableFactory   : register success, cost 112 ms, version:2.0.0,role:TMROLE,channel:[id: 0x9c8b1448, L:/192.168.68.1:13292 - R:/192.168.68.128:8099]
21:42:48:037  INFO 18236 --- [item-service] [main] o.a.s.s.a.GlobalTransactionScanner       : Transaction Manager Client is initialized. applicationId[item-service] txServiceGroup[hmall]
21:42:48:053  INFO 18236 --- [item-service] [main] ServiceLoader$InnerEnhancedServiceLoader : Load compatible class io.seata.core.model.ResourceManager
21:42:48:057  INFO 18236 --- [item-service] [main] o.a.seata.rm.datasource.AsyncWorker      : Async Commit Buffer Limit: 10000
21:42:48:058  INFO 18236 --- [item-service] [main] o.a.s.r.datasource.xa.ResourceManagerXA  : ResourceManagerXA init ...
21:42:48:068  INFO 18236 --- [item-service] [main] o.a.s.c.rpc.netty.NettyClientBootstrap   : NettyClientBootstrap has started
21:42:48:068  INFO 18236 --- [item-service] [main] o.a.s.s.a.GlobalTransactionScanner       : Resource Manager is initialized. applicationId[item-service] txServiceGroup[hmall]
21:42:48:068  INFO 18236 --- [item-service] [main] o.a.s.s.a.GlobalTransactionScanner       : Global Transaction Clients are initialized. 
21:42:48:125  INFO 18236 --- [item-service] [main] o.a.s.s.a.GlobalTransactionScanner       : The needed enhancement business beans are : []
21:42:48:150  INFO 18236 --- [item-service] [main] ServiceLoader$InnerEnhancedServiceLoader : Load compatible class io.seata.core.context.ContextCore
21:42:48:479  WARN 18236 --- [item-service] [main] trationDelegate$BeanPostProcessorChecker : Bean 'org.springframework.cloud.client.loadbalancer.LoadBalancerAutoConfiguration$DeferringLoadBalancerInterceptorConfig' of type [org.springframework.cloud.client.loadbalancer.LoadBalancerAutoConfiguration$DeferringLoadBalancerInterceptorConfig] is not eligible for getting processed by all BeanPostProcessors (for example: not eligible for auto-proxying). The currently created BeanPostProcessor [lbRestClientPostProcessor] is declared through a non-static factory method on that class; consider declaring it as static instead.
21:42:48:482  WARN 18236 --- [item-service] [main] trationDelegate$BeanPostProcessorChecker : Bean 'deferringLoadBalancerInterceptor' of type [org.springframework.cloud.client.loadbalancer.DeferringLoadBalancerInterceptor] is not eligible for getting processed by all BeanPostProcessors (for example: not eligible for auto-proxying). Is this bean getting eagerly injected/applied to a currently created BeanPostProcessor [lbRestClientPostProcessor]? Check the corresponding BeanPostProcessor declaration and its dependencies/advisors. If this bean does not have to be post-processed, declare it with ROLE_INFRASTRUCTURE.
21:42:48:605  INFO 18236 --- [item-service] [main] com.zaxxer.hikari.HikariDataSource       : HikariPool-1 - Starting...
21:42:48:808  INFO 18236 --- [item-service] [main] com.zaxxer.hikari.pool.HikariPool        : HikariPool-1 - Added connection com.mysql.cj.jdbc.ConnectionImpl@41d877bb
21:42:48:810  INFO 18236 --- [item-service] [main] com.zaxxer.hikari.HikariDataSource       : HikariPool-1 - Start completed.
21:42:48:950  INFO 18236 --- [item-service] [main] o.a.s.c.r.n.NettyClientChannelManager    : will connect to 192.168.68.128:8099
21:42:48:950  INFO 18236 --- [item-service] [main] o.a.s.c.rpc.netty.RmNettyRemotingClient  : RM will register :jdbc:mysql://192.168.68.128:3307/hm-item
21:42:48:951  INFO 18236 --- [item-service] [main] o.a.s.c.rpc.netty.NettyPoolableFactory   : NettyPool create channel to transactionRole:RMROLE,address:192.168.68.128:8099,msg:< RegisterRMRequest{resourceIds='jdbc:mysql://192.168.68.128:3307/hm-item', version='2.1.0', applicationId='item-service', transactionServiceGroup='hmall', extraData='null'} >
21:42:48:963  INFO 18236 --- [item-service] [main] o.a.s.c.rpc.netty.RmNettyRemotingClient  : register RM success. client version:2.1.0, server version:2.0.0,channel:[id: 0x1363ac4f, L:/192.168.68.1:13296 - R:/192.168.68.128:8099]
21:42:48:964  INFO 18236 --- [item-service] [main] o.a.s.c.rpc.netty.NettyPoolableFactory   : register success, cost 12 ms, version:2.0.0,role:RMROLE,channel:[id: 0x1363ac4f, L:/192.168.68.1:13296 - R:/192.168.68.128:8099]
21:42:48:966  INFO 18236 --- [item-service] [main] .s.s.a.d.SeataAutoDataSourceProxyCreator : Auto proxy data source 'dataSource' by 'AT' mode.
21:42:49:625  INFO 18236 --- [item-service] [main] c.a.c.sentinel.SentinelWebMvcConfigurer  : [Sentinel Starter] register SentinelWebInterceptor with urlPatterns: [/**].
21:42:56:251  INFO 18236 --- [item-service] [main] m.e.s.MybatisPlusApplicationContextAware : Register ApplicationContext instances org.springframework.web.context.support.GenericWebApplicationContext@3a91d146
21:42:56:862  INFO 18236 --- [item-service] [main] c.g.item.elastic.ElasticDSLSearchTest    : Started ElasticDSLSearchTest in 11.07 seconds (process running for 12.317)
21:42:57:554  INFO 18236 --- [item-service] [main] c.g.item.elastic.ElasticDSLSearchTest    : ItemDoc(id=33742077119, name=小米（MI）米兔儿童拉杆箱旅行箱包 米兔拉杆箱 樱花粉, price=55600, image=https://m.360buyimg.com/mobilecms/s720x720_jfs/t27838/100/504860399/233116/460937f4/5bb03dd7N92c96026.jpg!q70.jpg.webp, category=拉杆箱, brand=小米, sold=0, commentCount=0, isAD=false, updateTime=2019-05-01T00:00)
21:42:57:558  INFO 18236 --- [item-service] [main] c.g.item.elastic.ElasticDSLSearchTest    : ItemDoc(id=33742077120, name=小米（MI）米兔儿童拉杆箱旅行箱包 米兔拉杆箱 樱花粉, price=15300, image=https://m.360buyimg.com/mobilecms/s720x720_jfs/t27838/100/504860399/233116/460937f4/5bb03dd7N92c96026.jpg!q70.jpg.webp, category=拉杆箱, brand=小米, sold=0, commentCount=0, isAD=false, updateTime=2019-05-01T00:00)
21:42:57:558  INFO 18236 --- [item-service] [main] c.g.item.elastic.ElasticDSLSearchTest    : ItemDoc(id=33742077121, name=小米（MI）米兔儿童拉杆箱旅行箱包 米兔拉杆箱 布丁白, price=31100, image=https://m.360buyimg.com/mobilecms/s720x720_jfs/t27838/100/504860399/233116/460937f4/5bb03dd7N92c96026.jpg!q70.jpg.webp, category=拉杆箱, brand=小米, sold=0, commentCount=0, isAD=false, updateTime=2019-05-01T00:00)
21:42:57:559  INFO 18236 --- [item-service] [main] c.g.item.elastic.ElasticDSLSearchTest    : ItemDoc(id=34240429030, name=小米（MI）米兔儿童拉杆箱坚固小巧旅行箱 米兔拉杆箱-海军蓝, price=64000, image=https://m.360buyimg.com/mobilecms/s720x720_jfs/t1/12070/38/600/185833/5c09eb81E98eb9fc1/b6ce92d0f1ffdffd.jpg!q70.jpg.webp, category=拉杆箱, brand=小米, sold=0, commentCount=0, isAD=false, updateTime=2019-05-01T00:00)
21:42:57:560  INFO 18236 --- [item-service] [main] c.g.item.elastic.ElasticDSLSearchTest    : ItemDoc(id=34240429032, name=小米（MI）米兔儿童拉杆箱坚固小巧旅行箱 米兔拉杆箱-海军蓝, price=98400, image=https://m.360buyimg.com/mobilecms/s720x720_jfs/t1/12070/38/600/185833/5c09eb81E98eb9fc1/b6ce92d0f1ffdffd.jpg!q70.jpg.webp, category=拉杆箱, brand=小米, sold=0, commentCount=0, isAD=false, updateTime=2019-05-01T00:00)
21:42:57:560  INFO 18236 --- [item-service] [main] c.g.item.elastic.ElasticDSLSearchTest    : ItemDoc(id=34325704744, name=小米（MI）米兔儿童拉杆箱坚固小巧旅行箱 米兔拉杆箱-海军蓝, price=87600, image=https://m.360buyimg.com/mobilecms/s720x720_jfs/t1/28703/17/1379/251288/5c11ce78E2820f062/03dee754f333cad3.jpg!q70.jpg.webp, category=拉杆箱, brand=小米, sold=0, commentCount=0, isAD=false, updateTime=2019-05-01T00:00)
21:42:57:561  INFO 18236 --- [item-service] [main] c.g.item.elastic.ElasticDSLSearchTest    : ItemDoc(id=34240429031, name=小米（MI）米兔儿童拉杆箱坚固小巧旅行箱 米兔拉杆箱-布丁白, price=1100, image=https://m.360buyimg.com/mobilecms/s720x720_jfs/t1/12070/38/600/185833/5c09eb81E98eb9fc1/b6ce92d0f1ffdffd.jpg!q70.jpg.webp, category=拉杆箱, brand=小米, sold=0, commentCount=0, isAD=false, updateTime=2019-05-01T00:00)
21:42:57:562  INFO 18236 --- [item-service] [main] c.g.item.elastic.ElasticDSLSearchTest    : ItemDoc(id=34325704745, name=小米（MI）米兔儿童拉杆箱坚固小巧旅行箱 米兔拉杆箱-布丁白, price=59700, image=https://m.360buyimg.com/mobilecms/s720x720_jfs/t1/28703/17/1379/251288/5c11ce78E2820f062/03dee754f333cad3.jpg!q70.jpg.webp, category=拉杆箱, brand=小米, sold=0, commentCount=0, isAD=false, updateTime=2019-05-01T00:00)
21:42:57:562  INFO 18236 --- [item-service] [main] c.g.item.elastic.ElasticDSLSearchTest    : ItemDoc(id=34325704746, name=小米（MI）米兔儿童拉杆箱坚固小巧旅行箱 米兔拉杆箱-樱花粉, price=68400, image=https://m.360buyimg.com/mobilecms/s720x720_jfs/t1/28703/17/1379/251288/5c11ce78E2820f062/03dee754f333cad3.jpg!q70.jpg.webp, category=拉杆箱, brand=小米, sold=0, commentCount=0, isAD=false, updateTime=2019-05-01T00:00)
21:42:57:562  INFO 18236 --- [item-service] [main] c.g.item.elastic.ElasticDSLSearchTest    : ItemDoc(id=18379422205, name=网易严选 拉杆箱 黑凤梨20寸PC膜拉链 时尚拉杆箱万向轮密码 肉桂粉, price=5300, image=https://m.360buyimg.com/mobilecms/s720x720_jfs/t1/23422/13/3015/143443/5c231d21E3a1c3d90/e4a77c1a4d95a44d.jpg!q70.jpg.webp, category=拉杆箱, brand=网易严选, sold=0, commentCount=0, isAD=false, updateTime=2019-05-01T00:00)
21:42:57:579  WARN 18236 --- [item-service] [Thread-2] c.a.n.common.executor.ThreadPoolManager  : [ThreadPoolManager] Start destroying ThreadPool
21:42:57:580  WARN 18236 --- [item-service] [Thread-2] c.a.n.common.executor.ThreadPoolManager  : [ThreadPoolManager] Destruction of the end
21:43:07:587  INFO 18236 --- [item-service] [SpringContextShutdownHook] com.zaxxer.hikari.HikariDataSource       : HikariPool-1 - Shutdown initiated...
21:43:07:596  INFO 18236 --- [item-service] [SpringContextShutdownHook] com.zaxxer.hikari.HikariDataSource       : HikariPool-1 - Shutdown completed.
21:43:07:598  INFO 18236 --- [item-service] [NettyClientSelector_TMROLE_1_1] o.a.s.c.r.n.AbstractNettyRemotingClient  : channel inactive: [id: 0x9c8b1448, L:/192.168.68.1:13292 ! R:/192.168.68.128:8099]
21:43:07:598  INFO 18236 --- [item-service] [NettyClientSelector_TMROLE_1_1] o.a.s.c.r.n.NettyClientChannelManager    : return to pool, rm channel:[id: 0x9c8b1448, L:/192.168.68.1:13292 ! R:/192.168.68.128:8099]
21:43:07:598  INFO 18236 --- [item-service] [NettyClientSelector_TMROLE_1_1] o.a.s.c.rpc.netty.NettyPoolableFactory   : channel valid false,channel:[id: 0x9c8b1448, L:/192.168.68.1:13292 ! R:/192.168.68.128:8099]
21:43:07:598  INFO 18236 --- [item-service] [NettyClientSelector_TMROLE_1_1] o.a.s.c.rpc.netty.NettyPoolableFactory   : will destroy channel:[id: 0x9c8b1448, L:/192.168.68.1:13292 ! R:/192.168.68.128:8099]
21:43:07:599  INFO 18236 --- [item-service] [NettyClientSelector_TMROLE_1_1] o.a.s.c.r.n.AbstractNettyRemotingClient  : ChannelHandlerContext(AbstractNettyRemotingClient$ClientHandler#0, [id: 0x9c8b1448, L:/192.168.68.1:13292 ! R:/192.168.68.128:8099]) will closed
21:43:07:599  INFO 18236 --- [item-service] [NettyClientSelector_TMROLE_1_1] o.a.s.c.r.n.AbstractNettyRemotingClient  : ChannelHandlerContext(AbstractNettyRemotingClient$ClientHandler#0, [id: 0x9c8b1448, L:/192.168.68.1:13292 ! R:/192.168.68.128:8099]) will closed
21:43:07:599  INFO 18236 --- [item-service] [NettyClientSelector_RMROLE_1_1] o.a.s.c.r.n.AbstractNettyRemotingClient  : channel inactive: [id: 0x1363ac4f, L:/192.168.68.1:13296 ! R:/192.168.68.128:8099]
21:43:07:599  INFO 18236 --- [item-service] [NettyClientSelector_RMROLE_1_1] o.a.s.c.r.n.NettyClientChannelManager    : return to pool, rm channel:[id: 0x1363ac4f, L:/192.168.68.1:13296 ! R:/192.168.68.128:8099]
21:43:07:599  INFO 18236 --- [item-service] [NettyClientSelector_RMROLE_1_1] o.a.s.c.rpc.netty.NettyPoolableFactory   : channel valid false,channel:[id: 0x1363ac4f, L:/192.168.68.1:13296 ! R:/192.168.68.128:8099]
21:43:07:599  INFO 18236 --- [item-service] [NettyClientSelector_RMROLE_1_1] o.a.s.c.rpc.netty.NettyPoolableFactory   : will destroy channel:[id: 0x1363ac4f, L:/192.168.68.1:13296 ! R:/192.168.68.128:8099]
21:43:07:600  INFO 18236 --- [item-service] [NettyClientSelector_RMROLE_1_1] o.a.s.c.r.n.AbstractNettyRemotingClient  : ChannelHandlerContext(AbstractNettyRemotingClient$ClientHandler#0, [id: 0x1363ac4f, L:/192.168.68.1:13296 ! R:/192.168.68.128:8099]) will closed
21:43:07:600  INFO 18236 --- [item-service] [NettyClientSelector_RMROLE_1_1] o.a.s.c.r.n.AbstractNettyRemotingClient  : ChannelHandlerContext(AbstractNettyRemotingClient$ClientHandler#0, [id: 0x1363ac4f, L:/192.168.68.1:13296 ! R:/192.168.68.128:8099]) will closed
23:02:08:222  INFO 3536 --- [item-service] [main] c.a.nacos.client.logging.NacosLogging    : Nacos Logging Adapter Builder: com.alibaba.nacos.logger.adapter.logback12.LogbackNacosLoggingAdapterBuilder
23:02:08:233  INFO 3536 --- [item-service] [main] c.a.nacos.client.logging.NacosLogging    : Nacos Logging Adapter Builder: com.alibaba.nacos.logger.adapter.logback14.LogbackNacosLoggingAdapterBuilder
23:02:08:234  INFO 3536 --- [item-service] [main] c.a.nacos.client.logging.NacosLogging    : Nacos Logging Adapter: com.alibaba.nacos.logger.adapter.logback14.LogbackNacosLoggingAdapter match ch.qos.logback.classic.Logger success.
23:02:08:242  INFO 3536 --- [item-service] [main] c.a.nacos.client.logging.NacosLogging    : Nacos Logging Adapter Builder: com.alibaba.nacos.logger.adapter.log4j2.Log4j2NacosLoggingAdapterBuilder
23:02:08:339  WARN 3536 --- [item-service] [main] c.a.nacos.client.logging.NacosLogging    : Load ch.qos.logback.classic.Logger Configuration of Nacos fail, message: 'void ch.qos.logback.core.model.ModelUtil.setProperty(ch.qos.logback.core.model.processor.ModelInterpretationContext, java.lang.String, java.lang.String, ch.qos.logback.core.joran.action.ActionUtil$Scope)'
23:02:08:400  WARN 3536 --- [item-service] [main] c.a.nacos.client.logging.NacosLogging    : Load ch.qos.logback.classic.Logger Configuration of Nacos fail, message: 'void ch.qos.logback.core.model.ModelUtil.setProperty(ch.qos.logback.core.model.processor.ModelInterpretationContext, java.lang.String, java.lang.String, ch.qos.logback.core.joran.action.ActionUtil$Scope)'
23:02:08:411  INFO 3536 --- [item-service] [main] c.g.item.elastic.ElasticDSLSearchTest    : Starting ElasticDSLSearchTest using Java 21.0.11 with PID 3536 (started by lindu in E:\hmall\hm-item\item-service)
23:02:08:412  INFO 3536 --- [item-service] [main] c.g.item.elastic.ElasticDSLSearchTest    : The following 1 profile is active: "local"
23:02:09:522  INFO 3536 --- [item-service] [main] o.s.cloud.context.scope.GenericScope     : BeanFactory id=47d6e0ea-b2a4-3bea-86c5-5bfe4470e366
23:02:09:627  WARN 3536 --- [item-service] [main] trationDelegate$BeanPostProcessorChecker : Bean 'org.apache.seata.spring.boot.autoconfigure.SeataCoreAutoConfiguration' of type [org.apache.seata.spring.boot.autoconfigure.SeataCoreAutoConfiguration] is not eligible for getting processed by all BeanPostProcessors (for example: not eligible for auto-proxying). Is this bean getting eagerly injected/applied to a currently created BeanPostProcessor []? Check the corresponding BeanPostProcessor declaration and its dependencies/advisors. If this bean does not have to be post-processed, declare it with ROLE_INFRASTRUCTURE.
23:02:09:629  WARN 3536 --- [item-service] [main] trationDelegate$BeanPostProcessorChecker : Bean 'springApplicationContextProvider' of type [org.apache.seata.spring.boot.autoconfigure.provider.SpringApplicationContextProvider] is not eligible for getting processed by all BeanPostProcessors (for example: not eligible for auto-proxying). Is this bean getting eagerly injected/applied to a currently created BeanPostProcessor []? Check the corresponding BeanPostProcessor declaration and its dependencies/advisors. If this bean does not have to be post-processed, declare it with ROLE_INFRASTRUCTURE.
23:02:09:629  WARN 3536 --- [item-service] [main] trationDelegate$BeanPostProcessorChecker : Bean 'org.apache.seata.spring.boot.autoconfigure.SeataAutoConfiguration' of type [org.apache.seata.spring.boot.autoconfigure.SeataAutoConfiguration] is not eligible for getting processed by all BeanPostProcessors (for example: not eligible for auto-proxying). Is this bean getting eagerly injected/applied to a currently created BeanPostProcessor []? Check the corresponding BeanPostProcessor declaration and its dependencies/advisors. If this bean does not have to be post-processed, declare it with ROLE_INFRASTRUCTURE.
23:02:09:703  WARN 3536 --- [item-service] [main] trationDelegate$BeanPostProcessorChecker : Bean 'failureHandler' of type [org.apache.seata.tm.api.DefaultFailureHandlerImpl] is not eligible for getting processed by all BeanPostProcessors (for example: not eligible for auto-proxying). Is this bean getting eagerly injected/applied to a currently created BeanPostProcessor []? Check the corresponding BeanPostProcessor declaration and its dependencies/advisors. If this bean does not have to be post-processed, declare it with ROLE_INFRASTRUCTURE.
23:02:09:711  WARN 3536 --- [item-service] [main] trationDelegate$BeanPostProcessorChecker : Bean 'org.springframework.cloud.commons.config.CommonsConfigAutoConfiguration' of type [org.springframework.cloud.commons.config.CommonsConfigAutoConfiguration] is not eligible for getting processed by all BeanPostProcessors (for example: not eligible for auto-proxying). Is this bean getting eagerly injected/applied to a currently created BeanPostProcessor [globalTransactionScanner]? Check the corresponding BeanPostProcessor declaration and its dependencies/advisors. If this bean does not have to be post-processed, declare it with ROLE_INFRASTRUCTURE.
23:02:09:714  WARN 3536 --- [item-service] [main] trationDelegate$BeanPostProcessorChecker : Bean 'org.springframework.cloud.client.loadbalancer.LoadBalancerDefaultMappingsProviderAutoConfiguration' of type [org.springframework.cloud.client.loadbalancer.LoadBalancerDefaultMappingsProviderAutoConfiguration] is not eligible for getting processed by all BeanPostProcessors (for example: not eligible for auto-proxying). Is this bean getting eagerly injected/applied to a currently created BeanPostProcessor [globalTransactionScanner]? Check the corresponding BeanPostProcessor declaration and its dependencies/advisors. If this bean does not have to be post-processed, declare it with ROLE_INFRASTRUCTURE.
23:02:09:715  WARN 3536 --- [item-service] [main] trationDelegate$BeanPostProcessorChecker : Bean 'loadBalancerClientsDefaultsMappingsProvider' of type [org.springframework.cloud.client.loadbalancer.LoadBalancerDefaultMappingsProviderAutoConfiguration$$Lambda/0x000001b09d5bf790] is not eligible for getting processed by all BeanPostProcessors (for example: not eligible for auto-proxying). Is this bean getting eagerly injected/applied to a currently created BeanPostProcessor [globalTransactionScanner]? Check the corresponding BeanPostProcessor declaration and its dependencies/advisors. If this bean does not have to be post-processed, declare it with ROLE_INFRASTRUCTURE.
23:02:09:716  WARN 3536 --- [item-service] [main] trationDelegate$BeanPostProcessorChecker : Bean 'defaultsBindHandlerAdvisor' of type [org.springframework.cloud.commons.config.DefaultsBindHandlerAdvisor] is not eligible for getting processed by all BeanPostProcessors (for example: not eligible for auto-proxying). Is this bean getting eagerly injected/applied to a currently created BeanPostProcessor [globalTransactionScanner]? Check the corresponding BeanPostProcessor declaration and its dependencies/advisors. If this bean does not have to be post-processed, declare it with ROLE_INFRASTRUCTURE.
23:02:09:722  WARN 3536 --- [item-service] [main] trationDelegate$BeanPostProcessorChecker : Bean 'springCloudAlibabaConfiguration' of type [org.apache.seata.spring.boot.autoconfigure.properties.SpringCloudAlibabaConfiguration] is not eligible for getting processed by all BeanPostProcessors (for example: not eligible for auto-proxying). Is this bean getting eagerly injected/applied to a currently created BeanPostProcessor [globalTransactionScanner]? Check the corresponding BeanPostProcessor declaration and its dependencies/advisors. If this bean does not have to be post-processed, declare it with ROLE_INFRASTRUCTURE.
23:02:09:726  WARN 3536 --- [item-service] [main] trationDelegate$BeanPostProcessorChecker : Bean 'seataProperties' of type [org.apache.seata.spring.boot.autoconfigure.properties.SeataProperties] is not eligible for getting processed by all BeanPostProcessors (for example: not eligible for auto-proxying). Is this bean getting eagerly injected/applied to a currently created BeanPostProcessor [globalTransactionScanner]? Check the corresponding BeanPostProcessor declaration and its dependencies/advisors. If this bean does not have to be post-processed, declare it with ROLE_INFRASTRUCTURE.
23:02:09:730  INFO 3536 --- [item-service] [main] o.a.s.s.b.a.SeataAutoConfiguration       : Automatically configure Seata
23:02:09:755  INFO 3536 --- [item-service] [main] ServiceLoader$InnerEnhancedServiceLoader : Load compatible class io.seata.spring.annotation.ScannerChecker
23:02:09:817  INFO 3536 --- [item-service] [main] ServiceLoader$InnerEnhancedServiceLoader : Ignore load compatible class io.seata.config.ExtConfigurationProvider, because is not assignable from origin type org.apache.seata.config.ExtConfigurationProvider
23:02:09:832  INFO 3536 --- [item-service] [main] o.a.seata.config.ConfigurationFactory    : load Configuration from :Spring Configuration
23:02:09:860  INFO 3536 --- [item-service] [main] ServiceLoader$InnerEnhancedServiceLoader : Load compatible class io.seata.integration.tx.api.remoting.RemotingParser
23:02:09:861  INFO 3536 --- [item-service] [main] o.a.s.s.a.GlobalTransactionScanner       : Initializing Global Transaction Clients ... 
23:02:09:952  INFO 3536 --- [item-service] [main] ServiceLoader$InnerEnhancedServiceLoader : Load compatible class io.seata.core.auth.AuthSigner
23:02:09:972  INFO 3536 --- [item-service] [main] o.a.s.c.rpc.netty.NettyClientBootstrap   : NettyClientBootstrap has started
23:02:09:994  INFO 3536 --- [item-service] [main] o.a.s.d.registry.RegistryFactory         : use registry center type: file
23:02:10:000  INFO 3536 --- [item-service] [main] ServiceLoader$InnerEnhancedServiceLoader : Load compatible class io.seata.discovery.registry.RegistryProvider
23:02:10:004  INFO 3536 --- [item-service] [main] o.a.s.c.r.n.NettyClientChannelManager    : will connect to 192.168.68.128:8099
23:02:10:010  INFO 3536 --- [item-service] [main] o.a.s.c.rpc.netty.NettyPoolableFactory   : NettyPool create channel to transactionRole:TMROLE,address:192.168.68.128:8099,msg:< RegisterTMRequest{version='2.1.0', applicationId='item-service', transactionServiceGroup='hmall', extraData='ak=null
digest=hmall,172.29.160.1,1790607730008
timestamp=1790607730008
authVersion=V4
vgroup=hmall
ip=172.29.160.1
'} >
23:02:10:118  INFO 3536 --- [item-service] [NettyClientSelector_TMROLE_1_1] ServiceLoader$InnerEnhancedServiceLoader : Load compatible class io.seata.core.serializer.Serializer
23:02:10:267  INFO 3536 --- [item-service] [main] o.a.s.c.rpc.netty.TmNettyRemotingClient  : register TM success. client version:2.1.0, server version:2.0.0,channel:[id: 0x9017a235, L:/192.168.68.1:3715 - R:/192.168.68.128:8099]
23:02:10:273  INFO 3536 --- [item-service] [main] o.a.s.c.rpc.netty.NettyPoolableFactory   : register success, cost 186 ms, version:2.0.0,role:TMROLE,channel:[id: 0x9017a235, L:/192.168.68.1:3715 - R:/192.168.68.128:8099]
23:02:10:274  INFO 3536 --- [item-service] [main] o.a.s.s.a.GlobalTransactionScanner       : Transaction Manager Client is initialized. applicationId[item-service] txServiceGroup[hmall]
23:02:10:290  INFO 3536 --- [item-service] [main] ServiceLoader$InnerEnhancedServiceLoader : Load compatible class io.seata.core.model.ResourceManager
23:02:10:293  INFO 3536 --- [item-service] [main] o.a.seata.rm.datasource.AsyncWorker      : Async Commit Buffer Limit: 10000
23:02:10:294  INFO 3536 --- [item-service] [main] o.a.s.r.datasource.xa.ResourceManagerXA  : ResourceManagerXA init ...
23:02:10:300  INFO 3536 --- [item-service] [main] o.a.s.c.rpc.netty.NettyClientBootstrap   : NettyClientBootstrap has started
23:02:10:300  INFO 3536 --- [item-service] [main] o.a.s.s.a.GlobalTransactionScanner       : Resource Manager is initialized. applicationId[item-service] txServiceGroup[hmall]
23:02:10:300  INFO 3536 --- [item-service] [main] o.a.s.s.a.GlobalTransactionScanner       : Global Transaction Clients are initialized. 
23:02:10:339  INFO 3536 --- [item-service] [main] o.a.s.s.a.GlobalTransactionScanner       : The needed enhancement business beans are : []
23:02:10:359  INFO 3536 --- [item-service] [main] ServiceLoader$InnerEnhancedServiceLoader : Load compatible class io.seata.core.context.ContextCore
23:02:10:692  WARN 3536 --- [item-service] [main] trationDelegate$BeanPostProcessorChecker : Bean 'org.springframework.cloud.client.loadbalancer.LoadBalancerAutoConfiguration$DeferringLoadBalancerInterceptorConfig' of type [org.springframework.cloud.client.loadbalancer.LoadBalancerAutoConfiguration$DeferringLoadBalancerInterceptorConfig] is not eligible for getting processed by all BeanPostProcessors (for example: not eligible for auto-proxying). The currently created BeanPostProcessor [lbRestClientPostProcessor] is declared through a non-static factory method on that class; consider declaring it as static instead.
23:02:10:695  WARN 3536 --- [item-service] [main] trationDelegate$BeanPostProcessorChecker : Bean 'deferringLoadBalancerInterceptor' of type [org.springframework.cloud.client.loadbalancer.DeferringLoadBalancerInterceptor] is not eligible for getting processed by all BeanPostProcessors (for example: not eligible for auto-proxying). Is this bean getting eagerly injected/applied to a currently created BeanPostProcessor [lbRestClientPostProcessor]? Check the corresponding BeanPostProcessor declaration and its dependencies/advisors. If this bean does not have to be post-processed, declare it with ROLE_INFRASTRUCTURE.
23:02:10:819  INFO 3536 --- [item-service] [main] com.zaxxer.hikari.HikariDataSource       : HikariPool-1 - Starting...
23:02:11:038  INFO 3536 --- [item-service] [main] com.zaxxer.hikari.pool.HikariPool        : HikariPool-1 - Added connection com.mysql.cj.jdbc.ConnectionImpl@651cedfb
23:02:11:040  INFO 3536 --- [item-service] [main] com.zaxxer.hikari.HikariDataSource       : HikariPool-1 - Start completed.
23:02:11:150  INFO 3536 --- [item-service] [main] o.a.s.c.r.n.NettyClientChannelManager    : will connect to 192.168.68.128:8099
23:02:11:150  INFO 3536 --- [item-service] [main] o.a.s.c.rpc.netty.RmNettyRemotingClient  : RM will register :jdbc:mysql://192.168.68.128:3307/hm-item
23:02:11:150  INFO 3536 --- [item-service] [main] o.a.s.c.rpc.netty.NettyPoolableFactory   : NettyPool create channel to transactionRole:RMROLE,address:192.168.68.128:8099,msg:< RegisterRMRequest{resourceIds='jdbc:mysql://192.168.68.128:3307/hm-item', version='2.1.0', applicationId='item-service', transactionServiceGroup='hmall', extraData='null'} >
23:02:11:162  INFO 3536 --- [item-service] [main] o.a.s.c.rpc.netty.RmNettyRemotingClient  : register RM success. client version:2.1.0, server version:2.0.0,channel:[id: 0x1dcec9ea, L:/192.168.68.1:3718 - R:/192.168.68.128:8099]
23:02:11:163  INFO 3536 --- [item-service] [main] o.a.s.c.rpc.netty.NettyPoolableFactory   : register success, cost 11 ms, version:2.0.0,role:RMROLE,channel:[id: 0x1dcec9ea, L:/192.168.68.1:3718 - R:/192.168.68.128:8099]
23:02:11:166  INFO 3536 --- [item-service] [main] .s.s.a.d.SeataAutoDataSourceProxyCreator : Auto proxy data source 'dataSource' by 'AT' mode.
23:02:11:740  INFO 3536 --- [item-service] [main] c.a.c.sentinel.SentinelWebMvcConfigurer  : [Sentinel Starter] register SentinelWebInterceptor with urlPatterns: [/**].
23:02:18:345  INFO 3536 --- [item-service] [main] m.e.s.MybatisPlusApplicationContextAware : Register ApplicationContext instances org.springframework.web.context.support.GenericWebApplicationContext@383790cf
23:02:18:870  INFO 3536 --- [item-service] [main] c.g.item.elastic.ElasticDSLSearchTest    : Started ElasticDSLSearchTest in 11.045 seconds (process running for 12.425)
23:02:19:430  INFO 3536 --- [item-service] [main] c.g.item.elastic.ElasticDSLSearchTest    : 共查询到10000条记录
23:02:19:549  INFO 3536 --- [item-service] [main] c.g.item.elastic.ElasticDSLSearchTest    : ItemDoc(id=317580, name=RIMOWA 26寸托运箱拉杆箱 SALSA AIR系列果绿色 820.70.36.4, price=28600, image=https://m.360buyimg.com/mobilecms/s720x720_jfs/t6934/364/1195375010/84676/e9f2c55f/597ece38N0ddcbc77.jpg!q70.jpg.webp, category=拉杆箱, brand=RIMOWA, sold=0, commentCount=0, isAD=false, updateTime=2023-10-07T10:04:39)
23:02:19:552  INFO 3536 --- [item-service] [main] c.g.item.elastic.ElasticDSLSearchTest    : ItemDoc(id=546872, name=博兿（BOYI）拉杆包男23英寸大容量旅行包户外手提休闲拉杆袋 BY09186黑灰色, price=27500, image=https://m.360buyimg.com/mobilecms/s720x720_jfs/t3301/221/3887995271/90563/bf2cadb/57f9fbf4N8e47c225.jpg!q70.jpg.webp, category=拉杆箱, brand=博兿, sold=0, commentCount=0, isAD=false, updateTime=2019-05-01T00:00)
23:02:19:552  INFO 3536 --- [item-service] [main] c.g.item.elastic.ElasticDSLSearchTest    : ItemDoc(id=561178, name=RIMOWA 30寸托运箱拉杆箱 SALSA AIR系列果绿色 820.70.36.4, price=13000, image=https://m.360buyimg.com/mobilecms/s720x720_jfs/t6934/364/1195375010/84676/e9f2c55f/597ece38N0ddcbc77.jpg!q70.jpg.webp, category=拉杆箱, brand=RIMOWA, sold=0, commentCount=0, isAD=false, updateTime=2023-10-07T10:04:54)
23:02:19:553  INFO 3536 --- [item-service] [main] c.g.item.elastic.ElasticDSLSearchTest    : ItemDoc(id=577967, name=莎米特SUMMIT 旅行拉杆箱28英寸PC材质大容量旅行行李箱PC154 黑色, price=71300, image=https://m.360buyimg.com/mobilecms/s720x720_jfs/t30454/163/719393962/79149/13bcc06a/5bfca9b6N493202d2.jpg!q70.jpg.webp, category=拉杆箱, brand=莎米特, sold=0, commentCount=0, isAD=false, updateTime=2019-05-01T00:00)
23:02:19:553  INFO 3536 --- [item-service] [main] c.g.item.elastic.ElasticDSLSearchTest    : ItemDoc(id=584382, name=美旅AmericanTourister拉杆箱 商务男女超轻PP行李箱时尚大容量耐磨飞机轮旅行箱 25英寸海关锁DL7灰色, price=36600, image=https://m.360buyimg.com/mobilecms/s720x720_jfs/t1/22734/21/2036/130399/5c18af2aEab296c01/7b148f18c6081654.jpg!q70.jpg.webp, category=拉杆箱, brand=美旅箱包, sold=0, commentCount=0, isAD=false, updateTime=2019-05-01T00:00)
23:02:19:553  INFO 3536 --- [item-service] [main] c.g.item.elastic.ElasticDSLSearchTest    : ItemDoc(id=584387, name=美旅AmericanTourister拉杆箱 商务男女超轻PP行李箱时尚大容量耐磨飞机轮旅行箱 29英寸海关锁DL7灰色, price=16200, image=https://m.360buyimg.com/mobilecms/s720x720_jfs/t1/22734/21/2036/130399/5c18af2aEab296c01/7b148f18c6081654.jpg!q70.jpg.webp, category=拉杆箱, brand=美旅箱包, sold=0, commentCount=0, isAD=false, updateTime=2019-05-01T00:00)
23:02:19:554  INFO 3536 --- [item-service] [main] c.g.item.elastic.ElasticDSLSearchTest    : ItemDoc(id=584391, name=美旅AmericanTourister拉杆箱 商务男女超轻PP行李箱时尚大容量耐磨飞机轮旅行箱 20英寸海关锁DL7灰色, price=29900, image=https://m.360buyimg.com/mobilecms/s720x720_jfs/t1/22734/21/2036/130399/5c18af2aEab296c01/7b148f18c6081654.jpg!q70.jpg.webp, category=拉杆箱, brand=美旅箱包, sold=0, commentCount=0, isAD=false, updateTime=2019-05-01T00:00)
23:02:19:554  INFO 3536 --- [item-service] [main] c.g.item.elastic.ElasticDSLSearchTest    : ItemDoc(id=584392, name=美旅AmericanTourister拉杆箱 商务男女超轻PP行李箱时尚大容量耐磨飞机轮旅行箱 29英寸海关锁DL7灰色, price=17000, image=https://m.360buyimg.com/mobilecms/s720x720_jfs/t1/22734/21/2036/130399/5c18af2aEab296c01/7b148f18c6081654.jpg!q70.jpg.webp, category=拉杆箱, brand=美旅箱包, sold=0, commentCount=0, isAD=false, updateTime=2023-10-07T10:04:59)
23:02:19:554  INFO 3536 --- [item-service] [main] c.g.item.elastic.ElasticDSLSearchTest    : ItemDoc(id=584394, name=美旅AmericanTourister拉杆箱 商务男女超轻PP行李箱时尚大容量耐磨飞机轮旅行箱 25英寸海关锁DL7灰色, price=79400, image=https://m.360buyimg.com/mobilecms/s720x720_jfs/t1/22734/21/2036/130399/5c18af2aEab296c01/7b148f18c6081654.jpg!q70.jpg.webp, category=拉杆箱, brand=美旅箱包, sold=0, commentCount=0, isAD=false, updateTime=2019-05-01T00:00)
23:02:19:554  INFO 3536 --- [item-service] [main] c.g.item.elastic.ElasticDSLSearchTest    : ItemDoc(id=613357, name=莎米特SUMMIT 旅行拉杆箱28英寸PC材质大容量旅行行李箱PC154 黑色, price=79800, image=https://m.360buyimg.com/mobilecms/s720x720_jfs/t30454/163/719393962/79149/13bcc06a/5bfca9b6N493202d2.jpg!q70.jpg.webp, category=拉杆箱, brand=莎米特, sold=0, commentCount=0, isAD=false, updateTime=2019-05-01T00:00)
23:02:19:568  WARN 3536 --- [item-service] [Thread-2] c.a.n.common.executor.ThreadPoolManager  : [ThreadPoolManager] Start destroying ThreadPool
23:02:19:569  WARN 3536 --- [item-service] [Thread-2] c.a.n.common.executor.ThreadPoolManager  : [ThreadPoolManager] Destruction of the end
23:02:29:574  INFO 3536 --- [item-service] [SpringContextShutdownHook] com.zaxxer.hikari.HikariDataSource       : HikariPool-1 - Shutdown initiated...
23:02:29:582  INFO 3536 --- [item-service] [SpringContextShutdownHook] com.zaxxer.hikari.HikariDataSource       : HikariPool-1 - Shutdown completed.
23:02:29:584  INFO 3536 --- [item-service] [NettyClientSelector_TMROLE_1_1] o.a.s.c.r.n.AbstractNettyRemotingClient  : channel inactive: [id: 0x9017a235, L:/192.168.68.1:3715 ! R:/192.168.68.128:8099]
23:02:29:585  INFO 3536 --- [item-service] [NettyClientSelector_TMROLE_1_1] o.a.s.c.r.n.NettyClientChannelManager    : return to pool, rm channel:[id: 0x9017a235, L:/192.168.68.1:3715 ! R:/192.168.68.128:8099]
23:02:29:585  INFO 3536 --- [item-service] [NettyClientSelector_TMROLE_1_1] o.a.s.c.rpc.netty.NettyPoolableFactory   : channel valid false,channel:[id: 0x9017a235, L:/192.168.68.1:3715 ! R:/192.168.68.128:8099]
23:02:29:585  INFO 3536 --- [item-service] [NettyClientSelector_TMROLE_1_1] o.a.s.c.rpc.netty.NettyPoolableFactory   : will destroy channel:[id: 0x9017a235, L:/192.168.68.1:3715 ! R:/192.168.68.128:8099]
23:02:29:586  INFO 3536 --- [item-service] [NettyClientSelector_TMROLE_1_1] o.a.s.c.r.n.AbstractNettyRemotingClient  : ChannelHandlerContext(AbstractNettyRemotingClient$ClientHandler#0, [id: 0x9017a235, L:/192.168.68.1:3715 ! R:/192.168.68.128:8099]) will closed
23:02:29:586  INFO 3536 --- [item-service] [NettyClientSelector_RMROLE_1_1] o.a.s.c.r.n.AbstractNettyRemotingClient  : channel inactive: [id: 0x1dcec9ea, L:/192.168.68.1:3718 ! R:/192.168.68.128:8099]
23:02:29:586  INFO 3536 --- [item-service] [NettyClientSelector_TMROLE_1_1] o.a.s.c.r.n.AbstractNettyRemotingClient  : ChannelHandlerContext(AbstractNettyRemotingClient$ClientHandler#0, [id: 0x9017a235, L:/192.168.68.1:3715 ! R:/192.168.68.128:8099]) will closed
23:02:29:586  INFO 3536 --- [item-service] [NettyClientSelector_RMROLE_1_1] o.a.s.c.r.n.NettyClientChannelManager    : return to pool, rm channel:[id: 0x1dcec9ea, L:/192.168.68.1:3718 ! R:/192.168.68.128:8099]
23:02:29:586  INFO 3536 --- [item-service] [NettyClientSelector_RMROLE_1_1] o.a.s.c.rpc.netty.NettyPoolableFactory   : channel valid false,channel:[id: 0x1dcec9ea, L:/192.168.68.1:3718 ! R:/192.168.68.128:8099]
23:02:29:586  INFO 3536 --- [item-service] [NettyClientSelector_RMROLE_1_1] o.a.s.c.rpc.netty.NettyPoolableFactory   : will destroy channel:[id: 0x1dcec9ea, L:/192.168.68.1:3718 ! R:/192.168.68.128:8099]
23:02:29:586  INFO 3536 --- [item-service] [NettyClientSelector_RMROLE_1_1] o.a.s.c.r.n.AbstractNettyRemotingClient  : ChannelHandlerContext(AbstractNettyRemotingClient$ClientHandler#0, [id: 0x1dcec9ea, L:/192.168.68.1:3718 ! R:/192.168.68.128:8099]) will closed
23:02:29:586  INFO 3536 --- [item-service] [NettyClientSelector_RMROLE_1_1] o.a.s.c.r.n.AbstractNettyRemotingClient  : ChannelHandlerContext(AbstractNettyRemotingClient$ClientHandler#0, [id: 0x1dcec9ea, L:/192.168.68.1:3718 ! R:/192.168.68.128:8099]) will closed
23:11:44:618  INFO 2416 --- [item-service] [main] c.a.nacos.client.logging.NacosLogging    : Nacos Logging Adapter Builder: com.alibaba.nacos.logger.adapter.logback12.LogbackNacosLoggingAdapterBuilder
23:11:44:630  INFO 2416 --- [item-service] [main] c.a.nacos.client.logging.NacosLogging    : Nacos Logging Adapter Builder: com.alibaba.nacos.logger.adapter.logback14.LogbackNacosLoggingAdapterBuilder
23:11:44:630  INFO 2416 --- [item-service] [main] c.a.nacos.client.logging.NacosLogging    : Nacos Logging Adapter: com.alibaba.nacos.logger.adapter.logback14.LogbackNacosLoggingAdapter match ch.qos.logback.classic.Logger success.
23:11:44:638  INFO 2416 --- [item-service] [main] c.a.nacos.client.logging.NacosLogging    : Nacos Logging Adapter Builder: com.alibaba.nacos.logger.adapter.log4j2.Log4j2NacosLoggingAdapterBuilder
23:11:44:736  WARN 2416 --- [item-service] [main] c.a.nacos.client.logging.NacosLogging    : Load ch.qos.logback.classic.Logger Configuration of Nacos fail, message: 'void ch.qos.logback.core.model.ModelUtil.setProperty(ch.qos.logback.core.model.processor.ModelInterpretationContext, java.lang.String, java.lang.String, ch.qos.logback.core.joran.action.ActionUtil$Scope)'
23:11:44:802  WARN 2416 --- [item-service] [main] c.a.nacos.client.logging.NacosLogging    : Load ch.qos.logback.classic.Logger Configuration of Nacos fail, message: 'void ch.qos.logback.core.model.ModelUtil.setProperty(ch.qos.logback.core.model.processor.ModelInterpretationContext, java.lang.String, java.lang.String, ch.qos.logback.core.joran.action.ActionUtil$Scope)'
23:11:44:815  INFO 2416 --- [item-service] [main] c.g.item.elastic.ElasticDSLSearchTest    : Starting ElasticDSLSearchTest using Java 21.0.11 with PID 2416 (started by lindu in E:\hmall\hm-item\item-service)
23:11:44:816  INFO 2416 --- [item-service] [main] c.g.item.elastic.ElasticDSLSearchTest    : The following 1 profile is active: "local"
23:11:46:027  INFO 2416 --- [item-service] [main] o.s.cloud.context.scope.GenericScope     : BeanFactory id=47d6e0ea-b2a4-3bea-86c5-5bfe4470e366
23:11:46:136  WARN 2416 --- [item-service] [main] trationDelegate$BeanPostProcessorChecker : Bean 'org.apache.seata.spring.boot.autoconfigure.SeataCoreAutoConfiguration' of type [org.apache.seata.spring.boot.autoconfigure.SeataCoreAutoConfiguration] is not eligible for getting processed by all BeanPostProcessors (for example: not eligible for auto-proxying). Is this bean getting eagerly injected/applied to a currently created BeanPostProcessor []? Check the corresponding BeanPostProcessor declaration and its dependencies/advisors. If this bean does not have to be post-processed, declare it with ROLE_INFRASTRUCTURE.
23:11:46:137  WARN 2416 --- [item-service] [main] trationDelegate$BeanPostProcessorChecker : Bean 'springApplicationContextProvider' of type [org.apache.seata.spring.boot.autoconfigure.provider.SpringApplicationContextProvider] is not eligible for getting processed by all BeanPostProcessors (for example: not eligible for auto-proxying). Is this bean getting eagerly injected/applied to a currently created BeanPostProcessor []? Check the corresponding BeanPostProcessor declaration and its dependencies/advisors. If this bean does not have to be post-processed, declare it with ROLE_INFRASTRUCTURE.
23:11:46:138  WARN 2416 --- [item-service] [main] trationDelegate$BeanPostProcessorChecker : Bean 'org.apache.seata.spring.boot.autoconfigure.SeataAutoConfiguration' of type [org.apache.seata.spring.boot.autoconfigure.SeataAutoConfiguration] is not eligible for getting processed by all BeanPostProcessors (for example: not eligible for auto-proxying). Is this bean getting eagerly injected/applied to a currently created BeanPostProcessor []? Check the corresponding BeanPostProcessor declaration and its dependencies/advisors. If this bean does not have to be post-processed, declare it with ROLE_INFRASTRUCTURE.
23:11:46:206  WARN 2416 --- [item-service] [main] trationDelegate$BeanPostProcessorChecker : Bean 'failureHandler' of type [org.apache.seata.tm.api.DefaultFailureHandlerImpl] is not eligible for getting processed by all BeanPostProcessors (for example: not eligible for auto-proxying). Is this bean getting eagerly injected/applied to a currently created BeanPostProcessor []? Check the corresponding BeanPostProcessor declaration and its dependencies/advisors. If this bean does not have to be post-processed, declare it with ROLE_INFRASTRUCTURE.
23:11:46:215  WARN 2416 --- [item-service] [main] trationDelegate$BeanPostProcessorChecker : Bean 'org.springframework.cloud.commons.config.CommonsConfigAutoConfiguration' of type [org.springframework.cloud.commons.config.CommonsConfigAutoConfiguration] is not eligible for getting processed by all BeanPostProcessors (for example: not eligible for auto-proxying). Is this bean getting eagerly injected/applied to a currently created BeanPostProcessor [globalTransactionScanner]? Check the corresponding BeanPostProcessor declaration and its dependencies/advisors. If this bean does not have to be post-processed, declare it with ROLE_INFRASTRUCTURE.
23:11:46:219  WARN 2416 --- [item-service] [main] trationDelegate$BeanPostProcessorChecker : Bean 'org.springframework.cloud.client.loadbalancer.LoadBalancerDefaultMappingsProviderAutoConfiguration' of type [org.springframework.cloud.client.loadbalancer.LoadBalancerDefaultMappingsProviderAutoConfiguration] is not eligible for getting processed by all BeanPostProcessors (for example: not eligible for auto-proxying). Is this bean getting eagerly injected/applied to a currently created BeanPostProcessor [globalTransactionScanner]? Check the corresponding BeanPostProcessor declaration and its dependencies/advisors. If this bean does not have to be post-processed, declare it with ROLE_INFRASTRUCTURE.
23:11:46:220  WARN 2416 --- [item-service] [main] trationDelegate$BeanPostProcessorChecker : Bean 'loadBalancerClientsDefaultsMappingsProvider' of type [org.springframework.cloud.client.loadbalancer.LoadBalancerDefaultMappingsProviderAutoConfiguration$$Lambda/0x000002a3955b8e68] is not eligible for getting processed by all BeanPostProcessors (for example: not eligible for auto-proxying). Is this bean getting eagerly injected/applied to a currently created BeanPostProcessor [globalTransactionScanner]? Check the corresponding BeanPostProcessor declaration and its dependencies/advisors. If this bean does not have to be post-processed, declare it with ROLE_INFRASTRUCTURE.
23:11:46:221  WARN 2416 --- [item-service] [main] trationDelegate$BeanPostProcessorChecker : Bean 'defaultsBindHandlerAdvisor' of type [org.springframework.cloud.commons.config.DefaultsBindHandlerAdvisor] is not eligible for getting processed by all BeanPostProcessors (for example: not eligible for auto-proxying). Is this bean getting eagerly injected/applied to a currently created BeanPostProcessor [globalTransactionScanner]? Check the corresponding BeanPostProcessor declaration and its dependencies/advisors. If this bean does not have to be post-processed, declare it with ROLE_INFRASTRUCTURE.
23:11:46:226  WARN 2416 --- [item-service] [main] trationDelegate$BeanPostProcessorChecker : Bean 'springCloudAlibabaConfiguration' of type [org.apache.seata.spring.boot.autoconfigure.properties.SpringCloudAlibabaConfiguration] is not eligible for getting processed by all BeanPostProcessors (for example: not eligible for auto-proxying). Is this bean getting eagerly injected/applied to a currently created BeanPostProcessor [globalTransactionScanner]? Check the corresponding BeanPostProcessor declaration and its dependencies/advisors. If this bean does not have to be post-processed, declare it with ROLE_INFRASTRUCTURE.
23:11:46:233  WARN 2416 --- [item-service] [main] trationDelegate$BeanPostProcessorChecker : Bean 'seataProperties' of type [org.apache.seata.spring.boot.autoconfigure.properties.SeataProperties] is not eligible for getting processed by all BeanPostProcessors (for example: not eligible for auto-proxying). Is this bean getting eagerly injected/applied to a currently created BeanPostProcessor [globalTransactionScanner]? Check the corresponding BeanPostProcessor declaration and its dependencies/advisors. If this bean does not have to be post-processed, declare it with ROLE_INFRASTRUCTURE.
23:11:46:237  INFO 2416 --- [item-service] [main] o.a.s.s.b.a.SeataAutoConfiguration       : Automatically configure Seata
23:11:46:262  INFO 2416 --- [item-service] [main] ServiceLoader$InnerEnhancedServiceLoader : Load compatible class io.seata.spring.annotation.ScannerChecker
23:11:46:328  INFO 2416 --- [item-service] [main] ServiceLoader$InnerEnhancedServiceLoader : Ignore load compatible class io.seata.config.ExtConfigurationProvider, because is not assignable from origin type org.apache.seata.config.ExtConfigurationProvider
23:11:46:342  INFO 2416 --- [item-service] [main] o.a.seata.config.ConfigurationFactory    : load Configuration from :Spring Configuration
23:11:46:366  INFO 2416 --- [item-service] [main] ServiceLoader$InnerEnhancedServiceLoader : Load compatible class io.seata.integration.tx.api.remoting.RemotingParser
23:11:46:367  INFO 2416 --- [item-service] [main] o.a.s.s.a.GlobalTransactionScanner       : Initializing Global Transaction Clients ... 
23:11:46:478  INFO 2416 --- [item-service] [main] ServiceLoader$InnerEnhancedServiceLoader : Load compatible class io.seata.core.auth.AuthSigner
23:11:46:497  INFO 2416 --- [item-service] [main] o.a.s.c.rpc.netty.NettyClientBootstrap   : NettyClientBootstrap has started
23:11:46:507  INFO 2416 --- [item-service] [main] o.a.s.d.registry.RegistryFactory         : use registry center type: file
23:11:46:514  INFO 2416 --- [item-service] [main] ServiceLoader$InnerEnhancedServiceLoader : Load compatible class io.seata.discovery.registry.RegistryProvider
23:11:46:517  INFO 2416 --- [item-service] [main] o.a.s.c.r.n.NettyClientChannelManager    : will connect to 192.168.68.128:8099
23:11:46:523  INFO 2416 --- [item-service] [main] o.a.s.c.rpc.netty.NettyPoolableFactory   : NettyPool create channel to transactionRole:TMROLE,address:192.168.68.128:8099,msg:< RegisterTMRequest{version='2.1.0', applicationId='item-service', transactionServiceGroup='hmall', extraData='ak=null
digest=hmall,172.29.160.1,1790608306521
timestamp=1790608306521
authVersion=V4
vgroup=hmall
ip=172.29.160.1
'} >
23:11:46:629  INFO 2416 --- [item-service] [NettyClientSelector_TMROLE_1_1] ServiceLoader$InnerEnhancedServiceLoader : Load compatible class io.seata.core.serializer.Serializer
23:11:46:656  INFO 2416 --- [item-service] [main] o.a.s.c.rpc.netty.TmNettyRemotingClient  : register TM success. client version:2.1.0, server version:2.0.0,channel:[id: 0x862cad1d, L:/192.168.68.1:10514 - R:/192.168.68.128:8099]
23:11:46:661  INFO 2416 --- [item-service] [main] o.a.s.c.rpc.netty.NettyPoolableFactory   : register success, cost 58 ms, version:2.0.0,role:TMROLE,channel:[id: 0x862cad1d, L:/192.168.68.1:10514 - R:/192.168.68.128:8099]
23:11:46:661  INFO 2416 --- [item-service] [main] o.a.s.s.a.GlobalTransactionScanner       : Transaction Manager Client is initialized. applicationId[item-service] txServiceGroup[hmall]
23:11:46:673  INFO 2416 --- [item-service] [main] ServiceLoader$InnerEnhancedServiceLoader : Load compatible class io.seata.core.model.ResourceManager
23:11:46:676  INFO 2416 --- [item-service] [main] o.a.seata.rm.datasource.AsyncWorker      : Async Commit Buffer Limit: 10000
23:11:46:677  INFO 2416 --- [item-service] [main] o.a.s.r.datasource.xa.ResourceManagerXA  : ResourceManagerXA init ...
23:11:46:683  INFO 2416 --- [item-service] [main] o.a.s.c.rpc.netty.NettyClientBootstrap   : NettyClientBootstrap has started
23:11:46:684  INFO 2416 --- [item-service] [main] o.a.s.s.a.GlobalTransactionScanner       : Resource Manager is initialized. applicationId[item-service] txServiceGroup[hmall]
23:11:46:684  INFO 2416 --- [item-service] [main] o.a.s.s.a.GlobalTransactionScanner       : Global Transaction Clients are initialized. 
23:11:46:736  INFO 2416 --- [item-service] [main] o.a.s.s.a.GlobalTransactionScanner       : The needed enhancement business beans are : []
23:11:46:760  INFO 2416 --- [item-service] [main] ServiceLoader$InnerEnhancedServiceLoader : Load compatible class io.seata.core.context.ContextCore
23:11:47:083  WARN 2416 --- [item-service] [main] trationDelegate$BeanPostProcessorChecker : Bean 'org.springframework.cloud.client.loadbalancer.LoadBalancerAutoConfiguration$DeferringLoadBalancerInterceptorConfig' of type [org.springframework.cloud.client.loadbalancer.LoadBalancerAutoConfiguration$DeferringLoadBalancerInterceptorConfig] is not eligible for getting processed by all BeanPostProcessors (for example: not eligible for auto-proxying). The currently created BeanPostProcessor [lbRestClientPostProcessor] is declared through a non-static factory method on that class; consider declaring it as static instead.
23:11:47:088  WARN 2416 --- [item-service] [main] trationDelegate$BeanPostProcessorChecker : Bean 'deferringLoadBalancerInterceptor' of type [org.springframework.cloud.client.loadbalancer.DeferringLoadBalancerInterceptor] is not eligible for getting processed by all BeanPostProcessors (for example: not eligible for auto-proxying). Is this bean getting eagerly injected/applied to a currently created BeanPostProcessor [lbRestClientPostProcessor]? Check the corresponding BeanPostProcessor declaration and its dependencies/advisors. If this bean does not have to be post-processed, declare it with ROLE_INFRASTRUCTURE.
23:11:47:220  INFO 2416 --- [item-service] [main] com.zaxxer.hikari.HikariDataSource       : HikariPool-1 - Starting...
23:11:47:407  INFO 2416 --- [item-service] [main] com.zaxxer.hikari.pool.HikariPool        : HikariPool-1 - Added connection com.mysql.cj.jdbc.ConnectionImpl@464a3430
23:11:47:409  INFO 2416 --- [item-service] [main] com.zaxxer.hikari.HikariDataSource       : HikariPool-1 - Start completed.
23:11:47:526  INFO 2416 --- [item-service] [main] o.a.s.c.r.n.NettyClientChannelManager    : will connect to 192.168.68.128:8099
23:11:47:527  INFO 2416 --- [item-service] [main] o.a.s.c.rpc.netty.RmNettyRemotingClient  : RM will register :jdbc:mysql://192.168.68.128:3307/hm-item
23:11:47:527  INFO 2416 --- [item-service] [main] o.a.s.c.rpc.netty.NettyPoolableFactory   : NettyPool create channel to transactionRole:RMROLE,address:192.168.68.128:8099,msg:< RegisterRMRequest{resourceIds='jdbc:mysql://192.168.68.128:3307/hm-item', version='2.1.0', applicationId='item-service', transactionServiceGroup='hmall', extraData='null'} >
23:11:47:534  INFO 2416 --- [item-service] [main] o.a.s.c.rpc.netty.RmNettyRemotingClient  : register RM success. client version:2.1.0, server version:2.0.0,channel:[id: 0x835d2c17, L:/192.168.68.1:10517 - R:/192.168.68.128:8099]
23:11:47:534  INFO 2416 --- [item-service] [main] o.a.s.c.rpc.netty.NettyPoolableFactory   : register success, cost 5 ms, version:2.0.0,role:RMROLE,channel:[id: 0x835d2c17, L:/192.168.68.1:10517 - R:/192.168.68.128:8099]
23:11:47:538  INFO 2416 --- [item-service] [main] .s.s.a.d.SeataAutoDataSourceProxyCreator : Auto proxy data source 'dataSource' by 'AT' mode.
23:11:48:113  INFO 2416 --- [item-service] [main] c.a.c.sentinel.SentinelWebMvcConfigurer  : [Sentinel Starter] register SentinelWebInterceptor with urlPatterns: [/**].
23:11:54:766  INFO 2416 --- [item-service] [main] m.e.s.MybatisPlusApplicationContextAware : Register ApplicationContext instances org.springframework.web.context.support.GenericWebApplicationContext@40ee0a22
23:11:55:349  INFO 2416 --- [item-service] [main] c.g.item.elastic.ElasticDSLSearchTest    : Started ElasticDSLSearchTest in 11.147 seconds (process running for 12.439)
23:11:55:915  INFO 2416 --- [item-service] [main] c.g.item.elastic.ElasticDSLSearchTest    : 共查询到4条记录
23:11:56:033  INFO 2416 --- [item-service] [main] c.g.item.elastic.ElasticDSLSearchTest    : ItemDoc(id=12972937888, name=中粮我买网 德亚 脱脂牛奶1L*6（德国进口）, price=6000, image=https://m.360buyimg.com/mobilecms/s720x720_jfs/t5821/202/3057572883/135865/193c1bd2/5936849dNe21a7d83.jpg!q70.jpg.webp, category=牛奶, brand=德亚, sold=0, commentCount=0, isAD=false, updateTime=2019-05-01T00:00)
23:11:56:037  INFO 2416 --- [item-service] [main] c.g.item.elastic.ElasticDSLSearchTest    : ItemDoc(id=19028883500, name=德国原装进口Weidendorf德亚脱脂牛奶200ml*12盒礼盒装进口早餐纯牛奶, price=3800, image=https://m.360buyimg.com/mobilecms/s720x720_jfs/t11932/46/779156535/159561/a23dd90e/59f829e5N00426a5d.jpg!q70.jpg.webp, category=牛奶, brand=德亚, sold=0, commentCount=0, isAD=false, updateTime=2019-05-01T00:00)
23:11:56:038  INFO 2416 --- [item-service] [main] c.g.item.elastic.ElasticDSLSearchTest    : ItemDoc(id=12973053544, name=中粮我买网 德亚 低脂牛奶 1L*6（德国进口）, price=3000, image=https://m.360buyimg.com/mobilecms/s720x720_jfs/t5647/89/3018035740/146127/abf6c64c/59368595N86fd4b53.jpg!q70.jpg.webp, category=牛奶, brand=德亚, sold=0, commentCount=0, isAD=false, updateTime=2019-05-01T00:00)
23:11:56:038  INFO 2416 --- [item-service] [main] c.g.item.elastic.ElasticDSLSearchTest    : ItemDoc(id=28397885411, name=德国进口 德亚（Weidendorf）全脂纯牛奶 200ml*30盒 整箱 早餐奶 进口牛奶, price=500, image=https://m.360buyimg.com/mobilecms/s720x720_jfs/t1/9576/16/7555/54537/5c072d2cEcbf98628/658c0846e4cb1c93.jpg!q70.jpg.webp, category=牛奶, brand=德亚, sold=0, commentCount=0, isAD=false, updateTime=2019-05-01T00:00)
23:11:56:054  WARN 2416 --- [item-service] [Thread-2] c.a.n.common.executor.ThreadPoolManager  : [ThreadPoolManager] Start destroying ThreadPool
23:11:56:056  WARN 2416 --- [item-service] [Thread-2] c.a.n.common.executor.ThreadPoolManager  : [ThreadPoolManager] Destruction of the end
23:12:06:078  INFO 2416 --- [item-service] [SpringContextShutdownHook] com.zaxxer.hikari.HikariDataSource       : HikariPool-1 - Shutdown initiated...
23:12:06:086  INFO 2416 --- [item-service] [SpringContextShutdownHook] com.zaxxer.hikari.HikariDataSource       : HikariPool-1 - Shutdown completed.
23:12:06:088  INFO 2416 --- [item-service] [NettyClientSelector_TMROLE_1_1] o.a.s.c.r.n.AbstractNettyRemotingClient  : channel inactive: [id: 0x862cad1d, L:/192.168.68.1:10514 ! R:/192.168.68.128:8099]
23:12:06:088  INFO 2416 --- [item-service] [NettyClientSelector_TMROLE_1_1] o.a.s.c.r.n.NettyClientChannelManager    : return to pool, rm channel:[id: 0x862cad1d, L:/192.168.68.1:10514 ! R:/192.168.68.128:8099]
23:12:06:088  INFO 2416 --- [item-service] [NettyClientSelector_TMROLE_1_1] o.a.s.c.rpc.netty.NettyPoolableFactory   : channel valid false,channel:[id: 0x862cad1d, L:/192.168.68.1:10514 ! R:/192.168.68.128:8099]
23:12:06:089  INFO 2416 --- [item-service] [NettyClientSelector_TMROLE_1_1] o.a.s.c.rpc.netty.NettyPoolableFactory   : will destroy channel:[id: 0x862cad1d, L:/192.168.68.1:10514 ! R:/192.168.68.128:8099]
23:12:06:089  INFO 2416 --- [item-service] [NettyClientSelector_TMROLE_1_1] o.a.s.c.r.n.AbstractNettyRemotingClient  : ChannelHandlerContext(AbstractNettyRemotingClient$ClientHandler#0, [id: 0x862cad1d, L:/192.168.68.1:10514 ! R:/192.168.68.128:8099]) will closed
23:12:06:089  INFO 2416 --- [item-service] [NettyClientSelector_TMROLE_1_1] o.a.s.c.r.n.AbstractNettyRemotingClient  : ChannelHandlerContext(AbstractNettyRemotingClient$ClientHandler#0, [id: 0x862cad1d, L:/192.168.68.1:10514 ! R:/192.168.68.128:8099]) will closed
23:12:06:089  INFO 2416 --- [item-service] [NettyClientSelector_RMROLE_1_1] o.a.s.c.r.n.AbstractNettyRemotingClient  : channel inactive: [id: 0x835d2c17, L:/192.168.68.1:10517 ! R:/192.168.68.128:8099]
23:12:06:089  INFO 2416 --- [item-service] [NettyClientSelector_RMROLE_1_1] o.a.s.c.r.n.NettyClientChannelManager    : return to pool, rm channel:[id: 0x835d2c17, L:/192.168.68.1:10517 ! R:/192.168.68.128:8099]
23:12:06:089  INFO 2416 --- [item-service] [NettyClientSelector_RMROLE_1_1] o.a.s.c.rpc.netty.NettyPoolableFactory   : channel valid false,channel:[id: 0x835d2c17, L:/192.168.68.1:10517 ! R:/192.168.68.128:8099]
23:12:06:090  INFO 2416 --- [item-service] [NettyClientSelector_RMROLE_1_1] o.a.s.c.rpc.netty.NettyPoolableFactory   : will destroy channel:[id: 0x835d2c17, L:/192.168.68.1:10517 ! R:/192.168.68.128:8099]
23:12:06:090  INFO 2416 --- [item-service] [NettyClientSelector_RMROLE_1_1] o.a.s.c.r.n.AbstractNettyRemotingClient  : ChannelHandlerContext(AbstractNettyRemotingClient$ClientHandler#0, [id: 0x835d2c17, L:/192.168.68.1:10517 ! R:/192.168.68.128:8099]) will closed
23:12:06:090  INFO 2416 --- [item-service] [NettyClientSelector_RMROLE_1_1] o.a.s.c.r.n.AbstractNettyRemotingClient  : ChannelHandlerContext(AbstractNettyRemotingClient$ClientHandler#0, [id: 0x835d2c17, L:/192.168.68.1:10517 ! R:/192.168.68.128:8099]) will closed
23:21:53:827  INFO 17104 --- [item-service] [main] c.a.nacos.client.logging.NacosLogging    : Nacos Logging Adapter Builder: com.alibaba.nacos.logger.adapter.logback12.LogbackNacosLoggingAdapterBuilder
23:21:53:837  INFO 17104 --- [item-service] [main] c.a.nacos.client.logging.NacosLogging    : Nacos Logging Adapter Builder: com.alibaba.nacos.logger.adapter.logback14.LogbackNacosLoggingAdapterBuilder
23:21:53:838  INFO 17104 --- [item-service] [main] c.a.nacos.client.logging.NacosLogging    : Nacos Logging Adapter: com.alibaba.nacos.logger.adapter.logback14.LogbackNacosLoggingAdapter match ch.qos.logback.classic.Logger success.
23:21:53:845  INFO 17104 --- [item-service] [main] c.a.nacos.client.logging.NacosLogging    : Nacos Logging Adapter Builder: com.alibaba.nacos.logger.adapter.log4j2.Log4j2NacosLoggingAdapterBuilder
23:21:53:940  WARN 17104 --- [item-service] [main] c.a.nacos.client.logging.NacosLogging    : Load ch.qos.logback.classic.Logger Configuration of Nacos fail, message: 'void ch.qos.logback.core.model.ModelUtil.setProperty(ch.qos.logback.core.model.processor.ModelInterpretationContext, java.lang.String, java.lang.String, ch.qos.logback.core.joran.action.ActionUtil$Scope)'
23:21:54:001  WARN 17104 --- [item-service] [main] c.a.nacos.client.logging.NacosLogging    : Load ch.qos.logback.classic.Logger Configuration of Nacos fail, message: 'void ch.qos.logback.core.model.ModelUtil.setProperty(ch.qos.logback.core.model.processor.ModelInterpretationContext, java.lang.String, java.lang.String, ch.qos.logback.core.joran.action.ActionUtil$Scope)'
23:21:54:013  INFO 17104 --- [item-service] [main] c.g.item.elastic.ElasticDSLSearchTest    : Starting ElasticDSLSearchTest using Java 21.0.11 with PID 17104 (started by lindu in E:\hmall\hm-item\item-service)
23:21:54:014  INFO 17104 --- [item-service] [main] c.g.item.elastic.ElasticDSLSearchTest    : The following 1 profile is active: "local"
23:21:55:142  INFO 17104 --- [item-service] [main] o.s.cloud.context.scope.GenericScope     : BeanFactory id=47d6e0ea-b2a4-3bea-86c5-5bfe4470e366
23:21:55:238  WARN 17104 --- [item-service] [main] trationDelegate$BeanPostProcessorChecker : Bean 'org.apache.seata.spring.boot.autoconfigure.SeataCoreAutoConfiguration' of type [org.apache.seata.spring.boot.autoconfigure.SeataCoreAutoConfiguration] is not eligible for getting processed by all BeanPostProcessors (for example: not eligible for auto-proxying). Is this bean getting eagerly injected/applied to a currently created BeanPostProcessor []? Check the corresponding BeanPostProcessor declaration and its dependencies/advisors. If this bean does not have to be post-processed, declare it with ROLE_INFRASTRUCTURE.
23:21:55:240  WARN 17104 --- [item-service] [main] trationDelegate$BeanPostProcessorChecker : Bean 'springApplicationContextProvider' of type [org.apache.seata.spring.boot.autoconfigure.provider.SpringApplicationContextProvider] is not eligible for getting processed by all BeanPostProcessors (for example: not eligible for auto-proxying). Is this bean getting eagerly injected/applied to a currently created BeanPostProcessor []? Check the corresponding BeanPostProcessor declaration and its dependencies/advisors. If this bean does not have to be post-processed, declare it with ROLE_INFRASTRUCTURE.
23:21:55:240  WARN 17104 --- [item-service] [main] trationDelegate$BeanPostProcessorChecker : Bean 'org.apache.seata.spring.boot.autoconfigure.SeataAutoConfiguration' of type [org.apache.seata.spring.boot.autoconfigure.SeataAutoConfiguration] is not eligible for getting processed by all BeanPostProcessors (for example: not eligible for auto-proxying). Is this bean getting eagerly injected/applied to a currently created BeanPostProcessor []? Check the corresponding BeanPostProcessor declaration and its dependencies/advisors. If this bean does not have to be post-processed, declare it with ROLE_INFRASTRUCTURE.
23:21:55:308  WARN 17104 --- [item-service] [main] trationDelegate$BeanPostProcessorChecker : Bean 'failureHandler' of type [org.apache.seata.tm.api.DefaultFailureHandlerImpl] is not eligible for getting processed by all BeanPostProcessors (for example: not eligible for auto-proxying). Is this bean getting eagerly injected/applied to a currently created BeanPostProcessor []? Check the corresponding BeanPostProcessor declaration and its dependencies/advisors. If this bean does not have to be post-processed, declare it with ROLE_INFRASTRUCTURE.
23:21:55:314  WARN 17104 --- [item-service] [main] trationDelegate$BeanPostProcessorChecker : Bean 'org.springframework.cloud.commons.config.CommonsConfigAutoConfiguration' of type [org.springframework.cloud.commons.config.CommonsConfigAutoConfiguration] is not eligible for getting processed by all BeanPostProcessors (for example: not eligible for auto-proxying). Is this bean getting eagerly injected/applied to a currently created BeanPostProcessor [globalTransactionScanner]? Check the corresponding BeanPostProcessor declaration and its dependencies/advisors. If this bean does not have to be post-processed, declare it with ROLE_INFRASTRUCTURE.
23:21:55:318  WARN 17104 --- [item-service] [main] trationDelegate$BeanPostProcessorChecker : Bean 'org.springframework.cloud.client.loadbalancer.LoadBalancerDefaultMappingsProviderAutoConfiguration' of type [org.springframework.cloud.client.loadbalancer.LoadBalancerDefaultMappingsProviderAutoConfiguration] is not eligible for getting processed by all BeanPostProcessors (for example: not eligible for auto-proxying). Is this bean getting eagerly injected/applied to a currently created BeanPostProcessor [globalTransactionScanner]? Check the corresponding BeanPostProcessor declaration and its dependencies/advisors. If this bean does not have to be post-processed, declare it with ROLE_INFRASTRUCTURE.
23:21:55:319  WARN 17104 --- [item-service] [main] trationDelegate$BeanPostProcessorChecker : Bean 'loadBalancerClientsDefaultsMappingsProvider' of type [org.springframework.cloud.client.loadbalancer.LoadBalancerDefaultMappingsProviderAutoConfiguration$$Lambda/0x000001d5c85b97c8] is not eligible for getting processed by all BeanPostProcessors (for example: not eligible for auto-proxying). Is this bean getting eagerly injected/applied to a currently created BeanPostProcessor [globalTransactionScanner]? Check the corresponding BeanPostProcessor declaration and its dependencies/advisors. If this bean does not have to be post-processed, declare it with ROLE_INFRASTRUCTURE.
23:21:55:320  WARN 17104 --- [item-service] [main] trationDelegate$BeanPostProcessorChecker : Bean 'defaultsBindHandlerAdvisor' of type [org.springframework.cloud.commons.config.DefaultsBindHandlerAdvisor] is not eligible for getting processed by all BeanPostProcessors (for example: not eligible for auto-proxying). Is this bean getting eagerly injected/applied to a currently created BeanPostProcessor [globalTransactionScanner]? Check the corresponding BeanPostProcessor declaration and its dependencies/advisors. If this bean does not have to be post-processed, declare it with ROLE_INFRASTRUCTURE.
23:21:55:325  WARN 17104 --- [item-service] [main] trationDelegate$BeanPostProcessorChecker : Bean 'springCloudAlibabaConfiguration' of type [org.apache.seata.spring.boot.autoconfigure.properties.SpringCloudAlibabaConfiguration] is not eligible for getting processed by all BeanPostProcessors (for example: not eligible for auto-proxying). Is this bean getting eagerly injected/applied to a currently created BeanPostProcessor [globalTransactionScanner]? Check the corresponding BeanPostProcessor declaration and its dependencies/advisors. If this bean does not have to be post-processed, declare it with ROLE_INFRASTRUCTURE.
23:21:55:330  WARN 17104 --- [item-service] [main] trationDelegate$BeanPostProcessorChecker : Bean 'seataProperties' of type [org.apache.seata.spring.boot.autoconfigure.properties.SeataProperties] is not eligible for getting processed by all BeanPostProcessors (for example: not eligible for auto-proxying). Is this bean getting eagerly injected/applied to a currently created BeanPostProcessor [globalTransactionScanner]? Check the corresponding BeanPostProcessor declaration and its dependencies/advisors. If this bean does not have to be post-processed, declare it with ROLE_INFRASTRUCTURE.
23:21:55:333  INFO 17104 --- [item-service] [main] o.a.s.s.b.a.SeataAutoConfiguration       : Automatically configure Seata
23:21:55:353  INFO 17104 --- [item-service] [main] ServiceLoader$InnerEnhancedServiceLoader : Load compatible class io.seata.spring.annotation.ScannerChecker
23:21:55:414  INFO 17104 --- [item-service] [main] ServiceLoader$InnerEnhancedServiceLoader : Ignore load compatible class io.seata.config.ExtConfigurationProvider, because is not assignable from origin type org.apache.seata.config.ExtConfigurationProvider
23:21:55:429  INFO 17104 --- [item-service] [main] o.a.seata.config.ConfigurationFactory    : load Configuration from :Spring Configuration
23:21:55:463  INFO 17104 --- [item-service] [main] ServiceLoader$InnerEnhancedServiceLoader : Load compatible class io.seata.integration.tx.api.remoting.RemotingParser
23:21:55:465  INFO 17104 --- [item-service] [main] o.a.s.s.a.GlobalTransactionScanner       : Initializing Global Transaction Clients ... 
23:21:55:584  INFO 17104 --- [item-service] [main] ServiceLoader$InnerEnhancedServiceLoader : Load compatible class io.seata.core.auth.AuthSigner
23:21:55:607  INFO 17104 --- [item-service] [main] o.a.s.c.rpc.netty.NettyClientBootstrap   : NettyClientBootstrap has started
23:21:55:616  INFO 17104 --- [item-service] [main] o.a.s.d.registry.RegistryFactory         : use registry center type: file
23:21:55:623  INFO 17104 --- [item-service] [main] ServiceLoader$InnerEnhancedServiceLoader : Load compatible class io.seata.discovery.registry.RegistryProvider
23:21:55:626  INFO 17104 --- [item-service] [main] o.a.s.c.r.n.NettyClientChannelManager    : will connect to 192.168.68.128:8099
23:21:55:632  INFO 17104 --- [item-service] [main] o.a.s.c.rpc.netty.NettyPoolableFactory   : NettyPool create channel to transactionRole:TMROLE,address:192.168.68.128:8099,msg:< RegisterTMRequest{version='2.1.0', applicationId='item-service', transactionServiceGroup='hmall', extraData='ak=null
digest=hmall,172.29.160.1,1790608915630
timestamp=1790608915630
authVersion=V4
vgroup=hmall
ip=172.29.160.1
'} >
23:21:55:750  INFO 17104 --- [item-service] [NettyClientSelector_TMROLE_1_1] ServiceLoader$InnerEnhancedServiceLoader : Load compatible class io.seata.core.serializer.Serializer
23:21:55:785  INFO 17104 --- [item-service] [main] o.a.s.c.rpc.netty.TmNettyRemotingClient  : register TM success. client version:2.1.0, server version:2.0.0,channel:[id: 0x447e3301, L:/192.168.68.1:9709 - R:/192.168.68.128:8099]
23:21:55:791  INFO 17104 --- [item-service] [main] o.a.s.c.rpc.netty.NettyPoolableFactory   : register success, cost 70 ms, version:2.0.0,role:TMROLE,channel:[id: 0x447e3301, L:/192.168.68.1:9709 - R:/192.168.68.128:8099]
23:21:55:792  INFO 17104 --- [item-service] [main] o.a.s.s.a.GlobalTransactionScanner       : Transaction Manager Client is initialized. applicationId[item-service] txServiceGroup[hmall]
23:21:55:815  INFO 17104 --- [item-service] [main] ServiceLoader$InnerEnhancedServiceLoader : Load compatible class io.seata.core.model.ResourceManager
23:21:55:820  INFO 17104 --- [item-service] [main] o.a.seata.rm.datasource.AsyncWorker      : Async Commit Buffer Limit: 10000
23:21:55:822  INFO 17104 --- [item-service] [main] o.a.s.r.datasource.xa.ResourceManagerXA  : ResourceManagerXA init ...
23:21:55:832  INFO 17104 --- [item-service] [main] o.a.s.c.rpc.netty.NettyClientBootstrap   : NettyClientBootstrap has started
23:21:55:833  INFO 17104 --- [item-service] [main] o.a.s.s.a.GlobalTransactionScanner       : Resource Manager is initialized. applicationId[item-service] txServiceGroup[hmall]
23:21:55:833  INFO 17104 --- [item-service] [main] o.a.s.s.a.GlobalTransactionScanner       : Global Transaction Clients are initialized. 
23:21:55:894  INFO 17104 --- [item-service] [main] o.a.s.s.a.GlobalTransactionScanner       : The needed enhancement business beans are : []
23:21:55:925  INFO 17104 --- [item-service] [main] ServiceLoader$InnerEnhancedServiceLoader : Load compatible class io.seata.core.context.ContextCore
23:21:56:261  WARN 17104 --- [item-service] [main] trationDelegate$BeanPostProcessorChecker : Bean 'org.springframework.cloud.client.loadbalancer.LoadBalancerAutoConfiguration$DeferringLoadBalancerInterceptorConfig' of type [org.springframework.cloud.client.loadbalancer.LoadBalancerAutoConfiguration$DeferringLoadBalancerInterceptorConfig] is not eligible for getting processed by all BeanPostProcessors (for example: not eligible for auto-proxying). The currently created BeanPostProcessor [lbRestClientPostProcessor] is declared through a non-static factory method on that class; consider declaring it as static instead.
23:21:56:264  WARN 17104 --- [item-service] [main] trationDelegate$BeanPostProcessorChecker : Bean 'deferringLoadBalancerInterceptor' of type [org.springframework.cloud.client.loadbalancer.DeferringLoadBalancerInterceptor] is not eligible for getting processed by all BeanPostProcessors (for example: not eligible for auto-proxying). Is this bean getting eagerly injected/applied to a currently created BeanPostProcessor [lbRestClientPostProcessor]? Check the corresponding BeanPostProcessor declaration and its dependencies/advisors. If this bean does not have to be post-processed, declare it with ROLE_INFRASTRUCTURE.
23:21:56:384  INFO 17104 --- [item-service] [main] com.zaxxer.hikari.HikariDataSource       : HikariPool-1 - Starting...
23:21:56:581  INFO 17104 --- [item-service] [main] com.zaxxer.hikari.pool.HikariPool        : HikariPool-1 - Added connection com.mysql.cj.jdbc.ConnectionImpl@65b2ee36
23:21:56:584  INFO 17104 --- [item-service] [main] com.zaxxer.hikari.HikariDataSource       : HikariPool-1 - Start completed.
23:21:56:685  INFO 17104 --- [item-service] [main] o.a.s.c.r.n.NettyClientChannelManager    : will connect to 192.168.68.128:8099
23:21:56:686  INFO 17104 --- [item-service] [main] o.a.s.c.rpc.netty.RmNettyRemotingClient  : RM will register :jdbc:mysql://192.168.68.128:3307/hm-item
23:21:56:686  INFO 17104 --- [item-service] [main] o.a.s.c.rpc.netty.NettyPoolableFactory   : NettyPool create channel to transactionRole:RMROLE,address:192.168.68.128:8099,msg:< RegisterRMRequest{resourceIds='jdbc:mysql://192.168.68.128:3307/hm-item', version='2.1.0', applicationId='item-service', transactionServiceGroup='hmall', extraData='null'} >
23:21:56:697  INFO 17104 --- [item-service] [main] o.a.s.c.rpc.netty.RmNettyRemotingClient  : register RM success. client version:2.1.0, server version:2.0.0,channel:[id: 0xa5aabfe5, L:/192.168.68.1:9712 - R:/192.168.68.128:8099]
23:21:56:698  INFO 17104 --- [item-service] [main] o.a.s.c.rpc.netty.NettyPoolableFactory   : register success, cost 10 ms, version:2.0.0,role:RMROLE,channel:[id: 0xa5aabfe5, L:/192.168.68.1:9712 - R:/192.168.68.128:8099]
23:21:56:702  INFO 17104 --- [item-service] [main] .s.s.a.d.SeataAutoDataSourceProxyCreator : Auto proxy data source 'dataSource' by 'AT' mode.
23:21:57:258  INFO 17104 --- [item-service] [main] c.a.c.sentinel.SentinelWebMvcConfigurer  : [Sentinel Starter] register SentinelWebInterceptor with urlPatterns: [/**].
23:22:00:917  INFO 17104 --- [item-service] [main] m.e.s.MybatisPlusApplicationContextAware : Register ApplicationContext instances org.springframework.web.context.support.GenericWebApplicationContext@67dba613
23:22:01:399  INFO 17104 --- [item-service] [main] c.g.item.elastic.ElasticDSLSearchTest    : Started ElasticDSLSearchTest in 7.975 seconds (process running for 9.334)
23:22:01:859  INFO 17104 --- [item-service] [main] c.g.item.elastic.ElasticDSLSearchTest    : 共查询到10000条记录
23:22:01:965  INFO 17104 --- [item-service] [main] c.g.item.elastic.ElasticDSLSearchTest    : ItemDoc(id=5001211, name=小米MIX2 全面屏游戏手机 6GB+128GB 黑色 全网通4G手机 双卡双待, price=889400, image=https://m.360buyimg.com/mobilecms/s720x720_jfs/t8560/160/1545664319/379719/b21a9fc1/59bb8668Ndb8458e7.jpg!q70.jpg.webp, category=手机, brand=小米, sold=0, commentCount=0, isAD=false, updateTime=2023-10-07T10:15:21)
23:22:01:968  INFO 17104 --- [item-service] [main] c.g.item.elastic.ElasticDSLSearchTest    : ItemDoc(id=1861099, name=Apple iPhone 6s Plus (A1699) 128G 玫瑰金色 移动联通电信4G手机, price=688000, image=https://m.360buyimg.com/mobilecms/s720x720_jfs/t2302/16/135479564/94882/c76da045/55f0e877N3c24faa3.jpg!q70.jpg.webp, category=手机, brand=Apple, sold=0, commentCount=0, isAD=false, updateTime=2023-10-07T10:13:39)
23:22:01:968  INFO 17104 --- [item-service] [main] c.g.item.elastic.ElasticDSLSearchTest    : ItemDoc(id=5089253, name=Apple iPhone X (A1865) 64GB 深空灰色 移动联通电信4G手机, price=680600, image=https://m.360buyimg.com/mobilecms/s720x720_jfs/t10675/253/1344769770/66891/92d54ca4/59df2e7fN86c99a27.jpg!q70.jpg.webp, category=手机, brand=Apple, sold=0, commentCount=0, isAD=false, updateTime=2023-10-07T10:15:35)
23:22:01:969  INFO 17104 --- [item-service] [main] c.g.item.elastic.ElasticDSLSearchTest    : ItemDoc(id=3995643, name=Apple iPhone 7 (A1660) 32G 黑色 移动联通电信4G手机, price=663300, image=https://m.360buyimg.com/mobilecms/s720x720_jfs/t3193/308/1586388837/134147/92414e51/57d0c55bNa8230260.jpg!q70.jpg.webp, category=手机, brand=Apple, sold=0, commentCount=0, isAD=false, updateTime=2023-10-07T10:14:17)
23:22:01:969  INFO 17104 --- [item-service] [main] c.g.item.elastic.ElasticDSLSearchTest    : ItemDoc(id=3995645, name=Apple iPhone 7 Plus (A1661) 32G 玫瑰金色 移动联通电信4G手机, price=653100, image=https://m.360buyimg.com/mobilecms/s720x720_jfs/t3034/299/2060854617/119711/577e85cb/57d11b6cN1fd1194d.jpg!q70.jpg.webp, category=手机, brand=Apple, sold=0, commentCount=0, isAD=false, updateTime=2023-10-07T10:14:14)
23:22:01:969  INFO 17104 --- [item-service] [main] c.g.item.elastic.ElasticDSLSearchTest    : ItemDoc(id=1861102, name=Apple iPhone 6s Plus (A1699) 128G 玫瑰金色 移动联通电信4G手机, price=632800, image=https://m.360buyimg.com/mobilecms/s720x720_jfs/t2302/16/135479564/94882/c76da045/55f0e877N3c24faa3.jpg!q70.jpg.webp, category=手机, brand=Apple, sold=0, commentCount=0, isAD=false, updateTime=2023-10-07T10:44:02)
23:22:01:970  INFO 17104 --- [item-service] [main] c.g.item.elastic.ElasticDSLSearchTest    : ItemDoc(id=1861101, name=Apple iPhone 6s Plus (A1699) 128G 金色色 移动联通电信4G手机, price=630400, image=https://m.360buyimg.com/mobilecms/s720x720_jfs/t2302/16/135479564/94882/c76da045/55f0e877N3c24faa3.jpg!q70.jpg.webp, category=手机, brand=Apple, sold=0, commentCount=0, isAD=false, updateTime=2023-10-07T10:13:47)
23:22:01:970  INFO 17104 --- [item-service] [main] c.g.item.elastic.ElasticDSLSearchTest    : ItemDoc(id=1861100, name=Apple iPhone 6s Plus (A1699) 128G 玫瑰金色 移动联通电信4G手机, price=628900, image=https://m.360buyimg.com/mobilecms/s720x720_jfs/t2302/16/135479564/94882/c76da045/55f0e877N3c24faa3.jpg!q70.jpg.webp, category=手机, brand=Apple, sold=0, commentCount=0, isAD=false, updateTime=2023-10-07T10:13:44)
23:22:01:971  INFO 17104 --- [item-service] [main] c.g.item.elastic.ElasticDSLSearchTest    : ItemDoc(id=5706773, name=华为 HUAWEI Mate 10 Pro 全面屏徕卡双摄游戏手机 6GB+128GB 银钻灰 全网通移动联通电信4G手机 双卡双待, price=544000, image=https://m.360buyimg.com/mobilecms/s720x720_jfs/t11986/295/1484411523/155164/77795126/5a01503cN19d7f1a0.jpg!q70.jpg.webp, category=手机, brand=华为, sold=0, commentCount=0, isAD=false, updateTime=2023-10-07T10:16:26)
23:22:01:971  INFO 17104 --- [item-service] [main] c.g.item.elastic.ElasticDSLSearchTest    : ItemDoc(id=4938566, name=三星 Galaxy S8+（SM-G9550）【预售降200】4GB+64GB 谜夜黑 移动联通电信4G手机 双卡双待, price=474200, image=https://m.360buyimg.com/mobilecms/s720x720_jfs/t22954/298/30207467/96223/2f672221/5b233eabN82b4dedc.jpg!q70.jpg.webp, category=手机, brand=三星, sold=0, commentCount=0, isAD=false, updateTime=2023-10-07T10:15:12)
23:22:01:971  INFO 17104 --- [item-service] [main] c.g.item.elastic.ElasticDSLSearchTest    : ItemDoc(id=16053703973, name=三星（SAMSUNG）UA65NU7300JXXZ 65英寸 4K智能 HDR网络 液晶曲面电视机, price=461200, image=https://m.360buyimg.com/mobilecms/s720x720_jfs/t1/28305/16/4042/104587/5c2d742aE04977b30/a56117e8db4ec936.jpg!q70.jpg.webp, category=曲面电视, brand=三星, sold=0, commentCount=0, isAD=false, updateTime=2023-10-07T10:12:32)
23:22:01:972  INFO 17104 --- [item-service] [main] c.g.item.elastic.ElasticDSLSearchTest    : ItemDoc(id=18181704996, name=海信（Hisense）HZ65E6AC 65英寸4K超高清 超薄曲面全面屏 语音控制AI智能电视机, price=437400, image=https://m.360buyimg.com/mobilecms/s720x720_jfs/t1/28381/23/1706/204827/5c14b7b4E8eca8dbe/4006b601321a039d.jpg!q70.jpg.webp, category=曲面电视, brand=海信, sold=0, commentCount=0, isAD=false, updateTime=2023-10-07T10:12:45)
23:22:01:972  INFO 17104 --- [item-service] [main] c.g.item.elastic.ElasticDSLSearchTest    : ItemDoc(id=22696530401, name=TCL 65A950CS 65英寸 32核人工智能 HDR4K曲面金属机身液晶电视（枪色）, price=429700, image=https://m.360buyimg.com/mobilecms/s720x720_jfs/t1/29847/13/3327/199786/5c26461fEde5fd044/9c9242cabb8fca43.jpg!q70.jpg.webp, category=曲面电视, brand=TCL, sold=0, commentCount=0, isAD=false, updateTime=2023-10-07T10:13:12)
23:22:01:972  INFO 17104 --- [item-service] [main] c.g.item.elastic.ElasticDSLSearchTest    : ItemDoc(id=5284203, name=华为 HUAWEI Mate 10 6GB+128GB 香槟金 移动联通电信4G手机 双卡双待, price=429400, image=https://m.360buyimg.com/mobilecms/s720x720_jfs/t10414/363/1280355182/335902/18c2b152/59ded64fNfdb4e9da.jpg!q70.jpg.webp, category=手机, brand=华为, sold=0, commentCount=0, isAD=false, updateTime=2023-10-07T10:15:55)
23:22:01:973  INFO 17104 --- [item-service] [main] c.g.item.elastic.ElasticDSLSearchTest    : ItemDoc(id=18234991896, name=TCL 65A950CS 65英寸 32核人工智能 HDR4K曲面金属机身液晶电视（枪色）, price=397500, image=https://m.360buyimg.com/mobilecms/s720x720_jfs/t1/4597/26/11574/115903/5bcf4afbE03f43714/4d43cda51fd3dd92.jpg!q70.jpg.webp, category=曲面电视, brand=TCL, sold=0, commentCount=0, isAD=false, updateTime=2023-10-07T10:12:53)
23:22:01:973  INFO 17104 --- [item-service] [main] c.g.item.elastic.ElasticDSLSearchTest    : ItemDoc(id=4026319, name=TCL 65A950C 65英寸32核人工智能 HDR曲面超薄4K电视金属机身（枪色）, price=394400, image=https://m.360buyimg.com/mobilecms/s720x720_jfs/t1/5269/2/12146/122833/5bd2a509Ed9ba6c1f/6a50f35bfacecbc6.jpg!q70.jpg.webp, category=曲面电视, brand=TCL, sold=0, commentCount=0, isAD=false, updateTime=2023-10-07T10:17:06)
23:22:01:974  INFO 17104 --- [item-service] [main] c.g.item.elastic.ElasticDSLSearchTest    : ItemDoc(id=8533120, name=海尔 （Haier ）LQ65H31 65英寸 4K曲面人工智能全面屏超高清LED液晶电视, price=379500, image=https://m.360buyimg.com/mobilecms/s720x720_jfs/t1/2851/14/13998/101463/5bd9723cE81b2c299/1bfdf2d1628648e4.jpg!q70.jpg.webp, category=曲面电视, brand=海尔, sold=0, commentCount=0, isAD=false, updateTime=2023-10-07T10:58:41)
23:22:01:974  INFO 17104 --- [item-service] [main] c.g.item.elastic.ElasticDSLSearchTest    : ItemDoc(id=7341802, name=长虹65D7C 65英寸4K超高清曲面 7.8mm超薄全面屏  人工智能全金属平板液晶电视机（黑色）, price=369000, image=https://m.360buyimg.com/mobilecms/s720x720_jfs/t1/8053/25/10757/386399/5c259060Ef57554d0/ccd182ff78deed9f.jpg!q70.jpg.webp, category=曲面电视, brand=长虹, sold=0, commentCount=0, isAD=false, updateTime=2023-10-07T10:11:52)
23:22:01:974  INFO 17104 --- [item-service] [main] c.g.item.elastic.ElasticDSLSearchTest    : ItemDoc(id=3072507, name=飞利浦 65POD901C/T3 65英寸 OLED曲面 三边流光溢彩金属超薄机身4K超高清智能液晶电视机（PHILIPS）, price=368800, image=https://m.360buyimg.com/mobilecms/s720x720_jfs/t1/5966/19/11913/209097/5bd13c30Ea76804a8/6faec86cea020dd0.jpg!q70.jpg.webp, category=曲面电视, brand=飞利浦, sold=0, commentCount=0, isAD=false, updateTime=2023-10-07T10:17:05)
23:22:01:975  INFO 17104 --- [item-service] [main] c.g.item.elastic.ElasticDSLSearchTest    : ItemDoc(id=14930062957, name=三星（SAMSUNG） UA65MUC30SJXXZ 65英寸4K智能HDR曲面液晶电视 官方正品, price=328900, image=https://m.360buyimg.com/mobilecms/s720x720_jfs/t1/8592/19/8973/282265/5c112d77Efafe0f84/a332fcd772a21f58.jpg!q70.jpg.webp, category=曲面电视, brand=三星, sold=0, commentCount=0, isAD=false, updateTime=2023-10-07T10:12:26)
23:22:01:975  INFO 17104 --- [item-service] [main] c.g.item.elastic.ElasticDSLSearchTest    : ItemDoc(id=22695773857, name=TCL 55A950CS 55英寸 32核人工智能 HDR4K曲面金属机身液晶电视（枪色）, price=284400, image=https://m.360buyimg.com/mobilecms/s720x720_jfs/t1/9010/32/11571/200474/5c2d626dE680dfe3e/fb94d5c9b599ff5d.jpg!q70.jpg.webp, category=曲面电视, brand=TCL, sold=0, commentCount=0, isAD=false, updateTime=2023-10-07T10:13:02)
23:22:01:975  INFO 17104 --- [item-service] [main] c.g.item.elastic.ElasticDSLSearchTest    : ItemDoc(id=18180165482, name=海信（Hisense）HZ55E6AC 55英寸4K超高清 超薄曲面全面屏 语音交互 人工智能电视机, price=283200, image=https://m.360buyimg.com/mobilecms/s720x720_jfs/t1/10870/28/5344/205937/5c14b741Ea1f2ab07/33edc1b47b75962c.jpg!q70.jpg.webp, category=曲面电视, brand=海信, sold=0, commentCount=0, isAD=false, updateTime=2023-10-07T10:12:40)
23:22:01:975  INFO 17104 --- [item-service] [main] c.g.item.elastic.ElasticDSLSearchTest    : ItemDoc(id=22223464941, name=三星（SAMSUNG）UA55MU6990JXXZ 55英寸4K超高清智能网络HDR曲面液晶电视机, price=275900, image=https://m.360buyimg.com/mobilecms/s720x720_jfs/t1/25395/13/2343/377809/5c1b38b6Ef385dbd2/8c1bd31fe789bba8.jpg!q70.jpg.webp, category=曲面电视, brand=三星, sold=0, commentCount=0, isAD=false, updateTime=2023-10-07T10:12:57)
23:22:01:976  INFO 17104 --- [item-service] [main] c.g.item.elastic.ElasticDSLSearchTest    : ItemDoc(id=100001905417, name=【千玺代言】华为新品 HUAWEI nova 4 极点全面屏手机 2000万超广角三摄 8GB+128GB 蜜语红 全网通双卡双待, price=224900, image=https://m.360buyimg.com/mobilecms/s720x720_jfs/t1/20085/14/1076/149604/5c0f8dd2Ebafd3bfd/0cb34a7826cbe1c3.jpg!q70.jpg.webp, category=手机, brand=华为, sold=0, commentCount=0, isAD=false, updateTime=2023-10-07T10:51:39)
23:22:01:976  INFO 17104 --- [item-service] [main] c.g.item.elastic.ElasticDSLSearchTest    : ItemDoc(id=18232903687, name=TCL 55A950CS 55英寸 32核人工智能 HDR4K曲面金属机身液晶电视（枪色）, price=224500, image=https://m.360buyimg.com/mobilecms/s720x720_jfs/t1/3468/36/6907/115861/5ba4689cEb5e4869e/56fc1971346de5ca.jpg!q70.jpg.webp, category=曲面电视, brand=TCL, sold=0, commentCount=0, isAD=false, updateTime=2023-10-07T10:12:50)
23:22:01:976  INFO 17104 --- [item-service] [main] c.g.item.elastic.ElasticDSLSearchTest    : ItemDoc(id=5001207, name=小米Note3 美颜双摄拍照手机 6GB+128GB 黑色 移动4G+全网通4G手机 双卡双待, price=221900, image=https://m.360buyimg.com/mobilecms/s720x720_jfs/t11944/171/322678362/177635/eb2192c2/59ed5428N909f5413.jpg!q70.jpg.webp, category=手机, brand=小米, sold=0, commentCount=0, isAD=false, updateTime=2026-09-14T22:02:24)
23:22:01:977  INFO 17104 --- [item-service] [main] c.g.item.elastic.ElasticDSLSearchTest    : ItemDoc(id=5540120, name=TCL 55Q960C 55英寸34核原色量子点 人工智能HDR超薄4K曲面电视（深空灰）, price=219700, image=https://m.360buyimg.com/mobilecms/s720x720_jfs/t1/857/27/12556/97152/5bd29911E676807fe/d7730dbd023dabfe.jpg!q70.jpg.webp, category=曲面电视, brand=TCL, sold=0, commentCount=0, isAD=false, updateTime=2023-10-07T10:11:31)
23:22:01:977  INFO 17104 --- [item-service] [main] c.g.item.elastic.ElasticDSLSearchTest    : ItemDoc(id=4093561, name=华为畅享7 Plus 3GB+32GB 移动4G版 香槟金 移动联通电信4G手机 双卡双待, price=211600, image=https://m.360buyimg.com/mobilecms/s720x720_jfs/t7804/212/1308671016/161589/6dd9c5fc/599c0da5N88410391.jpg!q70.jpg.webp, category=手机, brand=华为, sold=0, commentCount=0, isAD=false, updateTime=2023-10-07T10:14:26)
23:22:01:977  INFO 17104 --- [item-service] [main] c.g.item.elastic.ElasticDSLSearchTest    : ItemDoc(id=7126163, name=东芝（TOSHIBA）55U6780C 55英寸 人工智能语音曲面4K超高清 2G+16G大内存液晶电视机, price=199600, image=https://m.360buyimg.com/mobilecms/s720x720_jfs/t27757/337/2384586964/248566/47f4cd2e/5bffcab6N06292802.jpg!q70.jpg.webp, category=曲面电视, brand=东芝, sold=0, commentCount=0, isAD=false, updateTime=2023-10-07T10:11:42)
23:22:01:978  INFO 17104 --- [item-service] [main] c.g.item.elastic.ElasticDSLSearchTest    : ItemDoc(id=3541053, name=东芝（TOSHIBA）55U8600C 55英寸 4K超高清安卓智能语音WiFi 曲面超薄液晶电视（黑色）, price=189900, image=https://m.360buyimg.com/mobilecms/s720x720_jfs/t1/16/5/14626/86911/5bd8012aEa97fa9cb/58716aa44aa3cc22.jpg!q70.jpg.webp, category=曲面电视, brand=东芝, sold=0, commentCount=0, isAD=false, updateTime=2023-10-07T10:11:02)
23:22:01:978  INFO 17104 --- [item-service] [main] c.g.item.elastic.ElasticDSLSearchTest    : ItemDoc(id=5188792, name=长虹 55D3C 55英寸电视 32核4K超高清HDR 曲面人工智能液晶智能平板电视机（黑色）, price=186600, image=https://m.360buyimg.com/mobilecms/s720x720_jfs/t1/6541/25/2492/225527/5bd1322bEbb565e16/f1f78371579a2fe1.jpg!q70.jpg.webp, category=曲面电视, brand=长虹, sold=0, commentCount=0, isAD=false, updateTime=2023-10-07T10:11:24)
23:22:01:979  INFO 17104 --- [item-service] [main] c.g.item.elastic.ElasticDSLSearchTest    : ItemDoc(id=4641661, name=康佳（KONKA）LED55UC3 55英寸超薄曲面36核4K HDR人工智能电视, price=171700, image=https://m.360buyimg.com/mobilecms/s720x720_jfs/t1/15640/10/3897/215785/5c2c716dE4c498e5b/ce94d5f09e386b27.jpg!q70.jpg.webp, category=曲面电视, brand=康佳, sold=0, commentCount=0, isAD=false, updateTime=2023-10-07T10:11:15)
23:22:01:979  INFO 17104 --- [item-service] [main] c.g.item.elastic.ElasticDSLSearchTest    : ItemDoc(id=7465894, name=小米（MI）小米电视4S 55英寸 曲面 L55M5-AQ 2GB+8GB HDR 4K超高清 蓝牙语音 人工智能语音网络液晶平板电视, price=171500, image=https://m.360buyimg.com/mobilecms/s720x720_jfs/t28639/347/53772617/364533/e080afb9/5be66979N38d99b80.jpg!q70.jpg.webp, category=曲面电视, brand=小米, sold=0, commentCount=0, isAD=false, updateTime=2023-10-07T10:11:58)
23:22:01:979  INFO 17104 --- [item-service] [main] c.g.item.elastic.ElasticDSLSearchTest    : ItemDoc(id=6228561, name=乐华（ROWA）T43 43英寸 曲面全高清人工智能wifi网络液晶平板电视机 25核处理器海量视频源接口丰富, price=156200, image=https://m.360buyimg.com/mobilecms/s720x720_jfs/t22093/312/2478272370/320408/106ed442/5b8904f2Nf6aa17aa.jpg!q70.jpg.webp, category=曲面电视, brand=乐华, sold=0, commentCount=0, isAD=false, updateTime=2023-10-07T10:11:37)
23:22:01:980  INFO 17104 --- [item-service] [main] c.g.item.elastic.ElasticDSLSearchTest    : ItemDoc(id=14741770661, name=康佳（KONKA） LED49UC3 49英寸超薄曲面36核4K HDR人工智能电视, price=144600, image=https://m.360buyimg.com/mobilecms/s720x720_jfs/t16477/84/2032772431/400946/2887be91/5a912776N7e343ec3.jpg!q70.jpg.webp, category=曲面电视, brand=康佳, sold=0, commentCount=0, isAD=false, updateTime=2023-10-07T10:59:29)
23:22:01:980  INFO 17104 --- [item-service] [main] c.g.item.elastic.ElasticDSLSearchTest    : ItemDoc(id=1857008, name=德国 进口牛奶 Arla爱氏晨曦 脱脂纯牛奶 1L*12 整箱装 爱氏小粉奶, price=99900, image=https://m.360buyimg.com/mobilecms/s720x720_jfs/t24631/94/2569517683/266969/91ef393/5be80951N41ebcd1a.jpg!q70.jpg.webp, category=牛奶, brand=爱氏晨曦, sold=0, commentCount=0, isAD=false, updateTime=2019-05-01T00:00)
23:22:01:980  INFO 17104 --- [item-service] [main] c.g.item.elastic.ElasticDSLSearchTest    : ItemDoc(id=2018835, name=梵地亚（Vantiiear）万向轮拉杆箱耐磨抗摔26英寸旅行箱男女行李箱登机箱 银色, price=99900, image=https://m.360buyimg.com/mobilecms/s720x720_jfs/t22975/28/1891373671/102544/1554eb08/5b6cec72N76b5cc8c.jpg!q70.jpg.webp, category=拉杆箱, brand=梵地亚, sold=0, commentCount=0, isAD=false, updateTime=2019-05-01T00:00)
23:22:01:980  INFO 17104 --- [item-service] [main] c.g.item.elastic.ElasticDSLSearchTest    : ItemDoc(id=2427771, name=法国大使牌（Delsey）时尚炫彩拉杆箱20英寸轻盈PC旅行箱可登机扩容行李箱男万向轮灰色400, price=99900, image=https://m.360buyimg.com/mobilecms/s720x720_jfs/t27484/166/501525244/170401/c1433fef/5baf526dN0a1d7628.jpg!q70.jpg.webp, category=拉杆箱, brand=DELSEY, sold=0, commentCount=0, isAD=false, updateTime=2019-05-01T00:00)
23:22:01:980  INFO 17104 --- [item-service] [main] c.g.item.elastic.ElasticDSLSearchTest    : ItemDoc(id=3400673, name=美旅铝框拉杆箱 22英寸时尚商务男女大容量万向轮行李箱 TSA海关锁旅行箱638黑色, price=99900, image=https://m.360buyimg.com/mobilecms/s720x720_jfs/t3739/276/355628808/136208/9adbc121/5806e0bfNfe149802.jpg!q70.jpg.webp, category=拉杆箱, brand=美旅箱包, sold=0, commentCount=0, isAD=false, updateTime=2019-05-01T00:00)
23:22:01:981  INFO 17104 --- [item-service] [main] c.g.item.elastic.ElasticDSLSearchTest    : ItemDoc(id=6084361, name=Apple iPhone 7 Plus (A1661) 32G 黑色 移动联通电信4G手机, price=99900, image=https://m.360buyimg.com/mobilecms/s720x720_jfs/t3034/299/2060854617/119711/577e85cb/57d11b6cN1fd1194d.jpg!q70.jpg.webp, category=手机, brand=Apple, sold=0, commentCount=0, isAD=false, updateTime=2019-05-01T00:00)
23:22:01:981  INFO 17104 --- [item-service] [main] c.g.item.elastic.ElasticDSLSearchTest    : ItemDoc(id=6430095, name=迪桑娜（DISSONA）时尚简约手提双肩包女式潮流女包小背包  8163AS3516R00 红色（小）, price=99900, image=https://m.360buyimg.com/mobilecms/s720x720_jfs/t14365/363/1388179672/74203/172e4b8f/5a4dee47N0cda6b80.jpg!q70.jpg.webp, category=真皮包, brand=DISSONA, sold=0, commentCount=0, isAD=false, updateTime=2019-05-01T00:00)
23:22:01:982  INFO 17104 --- [item-service] [main] c.g.item.elastic.ElasticDSLSearchTest    : ItemDoc(id=1210457672, name=HILBALM(希柏)翡翠膜树脂防疲劳无框老花镜男女老人眼镜防辐射 无框椭圆 300度, price=99900, image=https://m.360buyimg.com/mobilecms/s720x720_g17/M00/02/04/rBEbSlNx6EkIAAAAAAMDrm_ZqXYAAAn2gCZWkUAAwPG900.jpg!q70.jpg.webp, category=老花镜, brand=希柏, sold=0, commentCount=0, isAD=false, updateTime=2019-05-01T00:00)
23:22:01:982  INFO 17104 --- [item-service] [main] c.g.item.elastic.ElasticDSLSearchTest    : ItemDoc(id=1756473229, name=OCSEE 时尚老花镜女式防蓝光紫外线树脂舒适眼镜 黑框红腿 老花350度, price=99900, image=https://m.360buyimg.com/mobilecms/s720x720_jfs/t3235/227/2876536343/393618/acb61274/57e8aa50N7075f3aa.jpg!q70.jpg.webp, category=老花镜, brand=欧可眼镜, sold=0, commentCount=0, isAD=false, updateTime=2019-05-01T00:00)
23:22:01:982  INFO 17104 --- [item-service] [main] c.g.item.elastic.ElasticDSLSearchTest    : ItemDoc(id=10074339906, name=百圆裤业女裤冬季新品女式中腰修身百搭子小脚款加绒加厚牛仔裤 7W14M510黑色 27码2尺, price=99900, image=https://m.360buyimg.com/mobilecms/s720x720_jfs/t15625/64/882008501/106122/259b0263/5a439748Ne63007c7.jpg!q70.jpg.webp, category=牛仔裤, brand=百圆裤业, sold=0, commentCount=0, isAD=false, updateTime=2019-05-01T00:00)
23:22:01:982  INFO 17104 --- [item-service] [main] c.g.item.elastic.ElasticDSLSearchTest    : ItemDoc(id=10075959645, name=【防刮耐磨】香港GMP防刮拉杆箱万向轮行李箱男女士登机箱旅行箱20吋/24吋拉杆箱子 经典黑 24英寸-旅行箱-适中, price=99900, image=https://m.360buyimg.com/mobilecms/s720x720_jfs/t1/19290/36/3892/359140/5c2ca75dEaf7df9d8/acf3ef4a6e20f9b6.jpg!q70.jpg.webp, category=拉杆箱, brand=贵猫品, sold=0, commentCount=0, isAD=false, updateTime=2019-05-01T00:00)
23:22:01:983  INFO 17104 --- [item-service] [main] c.g.item.elastic.ElasticDSLSearchTest    : ItemDoc(id=10126196394, name=索柏老花镜男女品牌时尚轻盈优雅老花眼镜1306 琥珀色 100度, price=99900, image=https://m.360buyimg.com/mobilecms/s720x720_jfs/t2491/103/1487564700/89772/b3375ec1/56c2849fN3f8e6c52.jpg!q70.jpg.webp, category=老花镜, brand=索柏, sold=0, commentCount=0, isAD=false, updateTime=2019-05-01T00:00)
23:22:01:983  INFO 17104 --- [item-service] [main] c.g.item.elastic.ElasticDSLSearchTest    : ItemDoc(id=10390086539, name=啄木鸟女士短款钱包正品女短款钱夹真皮钱包头层牛皮零钱包 新款 黑色横款, price=99900, image=https://m.360buyimg.com/mobilecms/s720x720_jfs/t2863/97/3124676927/147717/ec68c2e0/5781da84N4ffb0e8a.jpg!q70.jpg.webp, category=真皮包, brand=啄木鸟, sold=0, commentCount=0, isAD=false, updateTime=2019-05-01T00:00)
23:22:01:983  INFO 17104 --- [item-service] [main] c.g.item.elastic.ElasticDSLSearchTest    : ItemDoc(id=10494678487, name=翻译官子母箱行李箱皮箱拉杆箱万向轮男女游旅行箱密码箱20或22英寸 香槟色 20英寸, price=99900, image=https://m.360buyimg.com/mobilecms/s720x720_jfs/t1/19088/22/3922/274014/5c2ce351E536c3f2b/39f44a1c4f3ee8c5.jpg!q70.jpg.webp, category=拉杆箱, brand=翻译官, sold=0, commentCount=0, isAD=false, updateTime=2019-05-01T00:00)
23:22:01:983  INFO 17104 --- [item-service] [main] c.g.item.elastic.ElasticDSLSearchTest    : ItemDoc(id=10494678493, name=翻译官子母箱行李箱皮箱拉杆箱万向轮男女游旅行箱密码箱20或24英寸 香槟色 20英寸, price=99900, image=https://m.360buyimg.com/mobilecms/s720x720_jfs/t1/19088/22/3922/274014/5c2ce351E536c3f2b/39f44a1c4f3ee8c5.jpg!q70.jpg.webp, category=拉杆箱, brand=翻译官, sold=0, commentCount=0, isAD=false, updateTime=2019-05-01T00:00)
23:22:01:984  INFO 17104 --- [item-service] [main] c.g.item.elastic.ElasticDSLSearchTest    : ItemDoc(id=10791169022, name=天文（TianWen） 非折叠老花镜男款防紫外线树脂商务超轻水晶定制老花眼镜男 #3655黑色 250度, price=99900, image=https://m.360buyimg.com/mobilecms/s720x720_jfs/t16891/234/1299689897/160377/170c28e8/5ac4730cN7b632599.jpg!q70.jpg.webp, category=老花镜, brand=天文, sold=0, commentCount=0, isAD=false, updateTime=2019-05-01T00:00)
23:22:01:998  WARN 17104 --- [item-service] [Thread-2] c.a.n.common.executor.ThreadPoolManager  : [ThreadPoolManager] Start destroying ThreadPool
23:22:01:999  WARN 17104 --- [item-service] [Thread-2] c.a.n.common.executor.ThreadPoolManager  : [ThreadPoolManager] Destruction of the end
23:22:12:006  INFO 17104 --- [item-service] [SpringContextShutdownHook] com.zaxxer.hikari.HikariDataSource       : HikariPool-1 - Shutdown initiated...
23:22:12:013  INFO 17104 --- [item-service] [SpringContextShutdownHook] com.zaxxer.hikari.HikariDataSource       : HikariPool-1 - Shutdown completed.
23:22:12:015  INFO 17104 --- [item-service] [NettyClientSelector_TMROLE_1_1] o.a.s.c.r.n.AbstractNettyRemotingClient  : channel inactive: [id: 0x447e3301, L:/192.168.68.1:9709 ! R:/192.168.68.128:8099]
23:22:12:015  INFO 17104 --- [item-service] [NettyClientSelector_TMROLE_1_1] o.a.s.c.r.n.NettyClientChannelManager    : return to pool, rm channel:[id: 0x447e3301, L:/192.168.68.1:9709 ! R:/192.168.68.128:8099]
23:22:12:016  INFO 17104 --- [item-service] [NettyClientSelector_TMROLE_1_1] o.a.s.c.rpc.netty.NettyPoolableFactory   : channel valid false,channel:[id: 0x447e3301, L:/192.168.68.1:9709 ! R:/192.168.68.128:8099]
23:22:12:016  INFO 17104 --- [item-service] [NettyClientSelector_TMROLE_1_1] o.a.s.c.rpc.netty.NettyPoolableFactory   : will destroy channel:[id: 0x447e3301, L:/192.168.68.1:9709 ! R:/192.168.68.128:8099]
23:22:12:016  INFO 17104 --- [item-service] [NettyClientSelector_TMROLE_1_1] o.a.s.c.r.n.AbstractNettyRemotingClient  : ChannelHandlerContext(AbstractNettyRemotingClient$ClientHandler#0, [id: 0x447e3301, L:/192.168.68.1:9709 ! R:/192.168.68.128:8099]) will closed
23:22:12:016  INFO 17104 --- [item-service] [NettyClientSelector_TMROLE_1_1] o.a.s.c.r.n.AbstractNettyRemotingClient  : ChannelHandlerContext(AbstractNettyRemotingClient$ClientHandler#0, [id: 0x447e3301, L:/192.168.68.1:9709 ! R:/192.168.68.128:8099]) will closed
23:22:12:016  INFO 17104 --- [item-service] [NettyClientSelector_RMROLE_1_1] o.a.s.c.r.n.AbstractNettyRemotingClient  : channel inactive: [id: 0xa5aabfe5, L:/192.168.68.1:9712 ! R:/192.168.68.128:8099]
23:22:12:016  INFO 17104 --- [item-service] [NettyClientSelector_RMROLE_1_1] o.a.s.c.r.n.NettyClientChannelManager    : return to pool, rm channel:[id: 0xa5aabfe5, L:/192.168.68.1:9712 ! R:/192.168.68.128:8099]
23:22:12:016  INFO 17104 --- [item-service] [NettyClientSelector_RMROLE_1_1] o.a.s.c.rpc.netty.NettyPoolableFactory   : channel valid false,channel:[id: 0xa5aabfe5, L:/192.168.68.1:9712 ! R:/192.168.68.128:8099]
23:22:12:016  INFO 17104 --- [item-service] [NettyClientSelector_RMROLE_1_1] o.a.s.c.rpc.netty.NettyPoolableFactory   : will destroy channel:[id: 0xa5aabfe5, L:/192.168.68.1:9712 ! R:/192.168.68.128:8099]
23:22:12:016  INFO 17104 --- [item-service] [NettyClientSelector_RMROLE_1_1] o.a.s.c.r.n.AbstractNettyRemotingClient  : ChannelHandlerContext(AbstractNettyRemotingClient$ClientHandler#0, [id: 0xa5aabfe5, L:/192.168.68.1:9712 ! R:/192.168.68.128:8099]) will closed
23:22:12:016  INFO 17104 --- [item-service] [NettyClientSelector_RMROLE_1_1] o.a.s.c.r.n.AbstractNettyRemotingClient  : ChannelHandlerContext(AbstractNettyRemotingClient$ClientHandler#0, [id: 0xa5aabfe5, L:/192.168.68.1:9712 ! R:/192.168.68.128:8099]) will closed
23:26:40:432  INFO 18648 --- [item-service] [main] c.a.nacos.client.logging.NacosLogging    : Nacos Logging Adapter Builder: com.alibaba.nacos.logger.adapter.logback12.LogbackNacosLoggingAdapterBuilder
23:26:40:442  INFO 18648 --- [item-service] [main] c.a.nacos.client.logging.NacosLogging    : Nacos Logging Adapter Builder: com.alibaba.nacos.logger.adapter.logback14.LogbackNacosLoggingAdapterBuilder
23:26:40:443  INFO 18648 --- [item-service] [main] c.a.nacos.client.logging.NacosLogging    : Nacos Logging Adapter: com.alibaba.nacos.logger.adapter.logback14.LogbackNacosLoggingAdapter match ch.qos.logback.classic.Logger success.
23:26:40:449  INFO 18648 --- [item-service] [main] c.a.nacos.client.logging.NacosLogging    : Nacos Logging Adapter Builder: com.alibaba.nacos.logger.adapter.log4j2.Log4j2NacosLoggingAdapterBuilder
23:26:40:551  WARN 18648 --- [item-service] [main] c.a.nacos.client.logging.NacosLogging    : Load ch.qos.logback.classic.Logger Configuration of Nacos fail, message: 'void ch.qos.logback.core.model.ModelUtil.setProperty(ch.qos.logback.core.model.processor.ModelInterpretationContext, java.lang.String, java.lang.String, ch.qos.logback.core.joran.action.ActionUtil$Scope)'
23:26:40:612  WARN 18648 --- [item-service] [main] c.a.nacos.client.logging.NacosLogging    : Load ch.qos.logback.classic.Logger Configuration of Nacos fail, message: 'void ch.qos.logback.core.model.ModelUtil.setProperty(ch.qos.logback.core.model.processor.ModelInterpretationContext, java.lang.String, java.lang.String, ch.qos.logback.core.joran.action.ActionUtil$Scope)'
23:26:40:624  INFO 18648 --- [item-service] [main] c.g.item.elastic.ElasticDSLSearchTest    : Starting ElasticDSLSearchTest using Java 21.0.11 with PID 18648 (started by lindu in E:\hmall\hm-item\item-service)
23:26:40:625  INFO 18648 --- [item-service] [main] c.g.item.elastic.ElasticDSLSearchTest    : The following 1 profile is active: "local"
23:26:41:853  INFO 18648 --- [item-service] [main] o.s.cloud.context.scope.GenericScope     : BeanFactory id=47d6e0ea-b2a4-3bea-86c5-5bfe4470e366
23:26:41:967  WARN 18648 --- [item-service] [main] trationDelegate$BeanPostProcessorChecker : Bean 'org.apache.seata.spring.boot.autoconfigure.SeataCoreAutoConfiguration' of type [org.apache.seata.spring.boot.autoconfigure.SeataCoreAutoConfiguration] is not eligible for getting processed by all BeanPostProcessors (for example: not eligible for auto-proxying). Is this bean getting eagerly injected/applied to a currently created BeanPostProcessor []? Check the corresponding BeanPostProcessor declaration and its dependencies/advisors. If this bean does not have to be post-processed, declare it with ROLE_INFRASTRUCTURE.
23:26:41:968  WARN 18648 --- [item-service] [main] trationDelegate$BeanPostProcessorChecker : Bean 'springApplicationContextProvider' of type [org.apache.seata.spring.boot.autoconfigure.provider.SpringApplicationContextProvider] is not eligible for getting processed by all BeanPostProcessors (for example: not eligible for auto-proxying). Is this bean getting eagerly injected/applied to a currently created BeanPostProcessor []? Check the corresponding BeanPostProcessor declaration and its dependencies/advisors. If this bean does not have to be post-processed, declare it with ROLE_INFRASTRUCTURE.
23:26:41:969  WARN 18648 --- [item-service] [main] trationDelegate$BeanPostProcessorChecker : Bean 'org.apache.seata.spring.boot.autoconfigure.SeataAutoConfiguration' of type [org.apache.seata.spring.boot.autoconfigure.SeataAutoConfiguration] is not eligible for getting processed by all BeanPostProcessors (for example: not eligible for auto-proxying). Is this bean getting eagerly injected/applied to a currently created BeanPostProcessor []? Check the corresponding BeanPostProcessor declaration and its dependencies/advisors. If this bean does not have to be post-processed, declare it with ROLE_INFRASTRUCTURE.
23:26:42:039  WARN 18648 --- [item-service] [main] trationDelegate$BeanPostProcessorChecker : Bean 'failureHandler' of type [org.apache.seata.tm.api.DefaultFailureHandlerImpl] is not eligible for getting processed by all BeanPostProcessors (for example: not eligible for auto-proxying). Is this bean getting eagerly injected/applied to a currently created BeanPostProcessor []? Check the corresponding BeanPostProcessor declaration and its dependencies/advisors. If this bean does not have to be post-processed, declare it with ROLE_INFRASTRUCTURE.
23:26:42:046  WARN 18648 --- [item-service] [main] trationDelegate$BeanPostProcessorChecker : Bean 'org.springframework.cloud.commons.config.CommonsConfigAutoConfiguration' of type [org.springframework.cloud.commons.config.CommonsConfigAutoConfiguration] is not eligible for getting processed by all BeanPostProcessors (for example: not eligible for auto-proxying). Is this bean getting eagerly injected/applied to a currently created BeanPostProcessor [globalTransactionScanner]? Check the corresponding BeanPostProcessor declaration and its dependencies/advisors. If this bean does not have to be post-processed, declare it with ROLE_INFRASTRUCTURE.
23:26:42:051  WARN 18648 --- [item-service] [main] trationDelegate$BeanPostProcessorChecker : Bean 'org.springframework.cloud.client.loadbalancer.LoadBalancerDefaultMappingsProviderAutoConfiguration' of type [org.springframework.cloud.client.loadbalancer.LoadBalancerDefaultMappingsProviderAutoConfiguration] is not eligible for getting processed by all BeanPostProcessors (for example: not eligible for auto-proxying). Is this bean getting eagerly injected/applied to a currently created BeanPostProcessor [globalTransactionScanner]? Check the corresponding BeanPostProcessor declaration and its dependencies/advisors. If this bean does not have to be post-processed, declare it with ROLE_INFRASTRUCTURE.
23:26:42:051  WARN 18648 --- [item-service] [main] trationDelegate$BeanPostProcessorChecker : Bean 'loadBalancerClientsDefaultsMappingsProvider' of type [org.springframework.cloud.client.loadbalancer.LoadBalancerDefaultMappingsProviderAutoConfiguration$$Lambda/0x0000029d435bd038] is not eligible for getting processed by all BeanPostProcessors (for example: not eligible for auto-proxying). Is this bean getting eagerly injected/applied to a currently created BeanPostProcessor [globalTransactionScanner]? Check the corresponding BeanPostProcessor declaration and its dependencies/advisors. If this bean does not have to be post-processed, declare it with ROLE_INFRASTRUCTURE.
23:26:42:053  WARN 18648 --- [item-service] [main] trationDelegate$BeanPostProcessorChecker : Bean 'defaultsBindHandlerAdvisor' of type [org.springframework.cloud.commons.config.DefaultsBindHandlerAdvisor] is not eligible for getting processed by all BeanPostProcessors (for example: not eligible for auto-proxying). Is this bean getting eagerly injected/applied to a currently created BeanPostProcessor [globalTransactionScanner]? Check the corresponding BeanPostProcessor declaration and its dependencies/advisors. If this bean does not have to be post-processed, declare it with ROLE_INFRASTRUCTURE.
23:26:42:061  WARN 18648 --- [item-service] [main] trationDelegate$BeanPostProcessorChecker : Bean 'springCloudAlibabaConfiguration' of type [org.apache.seata.spring.boot.autoconfigure.properties.SpringCloudAlibabaConfiguration] is not eligible for getting processed by all BeanPostProcessors (for example: not eligible for auto-proxying). Is this bean getting eagerly injected/applied to a currently created BeanPostProcessor [globalTransactionScanner]? Check the corresponding BeanPostProcessor declaration and its dependencies/advisors. If this bean does not have to be post-processed, declare it with ROLE_INFRASTRUCTURE.
23:26:42:069  WARN 18648 --- [item-service] [main] trationDelegate$BeanPostProcessorChecker : Bean 'seataProperties' of type [org.apache.seata.spring.boot.autoconfigure.properties.SeataProperties] is not eligible for getting processed by all BeanPostProcessors (for example: not eligible for auto-proxying). Is this bean getting eagerly injected/applied to a currently created BeanPostProcessor [globalTransactionScanner]? Check the corresponding BeanPostProcessor declaration and its dependencies/advisors. If this bean does not have to be post-processed, declare it with ROLE_INFRASTRUCTURE.
23:26:42:074  INFO 18648 --- [item-service] [main] o.a.s.s.b.a.SeataAutoConfiguration       : Automatically configure Seata
23:26:42:104  INFO 18648 --- [item-service] [main] ServiceLoader$InnerEnhancedServiceLoader : Load compatible class io.seata.spring.annotation.ScannerChecker
23:26:42:168  INFO 18648 --- [item-service] [main] ServiceLoader$InnerEnhancedServiceLoader : Ignore load compatible class io.seata.config.ExtConfigurationProvider, because is not assignable from origin type org.apache.seata.config.ExtConfigurationProvider
23:26:42:179  INFO 18648 --- [item-service] [main] o.a.seata.config.ConfigurationFactory    : load Configuration from :Spring Configuration
23:26:42:204  INFO 18648 --- [item-service] [main] ServiceLoader$InnerEnhancedServiceLoader : Load compatible class io.seata.integration.tx.api.remoting.RemotingParser
23:26:42:206  INFO 18648 --- [item-service] [main] o.a.s.s.a.GlobalTransactionScanner       : Initializing Global Transaction Clients ... 
23:26:42:304  INFO 18648 --- [item-service] [main] ServiceLoader$InnerEnhancedServiceLoader : Load compatible class io.seata.core.auth.AuthSigner
23:26:42:321  INFO 18648 --- [item-service] [main] o.a.s.c.rpc.netty.NettyClientBootstrap   : NettyClientBootstrap has started
23:26:42:330  INFO 18648 --- [item-service] [main] o.a.s.d.registry.RegistryFactory         : use registry center type: file
23:26:42:336  INFO 18648 --- [item-service] [main] ServiceLoader$InnerEnhancedServiceLoader : Load compatible class io.seata.discovery.registry.RegistryProvider
23:26:42:341  INFO 18648 --- [item-service] [main] o.a.s.c.r.n.NettyClientChannelManager    : will connect to 192.168.68.128:8099
23:26:42:347  INFO 18648 --- [item-service] [main] o.a.s.c.rpc.netty.NettyPoolableFactory   : NettyPool create channel to transactionRole:TMROLE,address:192.168.68.128:8099,msg:< RegisterTMRequest{version='2.1.0', applicationId='item-service', transactionServiceGroup='hmall', extraData='ak=null
digest=hmall,172.29.160.1,1790609202344
timestamp=1790609202344
authVersion=V4
vgroup=hmall
ip=172.29.160.1
'} >
23:26:42:453  INFO 18648 --- [item-service] [NettyClientSelector_TMROLE_1_1] ServiceLoader$InnerEnhancedServiceLoader : Load compatible class io.seata.core.serializer.Serializer
23:26:42:477  INFO 18648 --- [item-service] [main] o.a.s.c.rpc.netty.TmNettyRemotingClient  : register TM success. client version:2.1.0, server version:2.0.0,channel:[id: 0xf50f4dd1, L:/192.168.68.1:12291 - R:/192.168.68.128:8099]
23:26:42:481  INFO 18648 --- [item-service] [main] o.a.s.c.rpc.netty.NettyPoolableFactory   : register success, cost 51 ms, version:2.0.0,role:TMROLE,channel:[id: 0xf50f4dd1, L:/192.168.68.1:12291 - R:/192.168.68.128:8099]
23:26:42:482  INFO 18648 --- [item-service] [main] o.a.s.s.a.GlobalTransactionScanner       : Transaction Manager Client is initialized. applicationId[item-service] txServiceGroup[hmall]
23:26:42:496  INFO 18648 --- [item-service] [main] ServiceLoader$InnerEnhancedServiceLoader : Load compatible class io.seata.core.model.ResourceManager
23:26:42:499  INFO 18648 --- [item-service] [main] o.a.seata.rm.datasource.AsyncWorker      : Async Commit Buffer Limit: 10000
23:26:42:501  INFO 18648 --- [item-service] [main] o.a.s.r.datasource.xa.ResourceManagerXA  : ResourceManagerXA init ...
23:26:42:508  INFO 18648 --- [item-service] [main] o.a.s.c.rpc.netty.NettyClientBootstrap   : NettyClientBootstrap has started
23:26:42:508  INFO 18648 --- [item-service] [main] o.a.s.s.a.GlobalTransactionScanner       : Resource Manager is initialized. applicationId[item-service] txServiceGroup[hmall]
23:26:42:508  INFO 18648 --- [item-service] [main] o.a.s.s.a.GlobalTransactionScanner       : Global Transaction Clients are initialized. 
23:26:42:561  INFO 18648 --- [item-service] [main] o.a.s.s.a.GlobalTransactionScanner       : The needed enhancement business beans are : []
23:26:42:584  INFO 18648 --- [item-service] [main] ServiceLoader$InnerEnhancedServiceLoader : Load compatible class io.seata.core.context.ContextCore
23:26:42:900  WARN 18648 --- [item-service] [main] trationDelegate$BeanPostProcessorChecker : Bean 'org.springframework.cloud.client.loadbalancer.LoadBalancerAutoConfiguration$DeferringLoadBalancerInterceptorConfig' of type [org.springframework.cloud.client.loadbalancer.LoadBalancerAutoConfiguration$DeferringLoadBalancerInterceptorConfig] is not eligible for getting processed by all BeanPostProcessors (for example: not eligible for auto-proxying). The currently created BeanPostProcessor [lbRestClientPostProcessor] is declared through a non-static factory method on that class; consider declaring it as static instead.
23:26:42:904  WARN 18648 --- [item-service] [main] trationDelegate$BeanPostProcessorChecker : Bean 'deferringLoadBalancerInterceptor' of type [org.springframework.cloud.client.loadbalancer.DeferringLoadBalancerInterceptor] is not eligible for getting processed by all BeanPostProcessors (for example: not eligible for auto-proxying). Is this bean getting eagerly injected/applied to a currently created BeanPostProcessor [lbRestClientPostProcessor]? Check the corresponding BeanPostProcessor declaration and its dependencies/advisors. If this bean does not have to be post-processed, declare it with ROLE_INFRASTRUCTURE.
23:26:43:038  INFO 18648 --- [item-service] [main] com.zaxxer.hikari.HikariDataSource       : HikariPool-1 - Starting...
23:26:43:243  INFO 18648 --- [item-service] [main] com.zaxxer.hikari.pool.HikariPool        : HikariPool-1 - Added connection com.mysql.cj.jdbc.ConnectionImpl@7ef4aceb
23:26:43:246  INFO 18648 --- [item-service] [main] com.zaxxer.hikari.HikariDataSource       : HikariPool-1 - Start completed.
23:26:43:356  INFO 18648 --- [item-service] [main] o.a.s.c.r.n.NettyClientChannelManager    : will connect to 192.168.68.128:8099
23:26:43:357  INFO 18648 --- [item-service] [main] o.a.s.c.rpc.netty.RmNettyRemotingClient  : RM will register :jdbc:mysql://192.168.68.128:3307/hm-item
23:26:43:358  INFO 18648 --- [item-service] [main] o.a.s.c.rpc.netty.NettyPoolableFactory   : NettyPool create channel to transactionRole:RMROLE,address:192.168.68.128:8099,msg:< RegisterRMRequest{resourceIds='jdbc:mysql://192.168.68.128:3307/hm-item', version='2.1.0', applicationId='item-service', transactionServiceGroup='hmall', extraData='null'} >
23:26:43:369  INFO 18648 --- [item-service] [main] o.a.s.c.rpc.netty.RmNettyRemotingClient  : register RM success. client version:2.1.0, server version:2.0.0,channel:[id: 0x4d45261c, L:/192.168.68.1:12294 - R:/192.168.68.128:8099]
23:26:43:369  INFO 18648 --- [item-service] [main] o.a.s.c.rpc.netty.NettyPoolableFactory   : register success, cost 10 ms, version:2.0.0,role:RMROLE,channel:[id: 0x4d45261c, L:/192.168.68.1:12294 - R:/192.168.68.128:8099]
23:26:43:373  INFO 18648 --- [item-service] [main] .s.s.a.d.SeataAutoDataSourceProxyCreator : Auto proxy data source 'dataSource' by 'AT' mode.
23:26:43:923  INFO 18648 --- [item-service] [main] c.a.c.sentinel.SentinelWebMvcConfigurer  : [Sentinel Starter] register SentinelWebInterceptor with urlPatterns: [/**].
23:26:50:548  INFO 18648 --- [item-service] [main] m.e.s.MybatisPlusApplicationContextAware : Register ApplicationContext instances org.springframework.web.context.support.GenericWebApplicationContext@4fe875be
23:26:51:126  INFO 18648 --- [item-service] [main] c.g.item.elastic.ElasticDSLSearchTest    : Started ElasticDSLSearchTest in 11.069 seconds (process running for 12.278)
23:27:06:525  WARN 18648 --- [item-service] [Thread-2] c.a.n.common.executor.ThreadPoolManager  : [ThreadPoolManager] Start destroying ThreadPool
23:27:06:526  WARN 18648 --- [item-service] [Thread-2] c.a.n.common.executor.ThreadPoolManager  : [ThreadPoolManager] Destruction of the end
23:38:07:362  INFO 9820 --- [item-service] [main] c.a.nacos.client.logging.NacosLogging    : Nacos Logging Adapter Builder: com.alibaba.nacos.logger.adapter.logback12.LogbackNacosLoggingAdapterBuilder
23:38:07:372  INFO 9820 --- [item-service] [main] c.a.nacos.client.logging.NacosLogging    : Nacos Logging Adapter Builder: com.alibaba.nacos.logger.adapter.logback14.LogbackNacosLoggingAdapterBuilder
23:38:07:373  INFO 9820 --- [item-service] [main] c.a.nacos.client.logging.NacosLogging    : Nacos Logging Adapter: com.alibaba.nacos.logger.adapter.logback14.LogbackNacosLoggingAdapter match ch.qos.logback.classic.Logger success.
23:38:07:380  INFO 9820 --- [item-service] [main] c.a.nacos.client.logging.NacosLogging    : Nacos Logging Adapter Builder: com.alibaba.nacos.logger.adapter.log4j2.Log4j2NacosLoggingAdapterBuilder
23:38:07:479  WARN 9820 --- [item-service] [main] c.a.nacos.client.logging.NacosLogging    : Load ch.qos.logback.classic.Logger Configuration of Nacos fail, message: 'void ch.qos.logback.core.model.ModelUtil.setProperty(ch.qos.logback.core.model.processor.ModelInterpretationContext, java.lang.String, java.lang.String, ch.qos.logback.core.joran.action.ActionUtil$Scope)'
23:38:07:542  WARN 9820 --- [item-service] [main] c.a.nacos.client.logging.NacosLogging    : Load ch.qos.logback.classic.Logger Configuration of Nacos fail, message: 'void ch.qos.logback.core.model.ModelUtil.setProperty(ch.qos.logback.core.model.processor.ModelInterpretationContext, java.lang.String, java.lang.String, ch.qos.logback.core.joran.action.ActionUtil$Scope)'
23:38:07:554  INFO 9820 --- [item-service] [main] c.g.item.elastic.ElasticDSLSearchTest    : Starting ElasticDSLSearchTest using Java 21.0.11 with PID 9820 (started by lindu in E:\hmall\hm-item\item-service)
23:38:07:555  INFO 9820 --- [item-service] [main] c.g.item.elastic.ElasticDSLSearchTest    : The following 1 profile is active: "local"
23:38:08:774  INFO 9820 --- [item-service] [main] o.s.cloud.context.scope.GenericScope     : BeanFactory id=47d6e0ea-b2a4-3bea-86c5-5bfe4470e366
23:38:08:885  WARN 9820 --- [item-service] [main] trationDelegate$BeanPostProcessorChecker : Bean 'org.apache.seata.spring.boot.autoconfigure.SeataCoreAutoConfiguration' of type [org.apache.seata.spring.boot.autoconfigure.SeataCoreAutoConfiguration] is not eligible for getting processed by all BeanPostProcessors (for example: not eligible for auto-proxying). Is this bean getting eagerly injected/applied to a currently created BeanPostProcessor []? Check the corresponding BeanPostProcessor declaration and its dependencies/advisors. If this bean does not have to be post-processed, declare it with ROLE_INFRASTRUCTURE.
23:38:08:886  WARN 9820 --- [item-service] [main] trationDelegate$BeanPostProcessorChecker : Bean 'springApplicationContextProvider' of type [org.apache.seata.spring.boot.autoconfigure.provider.SpringApplicationContextProvider] is not eligible for getting processed by all BeanPostProcessors (for example: not eligible for auto-proxying). Is this bean getting eagerly injected/applied to a currently created BeanPostProcessor []? Check the corresponding BeanPostProcessor declaration and its dependencies/advisors. If this bean does not have to be post-processed, declare it with ROLE_INFRASTRUCTURE.
23:38:08:887  WARN 9820 --- [item-service] [main] trationDelegate$BeanPostProcessorChecker : Bean 'org.apache.seata.spring.boot.autoconfigure.SeataAutoConfiguration' of type [org.apache.seata.spring.boot.autoconfigure.SeataAutoConfiguration] is not eligible for getting processed by all BeanPostProcessors (for example: not eligible for auto-proxying). Is this bean getting eagerly injected/applied to a currently created BeanPostProcessor []? Check the corresponding BeanPostProcessor declaration and its dependencies/advisors. If this bean does not have to be post-processed, declare it with ROLE_INFRASTRUCTURE.
23:38:08:953  WARN 9820 --- [item-service] [main] trationDelegate$BeanPostProcessorChecker : Bean 'failureHandler' of type [org.apache.seata.tm.api.DefaultFailureHandlerImpl] is not eligible for getting processed by all BeanPostProcessors (for example: not eligible for auto-proxying). Is this bean getting eagerly injected/applied to a currently created BeanPostProcessor []? Check the corresponding BeanPostProcessor declaration and its dependencies/advisors. If this bean does not have to be post-processed, declare it with ROLE_INFRASTRUCTURE.
23:38:08:960  WARN 9820 --- [item-service] [main] trationDelegate$BeanPostProcessorChecker : Bean 'org.springframework.cloud.commons.config.CommonsConfigAutoConfiguration' of type [org.springframework.cloud.commons.config.CommonsConfigAutoConfiguration] is not eligible for getting processed by all BeanPostProcessors (for example: not eligible for auto-proxying). Is this bean getting eagerly injected/applied to a currently created BeanPostProcessor [globalTransactionScanner]? Check the corresponding BeanPostProcessor declaration and its dependencies/advisors. If this bean does not have to be post-processed, declare it with ROLE_INFRASTRUCTURE.
23:38:08:964  WARN 9820 --- [item-service] [main] trationDelegate$BeanPostProcessorChecker : Bean 'org.springframework.cloud.client.loadbalancer.LoadBalancerDefaultMappingsProviderAutoConfiguration' of type [org.springframework.cloud.client.loadbalancer.LoadBalancerDefaultMappingsProviderAutoConfiguration] is not eligible for getting processed by all BeanPostProcessors (for example: not eligible for auto-proxying). Is this bean getting eagerly injected/applied to a currently created BeanPostProcessor [globalTransactionScanner]? Check the corresponding BeanPostProcessor declaration and its dependencies/advisors. If this bean does not have to be post-processed, declare it with ROLE_INFRASTRUCTURE.
23:38:08:965  WARN 9820 --- [item-service] [main] trationDelegate$BeanPostProcessorChecker : Bean 'loadBalancerClientsDefaultsMappingsProvider' of type [org.springframework.cloud.client.loadbalancer.LoadBalancerDefaultMappingsProviderAutoConfiguration$$Lambda/0x000002ead25bc130] is not eligible for getting processed by all BeanPostProcessors (for example: not eligible for auto-proxying). Is this bean getting eagerly injected/applied to a currently created BeanPostProcessor [globalTransactionScanner]? Check the corresponding BeanPostProcessor declaration and its dependencies/advisors. If this bean does not have to be post-processed, declare it with ROLE_INFRASTRUCTURE.
23:38:08:967  WARN 9820 --- [item-service] [main] trationDelegate$BeanPostProcessorChecker : Bean 'defaultsBindHandlerAdvisor' of type [org.springframework.cloud.commons.config.DefaultsBindHandlerAdvisor] is not eligible for getting processed by all BeanPostProcessors (for example: not eligible for auto-proxying). Is this bean getting eagerly injected/applied to a currently created BeanPostProcessor [globalTransactionScanner]? Check the corresponding BeanPostProcessor declaration and its dependencies/advisors. If this bean does not have to be post-processed, declare it with ROLE_INFRASTRUCTURE.
23:38:08:972  WARN 9820 --- [item-service] [main] trationDelegate$BeanPostProcessorChecker : Bean 'springCloudAlibabaConfiguration' of type [org.apache.seata.spring.boot.autoconfigure.properties.SpringCloudAlibabaConfiguration] is not eligible for getting processed by all BeanPostProcessors (for example: not eligible for auto-proxying). Is this bean getting eagerly injected/applied to a currently created BeanPostProcessor [globalTransactionScanner]? Check the corresponding BeanPostProcessor declaration and its dependencies/advisors. If this bean does not have to be post-processed, declare it with ROLE_INFRASTRUCTURE.
23:38:08:979  WARN 9820 --- [item-service] [main] trationDelegate$BeanPostProcessorChecker : Bean 'seataProperties' of type [org.apache.seata.spring.boot.autoconfigure.properties.SeataProperties] is not eligible for getting processed by all BeanPostProcessors (for example: not eligible for auto-proxying). Is this bean getting eagerly injected/applied to a currently created BeanPostProcessor [globalTransactionScanner]? Check the corresponding BeanPostProcessor declaration and its dependencies/advisors. If this bean does not have to be post-processed, declare it with ROLE_INFRASTRUCTURE.
23:38:08:982  INFO 9820 --- [item-service] [main] o.a.s.s.b.a.SeataAutoConfiguration       : Automatically configure Seata
23:38:09:004  INFO 9820 --- [item-service] [main] ServiceLoader$InnerEnhancedServiceLoader : Load compatible class io.seata.spring.annotation.ScannerChecker
23:38:09:065  INFO 9820 --- [item-service] [main] ServiceLoader$InnerEnhancedServiceLoader : Ignore load compatible class io.seata.config.ExtConfigurationProvider, because is not assignable from origin type org.apache.seata.config.ExtConfigurationProvider
23:38:09:078  INFO 9820 --- [item-service] [main] o.a.seata.config.ConfigurationFactory    : load Configuration from :Spring Configuration
23:38:09:099  INFO 9820 --- [item-service] [main] ServiceLoader$InnerEnhancedServiceLoader : Load compatible class io.seata.integration.tx.api.remoting.RemotingParser
23:38:09:101  INFO 9820 --- [item-service] [main] o.a.s.s.a.GlobalTransactionScanner       : Initializing Global Transaction Clients ... 
23:38:09:184  INFO 9820 --- [item-service] [main] ServiceLoader$InnerEnhancedServiceLoader : Load compatible class io.seata.core.auth.AuthSigner
23:38:09:202  INFO 9820 --- [item-service] [main] o.a.s.c.rpc.netty.NettyClientBootstrap   : NettyClientBootstrap has started
23:38:09:209  INFO 9820 --- [item-service] [main] o.a.s.d.registry.RegistryFactory         : use registry center type: file
23:38:09:215  INFO 9820 --- [item-service] [main] ServiceLoader$InnerEnhancedServiceLoader : Load compatible class io.seata.discovery.registry.RegistryProvider
23:38:09:219  INFO 9820 --- [item-service] [main] o.a.s.c.r.n.NettyClientChannelManager    : will connect to 192.168.68.128:8099
23:38:09:225  INFO 9820 --- [item-service] [main] o.a.s.c.rpc.netty.NettyPoolableFactory   : NettyPool create channel to transactionRole:TMROLE,address:192.168.68.128:8099,msg:< RegisterTMRequest{version='2.1.0', applicationId='item-service', transactionServiceGroup='hmall', extraData='ak=null
digest=hmall,172.29.160.1,1790609889223
timestamp=1790609889223
authVersion=V4
vgroup=hmall
ip=172.29.160.1
'} >
23:38:09:325  INFO 9820 --- [item-service] [NettyClientSelector_TMROLE_1_1] ServiceLoader$InnerEnhancedServiceLoader : Load compatible class io.seata.core.serializer.Serializer
23:38:09:351  INFO 9820 --- [item-service] [main] o.a.s.c.rpc.netty.TmNettyRemotingClient  : register TM success. client version:2.1.0, server version:2.0.0,channel:[id: 0x7bae31c3, L:/192.168.68.1:4177 - R:/192.168.68.128:8099]
23:38:09:355  INFO 9820 --- [item-service] [main] o.a.s.c.rpc.netty.NettyPoolableFactory   : register success, cost 54 ms, version:2.0.0,role:TMROLE,channel:[id: 0x7bae31c3, L:/192.168.68.1:4177 - R:/192.168.68.128:8099]
23:38:09:356  INFO 9820 --- [item-service] [main] o.a.s.s.a.GlobalTransactionScanner       : Transaction Manager Client is initialized. applicationId[item-service] txServiceGroup[hmall]
23:38:09:370  INFO 9820 --- [item-service] [main] ServiceLoader$InnerEnhancedServiceLoader : Load compatible class io.seata.core.model.ResourceManager
23:38:09:373  INFO 9820 --- [item-service] [main] o.a.seata.rm.datasource.AsyncWorker      : Async Commit Buffer Limit: 10000
23:38:09:373  INFO 9820 --- [item-service] [main] o.a.s.r.datasource.xa.ResourceManagerXA  : ResourceManagerXA init ...
23:38:09:379  INFO 9820 --- [item-service] [main] o.a.s.c.rpc.netty.NettyClientBootstrap   : NettyClientBootstrap has started
23:38:09:379  INFO 9820 --- [item-service] [main] o.a.s.s.a.GlobalTransactionScanner       : Resource Manager is initialized. applicationId[item-service] txServiceGroup[hmall]
23:38:09:379  INFO 9820 --- [item-service] [main] o.a.s.s.a.GlobalTransactionScanner       : Global Transaction Clients are initialized. 
23:38:09:435  INFO 9820 --- [item-service] [main] o.a.s.s.a.GlobalTransactionScanner       : The needed enhancement business beans are : []
23:38:09:462  INFO 9820 --- [item-service] [main] ServiceLoader$InnerEnhancedServiceLoader : Load compatible class io.seata.core.context.ContextCore
23:38:09:781  WARN 9820 --- [item-service] [main] trationDelegate$BeanPostProcessorChecker : Bean 'org.springframework.cloud.client.loadbalancer.LoadBalancerAutoConfiguration$DeferringLoadBalancerInterceptorConfig' of type [org.springframework.cloud.client.loadbalancer.LoadBalancerAutoConfiguration$DeferringLoadBalancerInterceptorConfig] is not eligible for getting processed by all BeanPostProcessors (for example: not eligible for auto-proxying). The currently created BeanPostProcessor [lbRestClientPostProcessor] is declared through a non-static factory method on that class; consider declaring it as static instead.
23:38:09:784  WARN 9820 --- [item-service] [main] trationDelegate$BeanPostProcessorChecker : Bean 'deferringLoadBalancerInterceptor' of type [org.springframework.cloud.client.loadbalancer.DeferringLoadBalancerInterceptor] is not eligible for getting processed by all BeanPostProcessors (for example: not eligible for auto-proxying). Is this bean getting eagerly injected/applied to a currently created BeanPostProcessor [lbRestClientPostProcessor]? Check the corresponding BeanPostProcessor declaration and its dependencies/advisors. If this bean does not have to be post-processed, declare it with ROLE_INFRASTRUCTURE.
23:38:09:901  INFO 9820 --- [item-service] [main] com.zaxxer.hikari.HikariDataSource       : HikariPool-1 - Starting...
23:38:10:125  INFO 9820 --- [item-service] [main] com.zaxxer.hikari.pool.HikariPool        : HikariPool-1 - Added connection com.mysql.cj.jdbc.ConnectionImpl@16d4024e
23:38:10:127  INFO 9820 --- [item-service] [main] com.zaxxer.hikari.HikariDataSource       : HikariPool-1 - Start completed.
23:38:10:225  INFO 9820 --- [item-service] [main] o.a.s.c.r.n.NettyClientChannelManager    : will connect to 192.168.68.128:8099
23:38:10:225  INFO 9820 --- [item-service] [main] o.a.s.c.rpc.netty.RmNettyRemotingClient  : RM will register :jdbc:mysql://192.168.68.128:3307/hm-item
23:38:10:226  INFO 9820 --- [item-service] [main] o.a.s.c.rpc.netty.NettyPoolableFactory   : NettyPool create channel to transactionRole:RMROLE,address:192.168.68.128:8099,msg:< RegisterRMRequest{resourceIds='jdbc:mysql://192.168.68.128:3307/hm-item', version='2.1.0', applicationId='item-service', transactionServiceGroup='hmall', extraData='null'} >
23:38:10:232  INFO 9820 --- [item-service] [main] o.a.s.c.rpc.netty.RmNettyRemotingClient  : register RM success. client version:2.1.0, server version:2.0.0,channel:[id: 0xb27bfdaa, L:/192.168.68.1:4179 - R:/192.168.68.128:8099]
23:38:10:233  INFO 9820 --- [item-service] [main] o.a.s.c.rpc.netty.NettyPoolableFactory   : register success, cost 6 ms, version:2.0.0,role:RMROLE,channel:[id: 0xb27bfdaa, L:/192.168.68.1:4179 - R:/192.168.68.128:8099]
23:38:10:235  INFO 9820 --- [item-service] [main] .s.s.a.d.SeataAutoDataSourceProxyCreator : Auto proxy data source 'dataSource' by 'AT' mode.
23:38:10:778  INFO 9820 --- [item-service] [main] c.a.c.sentinel.SentinelWebMvcConfigurer  : [Sentinel Starter] register SentinelWebInterceptor with urlPatterns: [/**].
23:38:17:405  INFO 9820 --- [item-service] [main] m.e.s.MybatisPlusApplicationContextAware : Register ApplicationContext instances org.springframework.web.context.support.GenericWebApplicationContext@2571066a
23:38:17:939  INFO 9820 --- [item-service] [main] c.g.item.elastic.ElasticDSLSearchTest    : Started ElasticDSLSearchTest in 10.999 seconds (process running for 12.429)
23:38:18:530  INFO 9820 --- [item-service] [main] c.g.item.elastic.ElasticDSLSearchTest    : 【6灌装两瓶减3元】德国原装进口（Weidendorf）德亚<em>牛奶</em>全脂纯牛奶<em>脱脂</em><em>牛奶</em> <em>脱脂</em><em>牛奶</em>*12罐
23:38:18:530  INFO 9820 --- [item-service] [main] c.g.item.elastic.ElasticDSLSearchTest    : 意大利 进口<em>牛奶</em> 葛兰纳诺<em>脱脂</em>纯牛奶 成人<em>牛奶</em>  进口<em>脱脂</em>纯牛奶1Lx6盒
23:38:18:531  INFO 9820 --- [item-service] [main] c.g.item.elastic.ElasticDSLSearchTest    : 【沃尔玛】艾思达/ASDA纯牛奶 灭菌乳 早餐奶 <em>牛奶</em> 英国 进口 全脂\<em>脱脂</em>\部分<em>脱脂</em> 部分<em>脱脂</em><em>牛奶</em> 1L*6
23:38:18:531  INFO 9820 --- [item-service] [main] c.g.item.elastic.ElasticDSLSearchTest    : 【沃尔玛】艾思达/ASDA纯牛奶 灭菌乳 早餐奶 <em>牛奶</em> 英国 进口 全脂\<em>脱脂</em>\部分<em>脱脂</em> 部分<em>脱脂</em><em>牛奶</em> 1L*6
23:38:18:531  INFO 9820 --- [item-service] [main] c.g.item.elastic.ElasticDSLSearchTest    : 1L*2瓶德国进口<em>脱脂</em><em>牛奶</em>装甘蒂牧场 MUH牧牌<em>牛奶</em><em>脱脂</em>进口纯牛奶
23:38:18:531  INFO 9820 --- [item-service] [main] c.g.item.elastic.ElasticDSLSearchTest    : 德国进口好沃德<em>脱脂</em>无脂纯牛奶无脂肪<em>牛奶</em>整箱 <em>脱脂</em><em>牛奶</em>1L12盒
23:38:18:531  INFO 9820 --- [item-service] [main] c.g.item.elastic.ElasticDSLSearchTest    : 德质<em>牛奶</em>德国进口<em>牛奶</em><em>脱脂</em><em>牛奶</em>成人高钙纯牛奶490ml（保质期19年9月） 490ml*15瓶/箱（赠<em>脱脂</em>6瓶）
23:38:18:531  INFO 9820 --- [item-service] [main] c.g.item.elastic.ElasticDSLSearchTest    : 【6灌装两瓶减3元】德国原装进口（Weidendorf）德亚<em>牛奶</em>全脂纯牛奶<em>脱脂</em><em>牛奶</em> <em>脱脂</em><em>牛奶</em>*6罐（两份立减5元）
23:38:18:532  INFO 9820 --- [item-service] [main] c.g.item.elastic.ElasticDSLSearchTest    : 【6灌装两瓶减3元】德国原装进口（Weidendorf）德亚<em>牛奶</em>全脂纯牛奶<em>脱脂</em><em>牛奶</em> <em>脱脂</em><em>牛奶</em>*6罐（两份立减5元）
23:38:18:532  INFO 9820 --- [item-service] [main] c.g.item.elastic.ElasticDSLSearchTest    : 【包邮】德国进口Weidendorf德亚<em>脱脂</em><em>牛奶</em>200ml*12盒进口早餐纯牛奶全脂 <em>脱脂</em><em>牛奶</em>200ml*12盒
23:38:18:547  WARN 9820 --- [item-service] [Thread-2] c.a.n.common.executor.ThreadPoolManager  : [ThreadPoolManager] Start destroying ThreadPool
23:38:18:547  WARN 9820 --- [item-service] [Thread-2] c.a.n.common.executor.ThreadPoolManager  : [ThreadPoolManager] Destruction of the end
23:38:28:553  INFO 9820 --- [item-service] [SpringContextShutdownHook] com.zaxxer.hikari.HikariDataSource       : HikariPool-1 - Shutdown initiated...
23:38:28:559  INFO 9820 --- [item-service] [SpringContextShutdownHook] com.zaxxer.hikari.HikariDataSource       : HikariPool-1 - Shutdown completed.
23:38:28:561  INFO 9820 --- [item-service] [NettyClientSelector_TMROLE_1_1] o.a.s.c.r.n.AbstractNettyRemotingClient  : channel inactive: [id: 0x7bae31c3, L:/192.168.68.1:4177 ! R:/192.168.68.128:8099]
23:38:28:562  INFO 9820 --- [item-service] [NettyClientSelector_TMROLE_1_1] o.a.s.c.r.n.NettyClientChannelManager    : return to pool, rm channel:[id: 0x7bae31c3, L:/192.168.68.1:4177 ! R:/192.168.68.128:8099]
23:38:28:562  INFO 9820 --- [item-service] [NettyClientSelector_TMROLE_1_1] o.a.s.c.rpc.netty.NettyPoolableFactory   : channel valid false,channel:[id: 0x7bae31c3, L:/192.168.68.1:4177 ! R:/192.168.68.128:8099]
23:38:28:562  INFO 9820 --- [item-service] [NettyClientSelector_TMROLE_1_1] o.a.s.c.rpc.netty.NettyPoolableFactory   : will destroy channel:[id: 0x7bae31c3, L:/192.168.68.1:4177 ! R:/192.168.68.128:8099]
23:38:28:562  INFO 9820 --- [item-service] [NettyClientSelector_TMROLE_1_1] o.a.s.c.r.n.AbstractNettyRemotingClient  : ChannelHandlerContext(AbstractNettyRemotingClient$ClientHandler#0, [id: 0x7bae31c3, L:/192.168.68.1:4177 ! R:/192.168.68.128:8099]) will closed
23:38:28:563  INFO 9820 --- [item-service] [NettyClientSelector_TMROLE_1_1] o.a.s.c.r.n.AbstractNettyRemotingClient  : ChannelHandlerContext(AbstractNettyRemotingClient$ClientHandler#0, [id: 0x7bae31c3, L:/192.168.68.1:4177 ! R:/192.168.68.128:8099]) will closed
23:38:28:563  INFO 9820 --- [item-service] [NettyClientSelector_RMROLE_1_1] o.a.s.c.r.n.AbstractNettyRemotingClient  : channel inactive: [id: 0xb27bfdaa, L:/192.168.68.1:4179 ! R:/192.168.68.128:8099]
23:38:28:563  INFO 9820 --- [item-service] [NettyClientSelector_RMROLE_1_1] o.a.s.c.r.n.NettyClientChannelManager    : return to pool, rm channel:[id: 0xb27bfdaa, L:/192.168.68.1:4179 ! R:/192.168.68.128:8099]
23:38:28:563  INFO 9820 --- [item-service] [NettyClientSelector_RMROLE_1_1] o.a.s.c.rpc.netty.NettyPoolableFactory   : channel valid false,channel:[id: 0xb27bfdaa, L:/192.168.68.1:4179 ! R:/192.168.68.128:8099]
23:38:28:563  INFO 9820 --- [item-service] [NettyClientSelector_RMROLE_1_1] o.a.s.c.rpc.netty.NettyPoolableFactory   : will destroy channel:[id: 0xb27bfdaa, L:/192.168.68.1:4179 ! R:/192.168.68.128:8099]
23:38:28:564  INFO 9820 --- [item-service] [NettyClientSelector_RMROLE_1_1] o.a.s.c.r.n.AbstractNettyRemotingClient  : ChannelHandlerContext(AbstractNettyRemotingClient$ClientHandler#0, [id: 0xb27bfdaa, L:/192.168.68.1:4179 ! R:/192.168.68.128:8099]) will closed
23:38:28:564  INFO 9820 --- [item-service] [NettyClientSelector_RMROLE_1_1] o.a.s.c.r.n.AbstractNettyRemotingClient  : ChannelHandlerContext(AbstractNettyRemotingClient$ClientHandler#0, [id: 0xb27bfdaa, L:/192.168.68.1:4179 ! R:/192.168.68.128:8099]) will closed
