00:01:45:650  WARN 12036 --- [cart-service] [Thread-18] c.a.n.common.http.HttpClientBeanHolder   : [HttpClientBeanHolder] Start destroying common HttpClient
00:01:45:650  WARN 12036 --- [cart-service] [Thread-2] c.a.n.common.executor.ThreadPoolManager  : [ThreadPoolManager] Start destroying ThreadPool
00:01:45:651  WARN 12036 --- [cart-service] [Thread-16] c.a.nacos.common.notify.NotifyCenter     : [NotifyCenter] Start destroying Publisher
00:01:45:654  WARN 12036 --- [cart-service] [Thread-16] c.a.nacos.common.notify.NotifyCenter     : [NotifyCenter] Destruction of the end
00:01:45:654  WARN 12036 --- [cart-service] [Thread-2] c.a.n.common.executor.ThreadPoolManager  : [ThreadPoolManager] Destruction of the end
00:01:45:654  WARN 12036 --- [cart-service] [Thread-18] c.a.n.common.http.HttpClientBeanHolder   : [HttpClientBeanHolder] Destruction of the end
00:01:45:656  INFO 12036 --- [cart-service] [SpringApplicationShutdownHook] c.a.c.n.registry.NacosServiceRegistry    : De-registering from Nacos Server now...
00:01:45:668  INFO 12036 --- [cart-service] [SpringApplicationShutdownHook] c.a.c.n.registry.NacosServiceRegistry    : De-registration finished.
00:01:52:029  INFO 19196 --- [cart-service] [main] c.a.nacos.client.logging.NacosLogging    : Nacos Logging Adapter Builder: com.alibaba.nacos.logger.adapter.logback12.LogbackNacosLoggingAdapterBuilder
00:01:52:045  INFO 19196 --- [cart-service] [main] c.a.nacos.client.logging.NacosLogging    : Nacos Logging Adapter Builder: com.alibaba.nacos.logger.adapter.logback14.LogbackNacosLoggingAdapterBuilder
00:01:52:046  INFO 19196 --- [cart-service] [main] c.a.nacos.client.logging.NacosLogging    : Nacos Logging Adapter: com.alibaba.nacos.logger.adapter.logback14.LogbackNacosLoggingAdapter match ch.qos.logback.classic.Logger success.
00:01:52:052  INFO 19196 --- [cart-service] [main] c.a.nacos.client.logging.NacosLogging    : Nacos Logging Adapter Builder: com.alibaba.nacos.logger.adapter.log4j2.Log4j2NacosLoggingAdapterBuilder
00:01:52:302  INFO 19196 --- [cart-service] [main] com.george.cart.CartApplication          : Starting CartApplication using Java 21.0.11 with PID 19196 (E:\download\SpringCloud\day02-Docker\Source\hmall\hm-cart\cart-service\target\classes started by lindu in E:\download\SpringCloud\day02-Docker\Source\hmall)
00:01:52:303  INFO 19196 --- [cart-service] [main] com.george.cart.CartApplication          : The following 1 profile is active: "local"
00:01:53:005  INFO 19196 --- [cart-service] [main] .s.d.r.c.RepositoryConfigurationDelegate : Multiple Spring Data modules found, entering strict repository configuration mode
00:01:53:007  INFO 19196 --- [cart-service] [main] .s.d.r.c.RepositoryConfigurationDelegate : Bootstrapping Spring Data Redis repositories in DEFAULT mode.
00:01:53:036  INFO 19196 --- [cart-service] [main] .s.d.r.c.RepositoryConfigurationDelegate : Finished Spring Data repository scanning in 15 ms. Found 0 Redis repository interfaces.
00:01:53:268  INFO 19196 --- [cart-service] [main] o.s.cloud.context.scope.GenericScope     : BeanFactory id=8e1d83b1-e975-34d0-8eac-76560e4b7f6e
00:01:53:697  INFO 19196 --- [cart-service] [main] o.s.b.w.embedded.tomcat.TomcatWebServer  : Tomcat initialized with port 9003 (http)
00:01:53:713  INFO 19196 --- [cart-service] [main] o.apache.catalina.core.StandardService   : Starting service [Tomcat]
00:01:53:713  INFO 19196 --- [cart-service] [main] o.apache.catalina.core.StandardEngine    : Starting Servlet engine: [Apache Tomcat/10.1.55]
00:01:53:784  INFO 19196 --- [cart-service] [main] o.a.c.c.C.[Tomcat].[localhost].[/]       : Initializing Spring embedded WebApplicationContext
00:01:53:784  INFO 19196 --- [cart-service] [main] w.s.c.ServletWebServerApplicationContext : Root WebApplicationContext: initialization completed in 1417 ms
00:01:53:967  INFO 19196 --- [cart-service] [main] o.s.c.openfeign.FeignClientFactoryBean   : For 'item-service' URL not provided. Will try picking an instance via load-balancing.
00:01:54:666  INFO 19196 --- [cart-service] [main] m.e.s.MybatisPlusApplicationContextAware : Register ApplicationContext instances org.springframework.boot.web.servlet.context.AnnotationConfigServletWebServerApplicationContext@3b9d6699
00:01:55:148  INFO 19196 --- [cart-service] [main] o.s.b.w.embedded.tomcat.TomcatWebServer  : Tomcat started on port 9003 (http) with context path '/'
00:01:55:193  INFO 19196 --- [cart-service] [main] c.a.n.p.a.s.c.ClientAuthPluginManager    : [ClientAuthPluginManager] Load ClientAuthService com.alibaba.nacos.client.auth.impl.NacosClientAuthServiceImpl success.
00:01:55:193  INFO 19196 --- [cart-service] [main] c.a.n.p.a.s.c.ClientAuthPluginManager    : [ClientAuthPluginManager] Load ClientAuthService com.alibaba.nacos.client.auth.ram.RamClientAuthServiceImpl success.
00:01:55:861  INFO 19196 --- [cart-service] [main] c.a.n.c.a.AbstractAbilityControlManager  : Ready to get current node abilities...
00:01:55:863  INFO 19196 --- [cart-service] [main] c.a.n.c.a.AbstractAbilityControlManager  : Ready to initialize current node abilities, support modes: [SDK_CLIENT]
00:01:55:863  INFO 19196 --- [cart-service] [main] c.a.n.c.a.AbstractAbilityControlManager  : Initialize current abilities finish...
00:01:55:864  INFO 19196 --- [cart-service] [main] c.a.n.c.a.d.NacosAbilityManagerHolder    : [AbilityControlManager] Successfully initialize AbilityControlManager
00:01:55:903  INFO 19196 --- [cart-service] [main] c.a.c.n.registry.NacosServiceRegistry    : nacos registry, DEFAULT_GROUP cart-service 192.168.108.1:9003 register finished
00:01:55:914  INFO 19196 --- [cart-service] [main] com.george.cart.CartApplication          : Started CartApplication in 4.477 seconds (process running for 5.253)
00:03:12:041  INFO 19196 --- [cart-service] [http-nio-9003-exec-1] o.a.c.c.C.[Tomcat].[localhost].[/]       : Initializing Spring DispatcherServlet 'dispatcherServlet'
00:03:12:041  INFO 19196 --- [cart-service] [http-nio-9003-exec-1] o.s.web.servlet.DispatcherServlet        : Initializing Servlet 'dispatcherServlet'
00:03:12:042  INFO 19196 --- [cart-service] [http-nio-9003-exec-1] o.s.web.servlet.DispatcherServlet        : Completed initialization in 1 ms
00:03:12:179  INFO 19196 --- [cart-service] [http-nio-9003-exec-1] com.zaxxer.hikari.HikariDataSource       : HikariPool-1 - Starting...
00:03:12:422  INFO 19196 --- [cart-service] [http-nio-9003-exec-1] com.zaxxer.hikari.pool.HikariPool        : HikariPool-1 - Added connection com.mysql.cj.jdbc.ConnectionImpl@17937d28
00:03:12:424  INFO 19196 --- [cart-service] [http-nio-9003-exec-1] com.zaxxer.hikari.HikariDataSource       : HikariPool-1 - Start completed.
00:03:13:075 ERROR 19196 --- [cart-service] [http-nio-9003-exec-2] o.a.c.c.C.[.[.[/].[dispatcherServlet]    : Servlet.service() for servlet [dispatcherServlet] in context with path [] threw exception [Request processing failed: feign.FeignException$InternalServerError: [500 ] during [GET] to [http://item-service/items?ids=1&ids=2&ids=3] [ItemClient#getItemsByIds(Collection)]: [<!doctype html><html lang="en"><head><title>HTTP Status 500 – Internal Server Error</title><style type="text/css">body {font-family:Tahoma,Arial,sans-serif;} h1, h2, h3, b {color:white;background-colo... (455 bytes)]] with root cause

feign.FeignException$InternalServerError: [500 ] during [GET] to [http://item-service/items?ids=1&ids=2&ids=3] [ItemClient#getItemsByIds(Collection)]: [<!doctype html><html lang="en"><head><title>HTTP Status 500 – Internal Server Error</title><style type="text/css">body {font-family:Tahoma,Arial,sans-serif;} h1, h2, h3, b {color:white;background-colo... (455 bytes)]
	at feign.FeignException.serverErrorStatus(FeignException.java:281) ~[feign-core-13.6.jar:na]
	at feign.FeignException.errorStatus(FeignException.java:226) ~[feign-core-13.6.jar:na]
	at feign.FeignException.errorStatus(FeignException.java:213) ~[feign-core-13.6.jar:na]
	at feign.codec.ErrorDecoder$Default.decode(ErrorDecoder.java:103) ~[feign-core-13.6.jar:na]
	at feign.InvocationContext.decodeError(InvocationContext.java:133) ~[feign-core-13.6.jar:na]
	at feign.InvocationContext.proceed(InvocationContext.java:80) ~[feign-core-13.6.jar:na]
	at feign.ResponseHandler.handleResponse(ResponseHandler.java:69) ~[feign-core-13.6.jar:na]
	at feign.SynchronousMethodHandler.executeAndDecode(SynchronousMethodHandler.java:109) ~[feign-core-13.6.jar:na]
	at feign.SynchronousMethodHandler.invoke(SynchronousMethodHandler.java:53) ~[feign-core-13.6.jar:na]
	at feign.ReflectiveFeign$FeignInvocationHandler.invoke(ReflectiveFeign.java:104) ~[feign-core-13.6.jar:na]
	at jdk.proxy2/jdk.proxy2.$Proxy96.getItemsByIds(Unknown Source) ~[na:na]
	at com.george.cart.service.impl.CartServiceImpl.handleCartItems(CartServiceImpl.java:97) ~[classes/:na]
	at com.george.cart.service.impl.CartServiceImpl.queryMyCarts(CartServiceImpl.java:69) ~[classes/:na]
	at java.base/jdk.internal.reflect.DirectMethodHandleAccessor.invoke(DirectMethodHandleAccessor.java:103) ~[na:na]
	at java.base/java.lang.reflect.Method.invoke(Method.java:580) ~[na:na]
	at org.springframework.aop.support.AopUtils.invokeJoinpointUsingReflection(AopUtils.java:360) ~[spring-aop-6.2.19.jar:6.2.19]
	at org.springframework.aop.framework.CglibAopProxy$DynamicAdvisedInterceptor.intercept(CglibAopProxy.java:724) ~[spring-aop-6.2.19.jar:6.2.19]
	at com.george.cart.service.impl.CartServiceImpl$$SpringCGLIB$$0.queryMyCarts(<generated>) ~[classes/:na]
	at com.george.cart.controller.CartController.queryMyCarts(CartController.java:37) ~[classes/:na]
	at java.base/jdk.internal.reflect.DirectMethodHandleAccessor.invoke(DirectMethodHandleAccessor.java:103) ~[na:na]
	at java.base/java.lang.reflect.Method.invoke(Method.java:580) ~[na:na]
	at org.springframework.web.method.support.InvocableHandlerMethod.doInvoke(InvocableHandlerMethod.java:258) ~[spring-web-6.2.19.jar:6.2.19]
	at org.springframework.web.method.support.InvocableHandlerMethod.invokeForRequest(InvocableHandlerMethod.java:191) ~[spring-web-6.2.19.jar:6.2.19]
	at org.springframework.web.servlet.mvc.method.annotation.ServletInvocableHandlerMethod.invokeAndHandle(ServletInvocableHandlerMethod.java:118) ~[spring-webmvc-6.2.19.jar:6.2.19]
	at org.springframework.web.servlet.mvc.method.annotation.RequestMappingHandlerAdapter.invokeHandlerMethod(RequestMappingHandlerAdapter.java:991) ~[spring-webmvc-6.2.19.jar:6.2.19]
	at org.springframework.web.servlet.mvc.method.annotation.RequestMappingHandlerAdapter.handleInternal(RequestMappingHandlerAdapter.java:896) ~[spring-webmvc-6.2.19.jar:6.2.19]
	at org.springframework.web.servlet.mvc.method.AbstractHandlerMethodAdapter.handle(AbstractHandlerMethodAdapter.java:87) ~[spring-webmvc-6.2.19.jar:6.2.19]
	at org.springframework.web.servlet.DispatcherServlet.doDispatch(DispatcherServlet.java:1089) ~[spring-webmvc-6.2.19.jar:6.2.19]
	at org.springframework.web.servlet.DispatcherServlet.doService(DispatcherServlet.java:979) ~[spring-webmvc-6.2.19.jar:6.2.19]
	at org.springframework.web.servlet.FrameworkServlet.processRequest(FrameworkServlet.java:1014) ~[spring-webmvc-6.2.19.jar:6.2.19]
	at org.springframework.web.servlet.FrameworkServlet.doGet(FrameworkServlet.java:903) ~[spring-webmvc-6.2.19.jar:6.2.19]
	at jakarta.servlet.http.HttpServlet.service(HttpServlet.java:564) ~[tomcat-embed-core-10.1.55.jar:6.0]
	at org.springframework.web.servlet.FrameworkServlet.service(FrameworkServlet.java:885) ~[spring-webmvc-6.2.19.jar:6.2.19]
	at jakarta.servlet.http.HttpServlet.service(HttpServlet.java:658) ~[tomcat-embed-core-10.1.55.jar:6.0]
	at org.apache.catalina.core.ApplicationFilterChain.internalDoFilter(ApplicationFilterChain.java:193) ~[tomcat-embed-core-10.1.55.jar:10.1.55]
	at org.apache.catalina.core.ApplicationFilterChain.doFilter(ApplicationFilterChain.java:138) ~[tomcat-embed-core-10.1.55.jar:10.1.55]
	at org.apache.tomcat.websocket.server.WsFilter.doFilter(WsFilter.java:51) ~[tomcat-embed-websocket-10.1.55.jar:10.1.55]
	at org.apache.catalina.core.ApplicationFilterChain.internalDoFilter(ApplicationFilterChain.java:162) ~[tomcat-embed-core-10.1.55.jar:10.1.55]
	at org.apache.catalina.core.ApplicationFilterChain.doFilter(ApplicationFilterChain.java:138) ~[tomcat-embed-core-10.1.55.jar:10.1.55]
	at org.springframework.web.filter.RequestContextFilter.doFilterInternal(RequestContextFilter.java:100) ~[spring-web-6.2.19.jar:6.2.19]
	at org.springframework.web.filter.OncePerRequestFilter.doFilter(OncePerRequestFilter.java:116) ~[spring-web-6.2.19.jar:6.2.19]
	at org.apache.catalina.core.ApplicationFilterChain.internalDoFilter(ApplicationFilterChain.java:162) ~[tomcat-embed-core-10.1.55.jar:10.1.55]
	at org.apache.catalina.core.ApplicationFilterChain.doFilter(ApplicationFilterChain.java:138) ~[tomcat-embed-core-10.1.55.jar:10.1.55]
	at org.springframework.web.filter.FormContentFilter.doFilterInternal(FormContentFilter.java:93) ~[spring-web-6.2.19.jar:6.2.19]
	at org.springframework.web.filter.OncePerRequestFilter.doFilter(OncePerRequestFilter.java:116) ~[spring-web-6.2.19.jar:6.2.19]
	at org.apache.catalina.core.ApplicationFilterChain.internalDoFilter(ApplicationFilterChain.java:162) ~[tomcat-embed-core-10.1.55.jar:10.1.55]
	at org.apache.catalina.core.ApplicationFilterChain.doFilter(ApplicationFilterChain.java:138) ~[tomcat-embed-core-10.1.55.jar:10.1.55]
	at org.springframework.web.filter.CharacterEncodingFilter.doFilterInternal(CharacterEncodingFilter.java:201) ~[spring-web-6.2.19.jar:6.2.19]
	at org.springframework.web.filter.OncePerRequestFilter.doFilter(OncePerRequestFilter.java:116) ~[spring-web-6.2.19.jar:6.2.19]
	at org.apache.catalina.core.ApplicationFilterChain.internalDoFilter(ApplicationFilterChain.java:162) ~[tomcat-embed-core-10.1.55.jar:10.1.55]
	at org.apache.catalina.core.ApplicationFilterChain.doFilter(ApplicationFilterChain.java:138) ~[tomcat-embed-core-10.1.55.jar:10.1.55]
	at org.apache.catalina.core.StandardWrapperValve.invoke(StandardWrapperValve.java:165) ~[tomcat-embed-core-10.1.55.jar:10.1.55]
	at org.apache.catalina.core.StandardContextValve.invoke(StandardContextValve.java:88) ~[tomcat-embed-core-10.1.55.jar:10.1.55]
	at org.apache.catalina.authenticator.AuthenticatorBase.invoke(AuthenticatorBase.java:492) ~[tomcat-embed-core-10.1.55.jar:10.1.55]
	at org.apache.catalina.core.StandardHostValve.invoke(StandardHostValve.java:113) ~[tomcat-embed-core-10.1.55.jar:10.1.55]
	at org.apache.catalina.valves.ErrorReportValve.invoke(ErrorReportValve.java:83) ~[tomcat-embed-core-10.1.55.jar:10.1.55]
	at org.apache.catalina.core.StandardEngineValve.invoke(StandardEngineValve.java:72) ~[tomcat-embed-core-10.1.55.jar:10.1.55]
	at org.apache.catalina.connector.CoyoteAdapter.service(CoyoteAdapter.java:342) ~[tomcat-embed-core-10.1.55.jar:10.1.55]
	at org.apache.coyote.http11.Http11Processor.service(Http11Processor.java:399) ~[tomcat-embed-core-10.1.55.jar:10.1.55]
	at org.apache.coyote.AbstractProcessorLight.process(AbstractProcessorLight.java:63) ~[tomcat-embed-core-10.1.55.jar:10.1.55]
	at org.apache.coyote.AbstractProtocol$ConnectionHandler.process(AbstractProtocol.java:1272) ~[tomcat-embed-core-10.1.55.jar:10.1.55]
	at org.apache.tomcat.util.net.NioEndpoint$SocketProcessor.doRun(NioEndpoint.java:1797) ~[tomcat-embed-core-10.1.55.jar:10.1.55]
	at org.apache.tomcat.util.net.SocketProcessorBase.run(SocketProcessorBase.java:52) ~[tomcat-embed-core-10.1.55.jar:10.1.55]
	at org.apache.tomcat.util.threads.ThreadPoolExecutor.runWorker(ThreadPoolExecutor.java:973) ~[tomcat-embed-core-10.1.55.jar:10.1.55]
	at org.apache.tomcat.util.threads.ThreadPoolExecutor$Worker.run(ThreadPoolExecutor.java:491) ~[tomcat-embed-core-10.1.55.jar:10.1.55]
	at org.apache.tomcat.util.threads.TaskThread$WrappingRunnable.run(TaskThread.java:63) ~[tomcat-embed-core-10.1.55.jar:10.1.55]
	at java.base/java.lang.Thread.run(Thread.java:1583) ~[na:na]

00:08:05:856  WARN 19196 --- [cart-service] [Thread-16] c.a.nacos.common.notify.NotifyCenter     : [NotifyCenter] Start destroying Publisher
00:08:05:856  WARN 19196 --- [cart-service] [Thread-18] c.a.n.common.http.HttpClientBeanHolder   : [HttpClientBeanHolder] Start destroying common HttpClient
00:08:05:856  WARN 19196 --- [cart-service] [Thread-2] c.a.n.common.executor.ThreadPoolManager  : [ThreadPoolManager] Start destroying ThreadPool
00:08:05:856  WARN 19196 --- [cart-service] [Thread-16] c.a.nacos.common.notify.NotifyCenter     : [NotifyCenter] Destruction of the end
00:08:05:857  WARN 19196 --- [cart-service] [Thread-2] c.a.n.common.executor.ThreadPoolManager  : [ThreadPoolManager] Destruction of the end
00:08:05:857  WARN 19196 --- [cart-service] [Thread-18] c.a.n.common.http.HttpClientBeanHolder   : [HttpClientBeanHolder] Destruction of the end
00:08:05:857  INFO 19196 --- [cart-service] [SpringApplicationShutdownHook] c.a.c.n.registry.NacosServiceRegistry    : De-registering from Nacos Server now...
00:08:05:862  INFO 19196 --- [cart-service] [SpringApplicationShutdownHook] c.a.c.n.registry.NacosServiceRegistry    : De-registration finished.
00:08:10:080  INFO 24156 --- [cart-service] [main] c.a.nacos.client.logging.NacosLogging    : Nacos Logging Adapter Builder: com.alibaba.nacos.logger.adapter.logback12.LogbackNacosLoggingAdapterBuilder
00:08:10:087  INFO 24156 --- [cart-service] [main] c.a.nacos.client.logging.NacosLogging    : Nacos Logging Adapter Builder: com.alibaba.nacos.logger.adapter.logback14.LogbackNacosLoggingAdapterBuilder
00:08:10:088  INFO 24156 --- [cart-service] [main] c.a.nacos.client.logging.NacosLogging    : Nacos Logging Adapter: com.alibaba.nacos.logger.adapter.logback14.LogbackNacosLoggingAdapter match ch.qos.logback.classic.Logger success.
00:08:10:095  INFO 24156 --- [cart-service] [main] c.a.nacos.client.logging.NacosLogging    : Nacos Logging Adapter Builder: com.alibaba.nacos.logger.adapter.log4j2.Log4j2NacosLoggingAdapterBuilder
00:08:10:317  INFO 24156 --- [cart-service] [main] com.george.cart.CartApplication          : Starting CartApplication using Java 21.0.11 with PID 24156 (E:\download\SpringCloud\day02-Docker\Source\hmall\hm-cart\cart-service\target\classes started by lindu in E:\download\SpringCloud\day02-Docker\Source\hmall)
00:08:10:318  INFO 24156 --- [cart-service] [main] com.george.cart.CartApplication          : The following 1 profile is active: "local"
00:08:11:043  INFO 24156 --- [cart-service] [main] .s.d.r.c.RepositoryConfigurationDelegate : Multiple Spring Data modules found, entering strict repository configuration mode
00:08:11:046  INFO 24156 --- [cart-service] [main] .s.d.r.c.RepositoryConfigurationDelegate : Bootstrapping Spring Data Redis repositories in DEFAULT mode.
00:08:11:076  INFO 24156 --- [cart-service] [main] .s.d.r.c.RepositoryConfigurationDelegate : Finished Spring Data repository scanning in 14 ms. Found 0 Redis repository interfaces.
00:08:11:302  INFO 24156 --- [cart-service] [main] o.s.cloud.context.scope.GenericScope     : BeanFactory id=8e1d83b1-e975-34d0-8eac-76560e4b7f6e
00:08:11:734  INFO 24156 --- [cart-service] [main] o.s.b.w.embedded.tomcat.TomcatWebServer  : Tomcat initialized with port 9003 (http)
00:08:11:750  INFO 24156 --- [cart-service] [main] o.apache.catalina.core.StandardService   : Starting service [Tomcat]
00:08:11:750  INFO 24156 --- [cart-service] [main] o.apache.catalina.core.StandardEngine    : Starting Servlet engine: [Apache Tomcat/10.1.55]
00:08:11:831  INFO 24156 --- [cart-service] [main] o.a.c.c.C.[Tomcat].[localhost].[/]       : Initializing Spring embedded WebApplicationContext
00:08:11:831  INFO 24156 --- [cart-service] [main] w.s.c.ServletWebServerApplicationContext : Root WebApplicationContext: initialization completed in 1455 ms
00:08:12:009  INFO 24156 --- [cart-service] [main] o.s.c.openfeign.FeignClientFactoryBean   : For 'item-service' URL not provided. Will try picking an instance via load-balancing.
00:08:12:667  INFO 24156 --- [cart-service] [main] m.e.s.MybatisPlusApplicationContextAware : Register ApplicationContext instances org.springframework.boot.web.servlet.context.AnnotationConfigServletWebServerApplicationContext@d78795
00:08:13:115  INFO 24156 --- [cart-service] [main] o.s.b.w.embedded.tomcat.TomcatWebServer  : Tomcat started on port 9003 (http) with context path '/'
00:08:13:160  INFO 24156 --- [cart-service] [main] c.a.n.p.a.s.c.ClientAuthPluginManager    : [ClientAuthPluginManager] Load ClientAuthService com.alibaba.nacos.client.auth.impl.NacosClientAuthServiceImpl success.
00:08:13:160  INFO 24156 --- [cart-service] [main] c.a.n.p.a.s.c.ClientAuthPluginManager    : [ClientAuthPluginManager] Load ClientAuthService com.alibaba.nacos.client.auth.ram.RamClientAuthServiceImpl success.
00:08:13:785  INFO 24156 --- [cart-service] [main] c.a.n.c.a.AbstractAbilityControlManager  : Ready to get current node abilities...
00:08:13:787  INFO 24156 --- [cart-service] [main] c.a.n.c.a.AbstractAbilityControlManager  : Ready to initialize current node abilities, support modes: [SDK_CLIENT]
00:08:13:788  INFO 24156 --- [cart-service] [main] c.a.n.c.a.AbstractAbilityControlManager  : Initialize current abilities finish...
00:08:13:788  INFO 24156 --- [cart-service] [main] c.a.n.c.a.d.NacosAbilityManagerHolder    : [AbilityControlManager] Successfully initialize AbilityControlManager
00:08:13:822  INFO 24156 --- [cart-service] [main] c.a.c.n.registry.NacosServiceRegistry    : nacos registry, DEFAULT_GROUP cart-service 192.168.108.1:9003 register finished
00:08:13:832  INFO 24156 --- [cart-service] [main] com.george.cart.CartApplication          : Started CartApplication in 4.312 seconds (process running for 5.082)
00:08:50:548  INFO 24156 --- [cart-service] [http-nio-9003-exec-1] o.a.c.c.C.[Tomcat].[localhost].[/]       : Initializing Spring DispatcherServlet 'dispatcherServlet'
00:08:50:548  INFO 24156 --- [cart-service] [http-nio-9003-exec-1] o.s.web.servlet.DispatcherServlet        : Initializing Servlet 'dispatcherServlet'
00:08:50:549  INFO 24156 --- [cart-service] [http-nio-9003-exec-1] o.s.web.servlet.DispatcherServlet        : Completed initialization in 1 ms
00:08:50:663  INFO 24156 --- [cart-service] [http-nio-9003-exec-1] com.zaxxer.hikari.HikariDataSource       : HikariPool-1 - Starting...
00:08:50:886  INFO 24156 --- [cart-service] [http-nio-9003-exec-1] com.zaxxer.hikari.pool.HikariPool        : HikariPool-1 - Added connection com.mysql.cj.jdbc.ConnectionImpl@491d9ef2
00:08:50:887  INFO 24156 --- [cart-service] [http-nio-9003-exec-1] com.zaxxer.hikari.HikariDataSource       : HikariPool-1 - Start completed.
00:08:51:184 ERROR 24156 --- [cart-service] [http-nio-9003-exec-1] o.a.c.c.C.[.[.[/].[dispatcherServlet]    : Servlet.service() for servlet [dispatcherServlet] in context with path [] threw exception [Request processing failed: feign.FeignException$InternalServerError: [500 ] during [GET] to [http://item-service/items?ids=1&ids=2&ids=3] [ItemClient#getItemsByIds(Collection)]: [<!doctype html><html lang="en"><head><title>HTTP Status 500 – Internal Server Error</title><style type="text/css">body {font-family:Tahoma,Arial,sans-serif;} h1, h2, h3, b {color:white;background-colo... (455 bytes)]] with root cause

feign.FeignException$InternalServerError: [500 ] during [GET] to [http://item-service/items?ids=1&ids=2&ids=3] [ItemClient#getItemsByIds(Collection)]: [<!doctype html><html lang="en"><head><title>HTTP Status 500 – Internal Server Error</title><style type="text/css">body {font-family:Tahoma,Arial,sans-serif;} h1, h2, h3, b {color:white;background-colo... (455 bytes)]
	at feign.FeignException.serverErrorStatus(FeignException.java:281) ~[feign-core-13.6.jar:na]
	at feign.FeignException.errorStatus(FeignException.java:226) ~[feign-core-13.6.jar:na]
	at feign.FeignException.errorStatus(FeignException.java:213) ~[feign-core-13.6.jar:na]
	at feign.codec.ErrorDecoder$Default.decode(ErrorDecoder.java:103) ~[feign-core-13.6.jar:na]
	at feign.InvocationContext.decodeError(InvocationContext.java:133) ~[feign-core-13.6.jar:na]
	at feign.InvocationContext.proceed(InvocationContext.java:80) ~[feign-core-13.6.jar:na]
	at feign.ResponseHandler.handleResponse(ResponseHandler.java:69) ~[feign-core-13.6.jar:na]
	at feign.SynchronousMethodHandler.executeAndDecode(SynchronousMethodHandler.java:109) ~[feign-core-13.6.jar:na]
	at feign.SynchronousMethodHandler.invoke(SynchronousMethodHandler.java:53) ~[feign-core-13.6.jar:na]
	at feign.ReflectiveFeign$FeignInvocationHandler.invoke(ReflectiveFeign.java:104) ~[feign-core-13.6.jar:na]
	at jdk.proxy2/jdk.proxy2.$Proxy96.getItemsByIds(Unknown Source) ~[na:na]
	at com.george.cart.service.impl.CartServiceImpl.handleCartItems(CartServiceImpl.java:97) ~[classes/:na]
	at com.george.cart.service.impl.CartServiceImpl.queryMyCarts(CartServiceImpl.java:69) ~[classes/:na]
	at java.base/jdk.internal.reflect.DirectMethodHandleAccessor.invoke(DirectMethodHandleAccessor.java:103) ~[na:na]
	at java.base/java.lang.reflect.Method.invoke(Method.java:580) ~[na:na]
	at org.springframework.aop.support.AopUtils.invokeJoinpointUsingReflection(AopUtils.java:360) ~[spring-aop-6.2.19.jar:6.2.19]
	at org.springframework.aop.framework.CglibAopProxy$DynamicAdvisedInterceptor.intercept(CglibAopProxy.java:724) ~[spring-aop-6.2.19.jar:6.2.19]
	at com.george.cart.service.impl.CartServiceImpl$$SpringCGLIB$$0.queryMyCarts(<generated>) ~[classes/:na]
	at com.george.cart.controller.CartController.queryMyCarts(CartController.java:37) ~[classes/:na]
	at java.base/jdk.internal.reflect.DirectMethodHandleAccessor.invoke(DirectMethodHandleAccessor.java:103) ~[na:na]
	at java.base/java.lang.reflect.Method.invoke(Method.java:580) ~[na:na]
	at org.springframework.web.method.support.InvocableHandlerMethod.doInvoke(InvocableHandlerMethod.java:258) ~[spring-web-6.2.19.jar:6.2.19]
	at org.springframework.web.method.support.InvocableHandlerMethod.invokeForRequest(InvocableHandlerMethod.java:191) ~[spring-web-6.2.19.jar:6.2.19]
	at org.springframework.web.servlet.mvc.method.annotation.ServletInvocableHandlerMethod.invokeAndHandle(ServletInvocableHandlerMethod.java:118) ~[spring-webmvc-6.2.19.jar:6.2.19]
	at org.springframework.web.servlet.mvc.method.annotation.RequestMappingHandlerAdapter.invokeHandlerMethod(RequestMappingHandlerAdapter.java:991) ~[spring-webmvc-6.2.19.jar:6.2.19]
	at org.springframework.web.servlet.mvc.method.annotation.RequestMappingHandlerAdapter.handleInternal(RequestMappingHandlerAdapter.java:896) ~[spring-webmvc-6.2.19.jar:6.2.19]
	at org.springframework.web.servlet.mvc.method.AbstractHandlerMethodAdapter.handle(AbstractHandlerMethodAdapter.java:87) ~[spring-webmvc-6.2.19.jar:6.2.19]
	at org.springframework.web.servlet.DispatcherServlet.doDispatch(DispatcherServlet.java:1089) ~[spring-webmvc-6.2.19.jar:6.2.19]
	at org.springframework.web.servlet.DispatcherServlet.doService(DispatcherServlet.java:979) ~[spring-webmvc-6.2.19.jar:6.2.19]
	at org.springframework.web.servlet.FrameworkServlet.processRequest(FrameworkServlet.java:1014) ~[spring-webmvc-6.2.19.jar:6.2.19]
	at org.springframework.web.servlet.FrameworkServlet.doGet(FrameworkServlet.java:903) ~[spring-webmvc-6.2.19.jar:6.2.19]
	at jakarta.servlet.http.HttpServlet.service(HttpServlet.java:564) ~[tomcat-embed-core-10.1.55.jar:6.0]
	at org.springframework.web.servlet.FrameworkServlet.service(FrameworkServlet.java:885) ~[spring-webmvc-6.2.19.jar:6.2.19]
	at jakarta.servlet.http.HttpServlet.service(HttpServlet.java:658) ~[tomcat-embed-core-10.1.55.jar:6.0]
	at org.apache.catalina.core.ApplicationFilterChain.internalDoFilter(ApplicationFilterChain.java:193) ~[tomcat-embed-core-10.1.55.jar:10.1.55]
	at org.apache.catalina.core.ApplicationFilterChain.doFilter(ApplicationFilterChain.java:138) ~[tomcat-embed-core-10.1.55.jar:10.1.55]
	at org.apache.tomcat.websocket.server.WsFilter.doFilter(WsFilter.java:51) ~[tomcat-embed-websocket-10.1.55.jar:10.1.55]
	at org.apache.catalina.core.ApplicationFilterChain.internalDoFilter(ApplicationFilterChain.java:162) ~[tomcat-embed-core-10.1.55.jar:10.1.55]
	at org.apache.catalina.core.ApplicationFilterChain.doFilter(ApplicationFilterChain.java:138) ~[tomcat-embed-core-10.1.55.jar:10.1.55]
	at org.springframework.web.filter.RequestContextFilter.doFilterInternal(RequestContextFilter.java:100) ~[spring-web-6.2.19.jar:6.2.19]
	at org.springframework.web.filter.OncePerRequestFilter.doFilter(OncePerRequestFilter.java:116) ~[spring-web-6.2.19.jar:6.2.19]
	at org.apache.catalina.core.ApplicationFilterChain.internalDoFilter(ApplicationFilterChain.java:162) ~[tomcat-embed-core-10.1.55.jar:10.1.55]
	at org.apache.catalina.core.ApplicationFilterChain.doFilter(ApplicationFilterChain.java:138) ~[tomcat-embed-core-10.1.55.jar:10.1.55]
	at org.springframework.web.filter.FormContentFilter.doFilterInternal(FormContentFilter.java:93) ~[spring-web-6.2.19.jar:6.2.19]
	at org.springframework.web.filter.OncePerRequestFilter.doFilter(OncePerRequestFilter.java:116) ~[spring-web-6.2.19.jar:6.2.19]
	at org.apache.catalina.core.ApplicationFilterChain.internalDoFilter(ApplicationFilterChain.java:162) ~[tomcat-embed-core-10.1.55.jar:10.1.55]
	at org.apache.catalina.core.ApplicationFilterChain.doFilter(ApplicationFilterChain.java:138) ~[tomcat-embed-core-10.1.55.jar:10.1.55]
	at org.springframework.web.filter.CharacterEncodingFilter.doFilterInternal(CharacterEncodingFilter.java:201) ~[spring-web-6.2.19.jar:6.2.19]
	at org.springframework.web.filter.OncePerRequestFilter.doFilter(OncePerRequestFilter.java:116) ~[spring-web-6.2.19.jar:6.2.19]
	at org.apache.catalina.core.ApplicationFilterChain.internalDoFilter(ApplicationFilterChain.java:162) ~[tomcat-embed-core-10.1.55.jar:10.1.55]
	at org.apache.catalina.core.ApplicationFilterChain.doFilter(ApplicationFilterChain.java:138) ~[tomcat-embed-core-10.1.55.jar:10.1.55]
	at org.apache.catalina.core.StandardWrapperValve.invoke(StandardWrapperValve.java:165) ~[tomcat-embed-core-10.1.55.jar:10.1.55]
	at org.apache.catalina.core.StandardContextValve.invoke(StandardContextValve.java:88) ~[tomcat-embed-core-10.1.55.jar:10.1.55]
	at org.apache.catalina.authenticator.AuthenticatorBase.invoke(AuthenticatorBase.java:492) ~[tomcat-embed-core-10.1.55.jar:10.1.55]
	at org.apache.catalina.core.StandardHostValve.invoke(StandardHostValve.java:113) ~[tomcat-embed-core-10.1.55.jar:10.1.55]
	at org.apache.catalina.valves.ErrorReportValve.invoke(ErrorReportValve.java:83) ~[tomcat-embed-core-10.1.55.jar:10.1.55]
	at org.apache.catalina.core.StandardEngineValve.invoke(StandardEngineValve.java:72) ~[tomcat-embed-core-10.1.55.jar:10.1.55]
	at org.apache.catalina.connector.CoyoteAdapter.service(CoyoteAdapter.java:342) ~[tomcat-embed-core-10.1.55.jar:10.1.55]
	at org.apache.coyote.http11.Http11Processor.service(Http11Processor.java:399) ~[tomcat-embed-core-10.1.55.jar:10.1.55]
	at org.apache.coyote.AbstractProcessorLight.process(AbstractProcessorLight.java:63) ~[tomcat-embed-core-10.1.55.jar:10.1.55]
	at org.apache.coyote.AbstractProtocol$ConnectionHandler.process(AbstractProtocol.java:1272) ~[tomcat-embed-core-10.1.55.jar:10.1.55]
	at org.apache.tomcat.util.net.NioEndpoint$SocketProcessor.doRun(NioEndpoint.java:1797) ~[tomcat-embed-core-10.1.55.jar:10.1.55]
	at org.apache.tomcat.util.net.SocketProcessorBase.run(SocketProcessorBase.java:52) ~[tomcat-embed-core-10.1.55.jar:10.1.55]
	at org.apache.tomcat.util.threads.ThreadPoolExecutor.runWorker(ThreadPoolExecutor.java:973) ~[tomcat-embed-core-10.1.55.jar:10.1.55]
	at org.apache.tomcat.util.threads.ThreadPoolExecutor$Worker.run(ThreadPoolExecutor.java:491) ~[tomcat-embed-core-10.1.55.jar:10.1.55]
	at org.apache.tomcat.util.threads.TaskThread$WrappingRunnable.run(TaskThread.java:63) ~[tomcat-embed-core-10.1.55.jar:10.1.55]
	at java.base/java.lang.Thread.run(Thread.java:1583) ~[na:na]

00:09:04:564 ERROR 24156 --- [cart-service] [http-nio-9003-exec-5] o.a.c.c.C.[.[.[/].[dispatcherServlet]    : Servlet.service() for servlet [dispatcherServlet] in context with path [] threw exception [Request processing failed: feign.FeignException$InternalServerError: [500 ] during [GET] to [http://item-service/items?ids=1&ids=2&ids=3] [ItemClient#getItemsByIds(Collection)]: [<!doctype html><html lang="en"><head><title>HTTP Status 500 – Internal Server Error</title><style type="text/css">body {font-family:Tahoma,Arial,sans-serif;} h1, h2, h3, b {color:white;background-colo... (455 bytes)]] with root cause

feign.FeignException$InternalServerError: [500 ] during [GET] to [http://item-service/items?ids=1&ids=2&ids=3] [ItemClient#getItemsByIds(Collection)]: [<!doctype html><html lang="en"><head><title>HTTP Status 500 – Internal Server Error</title><style type="text/css">body {font-family:Tahoma,Arial,sans-serif;} h1, h2, h3, b {color:white;background-colo... (455 bytes)]
	at feign.FeignException.serverErrorStatus(FeignException.java:281) ~[feign-core-13.6.jar:na]
	at feign.FeignException.errorStatus(FeignException.java:226) ~[feign-core-13.6.jar:na]
	at feign.FeignException.errorStatus(FeignException.java:213) ~[feign-core-13.6.jar:na]
	at feign.codec.ErrorDecoder$Default.decode(ErrorDecoder.java:103) ~[feign-core-13.6.jar:na]
	at feign.InvocationContext.decodeError(InvocationContext.java:133) ~[feign-core-13.6.jar:na]
	at feign.InvocationContext.proceed(InvocationContext.java:80) ~[feign-core-13.6.jar:na]
	at feign.ResponseHandler.handleResponse(ResponseHandler.java:69) ~[feign-core-13.6.jar:na]
	at feign.SynchronousMethodHandler.executeAndDecode(SynchronousMethodHandler.java:109) ~[feign-core-13.6.jar:na]
	at feign.SynchronousMethodHandler.invoke(SynchronousMethodHandler.java:53) ~[feign-core-13.6.jar:na]
	at feign.ReflectiveFeign$FeignInvocationHandler.invoke(ReflectiveFeign.java:104) ~[feign-core-13.6.jar:na]
	at jdk.proxy2/jdk.proxy2.$Proxy96.getItemsByIds(Unknown Source) ~[na:na]
	at com.george.cart.service.impl.CartServiceImpl.handleCartItems(CartServiceImpl.java:97) ~[classes/:na]
	at com.george.cart.service.impl.CartServiceImpl.queryMyCarts(CartServiceImpl.java:69) ~[classes/:na]
	at java.base/jdk.internal.reflect.DirectMethodHandleAccessor.invoke(DirectMethodHandleAccessor.java:103) ~[na:na]
	at java.base/java.lang.reflect.Method.invoke(Method.java:580) ~[na:na]
	at org.springframework.aop.support.AopUtils.invokeJoinpointUsingReflection(AopUtils.java:360) ~[spring-aop-6.2.19.jar:6.2.19]
	at org.springframework.aop.framework.CglibAopProxy$DynamicAdvisedInterceptor.intercept(CglibAopProxy.java:724) ~[spring-aop-6.2.19.jar:6.2.19]
	at com.george.cart.service.impl.CartServiceImpl$$SpringCGLIB$$0.queryMyCarts(<generated>) ~[classes/:na]
	at com.george.cart.controller.CartController.queryMyCarts(CartController.java:37) ~[classes/:na]
	at java.base/jdk.internal.reflect.DirectMethodHandleAccessor.invoke(DirectMethodHandleAccessor.java:103) ~[na:na]
	at java.base/java.lang.reflect.Method.invoke(Method.java:580) ~[na:na]
	at org.springframework.web.method.support.InvocableHandlerMethod.doInvoke(InvocableHandlerMethod.java:258) ~[spring-web-6.2.19.jar:6.2.19]
	at org.springframework.web.method.support.InvocableHandlerMethod.invokeForRequest(InvocableHandlerMethod.java:191) ~[spring-web-6.2.19.jar:6.2.19]
	at org.springframework.web.servlet.mvc.method.annotation.ServletInvocableHandlerMethod.invokeAndHandle(ServletInvocableHandlerMethod.java:118) ~[spring-webmvc-6.2.19.jar:6.2.19]
	at org.springframework.web.servlet.mvc.method.annotation.RequestMappingHandlerAdapter.invokeHandlerMethod(RequestMappingHandlerAdapter.java:991) ~[spring-webmvc-6.2.19.jar:6.2.19]
	at org.springframework.web.servlet.mvc.method.annotation.RequestMappingHandlerAdapter.handleInternal(RequestMappingHandlerAdapter.java:896) ~[spring-webmvc-6.2.19.jar:6.2.19]
	at org.springframework.web.servlet.mvc.method.AbstractHandlerMethodAdapter.handle(AbstractHandlerMethodAdapter.java:87) ~[spring-webmvc-6.2.19.jar:6.2.19]
	at org.springframework.web.servlet.DispatcherServlet.doDispatch(DispatcherServlet.java:1089) ~[spring-webmvc-6.2.19.jar:6.2.19]
	at org.springframework.web.servlet.DispatcherServlet.doService(DispatcherServlet.java:979) ~[spring-webmvc-6.2.19.jar:6.2.19]
	at org.springframework.web.servlet.FrameworkServlet.processRequest(FrameworkServlet.java:1014) ~[spring-webmvc-6.2.19.jar:6.2.19]
	at org.springframework.web.servlet.FrameworkServlet.doGet(FrameworkServlet.java:903) ~[spring-webmvc-6.2.19.jar:6.2.19]
	at jakarta.servlet.http.HttpServlet.service(HttpServlet.java:564) ~[tomcat-embed-core-10.1.55.jar:6.0]
	at org.springframework.web.servlet.FrameworkServlet.service(FrameworkServlet.java:885) ~[spring-webmvc-6.2.19.jar:6.2.19]
	at jakarta.servlet.http.HttpServlet.service(HttpServlet.java:658) ~[tomcat-embed-core-10.1.55.jar:6.0]
	at org.apache.catalina.core.ApplicationFilterChain.internalDoFilter(ApplicationFilterChain.java:193) ~[tomcat-embed-core-10.1.55.jar:10.1.55]
	at org.apache.catalina.core.ApplicationFilterChain.doFilter(ApplicationFilterChain.java:138) ~[tomcat-embed-core-10.1.55.jar:10.1.55]
	at org.apache.tomcat.websocket.server.WsFilter.doFilter(WsFilter.java:51) ~[tomcat-embed-websocket-10.1.55.jar:10.1.55]
	at org.apache.catalina.core.ApplicationFilterChain.internalDoFilter(ApplicationFilterChain.java:162) ~[tomcat-embed-core-10.1.55.jar:10.1.55]
	at org.apache.catalina.core.ApplicationFilterChain.doFilter(ApplicationFilterChain.java:138) ~[tomcat-embed-core-10.1.55.jar:10.1.55]
	at org.springframework.web.filter.RequestContextFilter.doFilterInternal(RequestContextFilter.java:100) ~[spring-web-6.2.19.jar:6.2.19]
	at org.springframework.web.filter.OncePerRequestFilter.doFilter(OncePerRequestFilter.java:116) ~[spring-web-6.2.19.jar:6.2.19]
	at org.apache.catalina.core.ApplicationFilterChain.internalDoFilter(ApplicationFilterChain.java:162) ~[tomcat-embed-core-10.1.55.jar:10.1.55]
	at org.apache.catalina.core.ApplicationFilterChain.doFilter(ApplicationFilterChain.java:138) ~[tomcat-embed-core-10.1.55.jar:10.1.55]
	at org.springframework.web.filter.FormContentFilter.doFilterInternal(FormContentFilter.java:93) ~[spring-web-6.2.19.jar:6.2.19]
	at org.springframework.web.filter.OncePerRequestFilter.doFilter(OncePerRequestFilter.java:116) ~[spring-web-6.2.19.jar:6.2.19]
	at org.apache.catalina.core.ApplicationFilterChain.internalDoFilter(ApplicationFilterChain.java:162) ~[tomcat-embed-core-10.1.55.jar:10.1.55]
	at org.apache.catalina.core.ApplicationFilterChain.doFilter(ApplicationFilterChain.java:138) ~[tomcat-embed-core-10.1.55.jar:10.1.55]
	at org.springframework.web.filter.CharacterEncodingFilter.doFilterInternal(CharacterEncodingFilter.java:201) ~[spring-web-6.2.19.jar:6.2.19]
	at org.springframework.web.filter.OncePerRequestFilter.doFilter(OncePerRequestFilter.java:116) ~[spring-web-6.2.19.jar:6.2.19]
	at org.apache.catalina.core.ApplicationFilterChain.internalDoFilter(ApplicationFilterChain.java:162) ~[tomcat-embed-core-10.1.55.jar:10.1.55]
	at org.apache.catalina.core.ApplicationFilterChain.doFilter(ApplicationFilterChain.java:138) ~[tomcat-embed-core-10.1.55.jar:10.1.55]
	at org.apache.catalina.core.StandardWrapperValve.invoke(StandardWrapperValve.java:165) ~[tomcat-embed-core-10.1.55.jar:10.1.55]
	at org.apache.catalina.core.StandardContextValve.invoke(StandardContextValve.java:88) ~[tomcat-embed-core-10.1.55.jar:10.1.55]
	at org.apache.catalina.authenticator.AuthenticatorBase.invoke(AuthenticatorBase.java:492) ~[tomcat-embed-core-10.1.55.jar:10.1.55]
	at org.apache.catalina.core.StandardHostValve.invoke(StandardHostValve.java:113) ~[tomcat-embed-core-10.1.55.jar:10.1.55]
	at org.apache.catalina.valves.ErrorReportValve.invoke(ErrorReportValve.java:83) ~[tomcat-embed-core-10.1.55.jar:10.1.55]
	at org.apache.catalina.core.StandardEngineValve.invoke(StandardEngineValve.java:72) ~[tomcat-embed-core-10.1.55.jar:10.1.55]
	at org.apache.catalina.connector.CoyoteAdapter.service(CoyoteAdapter.java:342) ~[tomcat-embed-core-10.1.55.jar:10.1.55]
	at org.apache.coyote.http11.Http11Processor.service(Http11Processor.java:399) ~[tomcat-embed-core-10.1.55.jar:10.1.55]
	at org.apache.coyote.AbstractProcessorLight.process(AbstractProcessorLight.java:63) ~[tomcat-embed-core-10.1.55.jar:10.1.55]
	at org.apache.coyote.AbstractProtocol$ConnectionHandler.process(AbstractProtocol.java:1272) ~[tomcat-embed-core-10.1.55.jar:10.1.55]
	at org.apache.tomcat.util.net.NioEndpoint$SocketProcessor.doRun(NioEndpoint.java:1797) ~[tomcat-embed-core-10.1.55.jar:10.1.55]
	at org.apache.tomcat.util.net.SocketProcessorBase.run(SocketProcessorBase.java:52) ~[tomcat-embed-core-10.1.55.jar:10.1.55]
	at org.apache.tomcat.util.threads.ThreadPoolExecutor.runWorker(ThreadPoolExecutor.java:973) ~[tomcat-embed-core-10.1.55.jar:10.1.55]
	at org.apache.tomcat.util.threads.ThreadPoolExecutor$Worker.run(ThreadPoolExecutor.java:491) ~[tomcat-embed-core-10.1.55.jar:10.1.55]
	at org.apache.tomcat.util.threads.TaskThread$WrappingRunnable.run(TaskThread.java:63) ~[tomcat-embed-core-10.1.55.jar:10.1.55]
	at java.base/java.lang.Thread.run(Thread.java:1583) ~[na:na]

00:09:14:257 ERROR 24156 --- [cart-service] [http-nio-9003-exec-8] o.a.c.c.C.[.[.[/].[dispatcherServlet]    : Servlet.service() for servlet [dispatcherServlet] in context with path [] threw exception [Request processing failed: feign.FeignException$InternalServerError: [500 ] during [GET] to [http://item-service/items?ids=1&ids=2&ids=3] [ItemClient#getItemsByIds(Collection)]: [<!doctype html><html lang="en"><head><title>HTTP Status 500 – Internal Server Error</title><style type="text/css">body {font-family:Tahoma,Arial,sans-serif;} h1, h2, h3, b {color:white;background-colo... (455 bytes)]] with root cause

feign.FeignException$InternalServerError: [500 ] during [GET] to [http://item-service/items?ids=1&ids=2&ids=3] [ItemClient#getItemsByIds(Collection)]: [<!doctype html><html lang="en"><head><title>HTTP Status 500 – Internal Server Error</title><style type="text/css">body {font-family:Tahoma,Arial,sans-serif;} h1, h2, h3, b {color:white;background-colo... (455 bytes)]
	at feign.FeignException.serverErrorStatus(FeignException.java:281) ~[feign-core-13.6.jar:na]
	at feign.FeignException.errorStatus(FeignException.java:226) ~[feign-core-13.6.jar:na]
	at feign.FeignException.errorStatus(FeignException.java:213) ~[feign-core-13.6.jar:na]
	at feign.codec.ErrorDecoder$Default.decode(ErrorDecoder.java:103) ~[feign-core-13.6.jar:na]
	at feign.InvocationContext.decodeError(InvocationContext.java:133) ~[feign-core-13.6.jar:na]
	at feign.InvocationContext.proceed(InvocationContext.java:80) ~[feign-core-13.6.jar:na]
	at feign.ResponseHandler.handleResponse(ResponseHandler.java:69) ~[feign-core-13.6.jar:na]
	at feign.SynchronousMethodHandler.executeAndDecode(SynchronousMethodHandler.java:109) ~[feign-core-13.6.jar:na]
	at feign.SynchronousMethodHandler.invoke(SynchronousMethodHandler.java:53) ~[feign-core-13.6.jar:na]
	at feign.ReflectiveFeign$FeignInvocationHandler.invoke(ReflectiveFeign.java:104) ~[feign-core-13.6.jar:na]
	at jdk.proxy2/jdk.proxy2.$Proxy96.getItemsByIds(Unknown Source) ~[na:na]
	at com.george.cart.service.impl.CartServiceImpl.handleCartItems(CartServiceImpl.java:97) ~[classes/:na]
	at com.george.cart.service.impl.CartServiceImpl.queryMyCarts(CartServiceImpl.java:69) ~[classes/:na]
	at java.base/jdk.internal.reflect.DirectMethodHandleAccessor.invoke(DirectMethodHandleAccessor.java:103) ~[na:na]
	at java.base/java.lang.reflect.Method.invoke(Method.java:580) ~[na:na]
	at org.springframework.aop.support.AopUtils.invokeJoinpointUsingReflection(AopUtils.java:360) ~[spring-aop-6.2.19.jar:6.2.19]
	at org.springframework.aop.framework.CglibAopProxy$DynamicAdvisedInterceptor.intercept(CglibAopProxy.java:724) ~[spring-aop-6.2.19.jar:6.2.19]
	at com.george.cart.service.impl.CartServiceImpl$$SpringCGLIB$$0.queryMyCarts(<generated>) ~[classes/:na]
	at com.george.cart.controller.CartController.queryMyCarts(CartController.java:37) ~[classes/:na]
	at java.base/jdk.internal.reflect.DirectMethodHandleAccessor.invoke(DirectMethodHandleAccessor.java:103) ~[na:na]
	at java.base/java.lang.reflect.Method.invoke(Method.java:580) ~[na:na]
	at org.springframework.web.method.support.InvocableHandlerMethod.doInvoke(InvocableHandlerMethod.java:258) ~[spring-web-6.2.19.jar:6.2.19]
	at org.springframework.web.method.support.InvocableHandlerMethod.invokeForRequest(InvocableHandlerMethod.java:191) ~[spring-web-6.2.19.jar:6.2.19]
	at org.springframework.web.servlet.mvc.method.annotation.ServletInvocableHandlerMethod.invokeAndHandle(ServletInvocableHandlerMethod.java:118) ~[spring-webmvc-6.2.19.jar:6.2.19]
	at org.springframework.web.servlet.mvc.method.annotation.RequestMappingHandlerAdapter.invokeHandlerMethod(RequestMappingHandlerAdapter.java:991) ~[spring-webmvc-6.2.19.jar:6.2.19]
	at org.springframework.web.servlet.mvc.method.annotation.RequestMappingHandlerAdapter.handleInternal(RequestMappingHandlerAdapter.java:896) ~[spring-webmvc-6.2.19.jar:6.2.19]
	at org.springframework.web.servlet.mvc.method.AbstractHandlerMethodAdapter.handle(AbstractHandlerMethodAdapter.java:87) ~[spring-webmvc-6.2.19.jar:6.2.19]
	at org.springframework.web.servlet.DispatcherServlet.doDispatch(DispatcherServlet.java:1089) ~[spring-webmvc-6.2.19.jar:6.2.19]
	at org.springframework.web.servlet.DispatcherServlet.doService(DispatcherServlet.java:979) ~[spring-webmvc-6.2.19.jar:6.2.19]
	at org.springframework.web.servlet.FrameworkServlet.processRequest(FrameworkServlet.java:1014) ~[spring-webmvc-6.2.19.jar:6.2.19]
	at org.springframework.web.servlet.FrameworkServlet.doGet(FrameworkServlet.java:903) ~[spring-webmvc-6.2.19.jar:6.2.19]
	at jakarta.servlet.http.HttpServlet.service(HttpServlet.java:564) ~[tomcat-embed-core-10.1.55.jar:6.0]
	at org.springframework.web.servlet.FrameworkServlet.service(FrameworkServlet.java:885) ~[spring-webmvc-6.2.19.jar:6.2.19]
	at jakarta.servlet.http.HttpServlet.service(HttpServlet.java:658) ~[tomcat-embed-core-10.1.55.jar:6.0]
	at org.apache.catalina.core.ApplicationFilterChain.internalDoFilter(ApplicationFilterChain.java:193) ~[tomcat-embed-core-10.1.55.jar:10.1.55]
	at org.apache.catalina.core.ApplicationFilterChain.doFilter(ApplicationFilterChain.java:138) ~[tomcat-embed-core-10.1.55.jar:10.1.55]
	at org.apache.tomcat.websocket.server.WsFilter.doFilter(WsFilter.java:51) ~[tomcat-embed-websocket-10.1.55.jar:10.1.55]
	at org.apache.catalina.core.ApplicationFilterChain.internalDoFilter(ApplicationFilterChain.java:162) ~[tomcat-embed-core-10.1.55.jar:10.1.55]
	at org.apache.catalina.core.ApplicationFilterChain.doFilter(ApplicationFilterChain.java:138) ~[tomcat-embed-core-10.1.55.jar:10.1.55]
	at org.springframework.web.filter.RequestContextFilter.doFilterInternal(RequestContextFilter.java:100) ~[spring-web-6.2.19.jar:6.2.19]
	at org.springframework.web.filter.OncePerRequestFilter.doFilter(OncePerRequestFilter.java:116) ~[spring-web-6.2.19.jar:6.2.19]
	at org.apache.catalina.core.ApplicationFilterChain.internalDoFilter(ApplicationFilterChain.java:162) ~[tomcat-embed-core-10.1.55.jar:10.1.55]
	at org.apache.catalina.core.ApplicationFilterChain.doFilter(ApplicationFilterChain.java:138) ~[tomcat-embed-core-10.1.55.jar:10.1.55]
	at org.springframework.web.filter.FormContentFilter.doFilterInternal(FormContentFilter.java:93) ~[spring-web-6.2.19.jar:6.2.19]
	at org.springframework.web.filter.OncePerRequestFilter.doFilter(OncePerRequestFilter.java:116) ~[spring-web-6.2.19.jar:6.2.19]
	at org.apache.catalina.core.ApplicationFilterChain.internalDoFilter(ApplicationFilterChain.java:162) ~[tomcat-embed-core-10.1.55.jar:10.1.55]
	at org.apache.catalina.core.ApplicationFilterChain.doFilter(ApplicationFilterChain.java:138) ~[tomcat-embed-core-10.1.55.jar:10.1.55]
	at org.springframework.web.filter.CharacterEncodingFilter.doFilterInternal(CharacterEncodingFilter.java:201) ~[spring-web-6.2.19.jar:6.2.19]
	at org.springframework.web.filter.OncePerRequestFilter.doFilter(OncePerRequestFilter.java:116) ~[spring-web-6.2.19.jar:6.2.19]
	at org.apache.catalina.core.ApplicationFilterChain.internalDoFilter(ApplicationFilterChain.java:162) ~[tomcat-embed-core-10.1.55.jar:10.1.55]
	at org.apache.catalina.core.ApplicationFilterChain.doFilter(ApplicationFilterChain.java:138) ~[tomcat-embed-core-10.1.55.jar:10.1.55]
	at org.apache.catalina.core.StandardWrapperValve.invoke(StandardWrapperValve.java:165) ~[tomcat-embed-core-10.1.55.jar:10.1.55]
	at org.apache.catalina.core.StandardContextValve.invoke(StandardContextValve.java:88) ~[tomcat-embed-core-10.1.55.jar:10.1.55]
	at org.apache.catalina.authenticator.AuthenticatorBase.invoke(AuthenticatorBase.java:492) ~[tomcat-embed-core-10.1.55.jar:10.1.55]
	at org.apache.catalina.core.StandardHostValve.invoke(StandardHostValve.java:113) ~[tomcat-embed-core-10.1.55.jar:10.1.55]
	at org.apache.catalina.valves.ErrorReportValve.invoke(ErrorReportValve.java:83) ~[tomcat-embed-core-10.1.55.jar:10.1.55]
	at org.apache.catalina.core.StandardEngineValve.invoke(StandardEngineValve.java:72) ~[tomcat-embed-core-10.1.55.jar:10.1.55]
	at org.apache.catalina.connector.CoyoteAdapter.service(CoyoteAdapter.java:342) ~[tomcat-embed-core-10.1.55.jar:10.1.55]
	at org.apache.coyote.http11.Http11Processor.service(Http11Processor.java:399) ~[tomcat-embed-core-10.1.55.jar:10.1.55]
	at org.apache.coyote.AbstractProcessorLight.process(AbstractProcessorLight.java:63) ~[tomcat-embed-core-10.1.55.jar:10.1.55]
	at org.apache.coyote.AbstractProtocol$ConnectionHandler.process(AbstractProtocol.java:1272) ~[tomcat-embed-core-10.1.55.jar:10.1.55]
	at org.apache.tomcat.util.net.NioEndpoint$SocketProcessor.doRun(NioEndpoint.java:1797) ~[tomcat-embed-core-10.1.55.jar:10.1.55]
	at org.apache.tomcat.util.net.SocketProcessorBase.run(SocketProcessorBase.java:52) ~[tomcat-embed-core-10.1.55.jar:10.1.55]
	at org.apache.tomcat.util.threads.ThreadPoolExecutor.runWorker(ThreadPoolExecutor.java:973) ~[tomcat-embed-core-10.1.55.jar:10.1.55]
	at org.apache.tomcat.util.threads.ThreadPoolExecutor$Worker.run(ThreadPoolExecutor.java:491) ~[tomcat-embed-core-10.1.55.jar:10.1.55]
	at org.apache.tomcat.util.threads.TaskThread$WrappingRunnable.run(TaskThread.java:63) ~[tomcat-embed-core-10.1.55.jar:10.1.55]
	at java.base/java.lang.Thread.run(Thread.java:1583) ~[na:na]

00:09:18:215 ERROR 24156 --- [cart-service] [http-nio-9003-exec-10] o.a.c.c.C.[.[.[/].[dispatcherServlet]    : Servlet.service() for servlet [dispatcherServlet] in context with path [] threw exception [Request processing failed: feign.FeignException$InternalServerError: [500 ] during [GET] to [http://item-service/items?ids=1&ids=2&ids=3] [ItemClient#getItemsByIds(Collection)]: [<!doctype html><html lang="en"><head><title>HTTP Status 500 – Internal Server Error</title><style type="text/css">body {font-family:Tahoma,Arial,sans-serif;} h1, h2, h3, b {color:white;background-colo... (455 bytes)]] with root cause

feign.FeignException$InternalServerError: [500 ] during [GET] to [http://item-service/items?ids=1&ids=2&ids=3] [ItemClient#getItemsByIds(Collection)]: [<!doctype html><html lang="en"><head><title>HTTP Status 500 – Internal Server Error</title><style type="text/css">body {font-family:Tahoma,Arial,sans-serif;} h1, h2, h3, b {color:white;background-colo... (455 bytes)]
	at feign.FeignException.serverErrorStatus(FeignException.java:281) ~[feign-core-13.6.jar:na]
	at feign.FeignException.errorStatus(FeignException.java:226) ~[feign-core-13.6.jar:na]
	at feign.FeignException.errorStatus(FeignException.java:213) ~[feign-core-13.6.jar:na]
	at feign.codec.ErrorDecoder$Default.decode(ErrorDecoder.java:103) ~[feign-core-13.6.jar:na]
	at feign.InvocationContext.decodeError(InvocationContext.java:133) ~[feign-core-13.6.jar:na]
	at feign.InvocationContext.proceed(InvocationContext.java:80) ~[feign-core-13.6.jar:na]
	at feign.ResponseHandler.handleResponse(ResponseHandler.java:69) ~[feign-core-13.6.jar:na]
	at feign.SynchronousMethodHandler.executeAndDecode(SynchronousMethodHandler.java:109) ~[feign-core-13.6.jar:na]
	at feign.SynchronousMethodHandler.invoke(SynchronousMethodHandler.java:53) ~[feign-core-13.6.jar:na]
	at feign.ReflectiveFeign$FeignInvocationHandler.invoke(ReflectiveFeign.java:104) ~[feign-core-13.6.jar:na]
	at jdk.proxy2/jdk.proxy2.$Proxy96.getItemsByIds(Unknown Source) ~[na:na]
	at com.george.cart.service.impl.CartServiceImpl.handleCartItems(CartServiceImpl.java:97) ~[classes/:na]
	at com.george.cart.service.impl.CartServiceImpl.queryMyCarts(CartServiceImpl.java:69) ~[classes/:na]
	at java.base/jdk.internal.reflect.DirectMethodHandleAccessor.invoke(DirectMethodHandleAccessor.java:103) ~[na:na]
	at java.base/java.lang.reflect.Method.invoke(Method.java:580) ~[na:na]
	at org.springframework.aop.support.AopUtils.invokeJoinpointUsingReflection(AopUtils.java:360) ~[spring-aop-6.2.19.jar:6.2.19]
	at org.springframework.aop.framework.CglibAopProxy$DynamicAdvisedInterceptor.intercept(CglibAopProxy.java:724) ~[spring-aop-6.2.19.jar:6.2.19]
	at com.george.cart.service.impl.CartServiceImpl$$SpringCGLIB$$0.queryMyCarts(<generated>) ~[classes/:na]
	at com.george.cart.controller.CartController.queryMyCarts(CartController.java:37) ~[classes/:na]
	at java.base/jdk.internal.reflect.DirectMethodHandleAccessor.invoke(DirectMethodHandleAccessor.java:103) ~[na:na]
	at java.base/java.lang.reflect.Method.invoke(Method.java:580) ~[na:na]
	at org.springframework.web.method.support.InvocableHandlerMethod.doInvoke(InvocableHandlerMethod.java:258) ~[spring-web-6.2.19.jar:6.2.19]
	at org.springframework.web.method.support.InvocableHandlerMethod.invokeForRequest(InvocableHandlerMethod.java:191) ~[spring-web-6.2.19.jar:6.2.19]
	at org.springframework.web.servlet.mvc.method.annotation.ServletInvocableHandlerMethod.invokeAndHandle(ServletInvocableHandlerMethod.java:118) ~[spring-webmvc-6.2.19.jar:6.2.19]
	at org.springframework.web.servlet.mvc.method.annotation.RequestMappingHandlerAdapter.invokeHandlerMethod(RequestMappingHandlerAdapter.java:991) ~[spring-webmvc-6.2.19.jar:6.2.19]
	at org.springframework.web.servlet.mvc.method.annotation.RequestMappingHandlerAdapter.handleInternal(RequestMappingHandlerAdapter.java:896) ~[spring-webmvc-6.2.19.jar:6.2.19]
	at org.springframework.web.servlet.mvc.method.AbstractHandlerMethodAdapter.handle(AbstractHandlerMethodAdapter.java:87) ~[spring-webmvc-6.2.19.jar:6.2.19]
	at org.springframework.web.servlet.DispatcherServlet.doDispatch(DispatcherServlet.java:1089) ~[spring-webmvc-6.2.19.jar:6.2.19]
	at org.springframework.web.servlet.DispatcherServlet.doService(DispatcherServlet.java:979) ~[spring-webmvc-6.2.19.jar:6.2.19]
	at org.springframework.web.servlet.FrameworkServlet.processRequest(FrameworkServlet.java:1014) ~[spring-webmvc-6.2.19.jar:6.2.19]
	at org.springframework.web.servlet.FrameworkServlet.doGet(FrameworkServlet.java:903) ~[spring-webmvc-6.2.19.jar:6.2.19]
	at jakarta.servlet.http.HttpServlet.service(HttpServlet.java:564) ~[tomcat-embed-core-10.1.55.jar:6.0]
	at org.springframework.web.servlet.FrameworkServlet.service(FrameworkServlet.java:885) ~[spring-webmvc-6.2.19.jar:6.2.19]
	at jakarta.servlet.http.HttpServlet.service(HttpServlet.java:658) ~[tomcat-embed-core-10.1.55.jar:6.0]
	at org.apache.catalina.core.ApplicationFilterChain.internalDoFilter(ApplicationFilterChain.java:193) ~[tomcat-embed-core-10.1.55.jar:10.1.55]
	at org.apache.catalina.core.ApplicationFilterChain.doFilter(ApplicationFilterChain.java:138) ~[tomcat-embed-core-10.1.55.jar:10.1.55]
	at org.apache.tomcat.websocket.server.WsFilter.doFilter(WsFilter.java:51) ~[tomcat-embed-websocket-10.1.55.jar:10.1.55]
	at org.apache.catalina.core.ApplicationFilterChain.internalDoFilter(ApplicationFilterChain.java:162) ~[tomcat-embed-core-10.1.55.jar:10.1.55]
	at org.apache.catalina.core.ApplicationFilterChain.doFilter(ApplicationFilterChain.java:138) ~[tomcat-embed-core-10.1.55.jar:10.1.55]
	at org.springframework.web.filter.RequestContextFilter.doFilterInternal(RequestContextFilter.java:100) ~[spring-web-6.2.19.jar:6.2.19]
	at org.springframework.web.filter.OncePerRequestFilter.doFilter(OncePerRequestFilter.java:116) ~[spring-web-6.2.19.jar:6.2.19]
	at org.apache.catalina.core.ApplicationFilterChain.internalDoFilter(ApplicationFilterChain.java:162) ~[tomcat-embed-core-10.1.55.jar:10.1.55]
	at org.apache.catalina.core.ApplicationFilterChain.doFilter(ApplicationFilterChain.java:138) ~[tomcat-embed-core-10.1.55.jar:10.1.55]
	at org.springframework.web.filter.FormContentFilter.doFilterInternal(FormContentFilter.java:93) ~[spring-web-6.2.19.jar:6.2.19]
	at org.springframework.web.filter.OncePerRequestFilter.doFilter(OncePerRequestFilter.java:116) ~[spring-web-6.2.19.jar:6.2.19]
	at org.apache.catalina.core.ApplicationFilterChain.internalDoFilter(ApplicationFilterChain.java:162) ~[tomcat-embed-core-10.1.55.jar:10.1.55]
	at org.apache.catalina.core.ApplicationFilterChain.doFilter(ApplicationFilterChain.java:138) ~[tomcat-embed-core-10.1.55.jar:10.1.55]
	at org.springframework.web.filter.CharacterEncodingFilter.doFilterInternal(CharacterEncodingFilter.java:201) ~[spring-web-6.2.19.jar:6.2.19]
	at org.springframework.web.filter.OncePerRequestFilter.doFilter(OncePerRequestFilter.java:116) ~[spring-web-6.2.19.jar:6.2.19]
	at org.apache.catalina.core.ApplicationFilterChain.internalDoFilter(ApplicationFilterChain.java:162) ~[tomcat-embed-core-10.1.55.jar:10.1.55]
	at org.apache.catalina.core.ApplicationFilterChain.doFilter(ApplicationFilterChain.java:138) ~[tomcat-embed-core-10.1.55.jar:10.1.55]
	at org.apache.catalina.core.StandardWrapperValve.invoke(StandardWrapperValve.java:165) ~[tomcat-embed-core-10.1.55.jar:10.1.55]
	at org.apache.catalina.core.StandardContextValve.invoke(StandardContextValve.java:88) ~[tomcat-embed-core-10.1.55.jar:10.1.55]
	at org.apache.catalina.authenticator.AuthenticatorBase.invoke(AuthenticatorBase.java:492) ~[tomcat-embed-core-10.1.55.jar:10.1.55]
	at org.apache.catalina.core.StandardHostValve.invoke(StandardHostValve.java:113) ~[tomcat-embed-core-10.1.55.jar:10.1.55]
	at org.apache.catalina.valves.ErrorReportValve.invoke(ErrorReportValve.java:83) ~[tomcat-embed-core-10.1.55.jar:10.1.55]
	at org.apache.catalina.core.StandardEngineValve.invoke(StandardEngineValve.java:72) ~[tomcat-embed-core-10.1.55.jar:10.1.55]
	at org.apache.catalina.connector.CoyoteAdapter.service(CoyoteAdapter.java:342) ~[tomcat-embed-core-10.1.55.jar:10.1.55]
	at org.apache.coyote.http11.Http11Processor.service(Http11Processor.java:399) ~[tomcat-embed-core-10.1.55.jar:10.1.55]
	at org.apache.coyote.AbstractProcessorLight.process(AbstractProcessorLight.java:63) ~[tomcat-embed-core-10.1.55.jar:10.1.55]
	at org.apache.coyote.AbstractProtocol$ConnectionHandler.process(AbstractProtocol.java:1272) ~[tomcat-embed-core-10.1.55.jar:10.1.55]
	at org.apache.tomcat.util.net.NioEndpoint$SocketProcessor.doRun(NioEndpoint.java:1797) ~[tomcat-embed-core-10.1.55.jar:10.1.55]
	at org.apache.tomcat.util.net.SocketProcessorBase.run(SocketProcessorBase.java:52) ~[tomcat-embed-core-10.1.55.jar:10.1.55]
	at org.apache.tomcat.util.threads.ThreadPoolExecutor.runWorker(ThreadPoolExecutor.java:973) ~[tomcat-embed-core-10.1.55.jar:10.1.55]
	at org.apache.tomcat.util.threads.ThreadPoolExecutor$Worker.run(ThreadPoolExecutor.java:491) ~[tomcat-embed-core-10.1.55.jar:10.1.55]
	at org.apache.tomcat.util.threads.TaskThread$WrappingRunnable.run(TaskThread.java:63) ~[tomcat-embed-core-10.1.55.jar:10.1.55]
	at java.base/java.lang.Thread.run(Thread.java:1583) ~[na:na]

00:09:24:482 ERROR 24156 --- [cart-service] [http-nio-9003-exec-3] o.a.c.c.C.[.[.[/].[dispatcherServlet]    : Servlet.service() for servlet [dispatcherServlet] in context with path [] threw exception [Request processing failed: feign.FeignException$InternalServerError: [500 ] during [GET] to [http://item-service/items?ids=1&ids=2&ids=3] [ItemClient#getItemsByIds(Collection)]: [<!doctype html><html lang="en"><head><title>HTTP Status 500 – Internal Server Error</title><style type="text/css">body {font-family:Tahoma,Arial,sans-serif;} h1, h2, h3, b {color:white;background-colo... (455 bytes)]] with root cause

feign.FeignException$InternalServerError: [500 ] during [GET] to [http://item-service/items?ids=1&ids=2&ids=3] [ItemClient#getItemsByIds(Collection)]: [<!doctype html><html lang="en"><head><title>HTTP Status 500 – Internal Server Error</title><style type="text/css">body {font-family:Tahoma,Arial,sans-serif;} h1, h2, h3, b {color:white;background-colo... (455 bytes)]
	at feign.FeignException.serverErrorStatus(FeignException.java:281) ~[feign-core-13.6.jar:na]
	at feign.FeignException.errorStatus(FeignException.java:226) ~[feign-core-13.6.jar:na]
	at feign.FeignException.errorStatus(FeignException.java:213) ~[feign-core-13.6.jar:na]
	at feign.codec.ErrorDecoder$Default.decode(ErrorDecoder.java:103) ~[feign-core-13.6.jar:na]
	at feign.InvocationContext.decodeError(InvocationContext.java:133) ~[feign-core-13.6.jar:na]
	at feign.InvocationContext.proceed(InvocationContext.java:80) ~[feign-core-13.6.jar:na]
	at feign.ResponseHandler.handleResponse(ResponseHandler.java:69) ~[feign-core-13.6.jar:na]
	at feign.SynchronousMethodHandler.executeAndDecode(SynchronousMethodHandler.java:109) ~[feign-core-13.6.jar:na]
	at feign.SynchronousMethodHandler.invoke(SynchronousMethodHandler.java:53) ~[feign-core-13.6.jar:na]
	at feign.ReflectiveFeign$FeignInvocationHandler.invoke(ReflectiveFeign.java:104) ~[feign-core-13.6.jar:na]
	at jdk.proxy2/jdk.proxy2.$Proxy96.getItemsByIds(Unknown Source) ~[na:na]
	at com.george.cart.service.impl.CartServiceImpl.handleCartItems(CartServiceImpl.java:97) ~[classes/:na]
	at com.george.cart.service.impl.CartServiceImpl.queryMyCarts(CartServiceImpl.java:69) ~[classes/:na]
	at java.base/jdk.internal.reflect.DirectMethodHandleAccessor.invoke(DirectMethodHandleAccessor.java:103) ~[na:na]
	at java.base/java.lang.reflect.Method.invoke(Method.java:580) ~[na:na]
	at org.springframework.aop.support.AopUtils.invokeJoinpointUsingReflection(AopUtils.java:360) ~[spring-aop-6.2.19.jar:6.2.19]
	at org.springframework.aop.framework.CglibAopProxy$DynamicAdvisedInterceptor.intercept(CglibAopProxy.java:724) ~[spring-aop-6.2.19.jar:6.2.19]
	at com.george.cart.service.impl.CartServiceImpl$$SpringCGLIB$$0.queryMyCarts(<generated>) ~[classes/:na]
	at com.george.cart.controller.CartController.queryMyCarts(CartController.java:37) ~[classes/:na]
	at java.base/jdk.internal.reflect.DirectMethodHandleAccessor.invoke(DirectMethodHandleAccessor.java:103) ~[na:na]
	at java.base/java.lang.reflect.Method.invoke(Method.java:580) ~[na:na]
	at org.springframework.web.method.support.InvocableHandlerMethod.doInvoke(InvocableHandlerMethod.java:258) ~[spring-web-6.2.19.jar:6.2.19]
	at org.springframework.web.method.support.InvocableHandlerMethod.invokeForRequest(InvocableHandlerMethod.java:191) ~[spring-web-6.2.19.jar:6.2.19]
	at org.springframework.web.servlet.mvc.method.annotation.ServletInvocableHandlerMethod.invokeAndHandle(ServletInvocableHandlerMethod.java:118) ~[spring-webmvc-6.2.19.jar:6.2.19]
	at org.springframework.web.servlet.mvc.method.annotation.RequestMappingHandlerAdapter.invokeHandlerMethod(RequestMappingHandlerAdapter.java:991) ~[spring-webmvc-6.2.19.jar:6.2.19]
	at org.springframework.web.servlet.mvc.method.annotation.RequestMappingHandlerAdapter.handleInternal(RequestMappingHandlerAdapter.java:896) ~[spring-webmvc-6.2.19.jar:6.2.19]
	at org.springframework.web.servlet.mvc.method.AbstractHandlerMethodAdapter.handle(AbstractHandlerMethodAdapter.java:87) ~[spring-webmvc-6.2.19.jar:6.2.19]
	at org.springframework.web.servlet.DispatcherServlet.doDispatch(DispatcherServlet.java:1089) ~[spring-webmvc-6.2.19.jar:6.2.19]
	at org.springframework.web.servlet.DispatcherServlet.doService(DispatcherServlet.java:979) ~[spring-webmvc-6.2.19.jar:6.2.19]
	at org.springframework.web.servlet.FrameworkServlet.processRequest(FrameworkServlet.java:1014) ~[spring-webmvc-6.2.19.jar:6.2.19]
	at org.springframework.web.servlet.FrameworkServlet.doGet(FrameworkServlet.java:903) ~[spring-webmvc-6.2.19.jar:6.2.19]
	at jakarta.servlet.http.HttpServlet.service(HttpServlet.java:564) ~[tomcat-embed-core-10.1.55.jar:6.0]
	at org.springframework.web.servlet.FrameworkServlet.service(FrameworkServlet.java:885) ~[spring-webmvc-6.2.19.jar:6.2.19]
	at jakarta.servlet.http.HttpServlet.service(HttpServlet.java:658) ~[tomcat-embed-core-10.1.55.jar:6.0]
	at org.apache.catalina.core.ApplicationFilterChain.internalDoFilter(ApplicationFilterChain.java:193) ~[tomcat-embed-core-10.1.55.jar:10.1.55]
	at org.apache.catalina.core.ApplicationFilterChain.doFilter(ApplicationFilterChain.java:138) ~[tomcat-embed-core-10.1.55.jar:10.1.55]
	at org.apache.tomcat.websocket.server.WsFilter.doFilter(WsFilter.java:51) ~[tomcat-embed-websocket-10.1.55.jar:10.1.55]
	at org.apache.catalina.core.ApplicationFilterChain.internalDoFilter(ApplicationFilterChain.java:162) ~[tomcat-embed-core-10.1.55.jar:10.1.55]
	at org.apache.catalina.core.ApplicationFilterChain.doFilter(ApplicationFilterChain.java:138) ~[tomcat-embed-core-10.1.55.jar:10.1.55]
	at org.springframework.web.filter.RequestContextFilter.doFilterInternal(RequestContextFilter.java:100) ~[spring-web-6.2.19.jar:6.2.19]
	at org.springframework.web.filter.OncePerRequestFilter.doFilter(OncePerRequestFilter.java:116) ~[spring-web-6.2.19.jar:6.2.19]
	at org.apache.catalina.core.ApplicationFilterChain.internalDoFilter(ApplicationFilterChain.java:162) ~[tomcat-embed-core-10.1.55.jar:10.1.55]
	at org.apache.catalina.core.ApplicationFilterChain.doFilter(ApplicationFilterChain.java:138) ~[tomcat-embed-core-10.1.55.jar:10.1.55]
	at org.springframework.web.filter.FormContentFilter.doFilterInternal(FormContentFilter.java:93) ~[spring-web-6.2.19.jar:6.2.19]
	at org.springframework.web.filter.OncePerRequestFilter.doFilter(OncePerRequestFilter.java:116) ~[spring-web-6.2.19.jar:6.2.19]
	at org.apache.catalina.core.ApplicationFilterChain.internalDoFilter(ApplicationFilterChain.java:162) ~[tomcat-embed-core-10.1.55.jar:10.1.55]
	at org.apache.catalina.core.ApplicationFilterChain.doFilter(ApplicationFilterChain.java:138) ~[tomcat-embed-core-10.1.55.jar:10.1.55]
	at org.springframework.web.filter.CharacterEncodingFilter.doFilterInternal(CharacterEncodingFilter.java:201) ~[spring-web-6.2.19.jar:6.2.19]
	at org.springframework.web.filter.OncePerRequestFilter.doFilter(OncePerRequestFilter.java:116) ~[spring-web-6.2.19.jar:6.2.19]
	at org.apache.catalina.core.ApplicationFilterChain.internalDoFilter(ApplicationFilterChain.java:162) ~[tomcat-embed-core-10.1.55.jar:10.1.55]
	at org.apache.catalina.core.ApplicationFilterChain.doFilter(ApplicationFilterChain.java:138) ~[tomcat-embed-core-10.1.55.jar:10.1.55]
	at org.apache.catalina.core.StandardWrapperValve.invoke(StandardWrapperValve.java:165) ~[tomcat-embed-core-10.1.55.jar:10.1.55]
	at org.apache.catalina.core.StandardContextValve.invoke(StandardContextValve.java:88) ~[tomcat-embed-core-10.1.55.jar:10.1.55]
	at org.apache.catalina.authenticator.AuthenticatorBase.invoke(AuthenticatorBase.java:492) ~[tomcat-embed-core-10.1.55.jar:10.1.55]
	at org.apache.catalina.core.StandardHostValve.invoke(StandardHostValve.java:113) ~[tomcat-embed-core-10.1.55.jar:10.1.55]
	at org.apache.catalina.valves.ErrorReportValve.invoke(ErrorReportValve.java:83) ~[tomcat-embed-core-10.1.55.jar:10.1.55]
	at org.apache.catalina.core.StandardEngineValve.invoke(StandardEngineValve.java:72) ~[tomcat-embed-core-10.1.55.jar:10.1.55]
	at org.apache.catalina.connector.CoyoteAdapter.service(CoyoteAdapter.java:342) ~[tomcat-embed-core-10.1.55.jar:10.1.55]
	at org.apache.coyote.http11.Http11Processor.service(Http11Processor.java:399) ~[tomcat-embed-core-10.1.55.jar:10.1.55]
	at org.apache.coyote.AbstractProcessorLight.process(AbstractProcessorLight.java:63) ~[tomcat-embed-core-10.1.55.jar:10.1.55]
	at org.apache.coyote.AbstractProtocol$ConnectionHandler.process(AbstractProtocol.java:1272) ~[tomcat-embed-core-10.1.55.jar:10.1.55]
	at org.apache.tomcat.util.net.NioEndpoint$SocketProcessor.doRun(NioEndpoint.java:1797) ~[tomcat-embed-core-10.1.55.jar:10.1.55]
	at org.apache.tomcat.util.net.SocketProcessorBase.run(SocketProcessorBase.java:52) ~[tomcat-embed-core-10.1.55.jar:10.1.55]
	at org.apache.tomcat.util.threads.ThreadPoolExecutor.runWorker(ThreadPoolExecutor.java:973) ~[tomcat-embed-core-10.1.55.jar:10.1.55]
	at org.apache.tomcat.util.threads.ThreadPoolExecutor$Worker.run(ThreadPoolExecutor.java:491) ~[tomcat-embed-core-10.1.55.jar:10.1.55]
	at org.apache.tomcat.util.threads.TaskThread$WrappingRunnable.run(TaskThread.java:63) ~[tomcat-embed-core-10.1.55.jar:10.1.55]
	at java.base/java.lang.Thread.run(Thread.java:1583) ~[na:na]

00:09:30:654 ERROR 24156 --- [cart-service] [http-nio-9003-exec-4] o.a.c.c.C.[.[.[/].[dispatcherServlet]    : Servlet.service() for servlet [dispatcherServlet] in context with path [] threw exception [Request processing failed: feign.FeignException$InternalServerError: [500 ] during [GET] to [http://item-service/items?ids=1&ids=2&ids=3] [ItemClient#getItemsByIds(Collection)]: [<!doctype html><html lang="en"><head><title>HTTP Status 500 – Internal Server Error</title><style type="text/css">body {font-family:Tahoma,Arial,sans-serif;} h1, h2, h3, b {color:white;background-colo... (455 bytes)]] with root cause

feign.FeignException$InternalServerError: [500 ] during [GET] to [http://item-service/items?ids=1&ids=2&ids=3] [ItemClient#getItemsByIds(Collection)]: [<!doctype html><html lang="en"><head><title>HTTP Status 500 – Internal Server Error</title><style type="text/css">body {font-family:Tahoma,Arial,sans-serif;} h1, h2, h3, b {color:white;background-colo... (455 bytes)]
	at feign.FeignException.serverErrorStatus(FeignException.java:281) ~[feign-core-13.6.jar:na]
	at feign.FeignException.errorStatus(FeignException.java:226) ~[feign-core-13.6.jar:na]
	at feign.FeignException.errorStatus(FeignException.java:213) ~[feign-core-13.6.jar:na]
	at feign.codec.ErrorDecoder$Default.decode(ErrorDecoder.java:103) ~[feign-core-13.6.jar:na]
	at feign.InvocationContext.decodeError(InvocationContext.java:133) ~[feign-core-13.6.jar:na]
	at feign.InvocationContext.proceed(InvocationContext.java:80) ~[feign-core-13.6.jar:na]
	at feign.ResponseHandler.handleResponse(ResponseHandler.java:69) ~[feign-core-13.6.jar:na]
	at feign.SynchronousMethodHandler.executeAndDecode(SynchronousMethodHandler.java:109) ~[feign-core-13.6.jar:na]
	at feign.SynchronousMethodHandler.invoke(SynchronousMethodHandler.java:53) ~[feign-core-13.6.jar:na]
	at feign.ReflectiveFeign$FeignInvocationHandler.invoke(ReflectiveFeign.java:104) ~[feign-core-13.6.jar:na]
	at jdk.proxy2/jdk.proxy2.$Proxy96.getItemsByIds(Unknown Source) ~[na:na]
	at com.george.cart.service.impl.CartServiceImpl.handleCartItems(CartServiceImpl.java:97) ~[classes/:na]
	at com.george.cart.service.impl.CartServiceImpl.queryMyCarts(CartServiceImpl.java:69) ~[classes/:na]
	at java.base/jdk.internal.reflect.DirectMethodHandleAccessor.invoke(DirectMethodHandleAccessor.java:103) ~[na:na]
	at java.base/java.lang.reflect.Method.invoke(Method.java:580) ~[na:na]
	at org.springframework.aop.support.AopUtils.invokeJoinpointUsingReflection(AopUtils.java:360) ~[spring-aop-6.2.19.jar:6.2.19]
	at org.springframework.aop.framework.CglibAopProxy$DynamicAdvisedInterceptor.intercept(CglibAopProxy.java:724) ~[spring-aop-6.2.19.jar:6.2.19]
	at com.george.cart.service.impl.CartServiceImpl$$SpringCGLIB$$0.queryMyCarts(<generated>) ~[classes/:na]
	at com.george.cart.controller.CartController.queryMyCarts(CartController.java:37) ~[classes/:na]
	at java.base/jdk.internal.reflect.DirectMethodHandleAccessor.invoke(DirectMethodHandleAccessor.java:103) ~[na:na]
	at java.base/java.lang.reflect.Method.invoke(Method.java:580) ~[na:na]
	at org.springframework.web.method.support.InvocableHandlerMethod.doInvoke(InvocableHandlerMethod.java:258) ~[spring-web-6.2.19.jar:6.2.19]
	at org.springframework.web.method.support.InvocableHandlerMethod.invokeForRequest(InvocableHandlerMethod.java:191) ~[spring-web-6.2.19.jar:6.2.19]
	at org.springframework.web.servlet.mvc.method.annotation.ServletInvocableHandlerMethod.invokeAndHandle(ServletInvocableHandlerMethod.java:118) ~[spring-webmvc-6.2.19.jar:6.2.19]
	at org.springframework.web.servlet.mvc.method.annotation.RequestMappingHandlerAdapter.invokeHandlerMethod(RequestMappingHandlerAdapter.java:991) ~[spring-webmvc-6.2.19.jar:6.2.19]
	at org.springframework.web.servlet.mvc.method.annotation.RequestMappingHandlerAdapter.handleInternal(RequestMappingHandlerAdapter.java:896) ~[spring-webmvc-6.2.19.jar:6.2.19]
	at org.springframework.web.servlet.mvc.method.AbstractHandlerMethodAdapter.handle(AbstractHandlerMethodAdapter.java:87) ~[spring-webmvc-6.2.19.jar:6.2.19]
	at org.springframework.web.servlet.DispatcherServlet.doDispatch(DispatcherServlet.java:1089) ~[spring-webmvc-6.2.19.jar:6.2.19]
	at org.springframework.web.servlet.DispatcherServlet.doService(DispatcherServlet.java:979) ~[spring-webmvc-6.2.19.jar:6.2.19]
	at org.springframework.web.servlet.FrameworkServlet.processRequest(FrameworkServlet.java:1014) ~[spring-webmvc-6.2.19.jar:6.2.19]
	at org.springframework.web.servlet.FrameworkServlet.doGet(FrameworkServlet.java:903) ~[spring-webmvc-6.2.19.jar:6.2.19]
	at jakarta.servlet.http.HttpServlet.service(HttpServlet.java:564) ~[tomcat-embed-core-10.1.55.jar:6.0]
	at org.springframework.web.servlet.FrameworkServlet.service(FrameworkServlet.java:885) ~[spring-webmvc-6.2.19.jar:6.2.19]
	at jakarta.servlet.http.HttpServlet.service(HttpServlet.java:658) ~[tomcat-embed-core-10.1.55.jar:6.0]
	at org.apache.catalina.core.ApplicationFilterChain.internalDoFilter(ApplicationFilterChain.java:193) ~[tomcat-embed-core-10.1.55.jar:10.1.55]
	at org.apache.catalina.core.ApplicationFilterChain.doFilter(ApplicationFilterChain.java:138) ~[tomcat-embed-core-10.1.55.jar:10.1.55]
	at org.apache.tomcat.websocket.server.WsFilter.doFilter(WsFilter.java:51) ~[tomcat-embed-websocket-10.1.55.jar:10.1.55]
	at org.apache.catalina.core.ApplicationFilterChain.internalDoFilter(ApplicationFilterChain.java:162) ~[tomcat-embed-core-10.1.55.jar:10.1.55]
	at org.apache.catalina.core.ApplicationFilterChain.doFilter(ApplicationFilterChain.java:138) ~[tomcat-embed-core-10.1.55.jar:10.1.55]
	at org.springframework.web.filter.RequestContextFilter.doFilterInternal(RequestContextFilter.java:100) ~[spring-web-6.2.19.jar:6.2.19]
	at org.springframework.web.filter.OncePerRequestFilter.doFilter(OncePerRequestFilter.java:116) ~[spring-web-6.2.19.jar:6.2.19]
	at org.apache.catalina.core.ApplicationFilterChain.internalDoFilter(ApplicationFilterChain.java:162) ~[tomcat-embed-core-10.1.55.jar:10.1.55]
	at org.apache.catalina.core.ApplicationFilterChain.doFilter(ApplicationFilterChain.java:138) ~[tomcat-embed-core-10.1.55.jar:10.1.55]
	at org.springframework.web.filter.FormContentFilter.doFilterInternal(FormContentFilter.java:93) ~[spring-web-6.2.19.jar:6.2.19]
	at org.springframework.web.filter.OncePerRequestFilter.doFilter(OncePerRequestFilter.java:116) ~[spring-web-6.2.19.jar:6.2.19]
	at org.apache.catalina.core.ApplicationFilterChain.internalDoFilter(ApplicationFilterChain.java:162) ~[tomcat-embed-core-10.1.55.jar:10.1.55]
	at org.apache.catalina.core.ApplicationFilterChain.doFilter(ApplicationFilterChain.java:138) ~[tomcat-embed-core-10.1.55.jar:10.1.55]
	at org.springframework.web.filter.CharacterEncodingFilter.doFilterInternal(CharacterEncodingFilter.java:201) ~[spring-web-6.2.19.jar:6.2.19]
	at org.springframework.web.filter.OncePerRequestFilter.doFilter(OncePerRequestFilter.java:116) ~[spring-web-6.2.19.jar:6.2.19]
	at org.apache.catalina.core.ApplicationFilterChain.internalDoFilter(ApplicationFilterChain.java:162) ~[tomcat-embed-core-10.1.55.jar:10.1.55]
	at org.apache.catalina.core.ApplicationFilterChain.doFilter(ApplicationFilterChain.java:138) ~[tomcat-embed-core-10.1.55.jar:10.1.55]
	at org.apache.catalina.core.StandardWrapperValve.invoke(StandardWrapperValve.java:165) ~[tomcat-embed-core-10.1.55.jar:10.1.55]
	at org.apache.catalina.core.StandardContextValve.invoke(StandardContextValve.java:88) ~[tomcat-embed-core-10.1.55.jar:10.1.55]
	at org.apache.catalina.authenticator.AuthenticatorBase.invoke(AuthenticatorBase.java:492) ~[tomcat-embed-core-10.1.55.jar:10.1.55]
	at org.apache.catalina.core.StandardHostValve.invoke(StandardHostValve.java:113) ~[tomcat-embed-core-10.1.55.jar:10.1.55]
	at org.apache.catalina.valves.ErrorReportValve.invoke(ErrorReportValve.java:83) ~[tomcat-embed-core-10.1.55.jar:10.1.55]
	at org.apache.catalina.core.StandardEngineValve.invoke(StandardEngineValve.java:72) ~[tomcat-embed-core-10.1.55.jar:10.1.55]
	at org.apache.catalina.connector.CoyoteAdapter.service(CoyoteAdapter.java:342) ~[tomcat-embed-core-10.1.55.jar:10.1.55]
	at org.apache.coyote.http11.Http11Processor.service(Http11Processor.java:399) ~[tomcat-embed-core-10.1.55.jar:10.1.55]
	at org.apache.coyote.AbstractProcessorLight.process(AbstractProcessorLight.java:63) ~[tomcat-embed-core-10.1.55.jar:10.1.55]
	at org.apache.coyote.AbstractProtocol$ConnectionHandler.process(AbstractProtocol.java:1272) ~[tomcat-embed-core-10.1.55.jar:10.1.55]
	at org.apache.tomcat.util.net.NioEndpoint$SocketProcessor.doRun(NioEndpoint.java:1797) ~[tomcat-embed-core-10.1.55.jar:10.1.55]
	at org.apache.tomcat.util.net.SocketProcessorBase.run(SocketProcessorBase.java:52) ~[tomcat-embed-core-10.1.55.jar:10.1.55]
	at org.apache.tomcat.util.threads.ThreadPoolExecutor.runWorker(ThreadPoolExecutor.java:973) ~[tomcat-embed-core-10.1.55.jar:10.1.55]
	at org.apache.tomcat.util.threads.ThreadPoolExecutor$Worker.run(ThreadPoolExecutor.java:491) ~[tomcat-embed-core-10.1.55.jar:10.1.55]
	at org.apache.tomcat.util.threads.TaskThread$WrappingRunnable.run(TaskThread.java:63) ~[tomcat-embed-core-10.1.55.jar:10.1.55]
	at java.base/java.lang.Thread.run(Thread.java:1583) ~[na:na]

00:09:34:877 ERROR 24156 --- [cart-service] [http-nio-9003-exec-7] o.a.c.c.C.[.[.[/].[dispatcherServlet]    : Servlet.service() for servlet [dispatcherServlet] in context with path [] threw exception [Request processing failed: feign.FeignException$InternalServerError: [500 ] during [GET] to [http://item-service/items?ids=1&ids=2&ids=3] [ItemClient#getItemsByIds(Collection)]: [<!doctype html><html lang="en"><head><title>HTTP Status 500 – Internal Server Error</title><style type="text/css">body {font-family:Tahoma,Arial,sans-serif;} h1, h2, h3, b {color:white;background-colo... (455 bytes)]] with root cause

feign.FeignException$InternalServerError: [500 ] during [GET] to [http://item-service/items?ids=1&ids=2&ids=3] [ItemClient#getItemsByIds(Collection)]: [<!doctype html><html lang="en"><head><title>HTTP Status 500 – Internal Server Error</title><style type="text/css">body {font-family:Tahoma,Arial,sans-serif;} h1, h2, h3, b {color:white;background-colo... (455 bytes)]
	at feign.FeignException.serverErrorStatus(FeignException.java:281) ~[feign-core-13.6.jar:na]
	at feign.FeignException.errorStatus(FeignException.java:226) ~[feign-core-13.6.jar:na]
	at feign.FeignException.errorStatus(FeignException.java:213) ~[feign-core-13.6.jar:na]
	at feign.codec.ErrorDecoder$Default.decode(ErrorDecoder.java:103) ~[feign-core-13.6.jar:na]
	at feign.InvocationContext.decodeError(InvocationContext.java:133) ~[feign-core-13.6.jar:na]
	at feign.InvocationContext.proceed(InvocationContext.java:80) ~[feign-core-13.6.jar:na]
	at feign.ResponseHandler.handleResponse(ResponseHandler.java:69) ~[feign-core-13.6.jar:na]
	at feign.SynchronousMethodHandler.executeAndDecode(SynchronousMethodHandler.java:109) ~[feign-core-13.6.jar:na]
	at feign.SynchronousMethodHandler.invoke(SynchronousMethodHandler.java:53) ~[feign-core-13.6.jar:na]
	at feign.ReflectiveFeign$FeignInvocationHandler.invoke(ReflectiveFeign.java:104) ~[feign-core-13.6.jar:na]
	at jdk.proxy2/jdk.proxy2.$Proxy96.getItemsByIds(Unknown Source) ~[na:na]
	at com.george.cart.service.impl.CartServiceImpl.handleCartItems(CartServiceImpl.java:97) ~[classes/:na]
	at com.george.cart.service.impl.CartServiceImpl.queryMyCarts(CartServiceImpl.java:69) ~[classes/:na]
	at java.base/jdk.internal.reflect.DirectMethodHandleAccessor.invoke(DirectMethodHandleAccessor.java:103) ~[na:na]
	at java.base/java.lang.reflect.Method.invoke(Method.java:580) ~[na:na]
	at org.springframework.aop.support.AopUtils.invokeJoinpointUsingReflection(AopUtils.java:360) ~[spring-aop-6.2.19.jar:6.2.19]
	at org.springframework.aop.framework.CglibAopProxy$DynamicAdvisedInterceptor.intercept(CglibAopProxy.java:724) ~[spring-aop-6.2.19.jar:6.2.19]
	at com.george.cart.service.impl.CartServiceImpl$$SpringCGLIB$$0.queryMyCarts(<generated>) ~[classes/:na]
	at com.george.cart.controller.CartController.queryMyCarts(CartController.java:37) ~[classes/:na]
	at java.base/jdk.internal.reflect.DirectMethodHandleAccessor.invoke(DirectMethodHandleAccessor.java:103) ~[na:na]
	at java.base/java.lang.reflect.Method.invoke(Method.java:580) ~[na:na]
	at org.springframework.web.method.support.InvocableHandlerMethod.doInvoke(InvocableHandlerMethod.java:258) ~[spring-web-6.2.19.jar:6.2.19]
	at org.springframework.web.method.support.InvocableHandlerMethod.invokeForRequest(InvocableHandlerMethod.java:191) ~[spring-web-6.2.19.jar:6.2.19]
	at org.springframework.web.servlet.mvc.method.annotation.ServletInvocableHandlerMethod.invokeAndHandle(ServletInvocableHandlerMethod.java:118) ~[spring-webmvc-6.2.19.jar:6.2.19]
	at org.springframework.web.servlet.mvc.method.annotation.RequestMappingHandlerAdapter.invokeHandlerMethod(RequestMappingHandlerAdapter.java:991) ~[spring-webmvc-6.2.19.jar:6.2.19]
	at org.springframework.web.servlet.mvc.method.annotation.RequestMappingHandlerAdapter.handleInternal(RequestMappingHandlerAdapter.java:896) ~[spring-webmvc-6.2.19.jar:6.2.19]
	at org.springframework.web.servlet.mvc.method.AbstractHandlerMethodAdapter.handle(AbstractHandlerMethodAdapter.java:87) ~[spring-webmvc-6.2.19.jar:6.2.19]
	at org.springframework.web.servlet.DispatcherServlet.doDispatch(DispatcherServlet.java:1089) ~[spring-webmvc-6.2.19.jar:6.2.19]
	at org.springframework.web.servlet.DispatcherServlet.doService(DispatcherServlet.java:979) ~[spring-webmvc-6.2.19.jar:6.2.19]
	at org.springframework.web.servlet.FrameworkServlet.processRequest(FrameworkServlet.java:1014) ~[spring-webmvc-6.2.19.jar:6.2.19]
	at org.springframework.web.servlet.FrameworkServlet.doGet(FrameworkServlet.java:903) ~[spring-webmvc-6.2.19.jar:6.2.19]
	at jakarta.servlet.http.HttpServlet.service(HttpServlet.java:564) ~[tomcat-embed-core-10.1.55.jar:6.0]
	at org.springframework.web.servlet.FrameworkServlet.service(FrameworkServlet.java:885) ~[spring-webmvc-6.2.19.jar:6.2.19]
	at jakarta.servlet.http.HttpServlet.service(HttpServlet.java:658) ~[tomcat-embed-core-10.1.55.jar:6.0]
	at org.apache.catalina.core.ApplicationFilterChain.internalDoFilter(ApplicationFilterChain.java:193) ~[tomcat-embed-core-10.1.55.jar:10.1.55]
	at org.apache.catalina.core.ApplicationFilterChain.doFilter(ApplicationFilterChain.java:138) ~[tomcat-embed-core-10.1.55.jar:10.1.55]
	at org.apache.tomcat.websocket.server.WsFilter.doFilter(WsFilter.java:51) ~[tomcat-embed-websocket-10.1.55.jar:10.1.55]
	at org.apache.catalina.core.ApplicationFilterChain.internalDoFilter(ApplicationFilterChain.java:162) ~[tomcat-embed-core-10.1.55.jar:10.1.55]
	at org.apache.catalina.core.ApplicationFilterChain.doFilter(ApplicationFilterChain.java:138) ~[tomcat-embed-core-10.1.55.jar:10.1.55]
	at org.springframework.web.filter.RequestContextFilter.doFilterInternal(RequestContextFilter.java:100) ~[spring-web-6.2.19.jar:6.2.19]
	at org.springframework.web.filter.OncePerRequestFilter.doFilter(OncePerRequestFilter.java:116) ~[spring-web-6.2.19.jar:6.2.19]
	at org.apache.catalina.core.ApplicationFilterChain.internalDoFilter(ApplicationFilterChain.java:162) ~[tomcat-embed-core-10.1.55.jar:10.1.55]
	at org.apache.catalina.core.ApplicationFilterChain.doFilter(ApplicationFilterChain.java:138) ~[tomcat-embed-core-10.1.55.jar:10.1.55]
	at org.springframework.web.filter.FormContentFilter.doFilterInternal(FormContentFilter.java:93) ~[spring-web-6.2.19.jar:6.2.19]
	at org.springframework.web.filter.OncePerRequestFilter.doFilter(OncePerRequestFilter.java:116) ~[spring-web-6.2.19.jar:6.2.19]
	at org.apache.catalina.core.ApplicationFilterChain.internalDoFilter(ApplicationFilterChain.java:162) ~[tomcat-embed-core-10.1.55.jar:10.1.55]
	at org.apache.catalina.core.ApplicationFilterChain.doFilter(ApplicationFilterChain.java:138) ~[tomcat-embed-core-10.1.55.jar:10.1.55]
	at org.springframework.web.filter.CharacterEncodingFilter.doFilterInternal(CharacterEncodingFilter.java:201) ~[spring-web-6.2.19.jar:6.2.19]
	at org.springframework.web.filter.OncePerRequestFilter.doFilter(OncePerRequestFilter.java:116) ~[spring-web-6.2.19.jar:6.2.19]
	at org.apache.catalina.core.ApplicationFilterChain.internalDoFilter(ApplicationFilterChain.java:162) ~[tomcat-embed-core-10.1.55.jar:10.1.55]
	at org.apache.catalina.core.ApplicationFilterChain.doFilter(ApplicationFilterChain.java:138) ~[tomcat-embed-core-10.1.55.jar:10.1.55]
	at org.apache.catalina.core.StandardWrapperValve.invoke(StandardWrapperValve.java:165) ~[tomcat-embed-core-10.1.55.jar:10.1.55]
	at org.apache.catalina.core.StandardContextValve.invoke(StandardContextValve.java:88) ~[tomcat-embed-core-10.1.55.jar:10.1.55]
	at org.apache.catalina.authenticator.AuthenticatorBase.invoke(AuthenticatorBase.java:492) ~[tomcat-embed-core-10.1.55.jar:10.1.55]
	at org.apache.catalina.core.StandardHostValve.invoke(StandardHostValve.java:113) ~[tomcat-embed-core-10.1.55.jar:10.1.55]
	at org.apache.catalina.valves.ErrorReportValve.invoke(ErrorReportValve.java:83) ~[tomcat-embed-core-10.1.55.jar:10.1.55]
	at org.apache.catalina.core.StandardEngineValve.invoke(StandardEngineValve.java:72) ~[tomcat-embed-core-10.1.55.jar:10.1.55]
	at org.apache.catalina.connector.CoyoteAdapter.service(CoyoteAdapter.java:342) ~[tomcat-embed-core-10.1.55.jar:10.1.55]
	at org.apache.coyote.http11.Http11Processor.service(Http11Processor.java:399) ~[tomcat-embed-core-10.1.55.jar:10.1.55]
	at org.apache.coyote.AbstractProcessorLight.process(AbstractProcessorLight.java:63) ~[tomcat-embed-core-10.1.55.jar:10.1.55]
	at org.apache.coyote.AbstractProtocol$ConnectionHandler.process(AbstractProtocol.java:1272) ~[tomcat-embed-core-10.1.55.jar:10.1.55]
	at org.apache.tomcat.util.net.NioEndpoint$SocketProcessor.doRun(NioEndpoint.java:1797) ~[tomcat-embed-core-10.1.55.jar:10.1.55]
	at org.apache.tomcat.util.net.SocketProcessorBase.run(SocketProcessorBase.java:52) ~[tomcat-embed-core-10.1.55.jar:10.1.55]
	at org.apache.tomcat.util.threads.ThreadPoolExecutor.runWorker(ThreadPoolExecutor.java:973) ~[tomcat-embed-core-10.1.55.jar:10.1.55]
	at org.apache.tomcat.util.threads.ThreadPoolExecutor$Worker.run(ThreadPoolExecutor.java:491) ~[tomcat-embed-core-10.1.55.jar:10.1.55]
	at org.apache.tomcat.util.threads.TaskThread$WrappingRunnable.run(TaskThread.java:63) ~[tomcat-embed-core-10.1.55.jar:10.1.55]
	at java.base/java.lang.Thread.run(Thread.java:1583) ~[na:na]

00:09:45:092 ERROR 24156 --- [cart-service] [http-nio-9003-exec-9] o.a.c.c.C.[.[.[/].[dispatcherServlet]    : Servlet.service() for servlet [dispatcherServlet] in context with path [] threw exception [Request processing failed: feign.FeignException$InternalServerError: [500 ] during [GET] to [http://item-service/items?ids=1&ids=2&ids=3] [ItemClient#getItemsByIds(Collection)]: [<!doctype html><html lang="en"><head><title>HTTP Status 500 – Internal Server Error</title><style type="text/css">body {font-family:Tahoma,Arial,sans-serif;} h1, h2, h3, b {color:white;background-colo... (455 bytes)]] with root cause

feign.FeignException$InternalServerError: [500 ] during [GET] to [http://item-service/items?ids=1&ids=2&ids=3] [ItemClient#getItemsByIds(Collection)]: [<!doctype html><html lang="en"><head><title>HTTP Status 500 – Internal Server Error</title><style type="text/css">body {font-family:Tahoma,Arial,sans-serif;} h1, h2, h3, b {color:white;background-colo... (455 bytes)]
	at feign.FeignException.serverErrorStatus(FeignException.java:281) ~[feign-core-13.6.jar:na]
	at feign.FeignException.errorStatus(FeignException.java:226) ~[feign-core-13.6.jar:na]
	at feign.FeignException.errorStatus(FeignException.java:213) ~[feign-core-13.6.jar:na]
	at feign.codec.ErrorDecoder$Default.decode(ErrorDecoder.java:103) ~[feign-core-13.6.jar:na]
	at feign.InvocationContext.decodeError(InvocationContext.java:133) ~[feign-core-13.6.jar:na]
	at feign.InvocationContext.proceed(InvocationContext.java:80) ~[feign-core-13.6.jar:na]
	at feign.ResponseHandler.handleResponse(ResponseHandler.java:69) ~[feign-core-13.6.jar:na]
	at feign.SynchronousMethodHandler.executeAndDecode(SynchronousMethodHandler.java:109) ~[feign-core-13.6.jar:na]
	at feign.SynchronousMethodHandler.invoke(SynchronousMethodHandler.java:53) ~[feign-core-13.6.jar:na]
	at feign.ReflectiveFeign$FeignInvocationHandler.invoke(ReflectiveFeign.java:104) ~[feign-core-13.6.jar:na]
	at jdk.proxy2/jdk.proxy2.$Proxy96.getItemsByIds(Unknown Source) ~[na:na]
	at com.george.cart.service.impl.CartServiceImpl.handleCartItems(CartServiceImpl.java:97) ~[classes/:na]
	at com.george.cart.service.impl.CartServiceImpl.queryMyCarts(CartServiceImpl.java:69) ~[classes/:na]
	at java.base/jdk.internal.reflect.DirectMethodHandleAccessor.invoke(DirectMethodHandleAccessor.java:103) ~[na:na]
	at java.base/java.lang.reflect.Method.invoke(Method.java:580) ~[na:na]
	at org.springframework.aop.support.AopUtils.invokeJoinpointUsingReflection(AopUtils.java:360) ~[spring-aop-6.2.19.jar:6.2.19]
	at org.springframework.aop.framework.CglibAopProxy$DynamicAdvisedInterceptor.intercept(CglibAopProxy.java:724) ~[spring-aop-6.2.19.jar:6.2.19]
	at com.george.cart.service.impl.CartServiceImpl$$SpringCGLIB$$0.queryMyCarts(<generated>) ~[classes/:na]
	at com.george.cart.controller.CartController.queryMyCarts(CartController.java:37) ~[classes/:na]
	at java.base/jdk.internal.reflect.DirectMethodHandleAccessor.invoke(DirectMethodHandleAccessor.java:103) ~[na:na]
	at java.base/java.lang.reflect.Method.invoke(Method.java:580) ~[na:na]
	at org.springframework.web.method.support.InvocableHandlerMethod.doInvoke(InvocableHandlerMethod.java:258) ~[spring-web-6.2.19.jar:6.2.19]
	at org.springframework.web.method.support.InvocableHandlerMethod.invokeForRequest(InvocableHandlerMethod.java:191) ~[spring-web-6.2.19.jar:6.2.19]
	at org.springframework.web.servlet.mvc.method.annotation.ServletInvocableHandlerMethod.invokeAndHandle(ServletInvocableHandlerMethod.java:118) ~[spring-webmvc-6.2.19.jar:6.2.19]
	at org.springframework.web.servlet.mvc.method.annotation.RequestMappingHandlerAdapter.invokeHandlerMethod(RequestMappingHandlerAdapter.java:991) ~[spring-webmvc-6.2.19.jar:6.2.19]
	at org.springframework.web.servlet.mvc.method.annotation.RequestMappingHandlerAdapter.handleInternal(RequestMappingHandlerAdapter.java:896) ~[spring-webmvc-6.2.19.jar:6.2.19]
	at org.springframework.web.servlet.mvc.method.AbstractHandlerMethodAdapter.handle(AbstractHandlerMethodAdapter.java:87) ~[spring-webmvc-6.2.19.jar:6.2.19]
	at org.springframework.web.servlet.DispatcherServlet.doDispatch(DispatcherServlet.java:1089) ~[spring-webmvc-6.2.19.jar:6.2.19]
	at org.springframework.web.servlet.DispatcherServlet.doService(DispatcherServlet.java:979) ~[spring-webmvc-6.2.19.jar:6.2.19]
	at org.springframework.web.servlet.FrameworkServlet.processRequest(FrameworkServlet.java:1014) ~[spring-webmvc-6.2.19.jar:6.2.19]
	at org.springframework.web.servlet.FrameworkServlet.doGet(FrameworkServlet.java:903) ~[spring-webmvc-6.2.19.jar:6.2.19]
	at jakarta.servlet.http.HttpServlet.service(HttpServlet.java:564) ~[tomcat-embed-core-10.1.55.jar:6.0]
	at org.springframework.web.servlet.FrameworkServlet.service(FrameworkServlet.java:885) ~[spring-webmvc-6.2.19.jar:6.2.19]
	at jakarta.servlet.http.HttpServlet.service(HttpServlet.java:658) ~[tomcat-embed-core-10.1.55.jar:6.0]
	at org.apache.catalina.core.ApplicationFilterChain.internalDoFilter(ApplicationFilterChain.java:193) ~[tomcat-embed-core-10.1.55.jar:10.1.55]
	at org.apache.catalina.core.ApplicationFilterChain.doFilter(ApplicationFilterChain.java:138) ~[tomcat-embed-core-10.1.55.jar:10.1.55]
	at org.apache.tomcat.websocket.server.WsFilter.doFilter(WsFilter.java:51) ~[tomcat-embed-websocket-10.1.55.jar:10.1.55]
	at org.apache.catalina.core.ApplicationFilterChain.internalDoFilter(ApplicationFilterChain.java:162) ~[tomcat-embed-core-10.1.55.jar:10.1.55]
	at org.apache.catalina.core.ApplicationFilterChain.doFilter(ApplicationFilterChain.java:138) ~[tomcat-embed-core-10.1.55.jar:10.1.55]
	at org.springframework.web.filter.RequestContextFilter.doFilterInternal(RequestContextFilter.java:100) ~[spring-web-6.2.19.jar:6.2.19]
	at org.springframework.web.filter.OncePerRequestFilter.doFilter(OncePerRequestFilter.java:116) ~[spring-web-6.2.19.jar:6.2.19]
	at org.apache.catalina.core.ApplicationFilterChain.internalDoFilter(ApplicationFilterChain.java:162) ~[tomcat-embed-core-10.1.55.jar:10.1.55]
	at org.apache.catalina.core.ApplicationFilterChain.doFilter(ApplicationFilterChain.java:138) ~[tomcat-embed-core-10.1.55.jar:10.1.55]
	at org.springframework.web.filter.FormContentFilter.doFilterInternal(FormContentFilter.java:93) ~[spring-web-6.2.19.jar:6.2.19]
	at org.springframework.web.filter.OncePerRequestFilter.doFilter(OncePerRequestFilter.java:116) ~[spring-web-6.2.19.jar:6.2.19]
	at org.apache.catalina.core.ApplicationFilterChain.internalDoFilter(ApplicationFilterChain.java:162) ~[tomcat-embed-core-10.1.55.jar:10.1.55]
	at org.apache.catalina.core.ApplicationFilterChain.doFilter(ApplicationFilterChain.java:138) ~[tomcat-embed-core-10.1.55.jar:10.1.55]
	at org.springframework.web.filter.CharacterEncodingFilter.doFilterInternal(CharacterEncodingFilter.java:201) ~[spring-web-6.2.19.jar:6.2.19]
	at org.springframework.web.filter.OncePerRequestFilter.doFilter(OncePerRequestFilter.java:116) ~[spring-web-6.2.19.jar:6.2.19]
	at org.apache.catalina.core.ApplicationFilterChain.internalDoFilter(ApplicationFilterChain.java:162) ~[tomcat-embed-core-10.1.55.jar:10.1.55]
	at org.apache.catalina.core.ApplicationFilterChain.doFilter(ApplicationFilterChain.java:138) ~[tomcat-embed-core-10.1.55.jar:10.1.55]
	at org.apache.catalina.core.StandardWrapperValve.invoke(StandardWrapperValve.java:165) ~[tomcat-embed-core-10.1.55.jar:10.1.55]
	at org.apache.catalina.core.StandardContextValve.invoke(StandardContextValve.java:88) ~[tomcat-embed-core-10.1.55.jar:10.1.55]
	at org.apache.catalina.authenticator.AuthenticatorBase.invoke(AuthenticatorBase.java:492) ~[tomcat-embed-core-10.1.55.jar:10.1.55]
	at org.apache.catalina.core.StandardHostValve.invoke(StandardHostValve.java:113) ~[tomcat-embed-core-10.1.55.jar:10.1.55]
	at org.apache.catalina.valves.ErrorReportValve.invoke(ErrorReportValve.java:83) ~[tomcat-embed-core-10.1.55.jar:10.1.55]
	at org.apache.catalina.core.StandardEngineValve.invoke(StandardEngineValve.java:72) ~[tomcat-embed-core-10.1.55.jar:10.1.55]
	at org.apache.catalina.connector.CoyoteAdapter.service(CoyoteAdapter.java:342) ~[tomcat-embed-core-10.1.55.jar:10.1.55]
	at org.apache.coyote.http11.Http11Processor.service(Http11Processor.java:399) ~[tomcat-embed-core-10.1.55.jar:10.1.55]
	at org.apache.coyote.AbstractProcessorLight.process(AbstractProcessorLight.java:63) ~[tomcat-embed-core-10.1.55.jar:10.1.55]
	at org.apache.coyote.AbstractProtocol$ConnectionHandler.process(AbstractProtocol.java:1272) ~[tomcat-embed-core-10.1.55.jar:10.1.55]
	at org.apache.tomcat.util.net.NioEndpoint$SocketProcessor.doRun(NioEndpoint.java:1797) ~[tomcat-embed-core-10.1.55.jar:10.1.55]
	at org.apache.tomcat.util.net.SocketProcessorBase.run(SocketProcessorBase.java:52) ~[tomcat-embed-core-10.1.55.jar:10.1.55]
	at org.apache.tomcat.util.threads.ThreadPoolExecutor.runWorker(ThreadPoolExecutor.java:973) ~[tomcat-embed-core-10.1.55.jar:10.1.55]
	at org.apache.tomcat.util.threads.ThreadPoolExecutor$Worker.run(ThreadPoolExecutor.java:491) ~[tomcat-embed-core-10.1.55.jar:10.1.55]
	at org.apache.tomcat.util.threads.TaskThread$WrappingRunnable.run(TaskThread.java:63) ~[tomcat-embed-core-10.1.55.jar:10.1.55]
	at java.base/java.lang.Thread.run(Thread.java:1583) ~[na:na]

00:10:05:913 ERROR 24156 --- [cart-service] [http-nio-9003-exec-5] o.a.c.c.C.[.[.[/].[dispatcherServlet]    : Servlet.service() for servlet [dispatcherServlet] in context with path [] threw exception [Request processing failed: feign.FeignException$InternalServerError: [500 ] during [GET] to [http://item-service/items?ids=1&ids=2&ids=3] [ItemClient#getItemsByIds(Collection)]: [<!doctype html><html lang="en"><head><title>HTTP Status 500 – Internal Server Error</title><style type="text/css">body {font-family:Tahoma,Arial,sans-serif;} h1, h2, h3, b {color:white;background-colo... (455 bytes)]] with root cause

feign.FeignException$InternalServerError: [500 ] during [GET] to [http://item-service/items?ids=1&ids=2&ids=3] [ItemClient#getItemsByIds(Collection)]: [<!doctype html><html lang="en"><head><title>HTTP Status 500 – Internal Server Error</title><style type="text/css">body {font-family:Tahoma,Arial,sans-serif;} h1, h2, h3, b {color:white;background-colo... (455 bytes)]
	at feign.FeignException.serverErrorStatus(FeignException.java:281) ~[feign-core-13.6.jar:na]
	at feign.FeignException.errorStatus(FeignException.java:226) ~[feign-core-13.6.jar:na]
	at feign.FeignException.errorStatus(FeignException.java:213) ~[feign-core-13.6.jar:na]
	at feign.codec.ErrorDecoder$Default.decode(ErrorDecoder.java:103) ~[feign-core-13.6.jar:na]
	at feign.InvocationContext.decodeError(InvocationContext.java:133) ~[feign-core-13.6.jar:na]
	at feign.InvocationContext.proceed(InvocationContext.java:80) ~[feign-core-13.6.jar:na]
	at feign.ResponseHandler.handleResponse(ResponseHandler.java:69) ~[feign-core-13.6.jar:na]
	at feign.SynchronousMethodHandler.executeAndDecode(SynchronousMethodHandler.java:109) ~[feign-core-13.6.jar:na]
	at feign.SynchronousMethodHandler.invoke(SynchronousMethodHandler.java:53) ~[feign-core-13.6.jar:na]
	at feign.ReflectiveFeign$FeignInvocationHandler.invoke(ReflectiveFeign.java:104) ~[feign-core-13.6.jar:na]
	at jdk.proxy2/jdk.proxy2.$Proxy96.getItemsByIds(Unknown Source) ~[na:na]
	at com.george.cart.service.impl.CartServiceImpl.handleCartItems(CartServiceImpl.java:97) ~[classes/:na]
	at com.george.cart.service.impl.CartServiceImpl.queryMyCarts(CartServiceImpl.java:69) ~[classes/:na]
	at java.base/jdk.internal.reflect.DirectMethodHandleAccessor.invoke(DirectMethodHandleAccessor.java:103) ~[na:na]
	at java.base/java.lang.reflect.Method.invoke(Method.java:580) ~[na:na]
	at org.springframework.aop.support.AopUtils.invokeJoinpointUsingReflection(AopUtils.java:360) ~[spring-aop-6.2.19.jar:6.2.19]
	at org.springframework.aop.framework.CglibAopProxy$DynamicAdvisedInterceptor.intercept(CglibAopProxy.java:724) ~[spring-aop-6.2.19.jar:6.2.19]
	at com.george.cart.service.impl.CartServiceImpl$$SpringCGLIB$$0.queryMyCarts(<generated>) ~[classes/:na]
	at com.george.cart.controller.CartController.queryMyCarts(CartController.java:37) ~[classes/:na]
	at java.base/jdk.internal.reflect.DirectMethodHandleAccessor.invoke(DirectMethodHandleAccessor.java:103) ~[na:na]
	at java.base/java.lang.reflect.Method.invoke(Method.java:580) ~[na:na]
	at org.springframework.web.method.support.InvocableHandlerMethod.doInvoke(InvocableHandlerMethod.java:258) ~[spring-web-6.2.19.jar:6.2.19]
	at org.springframework.web.method.support.InvocableHandlerMethod.invokeForRequest(InvocableHandlerMethod.java:191) ~[spring-web-6.2.19.jar:6.2.19]
	at org.springframework.web.servlet.mvc.method.annotation.ServletInvocableHandlerMethod.invokeAndHandle(ServletInvocableHandlerMethod.java:118) ~[spring-webmvc-6.2.19.jar:6.2.19]
	at org.springframework.web.servlet.mvc.method.annotation.RequestMappingHandlerAdapter.invokeHandlerMethod(RequestMappingHandlerAdapter.java:991) ~[spring-webmvc-6.2.19.jar:6.2.19]
	at org.springframework.web.servlet.mvc.method.annotation.RequestMappingHandlerAdapter.handleInternal(RequestMappingHandlerAdapter.java:896) ~[spring-webmvc-6.2.19.jar:6.2.19]
	at org.springframework.web.servlet.mvc.method.AbstractHandlerMethodAdapter.handle(AbstractHandlerMethodAdapter.java:87) ~[spring-webmvc-6.2.19.jar:6.2.19]
	at org.springframework.web.servlet.DispatcherServlet.doDispatch(DispatcherServlet.java:1089) ~[spring-webmvc-6.2.19.jar:6.2.19]
	at org.springframework.web.servlet.DispatcherServlet.doService(DispatcherServlet.java:979) ~[spring-webmvc-6.2.19.jar:6.2.19]
	at org.springframework.web.servlet.FrameworkServlet.processRequest(FrameworkServlet.java:1014) ~[spring-webmvc-6.2.19.jar:6.2.19]
	at org.springframework.web.servlet.FrameworkServlet.doGet(FrameworkServlet.java:903) ~[spring-webmvc-6.2.19.jar:6.2.19]
	at jakarta.servlet.http.HttpServlet.service(HttpServlet.java:564) ~[tomcat-embed-core-10.1.55.jar:6.0]
	at org.springframework.web.servlet.FrameworkServlet.service(FrameworkServlet.java:885) ~[spring-webmvc-6.2.19.jar:6.2.19]
	at jakarta.servlet.http.HttpServlet.service(HttpServlet.java:658) ~[tomcat-embed-core-10.1.55.jar:6.0]
	at org.apache.catalina.core.ApplicationFilterChain.internalDoFilter(ApplicationFilterChain.java:193) ~[tomcat-embed-core-10.1.55.jar:10.1.55]
	at org.apache.catalina.core.ApplicationFilterChain.doFilter(ApplicationFilterChain.java:138) ~[tomcat-embed-core-10.1.55.jar:10.1.55]
	at org.apache.tomcat.websocket.server.WsFilter.doFilter(WsFilter.java:51) ~[tomcat-embed-websocket-10.1.55.jar:10.1.55]
	at org.apache.catalina.core.ApplicationFilterChain.internalDoFilter(ApplicationFilterChain.java:162) ~[tomcat-embed-core-10.1.55.jar:10.1.55]
	at org.apache.catalina.core.ApplicationFilterChain.doFilter(ApplicationFilterChain.java:138) ~[tomcat-embed-core-10.1.55.jar:10.1.55]
	at org.springframework.web.filter.RequestContextFilter.doFilterInternal(RequestContextFilter.java:100) ~[spring-web-6.2.19.jar:6.2.19]
	at org.springframework.web.filter.OncePerRequestFilter.doFilter(OncePerRequestFilter.java:116) ~[spring-web-6.2.19.jar:6.2.19]
	at org.apache.catalina.core.ApplicationFilterChain.internalDoFilter(ApplicationFilterChain.java:162) ~[tomcat-embed-core-10.1.55.jar:10.1.55]
	at org.apache.catalina.core.ApplicationFilterChain.doFilter(ApplicationFilterChain.java:138) ~[tomcat-embed-core-10.1.55.jar:10.1.55]
	at org.springframework.web.filter.FormContentFilter.doFilterInternal(FormContentFilter.java:93) ~[spring-web-6.2.19.jar:6.2.19]
	at org.springframework.web.filter.OncePerRequestFilter.doFilter(OncePerRequestFilter.java:116) ~[spring-web-6.2.19.jar:6.2.19]
	at org.apache.catalina.core.ApplicationFilterChain.internalDoFilter(ApplicationFilterChain.java:162) ~[tomcat-embed-core-10.1.55.jar:10.1.55]
	at org.apache.catalina.core.ApplicationFilterChain.doFilter(ApplicationFilterChain.java:138) ~[tomcat-embed-core-10.1.55.jar:10.1.55]
	at org.springframework.web.filter.CharacterEncodingFilter.doFilterInternal(CharacterEncodingFilter.java:201) ~[spring-web-6.2.19.jar:6.2.19]
	at org.springframework.web.filter.OncePerRequestFilter.doFilter(OncePerRequestFilter.java:116) ~[spring-web-6.2.19.jar:6.2.19]
	at org.apache.catalina.core.ApplicationFilterChain.internalDoFilter(ApplicationFilterChain.java:162) ~[tomcat-embed-core-10.1.55.jar:10.1.55]
	at org.apache.catalina.core.ApplicationFilterChain.doFilter(ApplicationFilterChain.java:138) ~[tomcat-embed-core-10.1.55.jar:10.1.55]
	at org.apache.catalina.core.StandardWrapperValve.invoke(StandardWrapperValve.java:165) ~[tomcat-embed-core-10.1.55.jar:10.1.55]
	at org.apache.catalina.core.StandardContextValve.invoke(StandardContextValve.java:88) ~[tomcat-embed-core-10.1.55.jar:10.1.55]
	at org.apache.catalina.authenticator.AuthenticatorBase.invoke(AuthenticatorBase.java:492) ~[tomcat-embed-core-10.1.55.jar:10.1.55]
	at org.apache.catalina.core.StandardHostValve.invoke(StandardHostValve.java:113) ~[tomcat-embed-core-10.1.55.jar:10.1.55]
	at org.apache.catalina.valves.ErrorReportValve.invoke(ErrorReportValve.java:83) ~[tomcat-embed-core-10.1.55.jar:10.1.55]
	at org.apache.catalina.core.StandardEngineValve.invoke(StandardEngineValve.java:72) ~[tomcat-embed-core-10.1.55.jar:10.1.55]
	at org.apache.catalina.connector.CoyoteAdapter.service(CoyoteAdapter.java:342) ~[tomcat-embed-core-10.1.55.jar:10.1.55]
	at org.apache.coyote.http11.Http11Processor.service(Http11Processor.java:399) ~[tomcat-embed-core-10.1.55.jar:10.1.55]
	at org.apache.coyote.AbstractProcessorLight.process(AbstractProcessorLight.java:63) ~[tomcat-embed-core-10.1.55.jar:10.1.55]
	at org.apache.coyote.AbstractProtocol$ConnectionHandler.process(AbstractProtocol.java:1272) ~[tomcat-embed-core-10.1.55.jar:10.1.55]
	at org.apache.tomcat.util.net.NioEndpoint$SocketProcessor.doRun(NioEndpoint.java:1797) ~[tomcat-embed-core-10.1.55.jar:10.1.55]
	at org.apache.tomcat.util.net.SocketProcessorBase.run(SocketProcessorBase.java:52) ~[tomcat-embed-core-10.1.55.jar:10.1.55]
	at org.apache.tomcat.util.threads.ThreadPoolExecutor.runWorker(ThreadPoolExecutor.java:973) ~[tomcat-embed-core-10.1.55.jar:10.1.55]
	at org.apache.tomcat.util.threads.ThreadPoolExecutor$Worker.run(ThreadPoolExecutor.java:491) ~[tomcat-embed-core-10.1.55.jar:10.1.55]
	at org.apache.tomcat.util.threads.TaskThread$WrappingRunnable.run(TaskThread.java:63) ~[tomcat-embed-core-10.1.55.jar:10.1.55]
	at java.base/java.lang.Thread.run(Thread.java:1583) ~[na:na]

00:12:00:366  WARN 24156 --- [cart-service] [Thread-18] c.a.n.common.http.HttpClientBeanHolder   : [HttpClientBeanHolder] Start destroying common HttpClient
00:12:00:366  WARN 24156 --- [cart-service] [Thread-16] c.a.nacos.common.notify.NotifyCenter     : [NotifyCenter] Start destroying Publisher
00:12:00:366  WARN 24156 --- [cart-service] [Thread-2] c.a.n.common.executor.ThreadPoolManager  : [ThreadPoolManager] Start destroying ThreadPool
00:12:00:367  WARN 24156 --- [cart-service] [Thread-16] c.a.nacos.common.notify.NotifyCenter     : [NotifyCenter] Destruction of the end
00:12:00:367  WARN 24156 --- [cart-service] [Thread-2] c.a.n.common.executor.ThreadPoolManager  : [ThreadPoolManager] Destruction of the end
00:12:00:367  WARN 24156 --- [cart-service] [Thread-18] c.a.n.common.http.HttpClientBeanHolder   : [HttpClientBeanHolder] Destruction of the end
00:12:00:368  INFO 24156 --- [cart-service] [SpringApplicationShutdownHook] c.a.c.n.registry.NacosServiceRegistry    : De-registering from Nacos Server now...
00:12:00:373  INFO 24156 --- [cart-service] [SpringApplicationShutdownHook] c.a.c.n.registry.NacosServiceRegistry    : De-registration finished.
00:12:04:832  INFO 6852 --- [cart-service] [main] c.a.nacos.client.logging.NacosLogging    : Nacos Logging Adapter Builder: com.alibaba.nacos.logger.adapter.logback12.LogbackNacosLoggingAdapterBuilder
00:12:04:841  INFO 6852 --- [cart-service] [main] c.a.nacos.client.logging.NacosLogging    : Nacos Logging Adapter Builder: com.alibaba.nacos.logger.adapter.logback14.LogbackNacosLoggingAdapterBuilder
00:12:04:842  INFO 6852 --- [cart-service] [main] c.a.nacos.client.logging.NacosLogging    : Nacos Logging Adapter: com.alibaba.nacos.logger.adapter.logback14.LogbackNacosLoggingAdapter match ch.qos.logback.classic.Logger success.
00:12:04:849  INFO 6852 --- [cart-service] [main] c.a.nacos.client.logging.NacosLogging    : Nacos Logging Adapter Builder: com.alibaba.nacos.logger.adapter.log4j2.Log4j2NacosLoggingAdapterBuilder
00:12:05:083  INFO 6852 --- [cart-service] [main] com.george.cart.CartApplication          : Starting CartApplication using Java 21.0.11 with PID 6852 (E:\download\SpringCloud\day02-Docker\Source\hmall\hm-cart\cart-service\target\classes started by lindu in E:\download\SpringCloud\day02-Docker\Source\hmall)
00:12:05:085  INFO 6852 --- [cart-service] [main] com.george.cart.CartApplication          : The following 1 profile is active: "local"
00:12:05:764  INFO 6852 --- [cart-service] [main] .s.d.r.c.RepositoryConfigurationDelegate : Multiple Spring Data modules found, entering strict repository configuration mode
00:12:05:766  INFO 6852 --- [cart-service] [main] .s.d.r.c.RepositoryConfigurationDelegate : Bootstrapping Spring Data Redis repositories in DEFAULT mode.
00:12:05:795  INFO 6852 --- [cart-service] [main] .s.d.r.c.RepositoryConfigurationDelegate : Finished Spring Data repository scanning in 15 ms. Found 0 Redis repository interfaces.
00:12:06:011  INFO 6852 --- [cart-service] [main] o.s.cloud.context.scope.GenericScope     : BeanFactory id=8e1d83b1-e975-34d0-8eac-76560e4b7f6e
00:12:06:401  INFO 6852 --- [cart-service] [main] o.s.b.w.embedded.tomcat.TomcatWebServer  : Tomcat initialized with port 9003 (http)
00:12:06:417  INFO 6852 --- [cart-service] [main] o.apache.catalina.core.StandardService   : Starting service [Tomcat]
00:12:06:417  INFO 6852 --- [cart-service] [main] o.apache.catalina.core.StandardEngine    : Starting Servlet engine: [Apache Tomcat/10.1.55]
00:12:06:485  INFO 6852 --- [cart-service] [main] o.a.c.c.C.[Tomcat].[localhost].[/]       : Initializing Spring embedded WebApplicationContext
00:12:06:485  INFO 6852 --- [cart-service] [main] w.s.c.ServletWebServerApplicationContext : Root WebApplicationContext: initialization completed in 1346 ms
00:12:06:677  INFO 6852 --- [cart-service] [main] o.s.c.openfeign.FeignClientFactoryBean   : For 'item-service' URL not provided. Will try picking an instance via load-balancing.
00:12:07:315  INFO 6852 --- [cart-service] [main] m.e.s.MybatisPlusApplicationContextAware : Register ApplicationContext instances org.springframework.boot.web.servlet.context.AnnotationConfigServletWebServerApplicationContext@d78795
00:12:07:761  INFO 6852 --- [cart-service] [main] o.s.b.w.embedded.tomcat.TomcatWebServer  : Tomcat started on port 9003 (http) with context path '/'
00:12:07:803  INFO 6852 --- [cart-service] [main] c.a.n.p.a.s.c.ClientAuthPluginManager    : [ClientAuthPluginManager] Load ClientAuthService com.alibaba.nacos.client.auth.impl.NacosClientAuthServiceImpl success.
00:12:07:803  INFO 6852 --- [cart-service] [main] c.a.n.p.a.s.c.ClientAuthPluginManager    : [ClientAuthPluginManager] Load ClientAuthService com.alibaba.nacos.client.auth.ram.RamClientAuthServiceImpl success.
00:12:08:445  INFO 6852 --- [cart-service] [main] c.a.n.c.a.AbstractAbilityControlManager  : Ready to get current node abilities...
00:12:08:447  INFO 6852 --- [cart-service] [main] c.a.n.c.a.AbstractAbilityControlManager  : Ready to initialize current node abilities, support modes: [SDK_CLIENT]
00:12:08:447  INFO 6852 --- [cart-service] [main] c.a.n.c.a.AbstractAbilityControlManager  : Initialize current abilities finish...
00:12:08:448  INFO 6852 --- [cart-service] [main] c.a.n.c.a.d.NacosAbilityManagerHolder    : [AbilityControlManager] Successfully initialize AbilityControlManager
00:12:08:483  INFO 6852 --- [cart-service] [main] c.a.c.n.registry.NacosServiceRegistry    : nacos registry, DEFAULT_GROUP cart-service 192.168.108.1:9003 register finished
00:12:08:495  INFO 6852 --- [cart-service] [main] com.george.cart.CartApplication          : Started CartApplication in 4.181 seconds (process running for 4.926)
00:13:21:833  INFO 6852 --- [cart-service] [http-nio-9003-exec-1] o.a.c.c.C.[Tomcat].[localhost].[/]       : Initializing Spring DispatcherServlet 'dispatcherServlet'
00:13:21:833  INFO 6852 --- [cart-service] [http-nio-9003-exec-1] o.s.web.servlet.DispatcherServlet        : Initializing Servlet 'dispatcherServlet'
00:13:21:835  INFO 6852 --- [cart-service] [http-nio-9003-exec-1] o.s.web.servlet.DispatcherServlet        : Completed initialization in 2 ms
00:13:21:969  INFO 6852 --- [cart-service] [http-nio-9003-exec-1] com.zaxxer.hikari.HikariDataSource       : HikariPool-1 - Starting...
00:13:22:215  INFO 6852 --- [cart-service] [http-nio-9003-exec-1] com.zaxxer.hikari.pool.HikariPool        : HikariPool-1 - Added connection com.mysql.cj.jdbc.ConnectionImpl@708764d8
00:13:22:216  INFO 6852 --- [cart-service] [http-nio-9003-exec-1] com.zaxxer.hikari.HikariDataSource       : HikariPool-1 - Start completed.
00:34:45:619  WARN 6852 --- [cart-service] [Thread-2] c.a.n.common.executor.ThreadPoolManager  : [ThreadPoolManager] Start destroying ThreadPool
00:34:45:619  WARN 6852 --- [cart-service] [Thread-18] c.a.n.common.http.HttpClientBeanHolder   : [HttpClientBeanHolder] Start destroying common HttpClient
00:34:45:619  WARN 6852 --- [cart-service] [Thread-16] c.a.nacos.common.notify.NotifyCenter     : [NotifyCenter] Start destroying Publisher
00:34:45:620  WARN 6852 --- [cart-service] [Thread-16] c.a.nacos.common.notify.NotifyCenter     : [NotifyCenter] Destruction of the end
00:34:45:620  WARN 6852 --- [cart-service] [Thread-2] c.a.n.common.executor.ThreadPoolManager  : [ThreadPoolManager] Destruction of the end
00:34:45:620  WARN 6852 --- [cart-service] [Thread-18] c.a.n.common.http.HttpClientBeanHolder   : [HttpClientBeanHolder] Destruction of the end
00:34:45:621  INFO 6852 --- [cart-service] [SpringApplicationShutdownHook] c.a.c.n.registry.NacosServiceRegistry    : De-registering from Nacos Server now...
00:34:45:628  INFO 6852 --- [cart-service] [SpringApplicationShutdownHook] c.a.c.n.registry.NacosServiceRegistry    : De-registration finished.
00:34:51:123  INFO 14264 --- [cart-service] [main] c.a.nacos.client.logging.NacosLogging    : Nacos Logging Adapter Builder: com.alibaba.nacos.logger.adapter.logback12.LogbackNacosLoggingAdapterBuilder
00:34:51:138  INFO 14264 --- [cart-service] [main] c.a.nacos.client.logging.NacosLogging    : Nacos Logging Adapter Builder: com.alibaba.nacos.logger.adapter.logback14.LogbackNacosLoggingAdapterBuilder
00:34:51:139  INFO 14264 --- [cart-service] [main] c.a.nacos.client.logging.NacosLogging    : Nacos Logging Adapter: com.alibaba.nacos.logger.adapter.logback14.LogbackNacosLoggingAdapter match ch.qos.logback.classic.Logger success.
00:34:51:148  INFO 14264 --- [cart-service] [main] c.a.nacos.client.logging.NacosLogging    : Nacos Logging Adapter Builder: com.alibaba.nacos.logger.adapter.log4j2.Log4j2NacosLoggingAdapterBuilder
00:34:51:420  INFO 14264 --- [cart-service] [main] com.george.cart.CartApplication          : Starting CartApplication using Java 21.0.11 with PID 14264 (E:\download\SpringCloud\day02-Docker\Source\hmall\hm-cart\cart-service\target\classes started by lindu in E:\download\SpringCloud\day02-Docker\Source\hmall)
00:34:51:421  INFO 14264 --- [cart-service] [main] com.george.cart.CartApplication          : The following 1 profile is active: "local"
00:34:52:111  INFO 14264 --- [cart-service] [main] .s.d.r.c.RepositoryConfigurationDelegate : Multiple Spring Data modules found, entering strict repository configuration mode
00:34:52:114  INFO 14264 --- [cart-service] [main] .s.d.r.c.RepositoryConfigurationDelegate : Bootstrapping Spring Data Redis repositories in DEFAULT mode.
00:34:52:142  INFO 14264 --- [cart-service] [main] .s.d.r.c.RepositoryConfigurationDelegate : Finished Spring Data repository scanning in 15 ms. Found 0 Redis repository interfaces.
00:34:52:391  INFO 14264 --- [cart-service] [main] o.s.cloud.context.scope.GenericScope     : BeanFactory id=8e1d83b1-e975-34d0-8eac-76560e4b7f6e
00:34:52:803  INFO 14264 --- [cart-service] [main] o.s.b.w.embedded.tomcat.TomcatWebServer  : Tomcat initialized with port 9003 (http)
00:34:52:818  INFO 14264 --- [cart-service] [main] o.apache.catalina.core.StandardService   : Starting service [Tomcat]
00:34:52:818  INFO 14264 --- [cart-service] [main] o.apache.catalina.core.StandardEngine    : Starting Servlet engine: [Apache Tomcat/10.1.55]
00:34:52:885  INFO 14264 --- [cart-service] [main] o.a.c.c.C.[Tomcat].[localhost].[/]       : Initializing Spring embedded WebApplicationContext
00:34:52:886  INFO 14264 --- [cart-service] [main] w.s.c.ServletWebServerApplicationContext : Root WebApplicationContext: initialization completed in 1411 ms
00:34:53:060  INFO 14264 --- [cart-service] [main] o.s.c.openfeign.FeignClientFactoryBean   : For 'item-service' URL not provided. Will try picking an instance via load-balancing.
00:34:53:713  INFO 14264 --- [cart-service] [main] m.e.s.MybatisPlusApplicationContextAware : Register ApplicationContext instances org.springframework.boot.web.servlet.context.AnnotationConfigServletWebServerApplicationContext@1d71006f
00:34:54:162  INFO 14264 --- [cart-service] [main] o.s.b.w.embedded.tomcat.TomcatWebServer  : Tomcat started on port 9003 (http) with context path '/'
00:34:54:210  INFO 14264 --- [cart-service] [main] c.a.n.p.a.s.c.ClientAuthPluginManager    : [ClientAuthPluginManager] Load ClientAuthService com.alibaba.nacos.client.auth.impl.NacosClientAuthServiceImpl success.
00:34:54:211  INFO 14264 --- [cart-service] [main] c.a.n.p.a.s.c.ClientAuthPluginManager    : [ClientAuthPluginManager] Load ClientAuthService com.alibaba.nacos.client.auth.ram.RamClientAuthServiceImpl success.
00:34:54:875  INFO 14264 --- [cart-service] [main] c.a.n.c.a.AbstractAbilityControlManager  : Ready to get current node abilities...
00:34:54:878  INFO 14264 --- [cart-service] [main] c.a.n.c.a.AbstractAbilityControlManager  : Ready to initialize current node abilities, support modes: [SDK_CLIENT]
00:34:54:878  INFO 14264 --- [cart-service] [main] c.a.n.c.a.AbstractAbilityControlManager  : Initialize current abilities finish...
00:34:54:879  INFO 14264 --- [cart-service] [main] c.a.n.c.a.d.NacosAbilityManagerHolder    : [AbilityControlManager] Successfully initialize AbilityControlManager
00:34:54:920  INFO 14264 --- [cart-service] [main] c.a.c.n.registry.NacosServiceRegistry    : nacos registry, DEFAULT_GROUP cart-service 192.168.108.1:9003 register finished
00:34:54:931  INFO 14264 --- [cart-service] [main] com.george.cart.CartApplication          : Started CartApplication in 4.382 seconds (process running for 5.239)
00:39:30:437  INFO 14264 --- [cart-service] [http-nio-9003-exec-1] o.a.c.c.C.[Tomcat].[localhost].[/]       : Initializing Spring DispatcherServlet 'dispatcherServlet'
00:39:30:437  INFO 14264 --- [cart-service] [http-nio-9003-exec-1] o.s.web.servlet.DispatcherServlet        : Initializing Servlet 'dispatcherServlet'
00:39:30:439  INFO 14264 --- [cart-service] [http-nio-9003-exec-1] o.s.web.servlet.DispatcherServlet        : Completed initialization in 1 ms
00:39:30:659  INFO 14264 --- [cart-service] [http-nio-9003-exec-1] com.zaxxer.hikari.HikariDataSource       : HikariPool-1 - Starting...
00:39:31:396  INFO 14264 --- [cart-service] [http-nio-9003-exec-1] com.zaxxer.hikari.pool.HikariPool        : HikariPool-1 - Added connection com.mysql.cj.jdbc.ConnectionImpl@67557d44
00:39:31:399  INFO 14264 --- [cart-service] [http-nio-9003-exec-1] com.zaxxer.hikari.HikariDataSource       : HikariPool-1 - Start completed.
00:40:25:643  WARN 14264 --- [cart-service] [Thread-18] c.a.n.common.http.HttpClientBeanHolder   : [HttpClientBeanHolder] Start destroying common HttpClient
00:40:25:643  WARN 14264 --- [cart-service] [Thread-2] c.a.n.common.executor.ThreadPoolManager  : [ThreadPoolManager] Start destroying ThreadPool
00:40:25:644  WARN 14264 --- [cart-service] [Thread-16] c.a.nacos.common.notify.NotifyCenter     : [NotifyCenter] Start destroying Publisher
00:40:25:644  WARN 14264 --- [cart-service] [Thread-2] c.a.n.common.executor.ThreadPoolManager  : [ThreadPoolManager] Destruction of the end
00:40:25:645  WARN 14264 --- [cart-service] [Thread-18] c.a.n.common.http.HttpClientBeanHolder   : [HttpClientBeanHolder] Destruction of the end
00:40:25:645  WARN 14264 --- [cart-service] [Thread-16] c.a.nacos.common.notify.NotifyCenter     : [NotifyCenter] Destruction of the end
00:40:25:645  INFO 14264 --- [cart-service] [SpringApplicationShutdownHook] c.a.c.n.registry.NacosServiceRegistry    : De-registering from Nacos Server now...
00:40:25:656  INFO 14264 --- [cart-service] [SpringApplicationShutdownHook] c.a.c.n.registry.NacosServiceRegistry    : De-registration finished.
00:40:35:671  INFO 14264 --- [cart-service] [SpringApplicationShutdownHook] o.s.b.w.e.tomcat.GracefulShutdown        : Commencing graceful shutdown. Waiting for active requests to complete
00:40:35:675  INFO 14264 --- [cart-service] [tomcat-shutdown] o.s.b.w.e.tomcat.GracefulShutdown        : Graceful shutdown complete
00:40:35:688  INFO 14264 --- [cart-service] [SpringApplicationShutdownHook] com.zaxxer.hikari.HikariDataSource       : HikariPool-1 - Shutdown initiated...
00:40:35:694  INFO 14264 --- [cart-service] [SpringApplicationShutdownHook] com.zaxxer.hikari.HikariDataSource       : HikariPool-1 - Shutdown completed.
19:50:01:815  INFO 7752 --- [cart-service] [main] com.george.cart.CartApplication          : Starting CartApplication using Java 21.0.11 with PID 7752 (E:\hmall\hm-cart\cart-service\target\classes started by lindu in E:\hmall)
19:50:01:816  INFO 7752 --- [cart-service] [main] com.george.cart.CartApplication          : The following 1 profile is active: "local"
19:50:01:861  INFO 7752 --- [cart-service] [main] c.a.c.n.c.NacosConfigDataLoader          : [Nacos Config] Load config[dataId=log.yaml, group=DEFAULT_GROUP] success
19:50:01:861  INFO 7752 --- [cart-service] [main] c.a.c.n.c.NacosConfigDataLoader          : [Nacos Config] Load config[dataId=jdbc.yaml, group=DEFAULT_GROUP] success
19:50:02:564  INFO 7752 --- [cart-service] [main] o.s.cloud.context.scope.GenericScope     : BeanFactory id=753c32cd-0759-3ac9-a128-987d9fc5022e
19:50:02:820  INFO 7752 --- [cart-service] [main] o.s.b.w.embedded.tomcat.TomcatWebServer  : Tomcat initialized with port 9003 (http)
19:50:02:837  INFO 7752 --- [cart-service] [main] o.apache.catalina.core.StandardService   : Starting service [Tomcat]
19:50:02:838  INFO 7752 --- [cart-service] [main] o.apache.catalina.core.StandardEngine    : Starting Servlet engine: [Apache Tomcat/10.1.33]
19:50:02:911  INFO 7752 --- [cart-service] [main] o.a.c.c.C.[Tomcat].[localhost].[/]       : Initializing Spring embedded WebApplicationContext
19:50:02:911  INFO 7752 --- [cart-service] [main] w.s.c.ServletWebServerApplicationContext : Root WebApplicationContext: initialization completed in 1048 ms
19:50:03:093  INFO 7752 --- [cart-service] [main] o.s.c.openfeign.FeignClientFactoryBean   : For 'item-service' URL not provided. Will try picking an instance via load-balancing.
19:50:03:094  WARN 7752 --- [cart-service] [main] ConfigServletWebServerApplicationContext : Exception encountered during context initialization - cancelling refresh attempt: org.springframework.beans.factory.UnsatisfiedDependencyException: Error creating bean with name 'cartController' defined in file [E:\hmall\hm-cart\cart-service\target\classes\com\george\cart\controller\CartController.class]: Unsatisfied dependency expressed through constructor parameter 0: Error creating bean with name 'cartServiceImpl' defined in file [E:\hmall\hm-cart\cart-service\target\classes\com\george\cart\service\impl\CartServiceImpl.class]: Unsatisfied dependency expressed through constructor parameter 0: Error creating bean with name 'com.george.itemapi.client.ItemClient': FactoryBean threw exception on object creation
19:50:03:095  WARN 7752 --- [cart-service] [main] s.c.a.AnnotationConfigApplicationContext : Exception thrown from ApplicationListener handling ContextClosedEvent

org.springframework.beans.factory.BeanCreationNotAllowedException: Error creating bean with name 'applicationTaskExecutor': Singleton bean creation not allowed while singletons of this factory are in destruction (Do not request a bean from a BeanFactory in a destroy method implementation!)
	at org.springframework.beans.factory.support.DefaultSingletonBeanRegistry.getSingleton(DefaultSingletonBeanRegistry.java:220) ~[spring-beans-6.1.15.jar:6.1.15]
	at org.springframework.beans.factory.support.AbstractBeanFactory.doGetBean(AbstractBeanFactory.java:335) ~[spring-beans-6.1.15.jar:6.1.15]
	at org.springframework.beans.factory.support.AbstractBeanFactory.getBean(AbstractBeanFactory.java:205) ~[spring-beans-6.1.15.jar:6.1.15]
	at org.springframework.context.event.AbstractApplicationEventMulticaster.retrieveApplicationListeners(AbstractApplicationEventMulticaster.java:265) ~[spring-context-6.1.15.jar:6.1.15]
	at org.springframework.context.event.AbstractApplicationEventMulticaster.getApplicationListeners(AbstractApplicationEventMulticaster.java:222) ~[spring-context-6.1.15.jar:6.1.15]
	at org.springframework.context.event.SimpleApplicationEventMulticaster.multicastEvent(SimpleApplicationEventMulticaster.java:145) ~[spring-context-6.1.15.jar:6.1.15]
	at org.springframework.context.support.AbstractApplicationContext.publishEvent(AbstractApplicationContext.java:452) ~[spring-context-6.1.15.jar:6.1.15]
	at org.springframework.context.support.AbstractApplicationContext.publishEvent(AbstractApplicationContext.java:458) ~[spring-context-6.1.15.jar:6.1.15]
	at org.springframework.context.support.AbstractApplicationContext.publishEvent(AbstractApplicationContext.java:385) ~[spring-context-6.1.15.jar:6.1.15]
	at org.springframework.context.support.AbstractApplicationContext.doClose(AbstractApplicationContext.java:1139) ~[spring-context-6.1.15.jar:6.1.15]
	at org.springframework.context.support.AbstractApplicationContext.close(AbstractApplicationContext.java:1102) ~[spring-context-6.1.15.jar:6.1.15]
	at org.springframework.cloud.context.named.NamedContextFactory.destroy(NamedContextFactory.java:114) ~[spring-cloud-context-4.1.4.jar:4.1.4]
	at org.springframework.beans.factory.support.DisposableBeanAdapter.destroy(DisposableBeanAdapter.java:211) ~[spring-beans-6.1.15.jar:6.1.15]
	at org.springframework.beans.factory.support.DefaultSingletonBeanRegistry.destroyBean(DefaultSingletonBeanRegistry.java:587) ~[spring-beans-6.1.15.jar:6.1.15]
	at org.springframework.beans.factory.support.DefaultSingletonBeanRegistry.destroySingleton(DefaultSingletonBeanRegistry.java:559) ~[spring-beans-6.1.15.jar:6.1.15]
	at org.springframework.beans.factory.support.DefaultListableBeanFactory.destroySingleton(DefaultListableBeanFactory.java:1202) ~[spring-beans-6.1.15.jar:6.1.15]
	at org.springframework.beans.factory.support.DefaultSingletonBeanRegistry.destroySingletons(DefaultSingletonBeanRegistry.java:520) ~[spring-beans-6.1.15.jar:6.1.15]
	at org.springframework.beans.factory.support.DefaultListableBeanFactory.destroySingletons(DefaultListableBeanFactory.java:1195) ~[spring-beans-6.1.15.jar:6.1.15]
	at org.springframework.context.support.AbstractApplicationContext.destroyBeans(AbstractApplicationContext.java:1195) ~[spring-context-6.1.15.jar:6.1.15]
	at org.springframework.context.support.AbstractApplicationContext.refresh(AbstractApplicationContext.java:638) ~[spring-context-6.1.15.jar:6.1.15]
	at org.springframework.boot.web.servlet.context.ServletWebServerApplicationContext.refresh(ServletWebServerApplicationContext.java:146) ~[spring-boot-3.3.6.jar:3.3.6]
	at org.springframework.boot.SpringApplication.refresh(SpringApplication.java:754) ~[spring-boot-3.3.6.jar:3.3.6]
	at org.springframework.boot.SpringApplication.refreshContext(SpringApplication.java:456) ~[spring-boot-3.3.6.jar:3.3.6]
	at org.springframework.boot.SpringApplication.run(SpringApplication.java:335) ~[spring-boot-3.3.6.jar:3.3.6]
	at org.springframework.boot.SpringApplication.run(SpringApplication.java:1363) ~[spring-boot-3.3.6.jar:3.3.6]
	at org.springframework.boot.SpringApplication.run(SpringApplication.java:1352) ~[spring-boot-3.3.6.jar:3.3.6]
	at com.george.cart.CartApplication.main(CartApplication.java:16) ~[classes/:na]

19:50:03:099  INFO 7752 --- [cart-service] [main] o.apache.catalina.core.StandardService   : Stopping service [Tomcat]
19:50:03:112  INFO 7752 --- [cart-service] [main] .s.b.a.l.ConditionEvaluationReportLogger : 

Error starting ApplicationContext. To display the condition evaluation report re-run your application with 'debug' enabled.
19:50:03:133 ERROR 7752 --- [cart-service] [main] o.s.boot.SpringApplication               : Application run failed

org.springframework.beans.factory.UnsatisfiedDependencyException: Error creating bean with name 'cartController' defined in file [E:\hmall\hm-cart\cart-service\target\classes\com\george\cart\controller\CartController.class]: Unsatisfied dependency expressed through constructor parameter 0: Error creating bean with name 'cartServiceImpl' defined in file [E:\hmall\hm-cart\cart-service\target\classes\com\george\cart\service\impl\CartServiceImpl.class]: Unsatisfied dependency expressed through constructor parameter 0: Error creating bean with name 'com.george.itemapi.client.ItemClient': FactoryBean threw exception on object creation
	at org.springframework.beans.factory.support.ConstructorResolver.createArgumentArray(ConstructorResolver.java:795) ~[spring-beans-6.1.15.jar:6.1.15]
	at org.springframework.beans.factory.support.ConstructorResolver.autowireConstructor(ConstructorResolver.java:237) ~[spring-beans-6.1.15.jar:6.1.15]
	at org.springframework.beans.factory.support.AbstractAutowireCapableBeanFactory.autowireConstructor(AbstractAutowireCapableBeanFactory.java:1375) ~[spring-beans-6.1.15.jar:6.1.15]
	at org.springframework.beans.factory.support.AbstractAutowireCapableBeanFactory.createBeanInstance(AbstractAutowireCapableBeanFactory.java:1212) ~[spring-beans-6.1.15.jar:6.1.15]
	at org.springframework.beans.factory.support.AbstractAutowireCapableBeanFactory.doCreateBean(AbstractAutowireCapableBeanFactory.java:562) ~[spring-beans-6.1.15.jar:6.1.15]
	at org.springframework.beans.factory.support.AbstractAutowireCapableBeanFactory.createBean(AbstractAutowireCapableBeanFactory.java:522) ~[spring-beans-6.1.15.jar:6.1.15]
	at org.springframework.beans.factory.support.AbstractBeanFactory.lambda$doGetBean$0(AbstractBeanFactory.java:337) ~[spring-beans-6.1.15.jar:6.1.15]
	at org.springframework.beans.factory.support.DefaultSingletonBeanRegistry.getSingleton(DefaultSingletonBeanRegistry.java:234) ~[spring-beans-6.1.15.jar:6.1.15]
	at org.springframework.beans.factory.support.AbstractBeanFactory.doGetBean(AbstractBeanFactory.java:335) ~[spring-beans-6.1.15.jar:6.1.15]
	at org.springframework.beans.factory.support.AbstractBeanFactory.getBean(AbstractBeanFactory.java:200) ~[spring-beans-6.1.15.jar:6.1.15]
	at org.springframework.beans.factory.support.DefaultListableBeanFactory.preInstantiateSingletons(DefaultListableBeanFactory.java:975) ~[spring-beans-6.1.15.jar:6.1.15]
	at org.springframework.context.support.AbstractApplicationContext.finishBeanFactoryInitialization(AbstractApplicationContext.java:971) ~[spring-context-6.1.15.jar:6.1.15]
	at org.springframework.context.support.AbstractApplicationContext.refresh(AbstractApplicationContext.java:625) ~[spring-context-6.1.15.jar:6.1.15]
	at org.springframework.boot.web.servlet.context.ServletWebServerApplicationContext.refresh(ServletWebServerApplicationContext.java:146) ~[spring-boot-3.3.6.jar:3.3.6]
	at org.springframework.boot.SpringApplication.refresh(SpringApplication.java:754) ~[spring-boot-3.3.6.jar:3.3.6]
	at org.springframework.boot.SpringApplication.refreshContext(SpringApplication.java:456) ~[spring-boot-3.3.6.jar:3.3.6]
	at org.springframework.boot.SpringApplication.run(SpringApplication.java:335) ~[spring-boot-3.3.6.jar:3.3.6]
	at org.springframework.boot.SpringApplication.run(SpringApplication.java:1363) ~[spring-boot-3.3.6.jar:3.3.6]
	at org.springframework.boot.SpringApplication.run(SpringApplication.java:1352) ~[spring-boot-3.3.6.jar:3.3.6]
	at com.george.cart.CartApplication.main(CartApplication.java:16) ~[classes/:na]
Caused by: org.springframework.beans.factory.UnsatisfiedDependencyException: Error creating bean with name 'cartServiceImpl' defined in file [E:\hmall\hm-cart\cart-service\target\classes\com\george\cart\service\impl\CartServiceImpl.class]: Unsatisfied dependency expressed through constructor parameter 0: Error creating bean with name 'com.george.itemapi.client.ItemClient': FactoryBean threw exception on object creation
	at org.springframework.beans.factory.support.ConstructorResolver.createArgumentArray(ConstructorResolver.java:795) ~[spring-beans-6.1.15.jar:6.1.15]
	at org.springframework.beans.factory.support.ConstructorResolver.autowireConstructor(ConstructorResolver.java:237) ~[spring-beans-6.1.15.jar:6.1.15]
	at org.springframework.beans.factory.support.AbstractAutowireCapableBeanFactory.autowireConstructor(AbstractAutowireCapableBeanFactory.java:1375) ~[spring-beans-6.1.15.jar:6.1.15]
	at org.springframework.beans.factory.support.AbstractAutowireCapableBeanFactory.createBeanInstance(AbstractAutowireCapableBeanFactory.java:1212) ~[spring-beans-6.1.15.jar:6.1.15]
	at org.springframework.beans.factory.support.AbstractAutowireCapableBeanFactory.doCreateBean(AbstractAutowireCapableBeanFactory.java:562) ~[spring-beans-6.1.15.jar:6.1.15]
	at org.springframework.beans.factory.support.AbstractAutowireCapableBeanFactory.createBean(AbstractAutowireCapableBeanFactory.java:522) ~[spring-beans-6.1.15.jar:6.1.15]
	at org.springframework.beans.factory.support.AbstractBeanFactory.lambda$doGetBean$0(AbstractBeanFactory.java:337) ~[spring-beans-6.1.15.jar:6.1.15]
	at org.springframework.beans.factory.support.DefaultSingletonBeanRegistry.getSingleton(DefaultSingletonBeanRegistry.java:234) ~[spring-beans-6.1.15.jar:6.1.15]
	at org.springframework.beans.factory.support.AbstractBeanFactory.doGetBean(AbstractBeanFactory.java:335) ~[spring-beans-6.1.15.jar:6.1.15]
	at org.springframework.beans.factory.support.AbstractBeanFactory.getBean(AbstractBeanFactory.java:200) ~[spring-beans-6.1.15.jar:6.1.15]
	at org.springframework.beans.factory.config.DependencyDescriptor.resolveCandidate(DependencyDescriptor.java:254) ~[spring-beans-6.1.15.jar:6.1.15]
	at org.springframework.beans.factory.support.DefaultListableBeanFactory.doResolveDependency(DefaultListableBeanFactory.java:1443) ~[spring-beans-6.1.15.jar:6.1.15]
	at org.springframework.beans.factory.support.DefaultListableBeanFactory.resolveDependency(DefaultListableBeanFactory.java:1353) ~[spring-beans-6.1.15.jar:6.1.15]
	at org.springframework.beans.factory.support.ConstructorResolver.resolveAutowiredArgument(ConstructorResolver.java:904) ~[spring-beans-6.1.15.jar:6.1.15]
	at org.springframework.beans.factory.support.ConstructorResolver.createArgumentArray(ConstructorResolver.java:782) ~[spring-beans-6.1.15.jar:6.1.15]
	... 19 common frames omitted
Caused by: org.springframework.beans.factory.BeanCreationException: Error creating bean with name 'com.george.itemapi.client.ItemClient': FactoryBean threw exception on object creation
	at org.springframework.beans.factory.support.FactoryBeanRegistrySupport.doGetObjectFromFactoryBean(FactoryBeanRegistrySupport.java:188) ~[spring-beans-6.1.15.jar:6.1.15]
	at org.springframework.beans.factory.support.FactoryBeanRegistrySupport.getObjectFromFactoryBean(FactoryBeanRegistrySupport.java:124) ~[spring-beans-6.1.15.jar:6.1.15]
	at org.springframework.beans.factory.support.AbstractBeanFactory.getObjectForBeanInstance(AbstractBeanFactory.java:1867) ~[spring-beans-6.1.15.jar:6.1.15]
	at org.springframework.beans.factory.support.AbstractAutowireCapableBeanFactory.getObjectForBeanInstance(AbstractAutowireCapableBeanFactory.java:1296) ~[spring-beans-6.1.15.jar:6.1.15]
	at org.springframework.beans.factory.support.AbstractBeanFactory.doGetBean(AbstractBeanFactory.java:347) ~[spring-beans-6.1.15.jar:6.1.15]
	at org.springframework.beans.factory.support.AbstractBeanFactory.getBean(AbstractBeanFactory.java:200) ~[spring-beans-6.1.15.jar:6.1.15]
	at org.springframework.beans.factory.config.DependencyDescriptor.resolveCandidate(DependencyDescriptor.java:254) ~[spring-beans-6.1.15.jar:6.1.15]
	at org.springframework.beans.factory.support.DefaultListableBeanFactory.doResolveDependency(DefaultListableBeanFactory.java:1443) ~[spring-beans-6.1.15.jar:6.1.15]
	at org.springframework.beans.factory.support.DefaultListableBeanFactory.resolveDependency(DefaultListableBeanFactory.java:1353) ~[spring-beans-6.1.15.jar:6.1.15]
	at org.springframework.beans.factory.support.ConstructorResolver.resolveAutowiredArgument(ConstructorResolver.java:904) ~[spring-beans-6.1.15.jar:6.1.15]
	at org.springframework.beans.factory.support.ConstructorResolver.createArgumentArray(ConstructorResolver.java:782) ~[spring-beans-6.1.15.jar:6.1.15]
	... 33 common frames omitted
Caused by: java.lang.IllegalStateException: No Feign Client for loadBalancing defined. Did you forget to include spring-cloud-starter-loadbalancer?
	at org.springframework.cloud.openfeign.FeignClientFactoryBean.loadBalance(FeignClientFactoryBean.java:432) ~[spring-cloud-openfeign-core-4.1.3.jar:4.1.3]
	at org.springframework.cloud.openfeign.FeignClientFactoryBean.getTarget(FeignClientFactoryBean.java:477) ~[spring-cloud-openfeign-core-4.1.3.jar:4.1.3]
	at org.springframework.cloud.openfeign.FeignClientFactoryBean.getObject(FeignClientFactoryBean.java:452) ~[spring-cloud-openfeign-core-4.1.3.jar:4.1.3]
	at org.springframework.beans.factory.support.FactoryBeanRegistrySupport.doGetObjectFromFactoryBean(FactoryBeanRegistrySupport.java:182) ~[spring-beans-6.1.15.jar:6.1.15]
	... 43 common frames omitted

19:50:03:135  WARN 7752 --- [cart-service] [Thread-1] c.a.n.common.executor.ThreadPoolManager  : [ThreadPoolManager] Start destroying ThreadPool
19:50:03:135  WARN 7752 --- [cart-service] [Thread-8] c.a.nacos.common.notify.NotifyCenter     : [NotifyCenter] Start destroying Publisher
19:50:03:135  WARN 7752 --- [cart-service] [Thread-6] c.a.n.common.http.HttpClientBeanHolder   : [HttpClientBeanHolder] Start destroying common HttpClient
19:50:03:135  WARN 7752 --- [cart-service] [Thread-8] c.a.nacos.common.notify.NotifyCenter     : [NotifyCenter] Destruction of the end
19:50:03:135  WARN 7752 --- [cart-service] [Thread-1] c.a.n.common.executor.ThreadPoolManager  : [ThreadPoolManager] Destruction of the end
19:52:12:058  INFO 21636 --- [cart-service] [main] com.george.cart.CartApplication          : Starting CartApplication using Java 21.0.11 with PID 21636 (E:\hmall\hm-cart\cart-service\target\classes started by lindu in E:\hmall)
19:52:12:060  INFO 21636 --- [cart-service] [main] com.george.cart.CartApplication          : The following 1 profile is active: "local"
19:52:12:103  INFO 21636 --- [cart-service] [main] c.a.c.n.c.NacosConfigDataLoader          : [Nacos Config] Load config[dataId=log.yaml, group=DEFAULT_GROUP] success
19:52:12:103  INFO 21636 --- [cart-service] [main] c.a.c.n.c.NacosConfigDataLoader          : [Nacos Config] Load config[dataId=jdbc.yaml, group=DEFAULT_GROUP] success
19:52:12:787  INFO 21636 --- [cart-service] [main] o.s.cloud.context.scope.GenericScope     : BeanFactory id=753c32cd-0759-3ac9-a128-987d9fc5022e
19:52:13:064  INFO 21636 --- [cart-service] [main] o.s.b.w.embedded.tomcat.TomcatWebServer  : Tomcat initialized with port 9003 (http)
19:52:13:077  INFO 21636 --- [cart-service] [main] o.apache.catalina.core.StandardService   : Starting service [Tomcat]
19:52:13:077  INFO 21636 --- [cart-service] [main] o.apache.catalina.core.StandardEngine    : Starting Servlet engine: [Apache Tomcat/10.1.33]
19:52:13:151  INFO 21636 --- [cart-service] [main] o.a.c.c.C.[Tomcat].[localhost].[/]       : Initializing Spring embedded WebApplicationContext
19:52:13:151  INFO 21636 --- [cart-service] [main] w.s.c.ServletWebServerApplicationContext : Root WebApplicationContext: initialization completed in 1046 ms
19:52:13:323  INFO 21636 --- [cart-service] [main] o.s.c.openfeign.FeignClientFactoryBean   : For 'item-service' URL not provided. Will try picking an instance via load-balancing.
19:52:13:324  WARN 21636 --- [cart-service] [main] ConfigServletWebServerApplicationContext : Exception encountered during context initialization - cancelling refresh attempt: org.springframework.beans.factory.UnsatisfiedDependencyException: Error creating bean with name 'cartController' defined in file [E:\hmall\hm-cart\cart-service\target\classes\com\george\cart\controller\CartController.class]: Unsatisfied dependency expressed through constructor parameter 0: Error creating bean with name 'cartServiceImpl' defined in file [E:\hmall\hm-cart\cart-service\target\classes\com\george\cart\service\impl\CartServiceImpl.class]: Unsatisfied dependency expressed through constructor parameter 0: Error creating bean with name 'com.george.itemapi.client.ItemClient': FactoryBean threw exception on object creation
19:52:13:324  WARN 21636 --- [cart-service] [main] s.c.a.AnnotationConfigApplicationContext : Exception thrown from ApplicationListener handling ContextClosedEvent

org.springframework.beans.factory.BeanCreationNotAllowedException: Error creating bean with name 'applicationTaskExecutor': Singleton bean creation not allowed while singletons of this factory are in destruction (Do not request a bean from a BeanFactory in a destroy method implementation!)
	at org.springframework.beans.factory.support.DefaultSingletonBeanRegistry.getSingleton(DefaultSingletonBeanRegistry.java:220) ~[spring-beans-6.1.15.jar:6.1.15]
	at org.springframework.beans.factory.support.AbstractBeanFactory.doGetBean(AbstractBeanFactory.java:335) ~[spring-beans-6.1.15.jar:6.1.15]
	at org.springframework.beans.factory.support.AbstractBeanFactory.getBean(AbstractBeanFactory.java:205) ~[spring-beans-6.1.15.jar:6.1.15]
	at org.springframework.context.event.AbstractApplicationEventMulticaster.retrieveApplicationListeners(AbstractApplicationEventMulticaster.java:265) ~[spring-context-6.1.15.jar:6.1.15]
	at org.springframework.context.event.AbstractApplicationEventMulticaster.getApplicationListeners(AbstractApplicationEventMulticaster.java:222) ~[spring-context-6.1.15.jar:6.1.15]
	at org.springframework.context.event.SimpleApplicationEventMulticaster.multicastEvent(SimpleApplicationEventMulticaster.java:145) ~[spring-context-6.1.15.jar:6.1.15]
	at org.springframework.context.support.AbstractApplicationContext.publishEvent(AbstractApplicationContext.java:452) ~[spring-context-6.1.15.jar:6.1.15]
	at org.springframework.context.support.AbstractApplicationContext.publishEvent(AbstractApplicationContext.java:458) ~[spring-context-6.1.15.jar:6.1.15]
	at org.springframework.context.support.AbstractApplicationContext.publishEvent(AbstractApplicationContext.java:385) ~[spring-context-6.1.15.jar:6.1.15]
	at org.springframework.context.support.AbstractApplicationContext.doClose(AbstractApplicationContext.java:1139) ~[spring-context-6.1.15.jar:6.1.15]
	at org.springframework.context.support.AbstractApplicationContext.close(AbstractApplicationContext.java:1102) ~[spring-context-6.1.15.jar:6.1.15]
	at org.springframework.cloud.context.named.NamedContextFactory.destroy(NamedContextFactory.java:114) ~[spring-cloud-context-4.1.4.jar:4.1.4]
	at org.springframework.beans.factory.support.DisposableBeanAdapter.destroy(DisposableBeanAdapter.java:211) ~[spring-beans-6.1.15.jar:6.1.15]
	at org.springframework.beans.factory.support.DefaultSingletonBeanRegistry.destroyBean(DefaultSingletonBeanRegistry.java:587) ~[spring-beans-6.1.15.jar:6.1.15]
	at org.springframework.beans.factory.support.DefaultSingletonBeanRegistry.destroySingleton(DefaultSingletonBeanRegistry.java:559) ~[spring-beans-6.1.15.jar:6.1.15]
	at org.springframework.beans.factory.support.DefaultListableBeanFactory.destroySingleton(DefaultListableBeanFactory.java:1202) ~[spring-beans-6.1.15.jar:6.1.15]
	at org.springframework.beans.factory.support.DefaultSingletonBeanRegistry.destroySingletons(DefaultSingletonBeanRegistry.java:520) ~[spring-beans-6.1.15.jar:6.1.15]
	at org.springframework.beans.factory.support.DefaultListableBeanFactory.destroySingletons(DefaultListableBeanFactory.java:1195) ~[spring-beans-6.1.15.jar:6.1.15]
	at org.springframework.context.support.AbstractApplicationContext.destroyBeans(AbstractApplicationContext.java:1195) ~[spring-context-6.1.15.jar:6.1.15]
	at org.springframework.context.support.AbstractApplicationContext.refresh(AbstractApplicationContext.java:638) ~[spring-context-6.1.15.jar:6.1.15]
	at org.springframework.boot.web.servlet.context.ServletWebServerApplicationContext.refresh(ServletWebServerApplicationContext.java:146) ~[spring-boot-3.3.6.jar:3.3.6]
	at org.springframework.boot.SpringApplication.refresh(SpringApplication.java:754) ~[spring-boot-3.3.6.jar:3.3.6]
	at org.springframework.boot.SpringApplication.refreshContext(SpringApplication.java:456) ~[spring-boot-3.3.6.jar:3.3.6]
	at org.springframework.boot.SpringApplication.run(SpringApplication.java:335) ~[spring-boot-3.3.6.jar:3.3.6]
	at org.springframework.boot.SpringApplication.run(SpringApplication.java:1363) ~[spring-boot-3.3.6.jar:3.3.6]
	at org.springframework.boot.SpringApplication.run(SpringApplication.java:1352) ~[spring-boot-3.3.6.jar:3.3.6]
	at com.george.cart.CartApplication.main(CartApplication.java:16) ~[classes/:na]

19:52:13:329  INFO 21636 --- [cart-service] [main] o.apache.catalina.core.StandardService   : Stopping service [Tomcat]
19:52:13:341  INFO 21636 --- [cart-service] [main] .s.b.a.l.ConditionEvaluationReportLogger : 

Error starting ApplicationContext. To display the condition evaluation report re-run your application with 'debug' enabled.
19:52:13:360 ERROR 21636 --- [cart-service] [main] o.s.boot.SpringApplication               : Application run failed

org.springframework.beans.factory.UnsatisfiedDependencyException: Error creating bean with name 'cartController' defined in file [E:\hmall\hm-cart\cart-service\target\classes\com\george\cart\controller\CartController.class]: Unsatisfied dependency expressed through constructor parameter 0: Error creating bean with name 'cartServiceImpl' defined in file [E:\hmall\hm-cart\cart-service\target\classes\com\george\cart\service\impl\CartServiceImpl.class]: Unsatisfied dependency expressed through constructor parameter 0: Error creating bean with name 'com.george.itemapi.client.ItemClient': FactoryBean threw exception on object creation
	at org.springframework.beans.factory.support.ConstructorResolver.createArgumentArray(ConstructorResolver.java:795) ~[spring-beans-6.1.15.jar:6.1.15]
	at org.springframework.beans.factory.support.ConstructorResolver.autowireConstructor(ConstructorResolver.java:237) ~[spring-beans-6.1.15.jar:6.1.15]
	at org.springframework.beans.factory.support.AbstractAutowireCapableBeanFactory.autowireConstructor(AbstractAutowireCapableBeanFactory.java:1375) ~[spring-beans-6.1.15.jar:6.1.15]
	at org.springframework.beans.factory.support.AbstractAutowireCapableBeanFactory.createBeanInstance(AbstractAutowireCapableBeanFactory.java:1212) ~[spring-beans-6.1.15.jar:6.1.15]
	at org.springframework.beans.factory.support.AbstractAutowireCapableBeanFactory.doCreateBean(AbstractAutowireCapableBeanFactory.java:562) ~[spring-beans-6.1.15.jar:6.1.15]
	at org.springframework.beans.factory.support.AbstractAutowireCapableBeanFactory.createBean(AbstractAutowireCapableBeanFactory.java:522) ~[spring-beans-6.1.15.jar:6.1.15]
	at org.springframework.beans.factory.support.AbstractBeanFactory.lambda$doGetBean$0(AbstractBeanFactory.java:337) ~[spring-beans-6.1.15.jar:6.1.15]
	at org.springframework.beans.factory.support.DefaultSingletonBeanRegistry.getSingleton(DefaultSingletonBeanRegistry.java:234) ~[spring-beans-6.1.15.jar:6.1.15]
	at org.springframework.beans.factory.support.AbstractBeanFactory.doGetBean(AbstractBeanFactory.java:335) ~[spring-beans-6.1.15.jar:6.1.15]
	at org.springframework.beans.factory.support.AbstractBeanFactory.getBean(AbstractBeanFactory.java:200) ~[spring-beans-6.1.15.jar:6.1.15]
	at org.springframework.beans.factory.support.DefaultListableBeanFactory.preInstantiateSingletons(DefaultListableBeanFactory.java:975) ~[spring-beans-6.1.15.jar:6.1.15]
	at org.springframework.context.support.AbstractApplicationContext.finishBeanFactoryInitialization(AbstractApplicationContext.java:971) ~[spring-context-6.1.15.jar:6.1.15]
	at org.springframework.context.support.AbstractApplicationContext.refresh(AbstractApplicationContext.java:625) ~[spring-context-6.1.15.jar:6.1.15]
	at org.springframework.boot.web.servlet.context.ServletWebServerApplicationContext.refresh(ServletWebServerApplicationContext.java:146) ~[spring-boot-3.3.6.jar:3.3.6]
	at org.springframework.boot.SpringApplication.refresh(SpringApplication.java:754) ~[spring-boot-3.3.6.jar:3.3.6]
	at org.springframework.boot.SpringApplication.refreshContext(SpringApplication.java:456) ~[spring-boot-3.3.6.jar:3.3.6]
	at org.springframework.boot.SpringApplication.run(SpringApplication.java:335) ~[spring-boot-3.3.6.jar:3.3.6]
	at org.springframework.boot.SpringApplication.run(SpringApplication.java:1363) ~[spring-boot-3.3.6.jar:3.3.6]
	at org.springframework.boot.SpringApplication.run(SpringApplication.java:1352) ~[spring-boot-3.3.6.jar:3.3.6]
	at com.george.cart.CartApplication.main(CartApplication.java:16) ~[classes/:na]
Caused by: org.springframework.beans.factory.UnsatisfiedDependencyException: Error creating bean with name 'cartServiceImpl' defined in file [E:\hmall\hm-cart\cart-service\target\classes\com\george\cart\service\impl\CartServiceImpl.class]: Unsatisfied dependency expressed through constructor parameter 0: Error creating bean with name 'com.george.itemapi.client.ItemClient': FactoryBean threw exception on object creation
	at org.springframework.beans.factory.support.ConstructorResolver.createArgumentArray(ConstructorResolver.java:795) ~[spring-beans-6.1.15.jar:6.1.15]
	at org.springframework.beans.factory.support.ConstructorResolver.autowireConstructor(ConstructorResolver.java:237) ~[spring-beans-6.1.15.jar:6.1.15]
	at org.springframework.beans.factory.support.AbstractAutowireCapableBeanFactory.autowireConstructor(AbstractAutowireCapableBeanFactory.java:1375) ~[spring-beans-6.1.15.jar:6.1.15]
	at org.springframework.beans.factory.support.AbstractAutowireCapableBeanFactory.createBeanInstance(AbstractAutowireCapableBeanFactory.java:1212) ~[spring-beans-6.1.15.jar:6.1.15]
	at org.springframework.beans.factory.support.AbstractAutowireCapableBeanFactory.doCreateBean(AbstractAutowireCapableBeanFactory.java:562) ~[spring-beans-6.1.15.jar:6.1.15]
	at org.springframework.beans.factory.support.AbstractAutowireCapableBeanFactory.createBean(AbstractAutowireCapableBeanFactory.java:522) ~[spring-beans-6.1.15.jar:6.1.15]
	at org.springframework.beans.factory.support.AbstractBeanFactory.lambda$doGetBean$0(AbstractBeanFactory.java:337) ~[spring-beans-6.1.15.jar:6.1.15]
	at org.springframework.beans.factory.support.DefaultSingletonBeanRegistry.getSingleton(DefaultSingletonBeanRegistry.java:234) ~[spring-beans-6.1.15.jar:6.1.15]
	at org.springframework.beans.factory.support.AbstractBeanFactory.doGetBean(AbstractBeanFactory.java:335) ~[spring-beans-6.1.15.jar:6.1.15]
	at org.springframework.beans.factory.support.AbstractBeanFactory.getBean(AbstractBeanFactory.java:200) ~[spring-beans-6.1.15.jar:6.1.15]
	at org.springframework.beans.factory.config.DependencyDescriptor.resolveCandidate(DependencyDescriptor.java:254) ~[spring-beans-6.1.15.jar:6.1.15]
	at org.springframework.beans.factory.support.DefaultListableBeanFactory.doResolveDependency(DefaultListableBeanFactory.java:1443) ~[spring-beans-6.1.15.jar:6.1.15]
	at org.springframework.beans.factory.support.DefaultListableBeanFactory.resolveDependency(DefaultListableBeanFactory.java:1353) ~[spring-beans-6.1.15.jar:6.1.15]
	at org.springframework.beans.factory.support.ConstructorResolver.resolveAutowiredArgument(ConstructorResolver.java:904) ~[spring-beans-6.1.15.jar:6.1.15]
	at org.springframework.beans.factory.support.ConstructorResolver.createArgumentArray(ConstructorResolver.java:782) ~[spring-beans-6.1.15.jar:6.1.15]
	... 19 common frames omitted
Caused by: org.springframework.beans.factory.BeanCreationException: Error creating bean with name 'com.george.itemapi.client.ItemClient': FactoryBean threw exception on object creation
	at org.springframework.beans.factory.support.FactoryBeanRegistrySupport.doGetObjectFromFactoryBean(FactoryBeanRegistrySupport.java:188) ~[spring-beans-6.1.15.jar:6.1.15]
	at org.springframework.beans.factory.support.FactoryBeanRegistrySupport.getObjectFromFactoryBean(FactoryBeanRegistrySupport.java:124) ~[spring-beans-6.1.15.jar:6.1.15]
	at org.springframework.beans.factory.support.AbstractBeanFactory.getObjectForBeanInstance(AbstractBeanFactory.java:1867) ~[spring-beans-6.1.15.jar:6.1.15]
	at org.springframework.beans.factory.support.AbstractAutowireCapableBeanFactory.getObjectForBeanInstance(AbstractAutowireCapableBeanFactory.java:1296) ~[spring-beans-6.1.15.jar:6.1.15]
	at org.springframework.beans.factory.support.AbstractBeanFactory.doGetBean(AbstractBeanFactory.java:347) ~[spring-beans-6.1.15.jar:6.1.15]
	at org.springframework.beans.factory.support.AbstractBeanFactory.getBean(AbstractBeanFactory.java:200) ~[spring-beans-6.1.15.jar:6.1.15]
	at org.springframework.beans.factory.config.DependencyDescriptor.resolveCandidate(DependencyDescriptor.java:254) ~[spring-beans-6.1.15.jar:6.1.15]
	at org.springframework.beans.factory.support.DefaultListableBeanFactory.doResolveDependency(DefaultListableBeanFactory.java:1443) ~[spring-beans-6.1.15.jar:6.1.15]
	at org.springframework.beans.factory.support.DefaultListableBeanFactory.resolveDependency(DefaultListableBeanFactory.java:1353) ~[spring-beans-6.1.15.jar:6.1.15]
	at org.springframework.beans.factory.support.ConstructorResolver.resolveAutowiredArgument(ConstructorResolver.java:904) ~[spring-beans-6.1.15.jar:6.1.15]
	at org.springframework.beans.factory.support.ConstructorResolver.createArgumentArray(ConstructorResolver.java:782) ~[spring-beans-6.1.15.jar:6.1.15]
	... 33 common frames omitted
Caused by: java.lang.IllegalStateException: No Feign Client for loadBalancing defined. Did you forget to include spring-cloud-starter-loadbalancer?
	at org.springframework.cloud.openfeign.FeignClientFactoryBean.loadBalance(FeignClientFactoryBean.java:432) ~[spring-cloud-openfeign-core-4.1.3.jar:4.1.3]
	at org.springframework.cloud.openfeign.FeignClientFactoryBean.getTarget(FeignClientFactoryBean.java:477) ~[spring-cloud-openfeign-core-4.1.3.jar:4.1.3]
	at org.springframework.cloud.openfeign.FeignClientFactoryBean.getObject(FeignClientFactoryBean.java:452) ~[spring-cloud-openfeign-core-4.1.3.jar:4.1.3]
	at org.springframework.beans.factory.support.FactoryBeanRegistrySupport.doGetObjectFromFactoryBean(FactoryBeanRegistrySupport.java:182) ~[spring-beans-6.1.15.jar:6.1.15]
	... 43 common frames omitted

19:52:13:362  WARN 21636 --- [cart-service] [Thread-6] c.a.n.common.http.HttpClientBeanHolder   : [HttpClientBeanHolder] Start destroying common HttpClient
19:52:13:362  WARN 21636 --- [cart-service] [Thread-8] c.a.nacos.common.notify.NotifyCenter     : [NotifyCenter] Start destroying Publisher
19:52:13:362  WARN 21636 --- [cart-service] [Thread-1] c.a.n.common.executor.ThreadPoolManager  : [ThreadPoolManager] Start destroying ThreadPool
19:52:13:362  WARN 21636 --- [cart-service] [Thread-8] c.a.nacos.common.notify.NotifyCenter     : [NotifyCenter] Destruction of the end
19:52:13:363  WARN 21636 --- [cart-service] [Thread-1] c.a.n.common.executor.ThreadPoolManager  : [ThreadPoolManager] Destruction of the end
19:52:13:363  WARN 21636 --- [cart-service] [Thread-6] c.a.n.common.http.HttpClientBeanHolder   : [HttpClientBeanHolder] Destruction of the end
19:54:54:160  INFO 12024 --- [cart-service] [main] com.george.cart.CartApplication          : Starting CartApplication using Java 21.0.11 with PID 12024 (E:\hmall\hm-cart\cart-service\target\classes started by lindu in E:\hmall)
19:54:54:162  INFO 12024 --- [cart-service] [main] com.george.cart.CartApplication          : The following 1 profile is active: "local"
19:54:54:207  INFO 12024 --- [cart-service] [main] c.a.c.n.c.NacosConfigDataLoader          : [Nacos Config] Load config[dataId=log.yaml, group=DEFAULT_GROUP] success
19:54:54:208  INFO 12024 --- [cart-service] [main] c.a.c.n.c.NacosConfigDataLoader          : [Nacos Config] Load config[dataId=jdbc.yaml, group=DEFAULT_GROUP] success
19:54:54:974  INFO 12024 --- [cart-service] [main] o.s.cloud.context.scope.GenericScope     : BeanFactory id=b7443645-58ac-3b99-b4c5-e765cb40619a
19:54:55:153  WARN 12024 --- [cart-service] [main] trationDelegate$BeanPostProcessorChecker : Bean 'org.springframework.cloud.client.loadbalancer.LoadBalancerAutoConfiguration$DeferringLoadBalancerInterceptorConfig' of type [org.springframework.cloud.client.loadbalancer.LoadBalancerAutoConfiguration$DeferringLoadBalancerInterceptorConfig] is not eligible for getting processed by all BeanPostProcessors (for example: not eligible for auto-proxying). The currently created BeanPostProcessor [lbRestClientPostProcessor] is declared through a non-static factory method on that class; consider declaring it as static instead.
19:54:55:156  WARN 12024 --- [cart-service] [main] trationDelegate$BeanPostProcessorChecker : Bean 'deferringLoadBalancerInterceptor' of type [org.springframework.cloud.client.loadbalancer.DeferringLoadBalancerInterceptor] is not eligible for getting processed by all BeanPostProcessors (for example: not eligible for auto-proxying). Is this bean getting eagerly injected/applied to a currently created BeanPostProcessor [lbRestClientPostProcessor]? Check the corresponding BeanPostProcessor declaration and its dependencies/advisors. If this bean does not have to be post-processed, declare it with ROLE_INFRASTRUCTURE.
19:54:55:363  INFO 12024 --- [cart-service] [main] o.s.b.w.embedded.tomcat.TomcatWebServer  : Tomcat initialized with port 9003 (http)
19:54:55:376  INFO 12024 --- [cart-service] [main] o.apache.catalina.core.StandardService   : Starting service [Tomcat]
19:54:55:376  INFO 12024 --- [cart-service] [main] o.apache.catalina.core.StandardEngine    : Starting Servlet engine: [Apache Tomcat/10.1.33]
19:54:55:455  INFO 12024 --- [cart-service] [main] o.a.c.c.C.[Tomcat].[localhost].[/]       : Initializing Spring embedded WebApplicationContext
19:54:55:456  INFO 12024 --- [cart-service] [main] w.s.c.ServletWebServerApplicationContext : Root WebApplicationContext: initialization completed in 1245 ms
19:54:55:618  INFO 12024 --- [cart-service] [main] o.s.c.openfeign.FeignClientFactoryBean   : For 'item-service' URL not provided. Will try picking an instance via load-balancing.
19:54:56:138  INFO 12024 --- [cart-service] [main] m.e.s.MybatisPlusApplicationContextAware : Register ApplicationContext instances org.springframework.boot.web.servlet.context.AnnotationConfigServletWebServerApplicationContext@499ef98e
19:54:56:263  INFO 12024 --- [cart-service] [main] o.s.b.w.embedded.tomcat.TomcatWebServer  : Tomcat started on port 9003 (http) with context path '/'
19:54:56:276  INFO 12024 --- [cart-service] [main] c.a.n.p.a.s.c.ClientAuthPluginManager    : [ClientAuthPluginManager] Load ClientAuthService com.alibaba.nacos.client.auth.impl.NacosClientAuthServiceImpl success.
19:54:56:276  INFO 12024 --- [cart-service] [main] c.a.n.p.a.s.c.ClientAuthPluginManager    : [ClientAuthPluginManager] Load ClientAuthService com.alibaba.nacos.client.auth.ram.RamClientAuthServiceImpl success.
19:54:56:314  INFO 12024 --- [cart-service] [main] c.a.c.n.registry.NacosServiceRegistry    : nacos registry, DEFAULT_GROUP cart-service 192.168.108.1:9003 register finished
19:54:56:323  INFO 12024 --- [cart-service] [main] com.george.cart.CartApplication          : Started CartApplication in 3.663 seconds (process running for 4.222)
19:54:56:336  INFO 12024 --- [cart-service] [main] c.a.c.n.refresh.NacosContextRefresher    : [Nacos Config] Listening config: dataId=jdbc.yaml, group=DEFAULT_GROUP
19:54:56:337  INFO 12024 --- [cart-service] [main] c.a.c.n.refresh.NacosContextRefresher    : [Nacos Config] Listening config: dataId=log.yaml, group=DEFAULT_GROUP
20:00:16:265  WARN 12024 --- [cart-service] [Thread-1] c.a.n.common.executor.ThreadPoolManager  : [ThreadPoolManager] Start destroying ThreadPool
20:00:16:265  WARN 12024 --- [cart-service] [Thread-8] c.a.nacos.common.notify.NotifyCenter     : [NotifyCenter] Start destroying Publisher
20:00:16:265  WARN 12024 --- [cart-service] [Thread-6] c.a.n.common.http.HttpClientBeanHolder   : [HttpClientBeanHolder] Start destroying common HttpClient
20:00:16:265  WARN 12024 --- [cart-service] [Thread-8] c.a.nacos.common.notify.NotifyCenter     : [NotifyCenter] Destruction of the end
20:00:16:266  WARN 12024 --- [cart-service] [Thread-1] c.a.n.common.executor.ThreadPoolManager  : [ThreadPoolManager] Destruction of the end
20:00:16:266  WARN 12024 --- [cart-service] [Thread-6] c.a.n.common.http.HttpClientBeanHolder   : [HttpClientBeanHolder] Destruction of the end
20:00:16:267  INFO 12024 --- [cart-service] [SpringApplicationShutdownHook] c.a.c.n.registry.NacosServiceRegistry    : De-registering from Nacos Server now...
20:00:16:273  INFO 12024 --- [cart-service] [SpringApplicationShutdownHook] c.a.c.n.registry.NacosServiceRegistry    : De-registration finished.
20:00:24:251  INFO 9792 --- [cart-service] [main] com.george.cart.CartApplication          : Starting CartApplication using Java 21.0.11 with PID 9792 (E:\hmall\hm-cart\cart-service\target\classes started by lindu in E:\hmall)
20:00:24:252  INFO 9792 --- [cart-service] [main] com.george.cart.CartApplication          : The following 1 profile is active: "local"
20:00:24:300  INFO 9792 --- [cart-service] [main] c.a.c.n.c.NacosConfigDataLoader          : [Nacos Config] Load config[dataId=log.yaml, group=DEFAULT_GROUP] success
20:00:24:301  INFO 9792 --- [cart-service] [main] c.a.c.n.c.NacosConfigDataLoader          : [Nacos Config] Load config[dataId=jdbc.yaml, group=DEFAULT_GROUP] success
20:00:25:060  INFO 9792 --- [cart-service] [main] o.s.cloud.context.scope.GenericScope     : BeanFactory id=b7443645-58ac-3b99-b4c5-e765cb40619a
20:00:25:222  WARN 9792 --- [cart-service] [main] trationDelegate$BeanPostProcessorChecker : Bean 'org.springframework.cloud.client.loadbalancer.LoadBalancerAutoConfiguration$DeferringLoadBalancerInterceptorConfig' of type [org.springframework.cloud.client.loadbalancer.LoadBalancerAutoConfiguration$DeferringLoadBalancerInterceptorConfig] is not eligible for getting processed by all BeanPostProcessors (for example: not eligible for auto-proxying). The currently created BeanPostProcessor [lbRestClientPostProcessor] is declared through a non-static factory method on that class; consider declaring it as static instead.
20:00:25:224  WARN 9792 --- [cart-service] [main] trationDelegate$BeanPostProcessorChecker : Bean 'deferringLoadBalancerInterceptor' of type [org.springframework.cloud.client.loadbalancer.DeferringLoadBalancerInterceptor] is not eligible for getting processed by all BeanPostProcessors (for example: not eligible for auto-proxying). Is this bean getting eagerly injected/applied to a currently created BeanPostProcessor [lbRestClientPostProcessor]? Check the corresponding BeanPostProcessor declaration and its dependencies/advisors. If this bean does not have to be post-processed, declare it with ROLE_INFRASTRUCTURE.
20:00:25:440  INFO 9792 --- [cart-service] [main] o.s.b.w.embedded.tomcat.TomcatWebServer  : Tomcat initialized with port 9003 (http)
20:00:25:454  INFO 9792 --- [cart-service] [main] o.apache.catalina.core.StandardService   : Starting service [Tomcat]
20:00:25:455  INFO 9792 --- [cart-service] [main] o.apache.catalina.core.StandardEngine    : Starting Servlet engine: [Apache Tomcat/10.1.33]
20:00:25:521  INFO 9792 --- [cart-service] [main] o.a.c.c.C.[Tomcat].[localhost].[/]       : Initializing Spring embedded WebApplicationContext
20:00:25:521  INFO 9792 --- [cart-service] [main] w.s.c.ServletWebServerApplicationContext : Root WebApplicationContext: initialization completed in 1218 ms
20:00:25:714  INFO 9792 --- [cart-service] [main] o.s.c.openfeign.FeignClientFactoryBean   : For 'item-service' URL not provided. Will try picking an instance via load-balancing.
20:00:26:289  INFO 9792 --- [cart-service] [main] m.e.s.MybatisPlusApplicationContextAware : Register ApplicationContext instances org.springframework.boot.web.servlet.context.AnnotationConfigServletWebServerApplicationContext@33a3c44a
20:00:26:414  INFO 9792 --- [cart-service] [main] o.s.b.w.embedded.tomcat.TomcatWebServer  : Tomcat started on port 9003 (http) with context path '/'
20:00:26:430  INFO 9792 --- [cart-service] [main] c.a.n.p.a.s.c.ClientAuthPluginManager    : [ClientAuthPluginManager] Load ClientAuthService com.alibaba.nacos.client.auth.impl.NacosClientAuthServiceImpl success.
20:00:26:430  INFO 9792 --- [cart-service] [main] c.a.n.p.a.s.c.ClientAuthPluginManager    : [ClientAuthPluginManager] Load ClientAuthService com.alibaba.nacos.client.auth.ram.RamClientAuthServiceImpl success.
20:00:26:459  INFO 9792 --- [cart-service] [main] c.a.c.n.registry.NacosServiceRegistry    : nacos registry, DEFAULT_GROUP cart-service 192.168.108.1:9003 register finished
20:00:26:469  INFO 9792 --- [cart-service] [main] com.george.cart.CartApplication          : Started CartApplication in 3.66 seconds (process running for 4.232)
20:00:26:482  INFO 9792 --- [cart-service] [main] c.a.c.n.refresh.NacosContextRefresher    : [Nacos Config] Listening config: dataId=jdbc.yaml, group=DEFAULT_GROUP
20:00:26:483  INFO 9792 --- [cart-service] [main] c.a.c.n.refresh.NacosContextRefresher    : [Nacos Config] Listening config: dataId=log.yaml, group=DEFAULT_GROUP
20:07:44:470  WARN 9792 --- [cart-service] [Thread-1] c.a.n.common.executor.ThreadPoolManager  : [ThreadPoolManager] Start destroying ThreadPool
20:07:44:471  WARN 9792 --- [cart-service] [Thread-6] c.a.n.common.http.HttpClientBeanHolder   : [HttpClientBeanHolder] Start destroying common HttpClient
20:07:44:470  WARN 9792 --- [cart-service] [Thread-8] c.a.nacos.common.notify.NotifyCenter     : [NotifyCenter] Start destroying Publisher
20:07:44:471  WARN 9792 --- [cart-service] [Thread-8] c.a.nacos.common.notify.NotifyCenter     : [NotifyCenter] Destruction of the end
20:07:44:471  WARN 9792 --- [cart-service] [Thread-1] c.a.n.common.executor.ThreadPoolManager  : [ThreadPoolManager] Destruction of the end
20:07:44:471  WARN 9792 --- [cart-service] [Thread-6] c.a.n.common.http.HttpClientBeanHolder   : [HttpClientBeanHolder] Destruction of the end
20:07:44:472  INFO 9792 --- [cart-service] [SpringApplicationShutdownHook] c.a.c.n.registry.NacosServiceRegistry    : De-registering from Nacos Server now...
20:07:44:476  INFO 9792 --- [cart-service] [SpringApplicationShutdownHook] c.a.c.n.registry.NacosServiceRegistry    : De-registration finished.
20:07:50:365  INFO 22656 --- [cart-service] [main] com.george.cart.CartApplication          : Starting CartApplication using Java 21.0.11 with PID 22656 (E:\hmall\hm-cart\cart-service\target\classes started by lindu in E:\hmall)
20:07:50:366  INFO 22656 --- [cart-service] [main] com.george.cart.CartApplication          : The following 1 profile is active: "local"
20:07:50:421  INFO 22656 --- [cart-service] [main] c.a.c.n.c.NacosConfigDataLoader          : [Nacos Config] Load config[dataId=log.yaml, group=DEFAULT_GROUP] success
20:07:50:421  INFO 22656 --- [cart-service] [main] c.a.c.n.c.NacosConfigDataLoader          : [Nacos Config] Load config[dataId=jdbc.yaml, group=DEFAULT_GROUP] success
20:07:51:171  INFO 22656 --- [cart-service] [main] o.s.cloud.context.scope.GenericScope     : BeanFactory id=b7443645-58ac-3b99-b4c5-e765cb40619a
20:07:51:340  WARN 22656 --- [cart-service] [main] trationDelegate$BeanPostProcessorChecker : Bean 'org.springframework.cloud.client.loadbalancer.LoadBalancerAutoConfiguration$DeferringLoadBalancerInterceptorConfig' of type [org.springframework.cloud.client.loadbalancer.LoadBalancerAutoConfiguration$DeferringLoadBalancerInterceptorConfig] is not eligible for getting processed by all BeanPostProcessors (for example: not eligible for auto-proxying). The currently created BeanPostProcessor [lbRestClientPostProcessor] is declared through a non-static factory method on that class; consider declaring it as static instead.
20:07:51:342  WARN 22656 --- [cart-service] [main] trationDelegate$BeanPostProcessorChecker : Bean 'deferringLoadBalancerInterceptor' of type [org.springframework.cloud.client.loadbalancer.DeferringLoadBalancerInterceptor] is not eligible for getting processed by all BeanPostProcessors (for example: not eligible for auto-proxying). Is this bean getting eagerly injected/applied to a currently created BeanPostProcessor [lbRestClientPostProcessor]? Check the corresponding BeanPostProcessor declaration and its dependencies/advisors. If this bean does not have to be post-processed, declare it with ROLE_INFRASTRUCTURE.
20:07:51:547  INFO 22656 --- [cart-service] [main] o.s.b.w.embedded.tomcat.TomcatWebServer  : Tomcat initialized with port 9003 (http)
20:07:51:561  INFO 22656 --- [cart-service] [main] o.apache.catalina.core.StandardService   : Starting service [Tomcat]
20:07:51:561  INFO 22656 --- [cart-service] [main] o.apache.catalina.core.StandardEngine    : Starting Servlet engine: [Apache Tomcat/10.1.33]
20:07:51:638  INFO 22656 --- [cart-service] [main] o.a.c.c.C.[Tomcat].[localhost].[/]       : Initializing Spring embedded WebApplicationContext
20:07:51:639  INFO 22656 --- [cart-service] [main] w.s.c.ServletWebServerApplicationContext : Root WebApplicationContext: initialization completed in 1215 ms
20:07:51:813  INFO 22656 --- [cart-service] [main] o.s.c.openfeign.FeignClientFactoryBean   : For 'item-service' URL not provided. Will try picking an instance via load-balancing.
20:07:52:313  INFO 22656 --- [cart-service] [main] m.e.s.MybatisPlusApplicationContextAware : Register ApplicationContext instances org.springframework.boot.web.servlet.context.AnnotationConfigServletWebServerApplicationContext@24934262
20:07:52:435  INFO 22656 --- [cart-service] [main] o.s.b.w.embedded.tomcat.TomcatWebServer  : Tomcat started on port 9003 (http) with context path '/'
20:07:52:449  INFO 22656 --- [cart-service] [main] c.a.n.p.a.s.c.ClientAuthPluginManager    : [ClientAuthPluginManager] Load ClientAuthService com.alibaba.nacos.client.auth.impl.NacosClientAuthServiceImpl success.
20:07:52:449  INFO 22656 --- [cart-service] [main] c.a.n.p.a.s.c.ClientAuthPluginManager    : [ClientAuthPluginManager] Load ClientAuthService com.alibaba.nacos.client.auth.ram.RamClientAuthServiceImpl success.
20:07:52:489  INFO 22656 --- [cart-service] [main] c.a.c.n.registry.NacosServiceRegistry    : nacos registry, DEFAULT_GROUP cart-service 192.168.108.1:9003 register finished
20:07:52:498  INFO 22656 --- [cart-service] [main] com.george.cart.CartApplication          : Started CartApplication in 3.637 seconds (process running for 4.283)
20:07:52:510  INFO 22656 --- [cart-service] [main] c.a.c.n.refresh.NacosContextRefresher    : [Nacos Config] Listening config: dataId=jdbc.yaml, group=DEFAULT_GROUP
20:07:52:511  INFO 22656 --- [cart-service] [main] c.a.c.n.refresh.NacosContextRefresher    : [Nacos Config] Listening config: dataId=log.yaml, group=DEFAULT_GROUP
20:30:24:979  INFO 22656 --- [cart-service] [nacos.client.config.listener.task-0] c.a.c.n.refresh.NacosContextRefresher    : [Nacos Config] Receive Nacos config change: dataId=jdbc.yaml, group=DEFAULT_GROUP
20:30:25:056  WARN 22656 --- [cart-service] [nacos.client.config.listener.task-0] c.a.c.n.c.NacosConfigDataLoader          : [Nacos Config] config[dataId=log.yaml, group=DEFAULT_GROUP] is empty
20:30:25:168  WARN 22656 --- [cart-service] [nacos.client.config.listener.task-0] c.a.c.n.c.NacosConfigDataLoader          : [Nacos Config] config[dataId=jdbc.yaml, group=DEFAULT_GROUP] is empty
20:30:25:277  INFO 22656 --- [cart-service] [nacos.client.config.listener.task-0] o.s.c.e.event.RefreshEventListener       : Refresh keys changed: []
20:30:25:287  INFO 22656 --- [cart-service] [nacos.client.config.listener.task-0] c.a.c.n.refresh.NacosContextRefresher    : [Nacos Config] Receive Nacos config change: dataId=log.yaml, group=DEFAULT_GROUP
20:30:25:538  WARN 22656 --- [cart-service] [nacos.client.config.listener.task-0] c.a.c.n.c.NacosConfigDataLoader          : [Nacos Config] config[dataId=log.yaml, group=DEFAULT_GROUP] is empty
20:30:25:544  WARN 22656 --- [cart-service] [nacos.client.config.listener.task-0] c.a.c.n.c.NacosConfigDataLoader          : [Nacos Config] config[dataId=jdbc.yaml, group=DEFAULT_GROUP] is empty
20:30:25:623  INFO 22656 --- [cart-service] [nacos.client.config.listener.task-0] o.s.c.e.event.RefreshEventListener       : Refresh keys changed: []
20:41:58:440  INFO 22656 --- [cart-service] [nacos.client.config.listener.task-0] c.a.c.n.refresh.NacosContextRefresher    : [Nacos Config] Receive Nacos config change: dataId=jdbc.yaml, group=DEFAULT_GROUP
20:41:58:515  WARN 22656 --- [cart-service] [nacos.client.config.listener.task-0] c.a.c.n.c.NacosConfigDataLoader          : [Nacos Config] config[dataId=log.yaml, group=DEFAULT_GROUP] is empty
20:41:58:637  INFO 22656 --- [cart-service] [nacos.client.config.listener.task-0] c.a.c.n.c.NacosConfigDataLoader          : [Nacos Config] Load config[dataId=jdbc.yaml, group=DEFAULT_GROUP] success
20:41:58:718  INFO 22656 --- [cart-service] [nacos.client.config.listener.task-0] o.s.c.e.event.RefreshEventListener       : Refresh keys changed: [spring.datasource.url]
20:43:00:153  INFO 22656 --- [cart-service] [nacos.client.config.listener.task-0] c.a.c.n.refresh.NacosContextRefresher    : [Nacos Config] Receive Nacos config change: dataId=log.yaml, group=DEFAULT_GROUP
20:43:00:353  INFO 22656 --- [cart-service] [nacos.client.config.listener.task-0] c.a.c.n.c.NacosConfigDataLoader          : [Nacos Config] Load config[dataId=log.yaml, group=DEFAULT_GROUP] success
20:43:00:359  INFO 22656 --- [cart-service] [nacos.client.config.listener.task-0] c.a.c.n.c.NacosConfigDataLoader          : [Nacos Config] Load config[dataId=jdbc.yaml, group=DEFAULT_GROUP] success
20:43:00:459  INFO 22656 --- [cart-service] [nacos.client.config.listener.task-0] o.s.c.e.event.RefreshEventListener       : Refresh keys changed: []
20:45:27:645  INFO 22656 --- [cart-service] [nacos.client.config.listener.task-0] c.a.c.n.refresh.NacosContextRefresher    : [Nacos Config] Receive Nacos config change: dataId=jdbc.yaml, group=DEFAULT_GROUP
20:45:27:707  INFO 22656 --- [cart-service] [nacos.client.config.listener.task-0] c.a.c.n.c.NacosConfigDataLoader          : [Nacos Config] Load config[dataId=log.yaml, group=DEFAULT_GROUP] success
20:45:27:843  INFO 22656 --- [cart-service] [nacos.client.config.listener.task-0] c.a.c.n.c.NacosConfigDataLoader          : [Nacos Config] Load config[dataId=jdbc.yaml, group=DEFAULT_GROUP] success
20:45:27:926  INFO 22656 --- [cart-service] [nacos.client.config.listener.task-0] o.s.c.e.event.RefreshEventListener       : Refresh keys changed: [spring.datasource.url]
20:57:44:599  WARN 22656 --- [cart-service] [Thread-8] c.a.nacos.common.notify.NotifyCenter     : [NotifyCenter] Start destroying Publisher
20:57:44:599  WARN 22656 --- [cart-service] [Thread-1] c.a.n.common.executor.ThreadPoolManager  : [ThreadPoolManager] Start destroying ThreadPool
20:57:44:600  WARN 22656 --- [cart-service] [Thread-6] c.a.n.common.http.HttpClientBeanHolder   : [HttpClientBeanHolder] Start destroying common HttpClient
20:57:44:600  WARN 22656 --- [cart-service] [Thread-1] c.a.n.common.executor.ThreadPoolManager  : [ThreadPoolManager] Destruction of the end
20:57:44:600  WARN 22656 --- [cart-service] [Thread-8] c.a.nacos.common.notify.NotifyCenter     : [NotifyCenter] Destruction of the end
20:57:44:602  WARN 22656 --- [cart-service] [Thread-6] c.a.n.common.http.HttpClientBeanHolder   : [HttpClientBeanHolder] Destruction of the end
20:57:44:605  INFO 22656 --- [cart-service] [SpringApplicationShutdownHook] c.a.c.n.registry.NacosServiceRegistry    : De-registering from Nacos Server now...
20:57:44:609  INFO 22656 --- [cart-service] [SpringApplicationShutdownHook] c.a.c.n.registry.NacosServiceRegistry    : De-registration finished.
20:57:50:172  INFO 23604 --- [cart-service] [main] com.george.cart.CartApplication          : Starting CartApplication using Java 21.0.11 with PID 23604 (E:\hmall\hm-cart\cart-service\target\classes started by lindu in E:\hmall)
20:57:50:174  INFO 23604 --- [cart-service] [main] com.george.cart.CartApplication          : The following 1 profile is active: "local"
20:57:50:217  INFO 23604 --- [cart-service] [main] c.a.c.n.c.NacosConfigDataLoader          : [Nacos Config] Load config[dataId=log.yaml, group=DEFAULT_GROUP] success
20:57:50:217  INFO 23604 --- [cart-service] [main] c.a.c.n.c.NacosConfigDataLoader          : [Nacos Config] Load config[dataId=jdbc.yaml, group=DEFAULT_GROUP] success
20:57:51:026  INFO 23604 --- [cart-service] [main] o.s.cloud.context.scope.GenericScope     : BeanFactory id=b7443645-58ac-3b99-b4c5-e765cb40619a
20:57:51:196  WARN 23604 --- [cart-service] [main] trationDelegate$BeanPostProcessorChecker : Bean 'org.springframework.cloud.client.loadbalancer.LoadBalancerAutoConfiguration$DeferringLoadBalancerInterceptorConfig' of type [org.springframework.cloud.client.loadbalancer.LoadBalancerAutoConfiguration$DeferringLoadBalancerInterceptorConfig] is not eligible for getting processed by all BeanPostProcessors (for example: not eligible for auto-proxying). The currently created BeanPostProcessor [lbRestClientPostProcessor] is declared through a non-static factory method on that class; consider declaring it as static instead.
20:57:51:198  WARN 23604 --- [cart-service] [main] trationDelegate$BeanPostProcessorChecker : Bean 'deferringLoadBalancerInterceptor' of type [org.springframework.cloud.client.loadbalancer.DeferringLoadBalancerInterceptor] is not eligible for getting processed by all BeanPostProcessors (for example: not eligible for auto-proxying). Is this bean getting eagerly injected/applied to a currently created BeanPostProcessor [lbRestClientPostProcessor]? Check the corresponding BeanPostProcessor declaration and its dependencies/advisors. If this bean does not have to be post-processed, declare it with ROLE_INFRASTRUCTURE.
20:57:51:407  INFO 23604 --- [cart-service] [main] o.s.b.w.embedded.tomcat.TomcatWebServer  : Tomcat initialized with port 9003 (http)
20:57:51:420  INFO 23604 --- [cart-service] [main] o.apache.catalina.core.StandardService   : Starting service [Tomcat]
20:57:51:420  INFO 23604 --- [cart-service] [main] o.apache.catalina.core.StandardEngine    : Starting Servlet engine: [Apache Tomcat/10.1.33]
20:57:51:498  INFO 23604 --- [cart-service] [main] o.a.c.c.C.[Tomcat].[localhost].[/]       : Initializing Spring embedded WebApplicationContext
20:57:51:498  INFO 23604 --- [cart-service] [main] w.s.c.ServletWebServerApplicationContext : Root WebApplicationContext: initialization completed in 1279 ms
20:57:51:657  INFO 23604 --- [cart-service] [main] o.s.c.openfeign.FeignClientFactoryBean   : For 'item-service' URL not provided. Will try picking an instance via load-balancing.
20:57:52:215  INFO 23604 --- [cart-service] [main] m.e.s.MybatisPlusApplicationContextAware : Register ApplicationContext instances org.springframework.boot.web.servlet.context.AnnotationConfigServletWebServerApplicationContext@16eedaa6
20:57:52:358  INFO 23604 --- [cart-service] [main] o.s.b.w.embedded.tomcat.TomcatWebServer  : Tomcat started on port 9003 (http) with context path '/'
20:57:52:371  INFO 23604 --- [cart-service] [main] c.a.n.p.a.s.c.ClientAuthPluginManager    : [ClientAuthPluginManager] Load ClientAuthService com.alibaba.nacos.client.auth.impl.NacosClientAuthServiceImpl success.
20:57:52:371  INFO 23604 --- [cart-service] [main] c.a.n.p.a.s.c.ClientAuthPluginManager    : [ClientAuthPluginManager] Load ClientAuthService com.alibaba.nacos.client.auth.ram.RamClientAuthServiceImpl success.
20:57:52:396  INFO 23604 --- [cart-service] [main] c.a.c.n.registry.NacosServiceRegistry    : nacos registry, DEFAULT_GROUP cart-service 192.168.108.1:9003 register finished
20:57:52:406  INFO 23604 --- [cart-service] [main] com.george.cart.CartApplication          : Started CartApplication in 3.761 seconds (process running for 4.333)
20:57:52:419  INFO 23604 --- [cart-service] [main] c.a.c.n.refresh.NacosContextRefresher    : [Nacos Config] Listening config: dataId=jdbc.yaml, group=DEFAULT_GROUP
20:57:52:421  INFO 23604 --- [cart-service] [main] c.a.c.n.refresh.NacosContextRefresher    : [Nacos Config] Listening config: dataId=log.yaml, group=DEFAULT_GROUP
20:58:42:367  INFO 23604 --- [cart-service] [http-nio-9003-exec-1] o.a.c.c.C.[Tomcat].[localhost].[/]       : Initializing Spring DispatcherServlet 'dispatcherServlet'
20:58:42:367  INFO 23604 --- [cart-service] [http-nio-9003-exec-1] o.s.web.servlet.DispatcherServlet        : Initializing Servlet 'dispatcherServlet'
20:58:42:368  INFO 23604 --- [cart-service] [http-nio-9003-exec-1] o.s.web.servlet.DispatcherServlet        : Completed initialization in 1 ms
20:58:42:479  INFO 23604 --- [cart-service] [http-nio-9003-exec-1] com.zaxxer.hikari.HikariDataSource       : HikariPool-1 - Starting...
20:58:42:789  INFO 23604 --- [cart-service] [http-nio-9003-exec-1] com.zaxxer.hikari.pool.HikariPool        : HikariPool-1 - Added connection com.mysql.cj.jdbc.ConnectionImpl@7ff55a58
20:58:42:791  INFO 23604 --- [cart-service] [http-nio-9003-exec-1] com.zaxxer.hikari.HikariDataSource       : HikariPool-1 - Start completed.
20:58:54:928 ERROR 23604 --- [cart-service] [http-nio-9003-exec-3] o.a.c.c.C.[.[.[/].[dispatcherServlet]    : Servlet.service() for servlet [dispatcherServlet] in context with path [] threw exception [Request processing failed: java.lang.NullPointerException: Cannot invoke "java.lang.Integer.intValue()" because the return value of "com.george.cart.properties.CartProperties.getMaxItems()" is null] with root cause

java.lang.NullPointerException: Cannot invoke "java.lang.Integer.intValue()" because the return value of "com.george.cart.properties.CartProperties.getMaxItems()" is null
	at com.george.cart.service.impl.CartServiceImpl.checkCartsFull(CartServiceImpl.java:135) ~[classes/:na]
	at com.george.cart.service.impl.CartServiceImpl.addItem2Cart(CartServiceImpl.java:49) ~[classes/:na]
	at java.base/jdk.internal.reflect.DirectMethodHandleAccessor.invoke(DirectMethodHandleAccessor.java:103) ~[na:na]
	at java.base/java.lang.reflect.Method.invoke(Method.java:580) ~[na:na]
	at org.springframework.aop.support.AopUtils.invokeJoinpointUsingReflection(AopUtils.java:355) ~[spring-aop-6.1.15.jar:6.1.15]
	at org.springframework.aop.framework.CglibAopProxy$DynamicAdvisedInterceptor.intercept(CglibAopProxy.java:716) ~[spring-aop-6.1.15.jar:6.1.15]
	at com.george.cart.service.impl.CartServiceImpl$$SpringCGLIB$$0.addItem2Cart(<generated>) ~[classes/:na]
	at com.george.cart.controller.CartController.addItem2Cart(CartController.java:22) ~[classes/:na]
	at java.base/jdk.internal.reflect.DirectMethodHandleAccessor.invoke(DirectMethodHandleAccessor.java:103) ~[na:na]
	at java.base/java.lang.reflect.Method.invoke(Method.java:580) ~[na:na]
	at org.springframework.web.method.support.InvocableHandlerMethod.doInvoke(InvocableHandlerMethod.java:255) ~[spring-web-6.1.15.jar:6.1.15]
	at org.springframework.web.method.support.InvocableHandlerMethod.invokeForRequest(InvocableHandlerMethod.java:188) ~[spring-web-6.1.15.jar:6.1.15]
	at org.springframework.web.servlet.mvc.method.annotation.ServletInvocableHandlerMethod.invokeAndHandle(ServletInvocableHandlerMethod.java:118) ~[spring-webmvc-6.1.15.jar:6.1.15]
	at org.springframework.web.servlet.mvc.method.annotation.RequestMappingHandlerAdapter.invokeHandlerMethod(RequestMappingHandlerAdapter.java:926) ~[spring-webmvc-6.1.15.jar:6.1.15]
	at org.springframework.web.servlet.mvc.method.annotation.RequestMappingHandlerAdapter.handleInternal(RequestMappingHandlerAdapter.java:831) ~[spring-webmvc-6.1.15.jar:6.1.15]
	at org.springframework.web.servlet.mvc.method.AbstractHandlerMethodAdapter.handle(AbstractHandlerMethodAdapter.java:87) ~[spring-webmvc-6.1.15.jar:6.1.15]
	at org.springframework.web.servlet.DispatcherServlet.doDispatch(DispatcherServlet.java:1089) ~[spring-webmvc-6.1.15.jar:6.1.15]
	at org.springframework.web.servlet.DispatcherServlet.doService(DispatcherServlet.java:979) ~[spring-webmvc-6.1.15.jar:6.1.15]
	at org.springframework.web.servlet.FrameworkServlet.processRequest(FrameworkServlet.java:1014) ~[spring-webmvc-6.1.15.jar:6.1.15]
	at org.springframework.web.servlet.FrameworkServlet.doPost(FrameworkServlet.java:914) ~[spring-webmvc-6.1.15.jar:6.1.15]
	at jakarta.servlet.http.HttpServlet.service(HttpServlet.java:590) ~[tomcat-embed-core-10.1.33.jar:6.0]
	at org.springframework.web.servlet.FrameworkServlet.service(FrameworkServlet.java:885) ~[spring-webmvc-6.1.15.jar:6.1.15]
	at jakarta.servlet.http.HttpServlet.service(HttpServlet.java:658) ~[tomcat-embed-core-10.1.33.jar:6.0]
	at org.apache.catalina.core.ApplicationFilterChain.internalDoFilter(ApplicationFilterChain.java:195) ~[tomcat-embed-core-10.1.33.jar:10.1.33]
	at org.apache.catalina.core.ApplicationFilterChain.doFilter(ApplicationFilterChain.java:140) ~[tomcat-embed-core-10.1.33.jar:10.1.33]
	at org.apache.tomcat.websocket.server.WsFilter.doFilter(WsFilter.java:51) ~[tomcat-embed-websocket-10.1.33.jar:10.1.33]
	at org.apache.catalina.core.ApplicationFilterChain.internalDoFilter(ApplicationFilterChain.java:164) ~[tomcat-embed-core-10.1.33.jar:10.1.33]
	at org.apache.catalina.core.ApplicationFilterChain.doFilter(ApplicationFilterChain.java:140) ~[tomcat-embed-core-10.1.33.jar:10.1.33]
	at org.springframework.web.filter.RequestContextFilter.doFilterInternal(RequestContextFilter.java:100) ~[spring-web-6.1.15.jar:6.1.15]
	at org.springframework.web.filter.OncePerRequestFilter.doFilter(OncePerRequestFilter.java:116) ~[spring-web-6.1.15.jar:6.1.15]
	at org.apache.catalina.core.ApplicationFilterChain.internalDoFilter(ApplicationFilterChain.java:164) ~[tomcat-embed-core-10.1.33.jar:10.1.33]
	at org.apache.catalina.core.ApplicationFilterChain.doFilter(ApplicationFilterChain.java:140) ~[tomcat-embed-core-10.1.33.jar:10.1.33]
	at org.springframework.web.filter.FormContentFilter.doFilterInternal(FormContentFilter.java:93) ~[spring-web-6.1.15.jar:6.1.15]
	at org.springframework.web.filter.OncePerRequestFilter.doFilter(OncePerRequestFilter.java:116) ~[spring-web-6.1.15.jar:6.1.15]
	at org.apache.catalina.core.ApplicationFilterChain.internalDoFilter(ApplicationFilterChain.java:164) ~[tomcat-embed-core-10.1.33.jar:10.1.33]
	at org.apache.catalina.core.ApplicationFilterChain.doFilter(ApplicationFilterChain.java:140) ~[tomcat-embed-core-10.1.33.jar:10.1.33]
	at org.springframework.web.filter.CharacterEncodingFilter.doFilterInternal(CharacterEncodingFilter.java:201) ~[spring-web-6.1.15.jar:6.1.15]
	at org.springframework.web.filter.OncePerRequestFilter.doFilter(OncePerRequestFilter.java:116) ~[spring-web-6.1.15.jar:6.1.15]
	at org.apache.catalina.core.ApplicationFilterChain.internalDoFilter(ApplicationFilterChain.java:164) ~[tomcat-embed-core-10.1.33.jar:10.1.33]
	at org.apache.catalina.core.ApplicationFilterChain.doFilter(ApplicationFilterChain.java:140) ~[tomcat-embed-core-10.1.33.jar:10.1.33]
	at org.apache.catalina.core.StandardWrapperValve.invoke(StandardWrapperValve.java:167) ~[tomcat-embed-core-10.1.33.jar:10.1.33]
	at org.apache.catalina.core.StandardContextValve.invoke(StandardContextValve.java:90) ~[tomcat-embed-core-10.1.33.jar:10.1.33]
	at org.apache.catalina.authenticator.AuthenticatorBase.invoke(AuthenticatorBase.java:483) ~[tomcat-embed-core-10.1.33.jar:10.1.33]
	at org.apache.catalina.core.StandardHostValve.invoke(StandardHostValve.java:115) ~[tomcat-embed-core-10.1.33.jar:10.1.33]
	at org.apache.catalina.valves.ErrorReportValve.invoke(ErrorReportValve.java:93) ~[tomcat-embed-core-10.1.33.jar:10.1.33]
	at org.apache.catalina.core.StandardEngineValve.invoke(StandardEngineValve.java:74) ~[tomcat-embed-core-10.1.33.jar:10.1.33]
	at org.apache.catalina.connector.CoyoteAdapter.service(CoyoteAdapter.java:344) ~[tomcat-embed-core-10.1.33.jar:10.1.33]
	at org.apache.coyote.http11.Http11Processor.service(Http11Processor.java:397) ~[tomcat-embed-core-10.1.33.jar:10.1.33]
	at org.apache.coyote.AbstractProcessorLight.process(AbstractProcessorLight.java:63) ~[tomcat-embed-core-10.1.33.jar:10.1.33]
	at org.apache.coyote.AbstractProtocol$ConnectionHandler.process(AbstractProtocol.java:905) ~[tomcat-embed-core-10.1.33.jar:10.1.33]
	at org.apache.tomcat.util.net.NioEndpoint$SocketProcessor.doRun(NioEndpoint.java:1741) ~[tomcat-embed-core-10.1.33.jar:10.1.33]
	at org.apache.tomcat.util.net.SocketProcessorBase.run(SocketProcessorBase.java:52) ~[tomcat-embed-core-10.1.33.jar:10.1.33]
	at org.apache.tomcat.util.threads.ThreadPoolExecutor.runWorker(ThreadPoolExecutor.java:1190) ~[tomcat-embed-core-10.1.33.jar:10.1.33]
	at org.apache.tomcat.util.threads.ThreadPoolExecutor$Worker.run(ThreadPoolExecutor.java:659) ~[tomcat-embed-core-10.1.33.jar:10.1.33]
	at org.apache.tomcat.util.threads.TaskThread$WrappingRunnable.run(TaskThread.java:63) ~[tomcat-embed-core-10.1.33.jar:10.1.33]
	at java.base/java.lang.Thread.run(Thread.java:1583) ~[na:na]

21:03:02:677  WARN 23604 --- [cart-service] [Thread-8] c.a.nacos.common.notify.NotifyCenter     : [NotifyCenter] Start destroying Publisher
21:03:02:677  WARN 23604 --- [cart-service] [Thread-1] c.a.n.common.executor.ThreadPoolManager  : [ThreadPoolManager] Start destroying ThreadPool
21:03:02:677  WARN 23604 --- [cart-service] [Thread-6] c.a.n.common.http.HttpClientBeanHolder   : [HttpClientBeanHolder] Start destroying common HttpClient
21:03:02:677  WARN 23604 --- [cart-service] [Thread-8] c.a.nacos.common.notify.NotifyCenter     : [NotifyCenter] Destruction of the end
21:03:02:678  WARN 23604 --- [cart-service] [Thread-1] c.a.n.common.executor.ThreadPoolManager  : [ThreadPoolManager] Destruction of the end
21:03:02:678  WARN 23604 --- [cart-service] [Thread-6] c.a.n.common.http.HttpClientBeanHolder   : [HttpClientBeanHolder] Destruction of the end
21:03:02:679  INFO 23604 --- [cart-service] [SpringApplicationShutdownHook] c.a.c.n.registry.NacosServiceRegistry    : De-registering from Nacos Server now...
21:03:02:683  INFO 23604 --- [cart-service] [SpringApplicationShutdownHook] c.a.c.n.registry.NacosServiceRegistry    : De-registration finished.
21:03:10:523  INFO 19612 --- [cart-service] [main] com.george.cart.CartApplication          : Starting CartApplication using Java 21.0.11 with PID 19612 (E:\hmall\hm-cart\cart-service\target\classes started by lindu in E:\hmall)
21:03:10:524  INFO 19612 --- [cart-service] [main] com.george.cart.CartApplication          : The following 1 profile is active: "local"
21:03:10:583  INFO 19612 --- [cart-service] [main] c.a.c.n.c.NacosConfigDataLoader          : [Nacos Config] Load config[dataId=log.yaml, group=DEFAULT_GROUP] success
21:03:10:583  INFO 19612 --- [cart-service] [main] c.a.c.n.c.NacosConfigDataLoader          : [Nacos Config] Load config[dataId=jdbc.yaml, group=DEFAULT_GROUP] success
21:03:11:532  INFO 19612 --- [cart-service] [main] o.s.cloud.context.scope.GenericScope     : BeanFactory id=b7443645-58ac-3b99-b4c5-e765cb40619a
21:03:11:695  WARN 19612 --- [cart-service] [main] trationDelegate$BeanPostProcessorChecker : Bean 'org.springframework.cloud.client.loadbalancer.LoadBalancerAutoConfiguration$DeferringLoadBalancerInterceptorConfig' of type [org.springframework.cloud.client.loadbalancer.LoadBalancerAutoConfiguration$DeferringLoadBalancerInterceptorConfig] is not eligible for getting processed by all BeanPostProcessors (for example: not eligible for auto-proxying). The currently created BeanPostProcessor [lbRestClientPostProcessor] is declared through a non-static factory method on that class; consider declaring it as static instead.
21:03:11:697  WARN 19612 --- [cart-service] [main] trationDelegate$BeanPostProcessorChecker : Bean 'deferringLoadBalancerInterceptor' of type [org.springframework.cloud.client.loadbalancer.DeferringLoadBalancerInterceptor] is not eligible for getting processed by all BeanPostProcessors (for example: not eligible for auto-proxying). Is this bean getting eagerly injected/applied to a currently created BeanPostProcessor [lbRestClientPostProcessor]? Check the corresponding BeanPostProcessor declaration and its dependencies/advisors. If this bean does not have to be post-processed, declare it with ROLE_INFRASTRUCTURE.
21:03:11:947  INFO 19612 --- [cart-service] [main] o.s.b.w.embedded.tomcat.TomcatWebServer  : Tomcat initialized with port 9003 (http)
21:03:11:961  INFO 19612 --- [cart-service] [main] o.apache.catalina.core.StandardService   : Starting service [Tomcat]
21:03:11:962  INFO 19612 --- [cart-service] [main] o.apache.catalina.core.StandardEngine    : Starting Servlet engine: [Apache Tomcat/10.1.33]
21:03:12:034  INFO 19612 --- [cart-service] [main] o.a.c.c.C.[Tomcat].[localhost].[/]       : Initializing Spring embedded WebApplicationContext
21:03:12:034  INFO 19612 --- [cart-service] [main] w.s.c.ServletWebServerApplicationContext : Root WebApplicationContext: initialization completed in 1446 ms
21:03:12:202  INFO 19612 --- [cart-service] [main] o.s.c.openfeign.FeignClientFactoryBean   : For 'item-service' URL not provided. Will try picking an instance via load-balancing.
21:03:12:728  INFO 19612 --- [cart-service] [main] m.e.s.MybatisPlusApplicationContextAware : Register ApplicationContext instances org.springframework.boot.web.servlet.context.AnnotationConfigServletWebServerApplicationContext@24934262
21:03:12:875  INFO 19612 --- [cart-service] [main] o.s.b.w.embedded.tomcat.TomcatWebServer  : Tomcat started on port 9003 (http) with context path '/'
21:03:12:889  INFO 19612 --- [cart-service] [main] c.a.n.p.a.s.c.ClientAuthPluginManager    : [ClientAuthPluginManager] Load ClientAuthService com.alibaba.nacos.client.auth.impl.NacosClientAuthServiceImpl success.
21:03:12:890  INFO 19612 --- [cart-service] [main] c.a.n.p.a.s.c.ClientAuthPluginManager    : [ClientAuthPluginManager] Load ClientAuthService com.alibaba.nacos.client.auth.ram.RamClientAuthServiceImpl success.
21:03:12:922  INFO 19612 --- [cart-service] [main] c.a.c.n.registry.NacosServiceRegistry    : nacos registry, DEFAULT_GROUP cart-service 192.168.108.1:9003 register finished
21:03:12:933  INFO 19612 --- [cart-service] [main] com.george.cart.CartApplication          : Started CartApplication in 4.103 seconds (process running for 4.71)
21:03:12:952  INFO 19612 --- [cart-service] [main] c.a.c.n.refresh.NacosContextRefresher    : [Nacos Config] Listening config: dataId=jdbc.yaml, group=DEFAULT_GROUP
21:03:12:954  INFO 19612 --- [cart-service] [main] c.a.c.n.refresh.NacosContextRefresher    : [Nacos Config] Listening config: dataId=log.yaml, group=DEFAULT_GROUP
21:03:26:732  INFO 19612 --- [cart-service] [http-nio-9003-exec-1] o.a.c.c.C.[Tomcat].[localhost].[/]       : Initializing Spring DispatcherServlet 'dispatcherServlet'
21:03:26:732  INFO 19612 --- [cart-service] [http-nio-9003-exec-1] o.s.web.servlet.DispatcherServlet        : Initializing Servlet 'dispatcherServlet'
21:03:26:733  INFO 19612 --- [cart-service] [http-nio-9003-exec-1] o.s.web.servlet.DispatcherServlet        : Completed initialization in 0 ms
21:03:26:874  INFO 19612 --- [cart-service] [http-nio-9003-exec-1] com.zaxxer.hikari.HikariDataSource       : HikariPool-1 - Starting...
21:03:27:285  INFO 19612 --- [cart-service] [http-nio-9003-exec-1] com.zaxxer.hikari.pool.HikariPool        : HikariPool-1 - Added connection com.mysql.cj.jdbc.ConnectionImpl@88b3a8
21:03:27:287  INFO 19612 --- [cart-service] [http-nio-9003-exec-1] com.zaxxer.hikari.HikariDataSource       : HikariPool-1 - Start completed.
21:03:27:332 ERROR 19612 --- [cart-service] [http-nio-9003-exec-1] o.a.c.c.C.[.[.[/].[dispatcherServlet]    : Servlet.service() for servlet [dispatcherServlet] in context with path [] threw exception [Request processing failed: com.hmall.common.exception.BizIllegalException: 用户购物车课程不能超过10] with root cause

com.hmall.common.exception.BizIllegalException: 用户购物车课程不能超过10
	at com.george.cart.service.impl.CartServiceImpl.checkCartsFull(CartServiceImpl.java:136) ~[classes/:na]
	at com.george.cart.service.impl.CartServiceImpl.addItem2Cart(CartServiceImpl.java:49) ~[classes/:na]
	at java.base/jdk.internal.reflect.DirectMethodHandleAccessor.invoke(DirectMethodHandleAccessor.java:103) ~[na:na]
	at java.base/java.lang.reflect.Method.invoke(Method.java:580) ~[na:na]
	at org.springframework.aop.support.AopUtils.invokeJoinpointUsingReflection(AopUtils.java:355) ~[spring-aop-6.1.15.jar:6.1.15]
	at org.springframework.aop.framework.CglibAopProxy$DynamicAdvisedInterceptor.intercept(CglibAopProxy.java:716) ~[spring-aop-6.1.15.jar:6.1.15]
	at com.george.cart.service.impl.CartServiceImpl$$SpringCGLIB$$0.addItem2Cart(<generated>) ~[classes/:na]
	at com.george.cart.controller.CartController.addItem2Cart(CartController.java:22) ~[classes/:na]
	at java.base/jdk.internal.reflect.DirectMethodHandleAccessor.invoke(DirectMethodHandleAccessor.java:103) ~[na:na]
	at java.base/java.lang.reflect.Method.invoke(Method.java:580) ~[na:na]
	at org.springframework.web.method.support.InvocableHandlerMethod.doInvoke(InvocableHandlerMethod.java:255) ~[spring-web-6.1.15.jar:6.1.15]
	at org.springframework.web.method.support.InvocableHandlerMethod.invokeForRequest(InvocableHandlerMethod.java:188) ~[spring-web-6.1.15.jar:6.1.15]
	at org.springframework.web.servlet.mvc.method.annotation.ServletInvocableHandlerMethod.invokeAndHandle(ServletInvocableHandlerMethod.java:118) ~[spring-webmvc-6.1.15.jar:6.1.15]
	at org.springframework.web.servlet.mvc.method.annotation.RequestMappingHandlerAdapter.invokeHandlerMethod(RequestMappingHandlerAdapter.java:926) ~[spring-webmvc-6.1.15.jar:6.1.15]
	at org.springframework.web.servlet.mvc.method.annotation.RequestMappingHandlerAdapter.handleInternal(RequestMappingHandlerAdapter.java:831) ~[spring-webmvc-6.1.15.jar:6.1.15]
	at org.springframework.web.servlet.mvc.method.AbstractHandlerMethodAdapter.handle(AbstractHandlerMethodAdapter.java:87) ~[spring-webmvc-6.1.15.jar:6.1.15]
	at org.springframework.web.servlet.DispatcherServlet.doDispatch(DispatcherServlet.java:1089) ~[spring-webmvc-6.1.15.jar:6.1.15]
	at org.springframework.web.servlet.DispatcherServlet.doService(DispatcherServlet.java:979) ~[spring-webmvc-6.1.15.jar:6.1.15]
	at org.springframework.web.servlet.FrameworkServlet.processRequest(FrameworkServlet.java:1014) ~[spring-webmvc-6.1.15.jar:6.1.15]
	at org.springframework.web.servlet.FrameworkServlet.doPost(FrameworkServlet.java:914) ~[spring-webmvc-6.1.15.jar:6.1.15]
	at jakarta.servlet.http.HttpServlet.service(HttpServlet.java:590) ~[tomcat-embed-core-10.1.33.jar:6.0]
	at org.springframework.web.servlet.FrameworkServlet.service(FrameworkServlet.java:885) ~[spring-webmvc-6.1.15.jar:6.1.15]
	at jakarta.servlet.http.HttpServlet.service(HttpServlet.java:658) ~[tomcat-embed-core-10.1.33.jar:6.0]
	at org.apache.catalina.core.ApplicationFilterChain.internalDoFilter(ApplicationFilterChain.java:195) ~[tomcat-embed-core-10.1.33.jar:10.1.33]
	at org.apache.catalina.core.ApplicationFilterChain.doFilter(ApplicationFilterChain.java:140) ~[tomcat-embed-core-10.1.33.jar:10.1.33]
	at org.apache.tomcat.websocket.server.WsFilter.doFilter(WsFilter.java:51) ~[tomcat-embed-websocket-10.1.33.jar:10.1.33]
	at org.apache.catalina.core.ApplicationFilterChain.internalDoFilter(ApplicationFilterChain.java:164) ~[tomcat-embed-core-10.1.33.jar:10.1.33]
	at org.apache.catalina.core.ApplicationFilterChain.doFilter(ApplicationFilterChain.java:140) ~[tomcat-embed-core-10.1.33.jar:10.1.33]
	at org.springframework.web.filter.RequestContextFilter.doFilterInternal(RequestContextFilter.java:100) ~[spring-web-6.1.15.jar:6.1.15]
	at org.springframework.web.filter.OncePerRequestFilter.doFilter(OncePerRequestFilter.java:116) ~[spring-web-6.1.15.jar:6.1.15]
	at org.apache.catalina.core.ApplicationFilterChain.internalDoFilter(ApplicationFilterChain.java:164) ~[tomcat-embed-core-10.1.33.jar:10.1.33]
	at org.apache.catalina.core.ApplicationFilterChain.doFilter(ApplicationFilterChain.java:140) ~[tomcat-embed-core-10.1.33.jar:10.1.33]
	at org.springframework.web.filter.FormContentFilter.doFilterInternal(FormContentFilter.java:93) ~[spring-web-6.1.15.jar:6.1.15]
	at org.springframework.web.filter.OncePerRequestFilter.doFilter(OncePerRequestFilter.java:116) ~[spring-web-6.1.15.jar:6.1.15]
	at org.apache.catalina.core.ApplicationFilterChain.internalDoFilter(ApplicationFilterChain.java:164) ~[tomcat-embed-core-10.1.33.jar:10.1.33]
	at org.apache.catalina.core.ApplicationFilterChain.doFilter(ApplicationFilterChain.java:140) ~[tomcat-embed-core-10.1.33.jar:10.1.33]
	at org.springframework.web.filter.CharacterEncodingFilter.doFilterInternal(CharacterEncodingFilter.java:201) ~[spring-web-6.1.15.jar:6.1.15]
	at org.springframework.web.filter.OncePerRequestFilter.doFilter(OncePerRequestFilter.java:116) ~[spring-web-6.1.15.jar:6.1.15]
	at org.apache.catalina.core.ApplicationFilterChain.internalDoFilter(ApplicationFilterChain.java:164) ~[tomcat-embed-core-10.1.33.jar:10.1.33]
	at org.apache.catalina.core.ApplicationFilterChain.doFilter(ApplicationFilterChain.java:140) ~[tomcat-embed-core-10.1.33.jar:10.1.33]
	at org.apache.catalina.core.StandardWrapperValve.invoke(StandardWrapperValve.java:167) ~[tomcat-embed-core-10.1.33.jar:10.1.33]
	at org.apache.catalina.core.StandardContextValve.invoke(StandardContextValve.java:90) ~[tomcat-embed-core-10.1.33.jar:10.1.33]
	at org.apache.catalina.authenticator.AuthenticatorBase.invoke(AuthenticatorBase.java:483) ~[tomcat-embed-core-10.1.33.jar:10.1.33]
	at org.apache.catalina.core.StandardHostValve.invoke(StandardHostValve.java:115) ~[tomcat-embed-core-10.1.33.jar:10.1.33]
	at org.apache.catalina.valves.ErrorReportValve.invoke(ErrorReportValve.java:93) ~[tomcat-embed-core-10.1.33.jar:10.1.33]
	at org.apache.catalina.core.StandardEngineValve.invoke(StandardEngineValve.java:74) ~[tomcat-embed-core-10.1.33.jar:10.1.33]
	at org.apache.catalina.connector.CoyoteAdapter.service(CoyoteAdapter.java:344) ~[tomcat-embed-core-10.1.33.jar:10.1.33]
	at org.apache.coyote.http11.Http11Processor.service(Http11Processor.java:397) ~[tomcat-embed-core-10.1.33.jar:10.1.33]
	at org.apache.coyote.AbstractProcessorLight.process(AbstractProcessorLight.java:63) ~[tomcat-embed-core-10.1.33.jar:10.1.33]
	at org.apache.coyote.AbstractProtocol$ConnectionHandler.process(AbstractProtocol.java:905) ~[tomcat-embed-core-10.1.33.jar:10.1.33]
	at org.apache.tomcat.util.net.NioEndpoint$SocketProcessor.doRun(NioEndpoint.java:1741) ~[tomcat-embed-core-10.1.33.jar:10.1.33]
	at org.apache.tomcat.util.net.SocketProcessorBase.run(SocketProcessorBase.java:52) ~[tomcat-embed-core-10.1.33.jar:10.1.33]
	at org.apache.tomcat.util.threads.ThreadPoolExecutor.runWorker(ThreadPoolExecutor.java:1190) ~[tomcat-embed-core-10.1.33.jar:10.1.33]
	at org.apache.tomcat.util.threads.ThreadPoolExecutor$Worker.run(ThreadPoolExecutor.java:659) ~[tomcat-embed-core-10.1.33.jar:10.1.33]
	at org.apache.tomcat.util.threads.TaskThread$WrappingRunnable.run(TaskThread.java:63) ~[tomcat-embed-core-10.1.33.jar:10.1.33]
	at java.base/java.lang.Thread.run(Thread.java:1583) ~[na:na]

21:03:33:334 ERROR 19612 --- [cart-service] [http-nio-9003-exec-2] o.a.c.c.C.[.[.[/].[dispatcherServlet]    : Servlet.service() for servlet [dispatcherServlet] in context with path [] threw exception [Request processing failed: com.hmall.common.exception.BizIllegalException: 用户购物车课程不能超过10] with root cause

com.hmall.common.exception.BizIllegalException: 用户购物车课程不能超过10
	at com.george.cart.service.impl.CartServiceImpl.checkCartsFull(CartServiceImpl.java:136) ~[classes/:na]
	at com.george.cart.service.impl.CartServiceImpl.addItem2Cart(CartServiceImpl.java:49) ~[classes/:na]
	at java.base/jdk.internal.reflect.DirectMethodHandleAccessor.invoke(DirectMethodHandleAccessor.java:103) ~[na:na]
	at java.base/java.lang.reflect.Method.invoke(Method.java:580) ~[na:na]
	at org.springframework.aop.support.AopUtils.invokeJoinpointUsingReflection(AopUtils.java:355) ~[spring-aop-6.1.15.jar:6.1.15]
	at org.springframework.aop.framework.CglibAopProxy$DynamicAdvisedInterceptor.intercept(CglibAopProxy.java:716) ~[spring-aop-6.1.15.jar:6.1.15]
	at com.george.cart.service.impl.CartServiceImpl$$SpringCGLIB$$0.addItem2Cart(<generated>) ~[classes/:na]
	at com.george.cart.controller.CartController.addItem2Cart(CartController.java:22) ~[classes/:na]
	at java.base/jdk.internal.reflect.DirectMethodHandleAccessor.invoke(DirectMethodHandleAccessor.java:103) ~[na:na]
	at java.base/java.lang.reflect.Method.invoke(Method.java:580) ~[na:na]
	at org.springframework.web.method.support.InvocableHandlerMethod.doInvoke(InvocableHandlerMethod.java:255) ~[spring-web-6.1.15.jar:6.1.15]
	at org.springframework.web.method.support.InvocableHandlerMethod.invokeForRequest(InvocableHandlerMethod.java:188) ~[spring-web-6.1.15.jar:6.1.15]
	at org.springframework.web.servlet.mvc.method.annotation.ServletInvocableHandlerMethod.invokeAndHandle(ServletInvocableHandlerMethod.java:118) ~[spring-webmvc-6.1.15.jar:6.1.15]
	at org.springframework.web.servlet.mvc.method.annotation.RequestMappingHandlerAdapter.invokeHandlerMethod(RequestMappingHandlerAdapter.java:926) ~[spring-webmvc-6.1.15.jar:6.1.15]
	at org.springframework.web.servlet.mvc.method.annotation.RequestMappingHandlerAdapter.handleInternal(RequestMappingHandlerAdapter.java:831) ~[spring-webmvc-6.1.15.jar:6.1.15]
	at org.springframework.web.servlet.mvc.method.AbstractHandlerMethodAdapter.handle(AbstractHandlerMethodAdapter.java:87) ~[spring-webmvc-6.1.15.jar:6.1.15]
	at org.springframework.web.servlet.DispatcherServlet.doDispatch(DispatcherServlet.java:1089) ~[spring-webmvc-6.1.15.jar:6.1.15]
	at org.springframework.web.servlet.DispatcherServlet.doService(DispatcherServlet.java:979) ~[spring-webmvc-6.1.15.jar:6.1.15]
	at org.springframework.web.servlet.FrameworkServlet.processRequest(FrameworkServlet.java:1014) ~[spring-webmvc-6.1.15.jar:6.1.15]
	at org.springframework.web.servlet.FrameworkServlet.doPost(FrameworkServlet.java:914) ~[spring-webmvc-6.1.15.jar:6.1.15]
	at jakarta.servlet.http.HttpServlet.service(HttpServlet.java:590) ~[tomcat-embed-core-10.1.33.jar:6.0]
	at org.springframework.web.servlet.FrameworkServlet.service(FrameworkServlet.java:885) ~[spring-webmvc-6.1.15.jar:6.1.15]
	at jakarta.servlet.http.HttpServlet.service(HttpServlet.java:658) ~[tomcat-embed-core-10.1.33.jar:6.0]
	at org.apache.catalina.core.ApplicationFilterChain.internalDoFilter(ApplicationFilterChain.java:195) ~[tomcat-embed-core-10.1.33.jar:10.1.33]
	at org.apache.catalina.core.ApplicationFilterChain.doFilter(ApplicationFilterChain.java:140) ~[tomcat-embed-core-10.1.33.jar:10.1.33]
	at org.apache.tomcat.websocket.server.WsFilter.doFilter(WsFilter.java:51) ~[tomcat-embed-websocket-10.1.33.jar:10.1.33]
	at org.apache.catalina.core.ApplicationFilterChain.internalDoFilter(ApplicationFilterChain.java:164) ~[tomcat-embed-core-10.1.33.jar:10.1.33]
	at org.apache.catalina.core.ApplicationFilterChain.doFilter(ApplicationFilterChain.java:140) ~[tomcat-embed-core-10.1.33.jar:10.1.33]
	at org.springframework.web.filter.RequestContextFilter.doFilterInternal(RequestContextFilter.java:100) ~[spring-web-6.1.15.jar:6.1.15]
	at org.springframework.web.filter.OncePerRequestFilter.doFilter(OncePerRequestFilter.java:116) ~[spring-web-6.1.15.jar:6.1.15]
	at org.apache.catalina.core.ApplicationFilterChain.internalDoFilter(ApplicationFilterChain.java:164) ~[tomcat-embed-core-10.1.33.jar:10.1.33]
	at org.apache.catalina.core.ApplicationFilterChain.doFilter(ApplicationFilterChain.java:140) ~[tomcat-embed-core-10.1.33.jar:10.1.33]
	at org.springframework.web.filter.FormContentFilter.doFilterInternal(FormContentFilter.java:93) ~[spring-web-6.1.15.jar:6.1.15]
	at org.springframework.web.filter.OncePerRequestFilter.doFilter(OncePerRequestFilter.java:116) ~[spring-web-6.1.15.jar:6.1.15]
	at org.apache.catalina.core.ApplicationFilterChain.internalDoFilter(ApplicationFilterChain.java:164) ~[tomcat-embed-core-10.1.33.jar:10.1.33]
	at org.apache.catalina.core.ApplicationFilterChain.doFilter(ApplicationFilterChain.java:140) ~[tomcat-embed-core-10.1.33.jar:10.1.33]
	at org.springframework.web.filter.CharacterEncodingFilter.doFilterInternal(CharacterEncodingFilter.java:201) ~[spring-web-6.1.15.jar:6.1.15]
	at org.springframework.web.filter.OncePerRequestFilter.doFilter(OncePerRequestFilter.java:116) ~[spring-web-6.1.15.jar:6.1.15]
	at org.apache.catalina.core.ApplicationFilterChain.internalDoFilter(ApplicationFilterChain.java:164) ~[tomcat-embed-core-10.1.33.jar:10.1.33]
	at org.apache.catalina.core.ApplicationFilterChain.doFilter(ApplicationFilterChain.java:140) ~[tomcat-embed-core-10.1.33.jar:10.1.33]
	at org.apache.catalina.core.StandardWrapperValve.invoke(StandardWrapperValve.java:167) ~[tomcat-embed-core-10.1.33.jar:10.1.33]
	at org.apache.catalina.core.StandardContextValve.invoke(StandardContextValve.java:90) ~[tomcat-embed-core-10.1.33.jar:10.1.33]
	at org.apache.catalina.authenticator.AuthenticatorBase.invoke(AuthenticatorBase.java:483) ~[tomcat-embed-core-10.1.33.jar:10.1.33]
	at org.apache.catalina.core.StandardHostValve.invoke(StandardHostValve.java:115) ~[tomcat-embed-core-10.1.33.jar:10.1.33]
	at org.apache.catalina.valves.ErrorReportValve.invoke(ErrorReportValve.java:93) ~[tomcat-embed-core-10.1.33.jar:10.1.33]
	at org.apache.catalina.core.StandardEngineValve.invoke(StandardEngineValve.java:74) ~[tomcat-embed-core-10.1.33.jar:10.1.33]
	at org.apache.catalina.connector.CoyoteAdapter.service(CoyoteAdapter.java:344) ~[tomcat-embed-core-10.1.33.jar:10.1.33]
	at org.apache.coyote.http11.Http11Processor.service(Http11Processor.java:397) ~[tomcat-embed-core-10.1.33.jar:10.1.33]
	at org.apache.coyote.AbstractProcessorLight.process(AbstractProcessorLight.java:63) ~[tomcat-embed-core-10.1.33.jar:10.1.33]
	at org.apache.coyote.AbstractProtocol$ConnectionHandler.process(AbstractProtocol.java:905) ~[tomcat-embed-core-10.1.33.jar:10.1.33]
	at org.apache.tomcat.util.net.NioEndpoint$SocketProcessor.doRun(NioEndpoint.java:1741) ~[tomcat-embed-core-10.1.33.jar:10.1.33]
	at org.apache.tomcat.util.net.SocketProcessorBase.run(SocketProcessorBase.java:52) ~[tomcat-embed-core-10.1.33.jar:10.1.33]
	at org.apache.tomcat.util.threads.ThreadPoolExecutor.runWorker(ThreadPoolExecutor.java:1190) ~[tomcat-embed-core-10.1.33.jar:10.1.33]
	at org.apache.tomcat.util.threads.ThreadPoolExecutor$Worker.run(ThreadPoolExecutor.java:659) ~[tomcat-embed-core-10.1.33.jar:10.1.33]
	at org.apache.tomcat.util.threads.TaskThread$WrappingRunnable.run(TaskThread.java:63) ~[tomcat-embed-core-10.1.33.jar:10.1.33]
	at java.base/java.lang.Thread.run(Thread.java:1583) ~[na:na]

21:10:27:879  WARN 19612 --- [cart-service] [Thread-6] c.a.n.common.http.HttpClientBeanHolder   : [HttpClientBeanHolder] Start destroying common HttpClient
21:10:27:879  WARN 19612 --- [cart-service] [Thread-1] c.a.n.common.executor.ThreadPoolManager  : [ThreadPoolManager] Start destroying ThreadPool
21:10:27:879  WARN 19612 --- [cart-service] [Thread-8] c.a.nacos.common.notify.NotifyCenter     : [NotifyCenter] Start destroying Publisher
21:10:27:879  WARN 19612 --- [cart-service] [Thread-8] c.a.nacos.common.notify.NotifyCenter     : [NotifyCenter] Destruction of the end
21:10:27:879  WARN 19612 --- [cart-service] [Thread-1] c.a.n.common.executor.ThreadPoolManager  : [ThreadPoolManager] Destruction of the end
21:10:27:880  WARN 19612 --- [cart-service] [Thread-6] c.a.n.common.http.HttpClientBeanHolder   : [HttpClientBeanHolder] Destruction of the end
21:10:27:881  INFO 19612 --- [cart-service] [SpringApplicationShutdownHook] c.a.c.n.registry.NacosServiceRegistry    : De-registering from Nacos Server now...
21:10:27:884  INFO 19612 --- [cart-service] [SpringApplicationShutdownHook] c.a.c.n.registry.NacosServiceRegistry    : De-registration finished.
21:10:34:431  INFO 25124 --- [cart-service] [main] com.george.cart.CartApplication          : Starting CartApplication using Java 21.0.11 with PID 25124 (E:\hmall\hm-cart\cart-service\target\classes started by lindu in E:\hmall)
21:10:34:433  INFO 25124 --- [cart-service] [main] com.george.cart.CartApplication          : The following 1 profile is active: "local"
21:10:34:487  INFO 25124 --- [cart-service] [main] c.a.c.n.c.NacosConfigDataLoader          : [Nacos Config] Load config[dataId=log.yaml, group=DEFAULT_GROUP] success
21:10:34:487  INFO 25124 --- [cart-service] [main] c.a.c.n.c.NacosConfigDataLoader          : [Nacos Config] Load config[dataId=jdbc.yaml, group=DEFAULT_GROUP] success
21:10:35:247  INFO 25124 --- [cart-service] [main] o.s.cloud.context.scope.GenericScope     : BeanFactory id=b7443645-58ac-3b99-b4c5-e765cb40619a
21:10:35:425  WARN 25124 --- [cart-service] [main] trationDelegate$BeanPostProcessorChecker : Bean 'org.springframework.cloud.client.loadbalancer.LoadBalancerAutoConfiguration$DeferringLoadBalancerInterceptorConfig' of type [org.springframework.cloud.client.loadbalancer.LoadBalancerAutoConfiguration$DeferringLoadBalancerInterceptorConfig] is not eligible for getting processed by all BeanPostProcessors (for example: not eligible for auto-proxying). The currently created BeanPostProcessor [lbRestClientPostProcessor] is declared through a non-static factory method on that class; consider declaring it as static instead.
21:10:35:427  WARN 25124 --- [cart-service] [main] trationDelegate$BeanPostProcessorChecker : Bean 'deferringLoadBalancerInterceptor' of type [org.springframework.cloud.client.loadbalancer.DeferringLoadBalancerInterceptor] is not eligible for getting processed by all BeanPostProcessors (for example: not eligible for auto-proxying). Is this bean getting eagerly injected/applied to a currently created BeanPostProcessor [lbRestClientPostProcessor]? Check the corresponding BeanPostProcessor declaration and its dependencies/advisors. If this bean does not have to be post-processed, declare it with ROLE_INFRASTRUCTURE.
21:10:35:638  INFO 25124 --- [cart-service] [main] o.s.b.w.embedded.tomcat.TomcatWebServer  : Tomcat initialized with port 9003 (http)
21:10:35:653  INFO 25124 --- [cart-service] [main] o.apache.catalina.core.StandardService   : Starting service [Tomcat]
21:10:35:653  INFO 25124 --- [cart-service] [main] o.apache.catalina.core.StandardEngine    : Starting Servlet engine: [Apache Tomcat/10.1.33]
21:10:35:739  INFO 25124 --- [cart-service] [main] o.a.c.c.C.[Tomcat].[localhost].[/]       : Initializing Spring embedded WebApplicationContext
21:10:35:739  INFO 25124 --- [cart-service] [main] w.s.c.ServletWebServerApplicationContext : Root WebApplicationContext: initialization completed in 1250 ms
21:10:35:914  INFO 25124 --- [cart-service] [main] o.s.c.openfeign.FeignClientFactoryBean   : For 'item-service' URL not provided. Will try picking an instance via load-balancing.
21:10:36:437  INFO 25124 --- [cart-service] [main] m.e.s.MybatisPlusApplicationContextAware : Register ApplicationContext instances org.springframework.boot.web.servlet.context.AnnotationConfigServletWebServerApplicationContext@24934262
21:10:36:563  INFO 25124 --- [cart-service] [main] o.s.b.w.embedded.tomcat.TomcatWebServer  : Tomcat started on port 9003 (http) with context path '/'
21:10:36:576  INFO 25124 --- [cart-service] [main] c.a.n.p.a.s.c.ClientAuthPluginManager    : [ClientAuthPluginManager] Load ClientAuthService com.alibaba.nacos.client.auth.impl.NacosClientAuthServiceImpl success.
21:10:36:576  INFO 25124 --- [cart-service] [main] c.a.n.p.a.s.c.ClientAuthPluginManager    : [ClientAuthPluginManager] Load ClientAuthService com.alibaba.nacos.client.auth.ram.RamClientAuthServiceImpl success.
21:10:36:603  INFO 25124 --- [cart-service] [main] c.a.c.n.registry.NacosServiceRegistry    : nacos registry, DEFAULT_GROUP cart-service 192.168.108.1:9003 register finished
21:10:36:612  INFO 25124 --- [cart-service] [main] com.george.cart.CartApplication          : Started CartApplication in 3.819 seconds (process running for 4.427)
21:10:36:626  INFO 25124 --- [cart-service] [main] c.a.c.n.refresh.NacosContextRefresher    : [Nacos Config] Listening config: dataId=jdbc.yaml, group=DEFAULT_GROUP
21:10:36:628  INFO 25124 --- [cart-service] [main] c.a.c.n.refresh.NacosContextRefresher    : [Nacos Config] Listening config: dataId=log.yaml, group=DEFAULT_GROUP
21:10:41:770  INFO 25124 --- [cart-service] [http-nio-9003-exec-1] o.a.c.c.C.[Tomcat].[localhost].[/]       : Initializing Spring DispatcherServlet 'dispatcherServlet'
21:10:41:770  INFO 25124 --- [cart-service] [http-nio-9003-exec-1] o.s.web.servlet.DispatcherServlet        : Initializing Servlet 'dispatcherServlet'
21:10:41:771  INFO 25124 --- [cart-service] [http-nio-9003-exec-1] o.s.web.servlet.DispatcherServlet        : Completed initialization in 1 ms
21:10:41:929  INFO 25124 --- [cart-service] [http-nio-9003-exec-1] com.zaxxer.hikari.HikariDataSource       : HikariPool-1 - Starting...
21:10:42:285  INFO 25124 --- [cart-service] [http-nio-9003-exec-1] com.zaxxer.hikari.pool.HikariPool        : HikariPool-1 - Added connection com.mysql.cj.jdbc.ConnectionImpl@7e665bbc
21:10:42:287  INFO 25124 --- [cart-service] [http-nio-9003-exec-1] com.zaxxer.hikari.HikariDataSource       : HikariPool-1 - Start completed.
21:10:42:331 ERROR 25124 --- [cart-service] [http-nio-9003-exec-1] o.a.c.c.C.[.[.[/].[dispatcherServlet]    : Servlet.service() for servlet [dispatcherServlet] in context with path [] threw exception [Request processing failed: com.hmall.common.exception.BizIllegalException: 用户购物车课程不能超过10] with root cause

com.hmall.common.exception.BizIllegalException: 用户购物车课程不能超过10
	at com.george.cart.service.impl.CartServiceImpl.checkCartsFull(CartServiceImpl.java:136) ~[classes/:na]
	at com.george.cart.service.impl.CartServiceImpl.addItem2Cart(CartServiceImpl.java:49) ~[classes/:na]
	at java.base/jdk.internal.reflect.DirectMethodHandleAccessor.invoke(DirectMethodHandleAccessor.java:103) ~[na:na]
	at java.base/java.lang.reflect.Method.invoke(Method.java:580) ~[na:na]
	at org.springframework.aop.support.AopUtils.invokeJoinpointUsingReflection(AopUtils.java:355) ~[spring-aop-6.1.15.jar:6.1.15]
	at org.springframework.aop.framework.CglibAopProxy$DynamicAdvisedInterceptor.intercept(CglibAopProxy.java:716) ~[spring-aop-6.1.15.jar:6.1.15]
	at com.george.cart.service.impl.CartServiceImpl$$SpringCGLIB$$0.addItem2Cart(<generated>) ~[classes/:na]
	at com.george.cart.controller.CartController.addItem2Cart(CartController.java:22) ~[classes/:na]
	at java.base/jdk.internal.reflect.DirectMethodHandleAccessor.invoke(DirectMethodHandleAccessor.java:103) ~[na:na]
	at java.base/java.lang.reflect.Method.invoke(Method.java:580) ~[na:na]
	at org.springframework.web.method.support.InvocableHandlerMethod.doInvoke(InvocableHandlerMethod.java:255) ~[spring-web-6.1.15.jar:6.1.15]
	at org.springframework.web.method.support.InvocableHandlerMethod.invokeForRequest(InvocableHandlerMethod.java:188) ~[spring-web-6.1.15.jar:6.1.15]
	at org.springframework.web.servlet.mvc.method.annotation.ServletInvocableHandlerMethod.invokeAndHandle(ServletInvocableHandlerMethod.java:118) ~[spring-webmvc-6.1.15.jar:6.1.15]
	at org.springframework.web.servlet.mvc.method.annotation.RequestMappingHandlerAdapter.invokeHandlerMethod(RequestMappingHandlerAdapter.java:926) ~[spring-webmvc-6.1.15.jar:6.1.15]
	at org.springframework.web.servlet.mvc.method.annotation.RequestMappingHandlerAdapter.handleInternal(RequestMappingHandlerAdapter.java:831) ~[spring-webmvc-6.1.15.jar:6.1.15]
	at org.springframework.web.servlet.mvc.method.AbstractHandlerMethodAdapter.handle(AbstractHandlerMethodAdapter.java:87) ~[spring-webmvc-6.1.15.jar:6.1.15]
	at org.springframework.web.servlet.DispatcherServlet.doDispatch(DispatcherServlet.java:1089) ~[spring-webmvc-6.1.15.jar:6.1.15]
	at org.springframework.web.servlet.DispatcherServlet.doService(DispatcherServlet.java:979) ~[spring-webmvc-6.1.15.jar:6.1.15]
	at org.springframework.web.servlet.FrameworkServlet.processRequest(FrameworkServlet.java:1014) ~[spring-webmvc-6.1.15.jar:6.1.15]
	at org.springframework.web.servlet.FrameworkServlet.doPost(FrameworkServlet.java:914) ~[spring-webmvc-6.1.15.jar:6.1.15]
	at jakarta.servlet.http.HttpServlet.service(HttpServlet.java:590) ~[tomcat-embed-core-10.1.33.jar:6.0]
	at org.springframework.web.servlet.FrameworkServlet.service(FrameworkServlet.java:885) ~[spring-webmvc-6.1.15.jar:6.1.15]
	at jakarta.servlet.http.HttpServlet.service(HttpServlet.java:658) ~[tomcat-embed-core-10.1.33.jar:6.0]
	at org.apache.catalina.core.ApplicationFilterChain.internalDoFilter(ApplicationFilterChain.java:195) ~[tomcat-embed-core-10.1.33.jar:10.1.33]
	at org.apache.catalina.core.ApplicationFilterChain.doFilter(ApplicationFilterChain.java:140) ~[tomcat-embed-core-10.1.33.jar:10.1.33]
	at org.apache.tomcat.websocket.server.WsFilter.doFilter(WsFilter.java:51) ~[tomcat-embed-websocket-10.1.33.jar:10.1.33]
	at org.apache.catalina.core.ApplicationFilterChain.internalDoFilter(ApplicationFilterChain.java:164) ~[tomcat-embed-core-10.1.33.jar:10.1.33]
	at org.apache.catalina.core.ApplicationFilterChain.doFilter(ApplicationFilterChain.java:140) ~[tomcat-embed-core-10.1.33.jar:10.1.33]
	at org.springframework.web.filter.RequestContextFilter.doFilterInternal(RequestContextFilter.java:100) ~[spring-web-6.1.15.jar:6.1.15]
	at org.springframework.web.filter.OncePerRequestFilter.doFilter(OncePerRequestFilter.java:116) ~[spring-web-6.1.15.jar:6.1.15]
	at org.apache.catalina.core.ApplicationFilterChain.internalDoFilter(ApplicationFilterChain.java:164) ~[tomcat-embed-core-10.1.33.jar:10.1.33]
	at org.apache.catalina.core.ApplicationFilterChain.doFilter(ApplicationFilterChain.java:140) ~[tomcat-embed-core-10.1.33.jar:10.1.33]
	at org.springframework.web.filter.FormContentFilter.doFilterInternal(FormContentFilter.java:93) ~[spring-web-6.1.15.jar:6.1.15]
	at org.springframework.web.filter.OncePerRequestFilter.doFilter(OncePerRequestFilter.java:116) ~[spring-web-6.1.15.jar:6.1.15]
	at org.apache.catalina.core.ApplicationFilterChain.internalDoFilter(ApplicationFilterChain.java:164) ~[tomcat-embed-core-10.1.33.jar:10.1.33]
	at org.apache.catalina.core.ApplicationFilterChain.doFilter(ApplicationFilterChain.java:140) ~[tomcat-embed-core-10.1.33.jar:10.1.33]
	at org.springframework.web.filter.CharacterEncodingFilter.doFilterInternal(CharacterEncodingFilter.java:201) ~[spring-web-6.1.15.jar:6.1.15]
	at org.springframework.web.filter.OncePerRequestFilter.doFilter(OncePerRequestFilter.java:116) ~[spring-web-6.1.15.jar:6.1.15]
	at org.apache.catalina.core.ApplicationFilterChain.internalDoFilter(ApplicationFilterChain.java:164) ~[tomcat-embed-core-10.1.33.jar:10.1.33]
	at org.apache.catalina.core.ApplicationFilterChain.doFilter(ApplicationFilterChain.java:140) ~[tomcat-embed-core-10.1.33.jar:10.1.33]
	at org.apache.catalina.core.StandardWrapperValve.invoke(StandardWrapperValve.java:167) ~[tomcat-embed-core-10.1.33.jar:10.1.33]
	at org.apache.catalina.core.StandardContextValve.invoke(StandardContextValve.java:90) ~[tomcat-embed-core-10.1.33.jar:10.1.33]
	at org.apache.catalina.authenticator.AuthenticatorBase.invoke(AuthenticatorBase.java:483) ~[tomcat-embed-core-10.1.33.jar:10.1.33]
	at org.apache.catalina.core.StandardHostValve.invoke(StandardHostValve.java:115) ~[tomcat-embed-core-10.1.33.jar:10.1.33]
	at org.apache.catalina.valves.ErrorReportValve.invoke(ErrorReportValve.java:93) ~[tomcat-embed-core-10.1.33.jar:10.1.33]
	at org.apache.catalina.core.StandardEngineValve.invoke(StandardEngineValve.java:74) ~[tomcat-embed-core-10.1.33.jar:10.1.33]
	at org.apache.catalina.connector.CoyoteAdapter.service(CoyoteAdapter.java:344) ~[tomcat-embed-core-10.1.33.jar:10.1.33]
	at org.apache.coyote.http11.Http11Processor.service(Http11Processor.java:397) ~[tomcat-embed-core-10.1.33.jar:10.1.33]
	at org.apache.coyote.AbstractProcessorLight.process(AbstractProcessorLight.java:63) ~[tomcat-embed-core-10.1.33.jar:10.1.33]
	at org.apache.coyote.AbstractProtocol$ConnectionHandler.process(AbstractProtocol.java:905) ~[tomcat-embed-core-10.1.33.jar:10.1.33]
	at org.apache.tomcat.util.net.NioEndpoint$SocketProcessor.doRun(NioEndpoint.java:1741) ~[tomcat-embed-core-10.1.33.jar:10.1.33]
	at org.apache.tomcat.util.net.SocketProcessorBase.run(SocketProcessorBase.java:52) ~[tomcat-embed-core-10.1.33.jar:10.1.33]
	at org.apache.tomcat.util.threads.ThreadPoolExecutor.runWorker(ThreadPoolExecutor.java:1190) ~[tomcat-embed-core-10.1.33.jar:10.1.33]
	at org.apache.tomcat.util.threads.ThreadPoolExecutor$Worker.run(ThreadPoolExecutor.java:659) ~[tomcat-embed-core-10.1.33.jar:10.1.33]
	at org.apache.tomcat.util.threads.TaskThread$WrappingRunnable.run(TaskThread.java:63) ~[tomcat-embed-core-10.1.33.jar:10.1.33]
	at java.base/java.lang.Thread.run(Thread.java:1583) ~[na:na]

21:11:26:229  WARN 25124 --- [cart-service] [Thread-1] c.a.n.common.executor.ThreadPoolManager  : [ThreadPoolManager] Start destroying ThreadPool
21:11:26:229  WARN 25124 --- [cart-service] [Thread-8] c.a.nacos.common.notify.NotifyCenter     : [NotifyCenter] Start destroying Publisher
21:11:26:229  WARN 25124 --- [cart-service] [Thread-6] c.a.n.common.http.HttpClientBeanHolder   : [HttpClientBeanHolder] Start destroying common HttpClient
21:11:26:230  WARN 25124 --- [cart-service] [Thread-8] c.a.nacos.common.notify.NotifyCenter     : [NotifyCenter] Destruction of the end
21:11:26:230  WARN 25124 --- [cart-service] [Thread-1] c.a.n.common.executor.ThreadPoolManager  : [ThreadPoolManager] Destruction of the end
21:11:26:230  WARN 25124 --- [cart-service] [Thread-6] c.a.n.common.http.HttpClientBeanHolder   : [HttpClientBeanHolder] Destruction of the end
21:11:26:231  INFO 25124 --- [cart-service] [SpringApplicationShutdownHook] c.a.c.n.registry.NacosServiceRegistry    : De-registering from Nacos Server now...
21:11:26:235  INFO 25124 --- [cart-service] [SpringApplicationShutdownHook] c.a.c.n.registry.NacosServiceRegistry    : De-registration finished.
21:11:33:638  INFO 28744 --- [cart-service] [main] com.george.cart.CartApplication          : Starting CartApplication using Java 21.0.11 with PID 28744 (E:\hmall\hm-cart\cart-service\target\classes started by lindu in E:\hmall)
21:11:33:639  INFO 28744 --- [cart-service] [main] com.george.cart.CartApplication          : The following 1 profile is active: "local"
21:11:33:685  INFO 28744 --- [cart-service] [main] c.a.c.n.c.NacosConfigDataLoader          : [Nacos Config] Load config[dataId=log.yaml, group=DEFAULT_GROUP] success
21:11:33:686  INFO 28744 --- [cart-service] [main] c.a.c.n.c.NacosConfigDataLoader          : [Nacos Config] Load config[dataId=jdbc.yaml, group=DEFAULT_GROUP] success
21:11:34:487  INFO 28744 --- [cart-service] [main] o.s.cloud.context.scope.GenericScope     : BeanFactory id=b7443645-58ac-3b99-b4c5-e765cb40619a
21:11:34:649  WARN 28744 --- [cart-service] [main] trationDelegate$BeanPostProcessorChecker : Bean 'org.springframework.cloud.client.loadbalancer.LoadBalancerAutoConfiguration$DeferringLoadBalancerInterceptorConfig' of type [org.springframework.cloud.client.loadbalancer.LoadBalancerAutoConfiguration$DeferringLoadBalancerInterceptorConfig] is not eligible for getting processed by all BeanPostProcessors (for example: not eligible for auto-proxying). The currently created BeanPostProcessor [lbRestClientPostProcessor] is declared through a non-static factory method on that class; consider declaring it as static instead.
21:11:34:650  WARN 28744 --- [cart-service] [main] trationDelegate$BeanPostProcessorChecker : Bean 'deferringLoadBalancerInterceptor' of type [org.springframework.cloud.client.loadbalancer.DeferringLoadBalancerInterceptor] is not eligible for getting processed by all BeanPostProcessors (for example: not eligible for auto-proxying). Is this bean getting eagerly injected/applied to a currently created BeanPostProcessor [lbRestClientPostProcessor]? Check the corresponding BeanPostProcessor declaration and its dependencies/advisors. If this bean does not have to be post-processed, declare it with ROLE_INFRASTRUCTURE.
21:11:34:856  INFO 28744 --- [cart-service] [main] o.s.b.w.embedded.tomcat.TomcatWebServer  : Tomcat initialized with port 9003 (http)
21:11:34:869  INFO 28744 --- [cart-service] [main] o.apache.catalina.core.StandardService   : Starting service [Tomcat]
21:11:34:870  INFO 28744 --- [cart-service] [main] o.apache.catalina.core.StandardEngine    : Starting Servlet engine: [Apache Tomcat/10.1.33]
21:11:34:936  INFO 28744 --- [cart-service] [main] o.a.c.c.C.[Tomcat].[localhost].[/]       : Initializing Spring embedded WebApplicationContext
21:11:34:936  INFO 28744 --- [cart-service] [main] w.s.c.ServletWebServerApplicationContext : Root WebApplicationContext: initialization completed in 1248 ms
21:11:35:125  INFO 28744 --- [cart-service] [main] o.s.c.openfeign.FeignClientFactoryBean   : For 'item-service' URL not provided. Will try picking an instance via load-balancing.
21:11:35:667  INFO 28744 --- [cart-service] [main] m.e.s.MybatisPlusApplicationContextAware : Register ApplicationContext instances org.springframework.boot.web.servlet.context.AnnotationConfigServletWebServerApplicationContext@16eedaa6
21:11:35:799  INFO 28744 --- [cart-service] [main] o.s.b.w.embedded.tomcat.TomcatWebServer  : Tomcat started on port 9003 (http) with context path '/'
21:11:35:817  INFO 28744 --- [cart-service] [main] c.a.n.p.a.s.c.ClientAuthPluginManager    : [ClientAuthPluginManager] Load ClientAuthService com.alibaba.nacos.client.auth.impl.NacosClientAuthServiceImpl success.
21:11:35:818  INFO 28744 --- [cart-service] [main] c.a.n.p.a.s.c.ClientAuthPluginManager    : [ClientAuthPluginManager] Load ClientAuthService com.alibaba.nacos.client.auth.ram.RamClientAuthServiceImpl success.
21:11:35:845  INFO 28744 --- [cart-service] [main] c.a.c.n.registry.NacosServiceRegistry    : nacos registry, DEFAULT_GROUP cart-service 192.168.108.1:9003 register finished
21:11:35:853  INFO 28744 --- [cart-service] [main] com.george.cart.CartApplication          : Started CartApplication in 3.784 seconds (process running for 4.378)
21:11:35:867  INFO 28744 --- [cart-service] [main] c.a.c.n.refresh.NacosContextRefresher    : [Nacos Config] Listening config: dataId=jdbc.yaml, group=DEFAULT_GROUP
21:11:35:869  INFO 28744 --- [cart-service] [main] c.a.c.n.refresh.NacosContextRefresher    : [Nacos Config] Listening config: dataId=log.yaml, group=DEFAULT_GROUP
21:11:43:644  INFO 28744 --- [cart-service] [http-nio-9003-exec-1] o.a.c.c.C.[Tomcat].[localhost].[/]       : Initializing Spring DispatcherServlet 'dispatcherServlet'
21:11:43:644  INFO 28744 --- [cart-service] [http-nio-9003-exec-1] o.s.web.servlet.DispatcherServlet        : Initializing Servlet 'dispatcherServlet'
21:11:43:645  INFO 28744 --- [cart-service] [http-nio-9003-exec-1] o.s.web.servlet.DispatcherServlet        : Completed initialization in 1 ms
21:11:43:834  INFO 28744 --- [cart-service] [http-nio-9003-exec-1] com.zaxxer.hikari.HikariDataSource       : HikariPool-1 - Starting...
21:11:44:250  INFO 28744 --- [cart-service] [http-nio-9003-exec-1] com.zaxxer.hikari.pool.HikariPool        : HikariPool-1 - Added connection com.mysql.cj.jdbc.ConnectionImpl@401eadd
21:11:44:253  INFO 28744 --- [cart-service] [http-nio-9003-exec-1] com.zaxxer.hikari.HikariDataSource       : HikariPool-1 - Start completed.
21:11:47:649 ERROR 28744 --- [cart-service] [http-nio-9003-exec-2] o.a.c.c.C.[.[.[/].[dispatcherServlet]    : Servlet.service() for servlet [dispatcherServlet] in context with path [] threw exception [Request processing failed: com.hmall.common.exception.BizIllegalException: 用户购物车课程不能超过0] with root cause

com.hmall.common.exception.BizIllegalException: 用户购物车课程不能超过0
	at com.george.cart.service.impl.CartServiceImpl.checkCartsFull(CartServiceImpl.java:136) ~[classes/:na]
	at com.george.cart.service.impl.CartServiceImpl.addItem2Cart(CartServiceImpl.java:49) ~[classes/:na]
	at java.base/jdk.internal.reflect.DirectMethodHandleAccessor.invoke(DirectMethodHandleAccessor.java:103) ~[na:na]
	at java.base/java.lang.reflect.Method.invoke(Method.java:580) ~[na:na]
	at org.springframework.aop.support.AopUtils.invokeJoinpointUsingReflection(AopUtils.java:355) ~[spring-aop-6.1.15.jar:6.1.15]
	at org.springframework.aop.framework.CglibAopProxy$DynamicAdvisedInterceptor.intercept(CglibAopProxy.java:716) ~[spring-aop-6.1.15.jar:6.1.15]
	at com.george.cart.service.impl.CartServiceImpl$$SpringCGLIB$$0.addItem2Cart(<generated>) ~[classes/:na]
	at com.george.cart.controller.CartController.addItem2Cart(CartController.java:22) ~[classes/:na]
	at java.base/jdk.internal.reflect.DirectMethodHandleAccessor.invoke(DirectMethodHandleAccessor.java:103) ~[na:na]
	at java.base/java.lang.reflect.Method.invoke(Method.java:580) ~[na:na]
	at org.springframework.web.method.support.InvocableHandlerMethod.doInvoke(InvocableHandlerMethod.java:255) ~[spring-web-6.1.15.jar:6.1.15]
	at org.springframework.web.method.support.InvocableHandlerMethod.invokeForRequest(InvocableHandlerMethod.java:188) ~[spring-web-6.1.15.jar:6.1.15]
	at org.springframework.web.servlet.mvc.method.annotation.ServletInvocableHandlerMethod.invokeAndHandle(ServletInvocableHandlerMethod.java:118) ~[spring-webmvc-6.1.15.jar:6.1.15]
	at org.springframework.web.servlet.mvc.method.annotation.RequestMappingHandlerAdapter.invokeHandlerMethod(RequestMappingHandlerAdapter.java:926) ~[spring-webmvc-6.1.15.jar:6.1.15]
	at org.springframework.web.servlet.mvc.method.annotation.RequestMappingHandlerAdapter.handleInternal(RequestMappingHandlerAdapter.java:831) ~[spring-webmvc-6.1.15.jar:6.1.15]
	at org.springframework.web.servlet.mvc.method.AbstractHandlerMethodAdapter.handle(AbstractHandlerMethodAdapter.java:87) ~[spring-webmvc-6.1.15.jar:6.1.15]
	at org.springframework.web.servlet.DispatcherServlet.doDispatch(DispatcherServlet.java:1089) ~[spring-webmvc-6.1.15.jar:6.1.15]
	at org.springframework.web.servlet.DispatcherServlet.doService(DispatcherServlet.java:979) ~[spring-webmvc-6.1.15.jar:6.1.15]
	at org.springframework.web.servlet.FrameworkServlet.processRequest(FrameworkServlet.java:1014) ~[spring-webmvc-6.1.15.jar:6.1.15]
	at org.springframework.web.servlet.FrameworkServlet.doPost(FrameworkServlet.java:914) ~[spring-webmvc-6.1.15.jar:6.1.15]
	at jakarta.servlet.http.HttpServlet.service(HttpServlet.java:590) ~[tomcat-embed-core-10.1.33.jar:6.0]
	at org.springframework.web.servlet.FrameworkServlet.service(FrameworkServlet.java:885) ~[spring-webmvc-6.1.15.jar:6.1.15]
	at jakarta.servlet.http.HttpServlet.service(HttpServlet.java:658) ~[tomcat-embed-core-10.1.33.jar:6.0]
	at org.apache.catalina.core.ApplicationFilterChain.internalDoFilter(ApplicationFilterChain.java:195) ~[tomcat-embed-core-10.1.33.jar:10.1.33]
	at org.apache.catalina.core.ApplicationFilterChain.doFilter(ApplicationFilterChain.java:140) ~[tomcat-embed-core-10.1.33.jar:10.1.33]
	at org.apache.tomcat.websocket.server.WsFilter.doFilter(WsFilter.java:51) ~[tomcat-embed-websocket-10.1.33.jar:10.1.33]
	at org.apache.catalina.core.ApplicationFilterChain.internalDoFilter(ApplicationFilterChain.java:164) ~[tomcat-embed-core-10.1.33.jar:10.1.33]
	at org.apache.catalina.core.ApplicationFilterChain.doFilter(ApplicationFilterChain.java:140) ~[tomcat-embed-core-10.1.33.jar:10.1.33]
	at org.springframework.web.filter.RequestContextFilter.doFilterInternal(RequestContextFilter.java:100) ~[spring-web-6.1.15.jar:6.1.15]
	at org.springframework.web.filter.OncePerRequestFilter.doFilter(OncePerRequestFilter.java:116) ~[spring-web-6.1.15.jar:6.1.15]
	at org.apache.catalina.core.ApplicationFilterChain.internalDoFilter(ApplicationFilterChain.java:164) ~[tomcat-embed-core-10.1.33.jar:10.1.33]
	at org.apache.catalina.core.ApplicationFilterChain.doFilter(ApplicationFilterChain.java:140) ~[tomcat-embed-core-10.1.33.jar:10.1.33]
	at org.springframework.web.filter.FormContentFilter.doFilterInternal(FormContentFilter.java:93) ~[spring-web-6.1.15.jar:6.1.15]
	at org.springframework.web.filter.OncePerRequestFilter.doFilter(OncePerRequestFilter.java:116) ~[spring-web-6.1.15.jar:6.1.15]
	at org.apache.catalina.core.ApplicationFilterChain.internalDoFilter(ApplicationFilterChain.java:164) ~[tomcat-embed-core-10.1.33.jar:10.1.33]
	at org.apache.catalina.core.ApplicationFilterChain.doFilter(ApplicationFilterChain.java:140) ~[tomcat-embed-core-10.1.33.jar:10.1.33]
	at org.springframework.web.filter.CharacterEncodingFilter.doFilterInternal(CharacterEncodingFilter.java:201) ~[spring-web-6.1.15.jar:6.1.15]
	at org.springframework.web.filter.OncePerRequestFilter.doFilter(OncePerRequestFilter.java:116) ~[spring-web-6.1.15.jar:6.1.15]
	at org.apache.catalina.core.ApplicationFilterChain.internalDoFilter(ApplicationFilterChain.java:164) ~[tomcat-embed-core-10.1.33.jar:10.1.33]
	at org.apache.catalina.core.ApplicationFilterChain.doFilter(ApplicationFilterChain.java:140) ~[tomcat-embed-core-10.1.33.jar:10.1.33]
	at org.apache.catalina.core.StandardWrapperValve.invoke(StandardWrapperValve.java:167) ~[tomcat-embed-core-10.1.33.jar:10.1.33]
	at org.apache.catalina.core.StandardContextValve.invoke(StandardContextValve.java:90) ~[tomcat-embed-core-10.1.33.jar:10.1.33]
	at org.apache.catalina.authenticator.AuthenticatorBase.invoke(AuthenticatorBase.java:483) ~[tomcat-embed-core-10.1.33.jar:10.1.33]
	at org.apache.catalina.core.StandardHostValve.invoke(StandardHostValve.java:115) ~[tomcat-embed-core-10.1.33.jar:10.1.33]
	at org.apache.catalina.valves.ErrorReportValve.invoke(ErrorReportValve.java:93) ~[tomcat-embed-core-10.1.33.jar:10.1.33]
	at org.apache.catalina.core.StandardEngineValve.invoke(StandardEngineValve.java:74) ~[tomcat-embed-core-10.1.33.jar:10.1.33]
	at org.apache.catalina.connector.CoyoteAdapter.service(CoyoteAdapter.java:344) ~[tomcat-embed-core-10.1.33.jar:10.1.33]
	at org.apache.coyote.http11.Http11Processor.service(Http11Processor.java:397) ~[tomcat-embed-core-10.1.33.jar:10.1.33]
	at org.apache.coyote.AbstractProcessorLight.process(AbstractProcessorLight.java:63) ~[tomcat-embed-core-10.1.33.jar:10.1.33]
	at org.apache.coyote.AbstractProtocol$ConnectionHandler.process(AbstractProtocol.java:905) ~[tomcat-embed-core-10.1.33.jar:10.1.33]
	at org.apache.tomcat.util.net.NioEndpoint$SocketProcessor.doRun(NioEndpoint.java:1741) ~[tomcat-embed-core-10.1.33.jar:10.1.33]
	at org.apache.tomcat.util.net.SocketProcessorBase.run(SocketProcessorBase.java:52) ~[tomcat-embed-core-10.1.33.jar:10.1.33]
	at org.apache.tomcat.util.threads.ThreadPoolExecutor.runWorker(ThreadPoolExecutor.java:1190) ~[tomcat-embed-core-10.1.33.jar:10.1.33]
	at org.apache.tomcat.util.threads.ThreadPoolExecutor$Worker.run(ThreadPoolExecutor.java:659) ~[tomcat-embed-core-10.1.33.jar:10.1.33]
	at org.apache.tomcat.util.threads.TaskThread$WrappingRunnable.run(TaskThread.java:63) ~[tomcat-embed-core-10.1.33.jar:10.1.33]
	at java.base/java.lang.Thread.run(Thread.java:1583) ~[na:na]

21:14:24:254  WARN 28744 --- [cart-service] [Thread-8] c.a.nacos.common.notify.NotifyCenter     : [NotifyCenter] Start destroying Publisher
21:14:24:254  WARN 28744 --- [cart-service] [Thread-6] c.a.n.common.http.HttpClientBeanHolder   : [HttpClientBeanHolder] Start destroying common HttpClient
21:14:24:254  WARN 28744 --- [cart-service] [Thread-1] c.a.n.common.executor.ThreadPoolManager  : [ThreadPoolManager] Start destroying ThreadPool
21:14:24:255  WARN 28744 --- [cart-service] [Thread-8] c.a.nacos.common.notify.NotifyCenter     : [NotifyCenter] Destruction of the end
21:14:24:255  WARN 28744 --- [cart-service] [Thread-1] c.a.n.common.executor.ThreadPoolManager  : [ThreadPoolManager] Destruction of the end
21:14:24:255  WARN 28744 --- [cart-service] [Thread-6] c.a.n.common.http.HttpClientBeanHolder   : [HttpClientBeanHolder] Destruction of the end
21:14:24:255  INFO 28744 --- [cart-service] [SpringApplicationShutdownHook] c.a.c.n.registry.NacosServiceRegistry    : De-registering from Nacos Server now...
21:14:24:260  INFO 28744 --- [cart-service] [SpringApplicationShutdownHook] c.a.c.n.registry.NacosServiceRegistry    : De-registration finished.
21:14:28:508  INFO 20748 --- [cart-service] [main] com.george.cart.CartApplication          : Starting CartApplication using Java 21.0.11 with PID 20748 (E:\hmall\hm-cart\cart-service\target\classes started by lindu in E:\hmall)
21:14:28:509  INFO 20748 --- [cart-service] [main] com.george.cart.CartApplication          : The following 1 profile is active: "local"
21:14:28:555  INFO 20748 --- [cart-service] [main] c.a.c.n.c.NacosConfigDataLoader          : [Nacos Config] Load config[dataId=log.yaml, group=DEFAULT_GROUP] success
21:14:28:555  INFO 20748 --- [cart-service] [main] c.a.c.n.c.NacosConfigDataLoader          : [Nacos Config] Load config[dataId=jdbc.yaml, group=DEFAULT_GROUP] success
21:14:29:359  INFO 20748 --- [cart-service] [main] o.s.cloud.context.scope.GenericScope     : BeanFactory id=b7443645-58ac-3b99-b4c5-e765cb40619a
21:14:29:523  WARN 20748 --- [cart-service] [main] trationDelegate$BeanPostProcessorChecker : Bean 'org.springframework.cloud.client.loadbalancer.LoadBalancerAutoConfiguration$DeferringLoadBalancerInterceptorConfig' of type [org.springframework.cloud.client.loadbalancer.LoadBalancerAutoConfiguration$DeferringLoadBalancerInterceptorConfig] is not eligible for getting processed by all BeanPostProcessors (for example: not eligible for auto-proxying). The currently created BeanPostProcessor [lbRestClientPostProcessor] is declared through a non-static factory method on that class; consider declaring it as static instead.
21:14:29:525  WARN 20748 --- [cart-service] [main] trationDelegate$BeanPostProcessorChecker : Bean 'deferringLoadBalancerInterceptor' of type [org.springframework.cloud.client.loadbalancer.DeferringLoadBalancerInterceptor] is not eligible for getting processed by all BeanPostProcessors (for example: not eligible for auto-proxying). Is this bean getting eagerly injected/applied to a currently created BeanPostProcessor [lbRestClientPostProcessor]? Check the corresponding BeanPostProcessor declaration and its dependencies/advisors. If this bean does not have to be post-processed, declare it with ROLE_INFRASTRUCTURE.
21:14:29:754  INFO 20748 --- [cart-service] [main] o.s.b.w.embedded.tomcat.TomcatWebServer  : Tomcat initialized with port 9003 (http)
21:14:29:767  INFO 20748 --- [cart-service] [main] o.apache.catalina.core.StandardService   : Starting service [Tomcat]
21:14:29:768  INFO 20748 --- [cart-service] [main] o.apache.catalina.core.StandardEngine    : Starting Servlet engine: [Apache Tomcat/10.1.33]
21:14:29:846  INFO 20748 --- [cart-service] [main] o.a.c.c.C.[Tomcat].[localhost].[/]       : Initializing Spring embedded WebApplicationContext
21:14:29:846  INFO 20748 --- [cart-service] [main] w.s.c.ServletWebServerApplicationContext : Root WebApplicationContext: initialization completed in 1289 ms
21:14:30:013  INFO 20748 --- [cart-service] [main] o.s.c.openfeign.FeignClientFactoryBean   : For 'item-service' URL not provided. Will try picking an instance via load-balancing.
21:14:30:546  INFO 20748 --- [cart-service] [main] m.e.s.MybatisPlusApplicationContextAware : Register ApplicationContext instances org.springframework.boot.web.servlet.context.AnnotationConfigServletWebServerApplicationContext@24934262
21:14:30:679  INFO 20748 --- [cart-service] [main] o.s.b.w.embedded.tomcat.TomcatWebServer  : Tomcat started on port 9003 (http) with context path '/'
21:14:30:692  INFO 20748 --- [cart-service] [main] c.a.n.p.a.s.c.ClientAuthPluginManager    : [ClientAuthPluginManager] Load ClientAuthService com.alibaba.nacos.client.auth.impl.NacosClientAuthServiceImpl success.
21:14:30:692  INFO 20748 --- [cart-service] [main] c.a.n.p.a.s.c.ClientAuthPluginManager    : [ClientAuthPluginManager] Load ClientAuthService com.alibaba.nacos.client.auth.ram.RamClientAuthServiceImpl success.
21:14:30:723  INFO 20748 --- [cart-service] [main] c.a.c.n.registry.NacosServiceRegistry    : nacos registry, DEFAULT_GROUP cart-service 192.168.108.1:9003 register finished
21:14:30:733  INFO 20748 --- [cart-service] [main] com.george.cart.CartApplication          : Started CartApplication in 3.881 seconds (process running for 4.555)
21:14:30:747  INFO 20748 --- [cart-service] [main] c.a.c.n.refresh.NacosContextRefresher    : [Nacos Config] Listening config: dataId=jdbc.yaml, group=DEFAULT_GROUP
21:14:30:749  INFO 20748 --- [cart-service] [main] c.a.c.n.refresh.NacosContextRefresher    : [Nacos Config] Listening config: dataId=log.yaml, group=DEFAULT_GROUP
21:14:40:720  INFO 20748 --- [cart-service] [http-nio-9003-exec-1] o.a.c.c.C.[Tomcat].[localhost].[/]       : Initializing Spring DispatcherServlet 'dispatcherServlet'
21:14:40:720  INFO 20748 --- [cart-service] [http-nio-9003-exec-1] o.s.web.servlet.DispatcherServlet        : Initializing Servlet 'dispatcherServlet'
21:14:40:721  INFO 20748 --- [cart-service] [http-nio-9003-exec-1] o.s.web.servlet.DispatcherServlet        : Completed initialization in 1 ms
21:14:40:862  INFO 20748 --- [cart-service] [http-nio-9003-exec-1] com.zaxxer.hikari.HikariDataSource       : HikariPool-1 - Starting...
21:14:41:136  INFO 20748 --- [cart-service] [http-nio-9003-exec-1] com.zaxxer.hikari.pool.HikariPool        : HikariPool-1 - Added connection com.mysql.cj.jdbc.ConnectionImpl@88b3a8
21:14:41:137  INFO 20748 --- [cart-service] [http-nio-9003-exec-1] com.zaxxer.hikari.HikariDataSource       : HikariPool-1 - Start completed.
21:14:41:179 ERROR 20748 --- [cart-service] [http-nio-9003-exec-1] o.a.c.c.C.[.[.[/].[dispatcherServlet]    : Servlet.service() for servlet [dispatcherServlet] in context with path [] threw exception [Request processing failed: com.hmall.common.exception.BizIllegalException: 用户购物车课程不能超过0] with root cause

com.hmall.common.exception.BizIllegalException: 用户购物车课程不能超过0
	at com.george.cart.service.impl.CartServiceImpl.checkCartsFull(CartServiceImpl.java:136) ~[classes/:na]
	at com.george.cart.service.impl.CartServiceImpl.addItem2Cart(CartServiceImpl.java:49) ~[classes/:na]
	at java.base/jdk.internal.reflect.DirectMethodHandleAccessor.invoke(DirectMethodHandleAccessor.java:103) ~[na:na]
	at java.base/java.lang.reflect.Method.invoke(Method.java:580) ~[na:na]
	at org.springframework.aop.support.AopUtils.invokeJoinpointUsingReflection(AopUtils.java:355) ~[spring-aop-6.1.15.jar:6.1.15]
	at org.springframework.aop.framework.CglibAopProxy$DynamicAdvisedInterceptor.intercept(CglibAopProxy.java:716) ~[spring-aop-6.1.15.jar:6.1.15]
	at com.george.cart.service.impl.CartServiceImpl$$SpringCGLIB$$0.addItem2Cart(<generated>) ~[classes/:na]
	at com.george.cart.controller.CartController.addItem2Cart(CartController.java:22) ~[classes/:na]
	at java.base/jdk.internal.reflect.DirectMethodHandleAccessor.invoke(DirectMethodHandleAccessor.java:103) ~[na:na]
	at java.base/java.lang.reflect.Method.invoke(Method.java:580) ~[na:na]
	at org.springframework.web.method.support.InvocableHandlerMethod.doInvoke(InvocableHandlerMethod.java:255) ~[spring-web-6.1.15.jar:6.1.15]
	at org.springframework.web.method.support.InvocableHandlerMethod.invokeForRequest(InvocableHandlerMethod.java:188) ~[spring-web-6.1.15.jar:6.1.15]
	at org.springframework.web.servlet.mvc.method.annotation.ServletInvocableHandlerMethod.invokeAndHandle(ServletInvocableHandlerMethod.java:118) ~[spring-webmvc-6.1.15.jar:6.1.15]
	at org.springframework.web.servlet.mvc.method.annotation.RequestMappingHandlerAdapter.invokeHandlerMethod(RequestMappingHandlerAdapter.java:926) ~[spring-webmvc-6.1.15.jar:6.1.15]
	at org.springframework.web.servlet.mvc.method.annotation.RequestMappingHandlerAdapter.handleInternal(RequestMappingHandlerAdapter.java:831) ~[spring-webmvc-6.1.15.jar:6.1.15]
	at org.springframework.web.servlet.mvc.method.AbstractHandlerMethodAdapter.handle(AbstractHandlerMethodAdapter.java:87) ~[spring-webmvc-6.1.15.jar:6.1.15]
	at org.springframework.web.servlet.DispatcherServlet.doDispatch(DispatcherServlet.java:1089) ~[spring-webmvc-6.1.15.jar:6.1.15]
	at org.springframework.web.servlet.DispatcherServlet.doService(DispatcherServlet.java:979) ~[spring-webmvc-6.1.15.jar:6.1.15]
	at org.springframework.web.servlet.FrameworkServlet.processRequest(FrameworkServlet.java:1014) ~[spring-webmvc-6.1.15.jar:6.1.15]
	at org.springframework.web.servlet.FrameworkServlet.doPost(FrameworkServlet.java:914) ~[spring-webmvc-6.1.15.jar:6.1.15]
	at jakarta.servlet.http.HttpServlet.service(HttpServlet.java:590) ~[tomcat-embed-core-10.1.33.jar:6.0]
	at org.springframework.web.servlet.FrameworkServlet.service(FrameworkServlet.java:885) ~[spring-webmvc-6.1.15.jar:6.1.15]
	at jakarta.servlet.http.HttpServlet.service(HttpServlet.java:658) ~[tomcat-embed-core-10.1.33.jar:6.0]
	at org.apache.catalina.core.ApplicationFilterChain.internalDoFilter(ApplicationFilterChain.java:195) ~[tomcat-embed-core-10.1.33.jar:10.1.33]
	at org.apache.catalina.core.ApplicationFilterChain.doFilter(ApplicationFilterChain.java:140) ~[tomcat-embed-core-10.1.33.jar:10.1.33]
	at org.apache.tomcat.websocket.server.WsFilter.doFilter(WsFilter.java:51) ~[tomcat-embed-websocket-10.1.33.jar:10.1.33]
	at org.apache.catalina.core.ApplicationFilterChain.internalDoFilter(ApplicationFilterChain.java:164) ~[tomcat-embed-core-10.1.33.jar:10.1.33]
	at org.apache.catalina.core.ApplicationFilterChain.doFilter(ApplicationFilterChain.java:140) ~[tomcat-embed-core-10.1.33.jar:10.1.33]
	at org.springframework.web.filter.RequestContextFilter.doFilterInternal(RequestContextFilter.java:100) ~[spring-web-6.1.15.jar:6.1.15]
	at org.springframework.web.filter.OncePerRequestFilter.doFilter(OncePerRequestFilter.java:116) ~[spring-web-6.1.15.jar:6.1.15]
	at org.apache.catalina.core.ApplicationFilterChain.internalDoFilter(ApplicationFilterChain.java:164) ~[tomcat-embed-core-10.1.33.jar:10.1.33]
	at org.apache.catalina.core.ApplicationFilterChain.doFilter(ApplicationFilterChain.java:140) ~[tomcat-embed-core-10.1.33.jar:10.1.33]
	at org.springframework.web.filter.FormContentFilter.doFilterInternal(FormContentFilter.java:93) ~[spring-web-6.1.15.jar:6.1.15]
	at org.springframework.web.filter.OncePerRequestFilter.doFilter(OncePerRequestFilter.java:116) ~[spring-web-6.1.15.jar:6.1.15]
	at org.apache.catalina.core.ApplicationFilterChain.internalDoFilter(ApplicationFilterChain.java:164) ~[tomcat-embed-core-10.1.33.jar:10.1.33]
	at org.apache.catalina.core.ApplicationFilterChain.doFilter(ApplicationFilterChain.java:140) ~[tomcat-embed-core-10.1.33.jar:10.1.33]
	at org.springframework.web.filter.CharacterEncodingFilter.doFilterInternal(CharacterEncodingFilter.java:201) ~[spring-web-6.1.15.jar:6.1.15]
	at org.springframework.web.filter.OncePerRequestFilter.doFilter(OncePerRequestFilter.java:116) ~[spring-web-6.1.15.jar:6.1.15]
	at org.apache.catalina.core.ApplicationFilterChain.internalDoFilter(ApplicationFilterChain.java:164) ~[tomcat-embed-core-10.1.33.jar:10.1.33]
	at org.apache.catalina.core.ApplicationFilterChain.doFilter(ApplicationFilterChain.java:140) ~[tomcat-embed-core-10.1.33.jar:10.1.33]
	at org.apache.catalina.core.StandardWrapperValve.invoke(StandardWrapperValve.java:167) ~[tomcat-embed-core-10.1.33.jar:10.1.33]
	at org.apache.catalina.core.StandardContextValve.invoke(StandardContextValve.java:90) ~[tomcat-embed-core-10.1.33.jar:10.1.33]
	at org.apache.catalina.authenticator.AuthenticatorBase.invoke(AuthenticatorBase.java:483) ~[tomcat-embed-core-10.1.33.jar:10.1.33]
	at org.apache.catalina.core.StandardHostValve.invoke(StandardHostValve.java:115) ~[tomcat-embed-core-10.1.33.jar:10.1.33]
	at org.apache.catalina.valves.ErrorReportValve.invoke(ErrorReportValve.java:93) ~[tomcat-embed-core-10.1.33.jar:10.1.33]
	at org.apache.catalina.core.StandardEngineValve.invoke(StandardEngineValve.java:74) ~[tomcat-embed-core-10.1.33.jar:10.1.33]
	at org.apache.catalina.connector.CoyoteAdapter.service(CoyoteAdapter.java:344) ~[tomcat-embed-core-10.1.33.jar:10.1.33]
	at org.apache.coyote.http11.Http11Processor.service(Http11Processor.java:397) ~[tomcat-embed-core-10.1.33.jar:10.1.33]
	at org.apache.coyote.AbstractProcessorLight.process(AbstractProcessorLight.java:63) ~[tomcat-embed-core-10.1.33.jar:10.1.33]
	at org.apache.coyote.AbstractProtocol$ConnectionHandler.process(AbstractProtocol.java:905) ~[tomcat-embed-core-10.1.33.jar:10.1.33]
	at org.apache.tomcat.util.net.NioEndpoint$SocketProcessor.doRun(NioEndpoint.java:1741) ~[tomcat-embed-core-10.1.33.jar:10.1.33]
	at org.apache.tomcat.util.net.SocketProcessorBase.run(SocketProcessorBase.java:52) ~[tomcat-embed-core-10.1.33.jar:10.1.33]
	at org.apache.tomcat.util.threads.ThreadPoolExecutor.runWorker(ThreadPoolExecutor.java:1190) ~[tomcat-embed-core-10.1.33.jar:10.1.33]
	at org.apache.tomcat.util.threads.ThreadPoolExecutor$Worker.run(ThreadPoolExecutor.java:659) ~[tomcat-embed-core-10.1.33.jar:10.1.33]
	at org.apache.tomcat.util.threads.TaskThread$WrappingRunnable.run(TaskThread.java:63) ~[tomcat-embed-core-10.1.33.jar:10.1.33]
	at java.base/java.lang.Thread.run(Thread.java:1583) ~[na:na]

21:17:12:787  WARN 20748 --- [cart-service] [Thread-6] c.a.n.common.http.HttpClientBeanHolder   : [HttpClientBeanHolder] Start destroying common HttpClient
21:17:12:787  WARN 20748 --- [cart-service] [Thread-1] c.a.n.common.executor.ThreadPoolManager  : [ThreadPoolManager] Start destroying ThreadPool
21:17:12:787  WARN 20748 --- [cart-service] [Thread-8] c.a.nacos.common.notify.NotifyCenter     : [NotifyCenter] Start destroying Publisher
21:17:12:787  WARN 20748 --- [cart-service] [Thread-8] c.a.nacos.common.notify.NotifyCenter     : [NotifyCenter] Destruction of the end
21:17:12:788  WARN 20748 --- [cart-service] [Thread-1] c.a.n.common.executor.ThreadPoolManager  : [ThreadPoolManager] Destruction of the end
21:17:12:788  WARN 20748 --- [cart-service] [Thread-6] c.a.n.common.http.HttpClientBeanHolder   : [HttpClientBeanHolder] Destruction of the end
21:17:12:788  INFO 20748 --- [cart-service] [SpringApplicationShutdownHook] c.a.c.n.registry.NacosServiceRegistry    : De-registering from Nacos Server now...
21:17:12:792  INFO 20748 --- [cart-service] [SpringApplicationShutdownHook] c.a.c.n.registry.NacosServiceRegistry    : De-registration finished.
21:17:18:928  INFO 6928 --- [cart-service] [main] com.george.cart.CartApplication          : Starting CartApplication using Java 21.0.11 with PID 6928 (E:\hmall\hm-cart\cart-service\target\classes started by lindu in E:\hmall)
21:17:18:928  INFO 6928 --- [cart-service] [main] com.george.cart.CartApplication          : The following 1 profile is active: "local"
21:17:18:980  INFO 6928 --- [cart-service] [main] c.a.c.n.c.NacosConfigDataLoader          : [Nacos Config] Load config[dataId=cart-service.yaml, group=DEFAULT_GROUP] success
21:17:18:980  INFO 6928 --- [cart-service] [main] c.a.c.n.c.NacosConfigDataLoader          : [Nacos Config] Load config[dataId=log.yaml, group=DEFAULT_GROUP] success
21:17:18:980  INFO 6928 --- [cart-service] [main] c.a.c.n.c.NacosConfigDataLoader          : [Nacos Config] Load config[dataId=jdbc.yaml, group=DEFAULT_GROUP] success
21:17:19:758  INFO 6928 --- [cart-service] [main] o.s.cloud.context.scope.GenericScope     : BeanFactory id=b7443645-58ac-3b99-b4c5-e765cb40619a
21:17:19:940  WARN 6928 --- [cart-service] [main] trationDelegate$BeanPostProcessorChecker : Bean 'org.springframework.cloud.client.loadbalancer.LoadBalancerAutoConfiguration$DeferringLoadBalancerInterceptorConfig' of type [org.springframework.cloud.client.loadbalancer.LoadBalancerAutoConfiguration$DeferringLoadBalancerInterceptorConfig] is not eligible for getting processed by all BeanPostProcessors (for example: not eligible for auto-proxying). The currently created BeanPostProcessor [lbRestClientPostProcessor] is declared through a non-static factory method on that class; consider declaring it as static instead.
21:17:19:941  WARN 6928 --- [cart-service] [main] trationDelegate$BeanPostProcessorChecker : Bean 'deferringLoadBalancerInterceptor' of type [org.springframework.cloud.client.loadbalancer.DeferringLoadBalancerInterceptor] is not eligible for getting processed by all BeanPostProcessors (for example: not eligible for auto-proxying). Is this bean getting eagerly injected/applied to a currently created BeanPostProcessor [lbRestClientPostProcessor]? Check the corresponding BeanPostProcessor declaration and its dependencies/advisors. If this bean does not have to be post-processed, declare it with ROLE_INFRASTRUCTURE.
21:17:20:126  INFO 6928 --- [cart-service] [main] o.s.b.w.embedded.tomcat.TomcatWebServer  : Tomcat initialized with port 9003 (http)
21:17:20:139  INFO 6928 --- [cart-service] [main] o.apache.catalina.core.StandardService   : Starting service [Tomcat]
21:17:20:139  INFO 6928 --- [cart-service] [main] o.apache.catalina.core.StandardEngine    : Starting Servlet engine: [Apache Tomcat/10.1.33]
21:17:20:218  INFO 6928 --- [cart-service] [main] o.a.c.c.C.[Tomcat].[localhost].[/]       : Initializing Spring embedded WebApplicationContext
21:17:20:218  INFO 6928 --- [cart-service] [main] w.s.c.ServletWebServerApplicationContext : Root WebApplicationContext: initialization completed in 1235 ms
21:17:20:390  INFO 6928 --- [cart-service] [main] o.s.c.openfeign.FeignClientFactoryBean   : For 'item-service' URL not provided. Will try picking an instance via load-balancing.
21:17:20:955  INFO 6928 --- [cart-service] [main] m.e.s.MybatisPlusApplicationContextAware : Register ApplicationContext instances org.springframework.boot.web.servlet.context.AnnotationConfigServletWebServerApplicationContext@ad3324b
21:17:21:090  INFO 6928 --- [cart-service] [main] o.s.b.w.embedded.tomcat.TomcatWebServer  : Tomcat started on port 9003 (http) with context path '/'
21:17:21:102  INFO 6928 --- [cart-service] [main] c.a.n.p.a.s.c.ClientAuthPluginManager    : [ClientAuthPluginManager] Load ClientAuthService com.alibaba.nacos.client.auth.impl.NacosClientAuthServiceImpl success.
21:17:21:103  INFO 6928 --- [cart-service] [main] c.a.n.p.a.s.c.ClientAuthPluginManager    : [ClientAuthPluginManager] Load ClientAuthService com.alibaba.nacos.client.auth.ram.RamClientAuthServiceImpl success.
21:17:21:137  INFO 6928 --- [cart-service] [main] c.a.c.n.registry.NacosServiceRegistry    : nacos registry, DEFAULT_GROUP cart-service 192.168.108.1:9003 register finished
21:17:21:146  INFO 6928 --- [cart-service] [main] com.george.cart.CartApplication          : Started CartApplication in 3.805 seconds (process running for 4.474)
21:17:21:159  INFO 6928 --- [cart-service] [main] c.a.c.n.refresh.NacosContextRefresher    : [Nacos Config] Listening config: dataId=jdbc.yaml, group=DEFAULT_GROUP
21:17:21:170  INFO 6928 --- [cart-service] [main] c.a.c.n.refresh.NacosContextRefresher    : [Nacos Config] Listening config: dataId=cart-service.yaml, group=DEFAULT_GROUP
21:17:21:173  INFO 6928 --- [cart-service] [main] c.a.c.n.refresh.NacosContextRefresher    : [Nacos Config] Listening config: dataId=log.yaml, group=DEFAULT_GROUP
21:17:29:632  INFO 6928 --- [cart-service] [http-nio-9003-exec-1] o.a.c.c.C.[Tomcat].[localhost].[/]       : Initializing Spring DispatcherServlet 'dispatcherServlet'
21:17:29:632  INFO 6928 --- [cart-service] [http-nio-9003-exec-1] o.s.web.servlet.DispatcherServlet        : Initializing Servlet 'dispatcherServlet'
21:17:29:633  INFO 6928 --- [cart-service] [http-nio-9003-exec-1] o.s.web.servlet.DispatcherServlet        : Completed initialization in 1 ms
21:17:29:855  INFO 6928 --- [cart-service] [http-nio-9003-exec-1] com.zaxxer.hikari.HikariDataSource       : HikariPool-1 - Starting...
21:17:30:199  INFO 6928 --- [cart-service] [http-nio-9003-exec-1] com.zaxxer.hikari.pool.HikariPool        : HikariPool-1 - Added connection com.mysql.cj.jdbc.ConnectionImpl@7e665bbc
21:17:30:201  INFO 6928 --- [cart-service] [http-nio-9003-exec-1] com.zaxxer.hikari.HikariDataSource       : HikariPool-1 - Start completed.
21:17:52:599 ERROR 6928 --- [cart-service] [http-nio-9003-exec-1] o.a.c.c.C.[.[.[/].[dispatcherServlet]    : Servlet.service() for servlet [dispatcherServlet] in context with path [] threw exception [Request processing failed: com.hmall.common.exception.BizIllegalException: 用户购物车课程不能超过1] with root cause

com.hmall.common.exception.BizIllegalException: 用户购物车课程不能超过1
	at com.george.cart.service.impl.CartServiceImpl.checkCartsFull(CartServiceImpl.java:136) ~[classes/:na]
	at com.george.cart.service.impl.CartServiceImpl.addItem2Cart(CartServiceImpl.java:49) ~[classes/:na]
	at java.base/jdk.internal.reflect.DirectMethodHandleAccessor.invoke(DirectMethodHandleAccessor.java:103) ~[na:na]
	at java.base/java.lang.reflect.Method.invoke(Method.java:580) ~[na:na]
	at org.springframework.aop.support.AopUtils.invokeJoinpointUsingReflection(AopUtils.java:355) ~[spring-aop-6.1.15.jar:6.1.15]
	at org.springframework.aop.framework.CglibAopProxy$DynamicAdvisedInterceptor.intercept(CglibAopProxy.java:716) ~[spring-aop-6.1.15.jar:6.1.15]
	at com.george.cart.service.impl.CartServiceImpl$$SpringCGLIB$$0.addItem2Cart(<generated>) ~[classes/:na]
	at com.george.cart.controller.CartController.addItem2Cart(CartController.java:22) ~[classes/:na]
	at java.base/jdk.internal.reflect.DirectMethodHandleAccessor.invoke(DirectMethodHandleAccessor.java:103) ~[na:na]
	at java.base/java.lang.reflect.Method.invoke(Method.java:580) ~[na:na]
	at org.springframework.web.method.support.InvocableHandlerMethod.doInvoke(InvocableHandlerMethod.java:255) ~[spring-web-6.1.15.jar:6.1.15]
	at org.springframework.web.method.support.InvocableHandlerMethod.invokeForRequest(InvocableHandlerMethod.java:188) ~[spring-web-6.1.15.jar:6.1.15]
	at org.springframework.web.servlet.mvc.method.annotation.ServletInvocableHandlerMethod.invokeAndHandle(ServletInvocableHandlerMethod.java:118) ~[spring-webmvc-6.1.15.jar:6.1.15]
	at org.springframework.web.servlet.mvc.method.annotation.RequestMappingHandlerAdapter.invokeHandlerMethod(RequestMappingHandlerAdapter.java:926) ~[spring-webmvc-6.1.15.jar:6.1.15]
	at org.springframework.web.servlet.mvc.method.annotation.RequestMappingHandlerAdapter.handleInternal(RequestMappingHandlerAdapter.java:831) ~[spring-webmvc-6.1.15.jar:6.1.15]
	at org.springframework.web.servlet.mvc.method.AbstractHandlerMethodAdapter.handle(AbstractHandlerMethodAdapter.java:87) ~[spring-webmvc-6.1.15.jar:6.1.15]
	at org.springframework.web.servlet.DispatcherServlet.doDispatch(DispatcherServlet.java:1089) ~[spring-webmvc-6.1.15.jar:6.1.15]
	at org.springframework.web.servlet.DispatcherServlet.doService(DispatcherServlet.java:979) ~[spring-webmvc-6.1.15.jar:6.1.15]
	at org.springframework.web.servlet.FrameworkServlet.processRequest(FrameworkServlet.java:1014) ~[spring-webmvc-6.1.15.jar:6.1.15]
	at org.springframework.web.servlet.FrameworkServlet.doPost(FrameworkServlet.java:914) ~[spring-webmvc-6.1.15.jar:6.1.15]
	at jakarta.servlet.http.HttpServlet.service(HttpServlet.java:590) ~[tomcat-embed-core-10.1.33.jar:6.0]
	at org.springframework.web.servlet.FrameworkServlet.service(FrameworkServlet.java:885) ~[spring-webmvc-6.1.15.jar:6.1.15]
	at jakarta.servlet.http.HttpServlet.service(HttpServlet.java:658) ~[tomcat-embed-core-10.1.33.jar:6.0]
	at org.apache.catalina.core.ApplicationFilterChain.internalDoFilter(ApplicationFilterChain.java:195) ~[tomcat-embed-core-10.1.33.jar:10.1.33]
	at org.apache.catalina.core.ApplicationFilterChain.doFilter(ApplicationFilterChain.java:140) ~[tomcat-embed-core-10.1.33.jar:10.1.33]
	at org.apache.tomcat.websocket.server.WsFilter.doFilter(WsFilter.java:51) ~[tomcat-embed-websocket-10.1.33.jar:10.1.33]
	at org.apache.catalina.core.ApplicationFilterChain.internalDoFilter(ApplicationFilterChain.java:164) ~[tomcat-embed-core-10.1.33.jar:10.1.33]
	at org.apache.catalina.core.ApplicationFilterChain.doFilter(ApplicationFilterChain.java:140) ~[tomcat-embed-core-10.1.33.jar:10.1.33]
	at org.springframework.web.filter.RequestContextFilter.doFilterInternal(RequestContextFilter.java:100) ~[spring-web-6.1.15.jar:6.1.15]
	at org.springframework.web.filter.OncePerRequestFilter.doFilter(OncePerRequestFilter.java:116) ~[spring-web-6.1.15.jar:6.1.15]
	at org.apache.catalina.core.ApplicationFilterChain.internalDoFilter(ApplicationFilterChain.java:164) ~[tomcat-embed-core-10.1.33.jar:10.1.33]
	at org.apache.catalina.core.ApplicationFilterChain.doFilter(ApplicationFilterChain.java:140) ~[tomcat-embed-core-10.1.33.jar:10.1.33]
	at org.springframework.web.filter.FormContentFilter.doFilterInternal(FormContentFilter.java:93) ~[spring-web-6.1.15.jar:6.1.15]
	at org.springframework.web.filter.OncePerRequestFilter.doFilter(OncePerRequestFilter.java:116) ~[spring-web-6.1.15.jar:6.1.15]
	at org.apache.catalina.core.ApplicationFilterChain.internalDoFilter(ApplicationFilterChain.java:164) ~[tomcat-embed-core-10.1.33.jar:10.1.33]
	at org.apache.catalina.core.ApplicationFilterChain.doFilter(ApplicationFilterChain.java:140) ~[tomcat-embed-core-10.1.33.jar:10.1.33]
	at org.springframework.web.filter.CharacterEncodingFilter.doFilterInternal(CharacterEncodingFilter.java:201) ~[spring-web-6.1.15.jar:6.1.15]
	at org.springframework.web.filter.OncePerRequestFilter.doFilter(OncePerRequestFilter.java:116) ~[spring-web-6.1.15.jar:6.1.15]
	at org.apache.catalina.core.ApplicationFilterChain.internalDoFilter(ApplicationFilterChain.java:164) ~[tomcat-embed-core-10.1.33.jar:10.1.33]
	at org.apache.catalina.core.ApplicationFilterChain.doFilter(ApplicationFilterChain.java:140) ~[tomcat-embed-core-10.1.33.jar:10.1.33]
	at org.apache.catalina.core.StandardWrapperValve.invoke(StandardWrapperValve.java:167) ~[tomcat-embed-core-10.1.33.jar:10.1.33]
	at org.apache.catalina.core.StandardContextValve.invoke(StandardContextValve.java:90) ~[tomcat-embed-core-10.1.33.jar:10.1.33]
	at org.apache.catalina.authenticator.AuthenticatorBase.invoke(AuthenticatorBase.java:483) ~[tomcat-embed-core-10.1.33.jar:10.1.33]
	at org.apache.catalina.core.StandardHostValve.invoke(StandardHostValve.java:115) ~[tomcat-embed-core-10.1.33.jar:10.1.33]
	at org.apache.catalina.valves.ErrorReportValve.invoke(ErrorReportValve.java:93) ~[tomcat-embed-core-10.1.33.jar:10.1.33]
	at org.apache.catalina.core.StandardEngineValve.invoke(StandardEngineValve.java:74) ~[tomcat-embed-core-10.1.33.jar:10.1.33]
	at org.apache.catalina.connector.CoyoteAdapter.service(CoyoteAdapter.java:344) ~[tomcat-embed-core-10.1.33.jar:10.1.33]
	at org.apache.coyote.http11.Http11Processor.service(Http11Processor.java:397) ~[tomcat-embed-core-10.1.33.jar:10.1.33]
	at org.apache.coyote.AbstractProcessorLight.process(AbstractProcessorLight.java:63) ~[tomcat-embed-core-10.1.33.jar:10.1.33]
	at org.apache.coyote.AbstractProtocol$ConnectionHandler.process(AbstractProtocol.java:905) ~[tomcat-embed-core-10.1.33.jar:10.1.33]
	at org.apache.tomcat.util.net.NioEndpoint$SocketProcessor.doRun(NioEndpoint.java:1741) ~[tomcat-embed-core-10.1.33.jar:10.1.33]
	at org.apache.tomcat.util.net.SocketProcessorBase.run(SocketProcessorBase.java:52) ~[tomcat-embed-core-10.1.33.jar:10.1.33]
	at org.apache.tomcat.util.threads.ThreadPoolExecutor.runWorker(ThreadPoolExecutor.java:1190) ~[tomcat-embed-core-10.1.33.jar:10.1.33]
	at org.apache.tomcat.util.threads.ThreadPoolExecutor$Worker.run(ThreadPoolExecutor.java:659) ~[tomcat-embed-core-10.1.33.jar:10.1.33]
	at org.apache.tomcat.util.threads.TaskThread$WrappingRunnable.run(TaskThread.java:63) ~[tomcat-embed-core-10.1.33.jar:10.1.33]
	at java.base/java.lang.Thread.run(Thread.java:1583) ~[na:na]

21:17:54:907 ERROR 6928 --- [cart-service] [http-nio-9003-exec-2] o.a.c.c.C.[.[.[/].[dispatcherServlet]    : Servlet.service() for servlet [dispatcherServlet] in context with path [] threw exception [Request processing failed: com.hmall.common.exception.BizIllegalException: 用户购物车课程不能超过1] with root cause

com.hmall.common.exception.BizIllegalException: 用户购物车课程不能超过1
	at com.george.cart.service.impl.CartServiceImpl.checkCartsFull(CartServiceImpl.java:136) ~[classes/:na]
	at com.george.cart.service.impl.CartServiceImpl.addItem2Cart(CartServiceImpl.java:49) ~[classes/:na]
	at java.base/jdk.internal.reflect.DirectMethodHandleAccessor.invoke(DirectMethodHandleAccessor.java:103) ~[na:na]
	at java.base/java.lang.reflect.Method.invoke(Method.java:580) ~[na:na]
	at org.springframework.aop.support.AopUtils.invokeJoinpointUsingReflection(AopUtils.java:355) ~[spring-aop-6.1.15.jar:6.1.15]
	at org.springframework.aop.framework.CglibAopProxy$DynamicAdvisedInterceptor.intercept(CglibAopProxy.java:716) ~[spring-aop-6.1.15.jar:6.1.15]
	at com.george.cart.service.impl.CartServiceImpl$$SpringCGLIB$$0.addItem2Cart(<generated>) ~[classes/:na]
	at com.george.cart.controller.CartController.addItem2Cart(CartController.java:22) ~[classes/:na]
	at java.base/jdk.internal.reflect.DirectMethodHandleAccessor.invoke(DirectMethodHandleAccessor.java:103) ~[na:na]
	at java.base/java.lang.reflect.Method.invoke(Method.java:580) ~[na:na]
	at org.springframework.web.method.support.InvocableHandlerMethod.doInvoke(InvocableHandlerMethod.java:255) ~[spring-web-6.1.15.jar:6.1.15]
	at org.springframework.web.method.support.InvocableHandlerMethod.invokeForRequest(InvocableHandlerMethod.java:188) ~[spring-web-6.1.15.jar:6.1.15]
	at org.springframework.web.servlet.mvc.method.annotation.ServletInvocableHandlerMethod.invokeAndHandle(ServletInvocableHandlerMethod.java:118) ~[spring-webmvc-6.1.15.jar:6.1.15]
	at org.springframework.web.servlet.mvc.method.annotation.RequestMappingHandlerAdapter.invokeHandlerMethod(RequestMappingHandlerAdapter.java:926) ~[spring-webmvc-6.1.15.jar:6.1.15]
	at org.springframework.web.servlet.mvc.method.annotation.RequestMappingHandlerAdapter.handleInternal(RequestMappingHandlerAdapter.java:831) ~[spring-webmvc-6.1.15.jar:6.1.15]
	at org.springframework.web.servlet.mvc.method.AbstractHandlerMethodAdapter.handle(AbstractHandlerMethodAdapter.java:87) ~[spring-webmvc-6.1.15.jar:6.1.15]
	at org.springframework.web.servlet.DispatcherServlet.doDispatch(DispatcherServlet.java:1089) ~[spring-webmvc-6.1.15.jar:6.1.15]
	at org.springframework.web.servlet.DispatcherServlet.doService(DispatcherServlet.java:979) ~[spring-webmvc-6.1.15.jar:6.1.15]
	at org.springframework.web.servlet.FrameworkServlet.processRequest(FrameworkServlet.java:1014) ~[spring-webmvc-6.1.15.jar:6.1.15]
	at org.springframework.web.servlet.FrameworkServlet.doPost(FrameworkServlet.java:914) ~[spring-webmvc-6.1.15.jar:6.1.15]
	at jakarta.servlet.http.HttpServlet.service(HttpServlet.java:590) ~[tomcat-embed-core-10.1.33.jar:6.0]
	at org.springframework.web.servlet.FrameworkServlet.service(FrameworkServlet.java:885) ~[spring-webmvc-6.1.15.jar:6.1.15]
	at jakarta.servlet.http.HttpServlet.service(HttpServlet.java:658) ~[tomcat-embed-core-10.1.33.jar:6.0]
	at org.apache.catalina.core.ApplicationFilterChain.internalDoFilter(ApplicationFilterChain.java:195) ~[tomcat-embed-core-10.1.33.jar:10.1.33]
	at org.apache.catalina.core.ApplicationFilterChain.doFilter(ApplicationFilterChain.java:140) ~[tomcat-embed-core-10.1.33.jar:10.1.33]
	at org.apache.tomcat.websocket.server.WsFilter.doFilter(WsFilter.java:51) ~[tomcat-embed-websocket-10.1.33.jar:10.1.33]
	at org.apache.catalina.core.ApplicationFilterChain.internalDoFilter(ApplicationFilterChain.java:164) ~[tomcat-embed-core-10.1.33.jar:10.1.33]
	at org.apache.catalina.core.ApplicationFilterChain.doFilter(ApplicationFilterChain.java:140) ~[tomcat-embed-core-10.1.33.jar:10.1.33]
	at org.springframework.web.filter.RequestContextFilter.doFilterInternal(RequestContextFilter.java:100) ~[spring-web-6.1.15.jar:6.1.15]
	at org.springframework.web.filter.OncePerRequestFilter.doFilter(OncePerRequestFilter.java:116) ~[spring-web-6.1.15.jar:6.1.15]
	at org.apache.catalina.core.ApplicationFilterChain.internalDoFilter(ApplicationFilterChain.java:164) ~[tomcat-embed-core-10.1.33.jar:10.1.33]
	at org.apache.catalina.core.ApplicationFilterChain.doFilter(ApplicationFilterChain.java:140) ~[tomcat-embed-core-10.1.33.jar:10.1.33]
	at org.springframework.web.filter.FormContentFilter.doFilterInternal(FormContentFilter.java:93) ~[spring-web-6.1.15.jar:6.1.15]
	at org.springframework.web.filter.OncePerRequestFilter.doFilter(OncePerRequestFilter.java:116) ~[spring-web-6.1.15.jar:6.1.15]
	at org.apache.catalina.core.ApplicationFilterChain.internalDoFilter(ApplicationFilterChain.java:164) ~[tomcat-embed-core-10.1.33.jar:10.1.33]
	at org.apache.catalina.core.ApplicationFilterChain.doFilter(ApplicationFilterChain.java:140) ~[tomcat-embed-core-10.1.33.jar:10.1.33]
	at org.springframework.web.filter.CharacterEncodingFilter.doFilterInternal(CharacterEncodingFilter.java:201) ~[spring-web-6.1.15.jar:6.1.15]
	at org.springframework.web.filter.OncePerRequestFilter.doFilter(OncePerRequestFilter.java:116) ~[spring-web-6.1.15.jar:6.1.15]
	at org.apache.catalina.core.ApplicationFilterChain.internalDoFilter(ApplicationFilterChain.java:164) ~[tomcat-embed-core-10.1.33.jar:10.1.33]
	at org.apache.catalina.core.ApplicationFilterChain.doFilter(ApplicationFilterChain.java:140) ~[tomcat-embed-core-10.1.33.jar:10.1.33]
	at org.apache.catalina.core.StandardWrapperValve.invoke(StandardWrapperValve.java:167) ~[tomcat-embed-core-10.1.33.jar:10.1.33]
	at org.apache.catalina.core.StandardContextValve.invoke(StandardContextValve.java:90) ~[tomcat-embed-core-10.1.33.jar:10.1.33]
	at org.apache.catalina.authenticator.AuthenticatorBase.invoke(AuthenticatorBase.java:483) ~[tomcat-embed-core-10.1.33.jar:10.1.33]
	at org.apache.catalina.core.StandardHostValve.invoke(StandardHostValve.java:115) ~[tomcat-embed-core-10.1.33.jar:10.1.33]
	at org.apache.catalina.valves.ErrorReportValve.invoke(ErrorReportValve.java:93) ~[tomcat-embed-core-10.1.33.jar:10.1.33]
	at org.apache.catalina.core.StandardEngineValve.invoke(StandardEngineValve.java:74) ~[tomcat-embed-core-10.1.33.jar:10.1.33]
	at org.apache.catalina.connector.CoyoteAdapter.service(CoyoteAdapter.java:344) ~[tomcat-embed-core-10.1.33.jar:10.1.33]
	at org.apache.coyote.http11.Http11Processor.service(Http11Processor.java:397) ~[tomcat-embed-core-10.1.33.jar:10.1.33]
	at org.apache.coyote.AbstractProcessorLight.process(AbstractProcessorLight.java:63) ~[tomcat-embed-core-10.1.33.jar:10.1.33]
	at org.apache.coyote.AbstractProtocol$ConnectionHandler.process(AbstractProtocol.java:905) ~[tomcat-embed-core-10.1.33.jar:10.1.33]
	at org.apache.tomcat.util.net.NioEndpoint$SocketProcessor.doRun(NioEndpoint.java:1741) ~[tomcat-embed-core-10.1.33.jar:10.1.33]
	at org.apache.tomcat.util.net.SocketProcessorBase.run(SocketProcessorBase.java:52) ~[tomcat-embed-core-10.1.33.jar:10.1.33]
	at org.apache.tomcat.util.threads.ThreadPoolExecutor.runWorker(ThreadPoolExecutor.java:1190) ~[tomcat-embed-core-10.1.33.jar:10.1.33]
	at org.apache.tomcat.util.threads.ThreadPoolExecutor$Worker.run(ThreadPoolExecutor.java:659) ~[tomcat-embed-core-10.1.33.jar:10.1.33]
	at org.apache.tomcat.util.threads.TaskThread$WrappingRunnable.run(TaskThread.java:63) ~[tomcat-embed-core-10.1.33.jar:10.1.33]
	at java.base/java.lang.Thread.run(Thread.java:1583) ~[na:na]

21:31:05:436  WARN 6928 --- [cart-service] [http-nio-9003-exec-6] .w.s.m.s.DefaultHandlerExceptionResolver : Resolved [org.springframework.web.bind.MissingServletRequestParameterException: Required request parameter 'ids' for method parameter type List is not present]
21:31:12:286  WARN 6928 --- [cart-service] [http-nio-9003-exec-9] .w.s.m.s.DefaultHandlerExceptionResolver : Resolved [org.springframework.web.bind.MissingServletRequestParameterException: Required request parameter 'ids' for method parameter type List is not present]
21:35:22:861  WARN 6928 --- [cart-service] [Thread-8] c.a.nacos.common.notify.NotifyCenter     : [NotifyCenter] Start destroying Publisher
21:35:22:861  WARN 6928 --- [cart-service] [Thread-6] c.a.n.common.http.HttpClientBeanHolder   : [HttpClientBeanHolder] Start destroying common HttpClient
21:35:22:861  WARN 6928 --- [cart-service] [Thread-1] c.a.n.common.executor.ThreadPoolManager  : [ThreadPoolManager] Start destroying ThreadPool
21:35:22:862  WARN 6928 --- [cart-service] [Thread-8] c.a.nacos.common.notify.NotifyCenter     : [NotifyCenter] Destruction of the end
21:35:22:862  WARN 6928 --- [cart-service] [Thread-1] c.a.n.common.executor.ThreadPoolManager  : [ThreadPoolManager] Destruction of the end
21:35:22:863  WARN 6928 --- [cart-service] [Thread-6] c.a.n.common.http.HttpClientBeanHolder   : [HttpClientBeanHolder] Destruction of the end
21:35:22:864  INFO 6928 --- [cart-service] [SpringApplicationShutdownHook] c.a.c.n.registry.NacosServiceRegistry    : De-registering from Nacos Server now...
21:35:22:873  INFO 6928 --- [cart-service] [SpringApplicationShutdownHook] c.a.c.n.registry.NacosServiceRegistry    : De-registration finished.
21:35:26:759  INFO 20704 --- [cart-service] [main] com.george.cart.CartApplication          : Starting CartApplication using Java 21.0.11 with PID 20704 (E:\hmall\hm-cart\cart-service\target\classes started by lindu in E:\hmall)
21:35:26:760  INFO 20704 --- [cart-service] [main] com.george.cart.CartApplication          : The following 1 profile is active: "local"
21:35:26:804  INFO 20704 --- [cart-service] [main] c.a.c.n.c.NacosConfigDataLoader          : [Nacos Config] Load config[dataId=cart-service.yaml, group=DEFAULT_GROUP] success
21:35:26:805  INFO 20704 --- [cart-service] [main] c.a.c.n.c.NacosConfigDataLoader          : [Nacos Config] Load config[dataId=log.yaml, group=DEFAULT_GROUP] success
21:35:26:805  INFO 20704 --- [cart-service] [main] c.a.c.n.c.NacosConfigDataLoader          : [Nacos Config] Load config[dataId=jdbc.yaml, group=DEFAULT_GROUP] success
21:35:27:610  INFO 20704 --- [cart-service] [main] o.s.cloud.context.scope.GenericScope     : BeanFactory id=b7443645-58ac-3b99-b4c5-e765cb40619a
21:35:27:783  WARN 20704 --- [cart-service] [main] trationDelegate$BeanPostProcessorChecker : Bean 'org.springframework.cloud.client.loadbalancer.LoadBalancerAutoConfiguration$DeferringLoadBalancerInterceptorConfig' of type [org.springframework.cloud.client.loadbalancer.LoadBalancerAutoConfiguration$DeferringLoadBalancerInterceptorConfig] is not eligible for getting processed by all BeanPostProcessors (for example: not eligible for auto-proxying). The currently created BeanPostProcessor [lbRestClientPostProcessor] is declared through a non-static factory method on that class; consider declaring it as static instead.
21:35:27:785  WARN 20704 --- [cart-service] [main] trationDelegate$BeanPostProcessorChecker : Bean 'deferringLoadBalancerInterceptor' of type [org.springframework.cloud.client.loadbalancer.DeferringLoadBalancerInterceptor] is not eligible for getting processed by all BeanPostProcessors (for example: not eligible for auto-proxying). Is this bean getting eagerly injected/applied to a currently created BeanPostProcessor [lbRestClientPostProcessor]? Check the corresponding BeanPostProcessor declaration and its dependencies/advisors. If this bean does not have to be post-processed, declare it with ROLE_INFRASTRUCTURE.
21:35:28:002  INFO 20704 --- [cart-service] [main] o.s.b.w.embedded.tomcat.TomcatWebServer  : Tomcat initialized with port 9003 (http)
21:35:28:016  INFO 20704 --- [cart-service] [main] o.apache.catalina.core.StandardService   : Starting service [Tomcat]
21:35:28:016  INFO 20704 --- [cart-service] [main] o.apache.catalina.core.StandardEngine    : Starting Servlet engine: [Apache Tomcat/10.1.33]
21:35:28:087  INFO 20704 --- [cart-service] [main] o.a.c.c.C.[Tomcat].[localhost].[/]       : Initializing Spring embedded WebApplicationContext
21:35:28:088  INFO 20704 --- [cart-service] [main] w.s.c.ServletWebServerApplicationContext : Root WebApplicationContext: initialization completed in 1281 ms
21:35:28:262  INFO 20704 --- [cart-service] [main] o.s.c.openfeign.FeignClientFactoryBean   : For 'item-service' URL not provided. Will try picking an instance via load-balancing.
21:35:28:810  INFO 20704 --- [cart-service] [main] m.e.s.MybatisPlusApplicationContextAware : Register ApplicationContext instances org.springframework.boot.web.servlet.context.AnnotationConfigServletWebServerApplicationContext@34f392be
21:35:28:937  INFO 20704 --- [cart-service] [main] o.s.b.w.embedded.tomcat.TomcatWebServer  : Tomcat started on port 9003 (http) with context path '/'
21:35:28:950  INFO 20704 --- [cart-service] [main] c.a.n.p.a.s.c.ClientAuthPluginManager    : [ClientAuthPluginManager] Load ClientAuthService com.alibaba.nacos.client.auth.impl.NacosClientAuthServiceImpl success.
21:35:28:950  INFO 20704 --- [cart-service] [main] c.a.n.p.a.s.c.ClientAuthPluginManager    : [ClientAuthPluginManager] Load ClientAuthService com.alibaba.nacos.client.auth.ram.RamClientAuthServiceImpl success.
21:35:28:976  INFO 20704 --- [cart-service] [main] c.a.c.n.registry.NacosServiceRegistry    : nacos registry, DEFAULT_GROUP cart-service 192.168.108.1:9003 register finished
21:35:28:985  INFO 20704 --- [cart-service] [main] com.george.cart.CartApplication          : Started CartApplication in 3.783 seconds (process running for 4.411)
21:35:28:997  INFO 20704 --- [cart-service] [main] c.a.c.n.refresh.NacosContextRefresher    : [Nacos Config] Listening config: dataId=jdbc.yaml, group=DEFAULT_GROUP
21:35:28:999  INFO 20704 --- [cart-service] [main] c.a.c.n.refresh.NacosContextRefresher    : [Nacos Config] Listening config: dataId=cart-service.yaml, group=DEFAULT_GROUP
21:35:29:001  INFO 20704 --- [cart-service] [main] c.a.c.n.refresh.NacosContextRefresher    : [Nacos Config] Listening config: dataId=log.yaml, group=DEFAULT_GROUP
21:35:59:085  INFO 20704 --- [cart-service] [http-nio-9003-exec-1] o.a.c.c.C.[Tomcat].[localhost].[/]       : Initializing Spring DispatcherServlet 'dispatcherServlet'
21:35:59:086  INFO 20704 --- [cart-service] [http-nio-9003-exec-1] o.s.web.servlet.DispatcherServlet        : Initializing Servlet 'dispatcherServlet'
21:35:59:087  INFO 20704 --- [cart-service] [http-nio-9003-exec-1] o.s.web.servlet.DispatcherServlet        : Completed initialization in 1 ms
21:35:59:116  WARN 20704 --- [cart-service] [http-nio-9003-exec-1] .w.s.m.s.DefaultHandlerExceptionResolver : Resolved [org.springframework.web.bind.MissingServletRequestParameterException: Required request parameter 'ids' for method parameter type List is not present]
21:38:50:837  WARN 20704 --- [cart-service] [Thread-6] c.a.n.common.http.HttpClientBeanHolder   : [HttpClientBeanHolder] Start destroying common HttpClient
21:38:50:837  WARN 20704 --- [cart-service] [Thread-8] c.a.nacos.common.notify.NotifyCenter     : [NotifyCenter] Start destroying Publisher
21:38:50:837  WARN 20704 --- [cart-service] [Thread-1] c.a.n.common.executor.ThreadPoolManager  : [ThreadPoolManager] Start destroying ThreadPool
21:38:50:837  WARN 20704 --- [cart-service] [Thread-8] c.a.nacos.common.notify.NotifyCenter     : [NotifyCenter] Destruction of the end
21:38:50:837  WARN 20704 --- [cart-service] [Thread-1] c.a.n.common.executor.ThreadPoolManager  : [ThreadPoolManager] Destruction of the end
21:38:50:838  WARN 20704 --- [cart-service] [Thread-6] c.a.n.common.http.HttpClientBeanHolder   : [HttpClientBeanHolder] Destruction of the end
21:38:50:838  INFO 20704 --- [cart-service] [SpringApplicationShutdownHook] c.a.c.n.registry.NacosServiceRegistry    : De-registering from Nacos Server now...
21:38:50:844  INFO 20704 --- [cart-service] [SpringApplicationShutdownHook] c.a.c.n.registry.NacosServiceRegistry    : De-registration finished.
21:38:57:414  INFO 7356 --- [cart-service] [main] com.george.cart.CartApplication          : Starting CartApplication using Java 21.0.11 with PID 7356 (E:\hmall\hm-cart\cart-service\target\classes started by lindu in E:\hmall)
21:38:57:415  INFO 7356 --- [cart-service] [main] com.george.cart.CartApplication          : The following 1 profile is active: "local"
21:38:57:457  INFO 7356 --- [cart-service] [main] c.a.c.n.c.NacosConfigDataLoader          : [Nacos Config] Load config[dataId=cart-service.yaml, group=DEFAULT_GROUP] success
21:38:57:457  INFO 7356 --- [cart-service] [main] c.a.c.n.c.NacosConfigDataLoader          : [Nacos Config] Load config[dataId=log.yaml, group=DEFAULT_GROUP] success
21:38:57:458  INFO 7356 --- [cart-service] [main] c.a.c.n.c.NacosConfigDataLoader          : [Nacos Config] Load config[dataId=jdbc.yaml, group=DEFAULT_GROUP] success
21:38:58:214  INFO 7356 --- [cart-service] [main] o.s.cloud.context.scope.GenericScope     : BeanFactory id=b7443645-58ac-3b99-b4c5-e765cb40619a
21:38:58:384  WARN 7356 --- [cart-service] [main] trationDelegate$BeanPostProcessorChecker : Bean 'org.springframework.cloud.client.loadbalancer.LoadBalancerAutoConfiguration$DeferringLoadBalancerInterceptorConfig' of type [org.springframework.cloud.client.loadbalancer.LoadBalancerAutoConfiguration$DeferringLoadBalancerInterceptorConfig] is not eligible for getting processed by all BeanPostProcessors (for example: not eligible for auto-proxying). The currently created BeanPostProcessor [lbRestClientPostProcessor] is declared through a non-static factory method on that class; consider declaring it as static instead.
21:38:58:386  WARN 7356 --- [cart-service] [main] trationDelegate$BeanPostProcessorChecker : Bean 'deferringLoadBalancerInterceptor' of type [org.springframework.cloud.client.loadbalancer.DeferringLoadBalancerInterceptor] is not eligible for getting processed by all BeanPostProcessors (for example: not eligible for auto-proxying). Is this bean getting eagerly injected/applied to a currently created BeanPostProcessor [lbRestClientPostProcessor]? Check the corresponding BeanPostProcessor declaration and its dependencies/advisors. If this bean does not have to be post-processed, declare it with ROLE_INFRASTRUCTURE.
21:38:58:608  INFO 7356 --- [cart-service] [main] o.s.b.w.embedded.tomcat.TomcatWebServer  : Tomcat initialized with port 9003 (http)
21:38:58:621  INFO 7356 --- [cart-service] [main] o.apache.catalina.core.StandardService   : Starting service [Tomcat]
21:38:58:621  INFO 7356 --- [cart-service] [main] o.apache.catalina.core.StandardEngine    : Starting Servlet engine: [Apache Tomcat/10.1.33]
21:38:58:702  INFO 7356 --- [cart-service] [main] o.a.c.c.C.[Tomcat].[localhost].[/]       : Initializing Spring embedded WebApplicationContext
21:38:58:703  INFO 7356 --- [cart-service] [main] w.s.c.ServletWebServerApplicationContext : Root WebApplicationContext: initialization completed in 1244 ms
21:38:58:887  INFO 7356 --- [cart-service] [main] o.s.c.openfeign.FeignClientFactoryBean   : For 'item-service' URL not provided. Will try picking an instance via load-balancing.
21:38:59:426  INFO 7356 --- [cart-service] [main] m.e.s.MybatisPlusApplicationContextAware : Register ApplicationContext instances org.springframework.boot.web.servlet.context.AnnotationConfigServletWebServerApplicationContext@34f392be
21:38:59:556  INFO 7356 --- [cart-service] [main] o.s.b.w.embedded.tomcat.TomcatWebServer  : Tomcat started on port 9003 (http) with context path '/'
21:38:59:570  INFO 7356 --- [cart-service] [main] c.a.n.p.a.s.c.ClientAuthPluginManager    : [ClientAuthPluginManager] Load ClientAuthService com.alibaba.nacos.client.auth.impl.NacosClientAuthServiceImpl success.
21:38:59:570  INFO 7356 --- [cart-service] [main] c.a.n.p.a.s.c.ClientAuthPluginManager    : [ClientAuthPluginManager] Load ClientAuthService com.alibaba.nacos.client.auth.ram.RamClientAuthServiceImpl success.
21:38:59:597  INFO 7356 --- [cart-service] [main] c.a.c.n.registry.NacosServiceRegistry    : nacos registry, DEFAULT_GROUP cart-service 192.168.108.1:9003 register finished
21:38:59:607  INFO 7356 --- [cart-service] [main] com.george.cart.CartApplication          : Started CartApplication in 3.748 seconds (process running for 4.35)
21:38:59:619  INFO 7356 --- [cart-service] [main] c.a.c.n.refresh.NacosContextRefresher    : [Nacos Config] Listening config: dataId=jdbc.yaml, group=DEFAULT_GROUP
21:38:59:621  INFO 7356 --- [cart-service] [main] c.a.c.n.refresh.NacosContextRefresher    : [Nacos Config] Listening config: dataId=cart-service.yaml, group=DEFAULT_GROUP
21:38:59:624  INFO 7356 --- [cart-service] [main] c.a.c.n.refresh.NacosContextRefresher    : [Nacos Config] Listening config: dataId=log.yaml, group=DEFAULT_GROUP
21:39:40:839  INFO 7356 --- [cart-service] [http-nio-9003-exec-1] o.a.c.c.C.[Tomcat].[localhost].[/]       : Initializing Spring DispatcherServlet 'dispatcherServlet'
21:39:40:840  INFO 7356 --- [cart-service] [http-nio-9003-exec-1] o.s.web.servlet.DispatcherServlet        : Initializing Servlet 'dispatcherServlet'
21:39:40:842  INFO 7356 --- [cart-service] [http-nio-9003-exec-1] o.s.web.servlet.DispatcherServlet        : Completed initialization in 2 ms
21:39:40:967  INFO 7356 --- [cart-service] [http-nio-9003-exec-1] com.zaxxer.hikari.HikariDataSource       : HikariPool-1 - Starting...
21:39:41:252  INFO 7356 --- [cart-service] [http-nio-9003-exec-1] com.zaxxer.hikari.pool.HikariPool        : HikariPool-1 - Added connection com.mysql.cj.jdbc.ConnectionImpl@c513de0
21:39:41:254  INFO 7356 --- [cart-service] [http-nio-9003-exec-1] com.zaxxer.hikari.HikariDataSource       : HikariPool-1 - Start completed.
21:39:45:181  WARN 7356 --- [cart-service] [http-nio-9003-exec-2] .w.s.m.s.DefaultHandlerExceptionResolver : Resolved [org.springframework.web.bind.MissingServletRequestParameterException: Required request parameter 'ids' for method parameter type List is not present]
21:43:14:959  WARN 7356 --- [cart-service] [http-nio-9003-exec-6] .w.s.m.s.DefaultHandlerExceptionResolver : Resolved [org.springframework.web.bind.MissingServletRequestParameterException: Required request parameter 'ids' for method parameter type List is not present]
21:44:23:732  WARN 7356 --- [cart-service] [Thread-6] c.a.n.common.http.HttpClientBeanHolder   : [HttpClientBeanHolder] Start destroying common HttpClient
21:44:23:732  WARN 7356 --- [cart-service] [Thread-8] c.a.nacos.common.notify.NotifyCenter     : [NotifyCenter] Start destroying Publisher
21:44:23:732  WARN 7356 --- [cart-service] [Thread-8] c.a.nacos.common.notify.NotifyCenter     : [NotifyCenter] Destruction of the end
21:44:23:733  WARN 7356 --- [cart-service] [Thread-6] c.a.n.common.http.HttpClientBeanHolder   : [HttpClientBeanHolder] Destruction of the end
21:44:23:734  WARN 7356 --- [cart-service] [Thread-1] c.a.n.common.executor.ThreadPoolManager  : [ThreadPoolManager] Start destroying ThreadPool
21:44:23:735  WARN 7356 --- [cart-service] [Thread-1] c.a.n.common.executor.ThreadPoolManager  : [ThreadPoolManager] Destruction of the end
21:44:23:739  INFO 7356 --- [cart-service] [SpringApplicationShutdownHook] c.a.c.n.registry.NacosServiceRegistry    : De-registering from Nacos Server now...
21:44:23:750  INFO 7356 --- [cart-service] [SpringApplicationShutdownHook] c.a.c.n.registry.NacosServiceRegistry    : De-registration finished.
21:52:07:760  INFO 15208 --- [cart-service] [main] com.george.cart.CartApplication          : Starting CartApplication using Java 21.0.11 with PID 15208 (E:\hmall\hm-cart\cart-service\target\classes started by lindu in E:\hmall)
21:52:07:761  INFO 15208 --- [cart-service] [main] com.george.cart.CartApplication          : The following 1 profile is active: "local"
21:52:07:805  INFO 15208 --- [cart-service] [main] c.a.c.n.c.NacosConfigDataLoader          : [Nacos Config] Load config[dataId=cart-service.yaml, group=DEFAULT_GROUP] success
21:52:07:805  INFO 15208 --- [cart-service] [main] c.a.c.n.c.NacosConfigDataLoader          : [Nacos Config] Load config[dataId=log.yaml, group=DEFAULT_GROUP] success
21:52:07:806  INFO 15208 --- [cart-service] [main] c.a.c.n.c.NacosConfigDataLoader          : [Nacos Config] Load config[dataId=jdbc.yaml, group=DEFAULT_GROUP] success
21:52:08:536  INFO 15208 --- [cart-service] [main] o.s.cloud.context.scope.GenericScope     : BeanFactory id=b7443645-58ac-3b99-b4c5-e765cb40619a
21:52:08:700  WARN 15208 --- [cart-service] [main] trationDelegate$BeanPostProcessorChecker : Bean 'org.springframework.cloud.client.loadbalancer.LoadBalancerAutoConfiguration$DeferringLoadBalancerInterceptorConfig' of type [org.springframework.cloud.client.loadbalancer.LoadBalancerAutoConfiguration$DeferringLoadBalancerInterceptorConfig] is not eligible for getting processed by all BeanPostProcessors (for example: not eligible for auto-proxying). The currently created BeanPostProcessor [lbRestClientPostProcessor] is declared through a non-static factory method on that class; consider declaring it as static instead.
21:52:08:702  WARN 15208 --- [cart-service] [main] trationDelegate$BeanPostProcessorChecker : Bean 'deferringLoadBalancerInterceptor' of type [org.springframework.cloud.client.loadbalancer.DeferringLoadBalancerInterceptor] is not eligible for getting processed by all BeanPostProcessors (for example: not eligible for auto-proxying). Is this bean getting eagerly injected/applied to a currently created BeanPostProcessor [lbRestClientPostProcessor]? Check the corresponding BeanPostProcessor declaration and its dependencies/advisors. If this bean does not have to be post-processed, declare it with ROLE_INFRASTRUCTURE.
21:52:08:925  INFO 15208 --- [cart-service] [main] o.s.b.w.embedded.tomcat.TomcatWebServer  : Tomcat initialized with port 9003 (http)
21:52:08:939  INFO 15208 --- [cart-service] [main] o.apache.catalina.core.StandardService   : Starting service [Tomcat]
21:52:08:939  INFO 15208 --- [cart-service] [main] o.apache.catalina.core.StandardEngine    : Starting Servlet engine: [Apache Tomcat/10.1.33]
21:52:09:013  INFO 15208 --- [cart-service] [main] o.a.c.c.C.[Tomcat].[localhost].[/]       : Initializing Spring embedded WebApplicationContext
21:52:09:013  INFO 15208 --- [cart-service] [main] w.s.c.ServletWebServerApplicationContext : Root WebApplicationContext: initialization completed in 1206 ms
21:52:09:179  INFO 15208 --- [cart-service] [main] o.s.c.openfeign.FeignClientFactoryBean   : For 'item-service' URL not provided. Will try picking an instance via load-balancing.
21:52:09:698  INFO 15208 --- [cart-service] [main] m.e.s.MybatisPlusApplicationContextAware : Register ApplicationContext instances org.springframework.boot.web.servlet.context.AnnotationConfigServletWebServerApplicationContext@34f392be
21:52:09:819  INFO 15208 --- [cart-service] [main] o.s.b.w.embedded.tomcat.TomcatWebServer  : Tomcat started on port 9003 (http) with context path '/'
21:52:09:832  INFO 15208 --- [cart-service] [main] c.a.n.p.a.s.c.ClientAuthPluginManager    : [ClientAuthPluginManager] Load ClientAuthService com.alibaba.nacos.client.auth.impl.NacosClientAuthServiceImpl success.
21:52:09:833  INFO 15208 --- [cart-service] [main] c.a.n.p.a.s.c.ClientAuthPluginManager    : [ClientAuthPluginManager] Load ClientAuthService com.alibaba.nacos.client.auth.ram.RamClientAuthServiceImpl success.
21:52:09:869  INFO 15208 --- [cart-service] [main] c.a.c.n.registry.NacosServiceRegistry    : nacos registry, DEFAULT_GROUP cart-service 192.168.108.1:9003 register finished
21:52:09:878  INFO 15208 --- [cart-service] [main] com.george.cart.CartApplication          : Started CartApplication in 3.643 seconds (process running for 4.222)
21:52:09:891  INFO 15208 --- [cart-service] [main] c.a.c.n.refresh.NacosContextRefresher    : [Nacos Config] Listening config: dataId=jdbc.yaml, group=DEFAULT_GROUP
21:52:09:892  INFO 15208 --- [cart-service] [main] c.a.c.n.refresh.NacosContextRefresher    : [Nacos Config] Listening config: dataId=cart-service.yaml, group=DEFAULT_GROUP
21:52:09:899  INFO 15208 --- [cart-service] [main] c.a.c.n.refresh.NacosContextRefresher    : [Nacos Config] Listening config: dataId=log.yaml, group=DEFAULT_GROUP
21:53:49:171  INFO 15208 --- [cart-service] [http-nio-9003-exec-1] o.a.c.c.C.[Tomcat].[localhost].[/]       : Initializing Spring DispatcherServlet 'dispatcherServlet'
21:53:49:171  INFO 15208 --- [cart-service] [http-nio-9003-exec-1] o.s.web.servlet.DispatcherServlet        : Initializing Servlet 'dispatcherServlet'
21:53:49:172  INFO 15208 --- [cart-service] [http-nio-9003-exec-1] o.s.web.servlet.DispatcherServlet        : Completed initialization in 1 ms
21:53:49:280  INFO 15208 --- [cart-service] [http-nio-9003-exec-1] com.zaxxer.hikari.HikariDataSource       : HikariPool-1 - Starting...
21:53:49:571  INFO 15208 --- [cart-service] [http-nio-9003-exec-1] com.zaxxer.hikari.pool.HikariPool        : HikariPool-1 - Added connection com.mysql.cj.jdbc.ConnectionImpl@3db69339
21:53:49:573  INFO 15208 --- [cart-service] [http-nio-9003-exec-1] com.zaxxer.hikari.HikariDataSource       : HikariPool-1 - Start completed.
22:00:12:692  WARN 15208 --- [cart-service] [Thread-6] c.a.n.common.http.HttpClientBeanHolder   : [HttpClientBeanHolder] Start destroying common HttpClient
22:00:12:692  WARN 15208 --- [cart-service] [Thread-1] c.a.n.common.executor.ThreadPoolManager  : [ThreadPoolManager] Start destroying ThreadPool
22:00:12:692  WARN 15208 --- [cart-service] [Thread-8] c.a.nacos.common.notify.NotifyCenter     : [NotifyCenter] Start destroying Publisher
22:00:12:692  WARN 15208 --- [cart-service] [Thread-8] c.a.nacos.common.notify.NotifyCenter     : [NotifyCenter] Destruction of the end
22:00:12:693  WARN 15208 --- [cart-service] [Thread-1] c.a.n.common.executor.ThreadPoolManager  : [ThreadPoolManager] Destruction of the end
22:00:12:693  WARN 15208 --- [cart-service] [Thread-6] c.a.n.common.http.HttpClientBeanHolder   : [HttpClientBeanHolder] Destruction of the end
22:00:12:694  INFO 15208 --- [cart-service] [SpringApplicationShutdownHook] c.a.c.n.registry.NacosServiceRegistry    : De-registering from Nacos Server now...
22:00:12:699  INFO 15208 --- [cart-service] [SpringApplicationShutdownHook] c.a.c.n.registry.NacosServiceRegistry    : De-registration finished.
22:00:16:721  INFO 27100 --- [cart-service] [main] com.george.cart.CartApplication          : Starting CartApplication using Java 21.0.11 with PID 27100 (E:\hmall\hm-cart\cart-service\target\classes started by lindu in E:\hmall)
22:00:16:722  INFO 27100 --- [cart-service] [main] com.george.cart.CartApplication          : The following 1 profile is active: "local"
22:00:16:771  INFO 27100 --- [cart-service] [main] c.a.c.n.c.NacosConfigDataLoader          : [Nacos Config] Load config[dataId=cart-service.yaml, group=DEFAULT_GROUP] success
22:00:16:771  INFO 27100 --- [cart-service] [main] c.a.c.n.c.NacosConfigDataLoader          : [Nacos Config] Load config[dataId=log.yaml, group=DEFAULT_GROUP] success
22:00:16:771  INFO 27100 --- [cart-service] [main] c.a.c.n.c.NacosConfigDataLoader          : [Nacos Config] Load config[dataId=jdbc.yaml, group=DEFAULT_GROUP] success
22:00:17:519  INFO 27100 --- [cart-service] [main] o.s.cloud.context.scope.GenericScope     : BeanFactory id=b7443645-58ac-3b99-b4c5-e765cb40619a
22:00:17:690  WARN 27100 --- [cart-service] [main] trationDelegate$BeanPostProcessorChecker : Bean 'org.springframework.cloud.client.loadbalancer.LoadBalancerAutoConfiguration$DeferringLoadBalancerInterceptorConfig' of type [org.springframework.cloud.client.loadbalancer.LoadBalancerAutoConfiguration$DeferringLoadBalancerInterceptorConfig] is not eligible for getting processed by all BeanPostProcessors (for example: not eligible for auto-proxying). The currently created BeanPostProcessor [lbRestClientPostProcessor] is declared through a non-static factory method on that class; consider declaring it as static instead.
22:00:17:692  WARN 27100 --- [cart-service] [main] trationDelegate$BeanPostProcessorChecker : Bean 'deferringLoadBalancerInterceptor' of type [org.springframework.cloud.client.loadbalancer.DeferringLoadBalancerInterceptor] is not eligible for getting processed by all BeanPostProcessors (for example: not eligible for auto-proxying). Is this bean getting eagerly injected/applied to a currently created BeanPostProcessor [lbRestClientPostProcessor]? Check the corresponding BeanPostProcessor declaration and its dependencies/advisors. If this bean does not have to be post-processed, declare it with ROLE_INFRASTRUCTURE.
22:00:17:894  INFO 27100 --- [cart-service] [main] o.s.b.w.embedded.tomcat.TomcatWebServer  : Tomcat initialized with port 9003 (http)
22:00:17:907  INFO 27100 --- [cart-service] [main] o.apache.catalina.core.StandardService   : Starting service [Tomcat]
22:00:17:908  INFO 27100 --- [cart-service] [main] o.apache.catalina.core.StandardEngine    : Starting Servlet engine: [Apache Tomcat/10.1.33]
22:00:17:981  INFO 27100 --- [cart-service] [main] o.a.c.c.C.[Tomcat].[localhost].[/]       : Initializing Spring embedded WebApplicationContext
22:00:17:981  INFO 27100 --- [cart-service] [main] w.s.c.ServletWebServerApplicationContext : Root WebApplicationContext: initialization completed in 1208 ms
22:00:18:174  INFO 27100 --- [cart-service] [main] o.s.c.openfeign.FeignClientFactoryBean   : For 'item-service' URL not provided. Will try picking an instance via load-balancing.
22:00:18:696  INFO 27100 --- [cart-service] [main] m.e.s.MybatisPlusApplicationContextAware : Register ApplicationContext instances org.springframework.boot.web.servlet.context.AnnotationConfigServletWebServerApplicationContext@34f392be
22:00:18:832  INFO 27100 --- [cart-service] [main] o.s.b.w.embedded.tomcat.TomcatWebServer  : Tomcat started on port 9003 (http) with context path '/'
22:00:18:847  INFO 27100 --- [cart-service] [main] c.a.n.p.a.s.c.ClientAuthPluginManager    : [ClientAuthPluginManager] Load ClientAuthService com.alibaba.nacos.client.auth.impl.NacosClientAuthServiceImpl success.
22:00:18:847  INFO 27100 --- [cart-service] [main] c.a.n.p.a.s.c.ClientAuthPluginManager    : [ClientAuthPluginManager] Load ClientAuthService com.alibaba.nacos.client.auth.ram.RamClientAuthServiceImpl success.
22:00:18:878  INFO 27100 --- [cart-service] [main] c.a.c.n.registry.NacosServiceRegistry    : nacos registry, DEFAULT_GROUP cart-service 192.168.108.1:9003 register finished
22:00:18:887  INFO 27100 --- [cart-service] [main] com.george.cart.CartApplication          : Started CartApplication in 3.776 seconds (process running for 4.562)
22:00:18:900  INFO 27100 --- [cart-service] [main] c.a.c.n.refresh.NacosContextRefresher    : [Nacos Config] Listening config: dataId=jdbc.yaml, group=DEFAULT_GROUP
22:00:18:902  INFO 27100 --- [cart-service] [main] c.a.c.n.refresh.NacosContextRefresher    : [Nacos Config] Listening config: dataId=cart-service.yaml, group=DEFAULT_GROUP
22:00:18:903  INFO 27100 --- [cart-service] [main] c.a.c.n.refresh.NacosContextRefresher    : [Nacos Config] Listening config: dataId=log.yaml, group=DEFAULT_GROUP
22:00:47:425  INFO 27100 --- [cart-service] [http-nio-9003-exec-3] o.a.c.c.C.[Tomcat].[localhost].[/]       : Initializing Spring DispatcherServlet 'dispatcherServlet'
22:00:47:425  INFO 27100 --- [cart-service] [http-nio-9003-exec-3] o.s.web.servlet.DispatcherServlet        : Initializing Servlet 'dispatcherServlet'
22:00:47:426  INFO 27100 --- [cart-service] [http-nio-9003-exec-3] o.s.web.servlet.DispatcherServlet        : Completed initialization in 1 ms
22:00:47:540  INFO 27100 --- [cart-service] [http-nio-9003-exec-3] com.zaxxer.hikari.HikariDataSource       : HikariPool-1 - Starting...
22:00:47:804  INFO 27100 --- [cart-service] [http-nio-9003-exec-3] com.zaxxer.hikari.pool.HikariPool        : HikariPool-1 - Added connection com.mysql.cj.jdbc.ConnectionImpl@7c859820
22:00:47:805  INFO 27100 --- [cart-service] [http-nio-9003-exec-3] com.zaxxer.hikari.HikariDataSource       : HikariPool-1 - Start completed.
22:03:30:533 ERROR 27100 --- [cart-service] [http-nio-9003-exec-5] o.a.c.c.C.[.[.[/].[dispatcherServlet]    : Servlet.service() for servlet [dispatcherServlet] in context with path [] threw exception [Request processing failed: com.hmall.common.exception.BizIllegalException: 用户购物车课程不能超过1] with root cause

com.hmall.common.exception.BizIllegalException: 用户购物车课程不能超过1
	at com.george.cart.service.impl.CartServiceImpl.checkCartsFull(CartServiceImpl.java:136) ~[classes/:na]
	at com.george.cart.service.impl.CartServiceImpl.addItem2Cart(CartServiceImpl.java:49) ~[classes/:na]
	at java.base/jdk.internal.reflect.DirectMethodHandleAccessor.invoke(DirectMethodHandleAccessor.java:103) ~[na:na]
	at java.base/java.lang.reflect.Method.invoke(Method.java:580) ~[na:na]
	at org.springframework.aop.support.AopUtils.invokeJoinpointUsingReflection(AopUtils.java:355) ~[spring-aop-6.1.15.jar:6.1.15]
	at org.springframework.aop.framework.CglibAopProxy$DynamicAdvisedInterceptor.intercept(CglibAopProxy.java:716) ~[spring-aop-6.1.15.jar:6.1.15]
	at com.george.cart.service.impl.CartServiceImpl$$SpringCGLIB$$0.addItem2Cart(<generated>) ~[classes/:na]
	at com.george.cart.controller.CartController.addItem2Cart(CartController.java:22) ~[classes/:na]
	at java.base/jdk.internal.reflect.DirectMethodHandleAccessor.invoke(DirectMethodHandleAccessor.java:103) ~[na:na]
	at java.base/java.lang.reflect.Method.invoke(Method.java:580) ~[na:na]
	at org.springframework.web.method.support.InvocableHandlerMethod.doInvoke(InvocableHandlerMethod.java:255) ~[spring-web-6.1.15.jar:6.1.15]
	at org.springframework.web.method.support.InvocableHandlerMethod.invokeForRequest(InvocableHandlerMethod.java:188) ~[spring-web-6.1.15.jar:6.1.15]
	at org.springframework.web.servlet.mvc.method.annotation.ServletInvocableHandlerMethod.invokeAndHandle(ServletInvocableHandlerMethod.java:118) ~[spring-webmvc-6.1.15.jar:6.1.15]
	at org.springframework.web.servlet.mvc.method.annotation.RequestMappingHandlerAdapter.invokeHandlerMethod(RequestMappingHandlerAdapter.java:926) ~[spring-webmvc-6.1.15.jar:6.1.15]
	at org.springframework.web.servlet.mvc.method.annotation.RequestMappingHandlerAdapter.handleInternal(RequestMappingHandlerAdapter.java:831) ~[spring-webmvc-6.1.15.jar:6.1.15]
	at org.springframework.web.servlet.mvc.method.AbstractHandlerMethodAdapter.handle(AbstractHandlerMethodAdapter.java:87) ~[spring-webmvc-6.1.15.jar:6.1.15]
	at org.springframework.web.servlet.DispatcherServlet.doDispatch(DispatcherServlet.java:1089) ~[spring-webmvc-6.1.15.jar:6.1.15]
	at org.springframework.web.servlet.DispatcherServlet.doService(DispatcherServlet.java:979) ~[spring-webmvc-6.1.15.jar:6.1.15]
	at org.springframework.web.servlet.FrameworkServlet.processRequest(FrameworkServlet.java:1014) ~[spring-webmvc-6.1.15.jar:6.1.15]
	at org.springframework.web.servlet.FrameworkServlet.doPost(FrameworkServlet.java:914) ~[spring-webmvc-6.1.15.jar:6.1.15]
	at jakarta.servlet.http.HttpServlet.service(HttpServlet.java:590) ~[tomcat-embed-core-10.1.33.jar:6.0]
	at org.springframework.web.servlet.FrameworkServlet.service(FrameworkServlet.java:885) ~[spring-webmvc-6.1.15.jar:6.1.15]
	at jakarta.servlet.http.HttpServlet.service(HttpServlet.java:658) ~[tomcat-embed-core-10.1.33.jar:6.0]
	at org.apache.catalina.core.ApplicationFilterChain.internalDoFilter(ApplicationFilterChain.java:195) ~[tomcat-embed-core-10.1.33.jar:10.1.33]
	at org.apache.catalina.core.ApplicationFilterChain.doFilter(ApplicationFilterChain.java:140) ~[tomcat-embed-core-10.1.33.jar:10.1.33]
	at org.apache.tomcat.websocket.server.WsFilter.doFilter(WsFilter.java:51) ~[tomcat-embed-websocket-10.1.33.jar:10.1.33]
	at org.apache.catalina.core.ApplicationFilterChain.internalDoFilter(ApplicationFilterChain.java:164) ~[tomcat-embed-core-10.1.33.jar:10.1.33]
	at org.apache.catalina.core.ApplicationFilterChain.doFilter(ApplicationFilterChain.java:140) ~[tomcat-embed-core-10.1.33.jar:10.1.33]
	at org.springframework.web.filter.RequestContextFilter.doFilterInternal(RequestContextFilter.java:100) ~[spring-web-6.1.15.jar:6.1.15]
	at org.springframework.web.filter.OncePerRequestFilter.doFilter(OncePerRequestFilter.java:116) ~[spring-web-6.1.15.jar:6.1.15]
	at org.apache.catalina.core.ApplicationFilterChain.internalDoFilter(ApplicationFilterChain.java:164) ~[tomcat-embed-core-10.1.33.jar:10.1.33]
	at org.apache.catalina.core.ApplicationFilterChain.doFilter(ApplicationFilterChain.java:140) ~[tomcat-embed-core-10.1.33.jar:10.1.33]
	at org.springframework.web.filter.FormContentFilter.doFilterInternal(FormContentFilter.java:93) ~[spring-web-6.1.15.jar:6.1.15]
	at org.springframework.web.filter.OncePerRequestFilter.doFilter(OncePerRequestFilter.java:116) ~[spring-web-6.1.15.jar:6.1.15]
	at org.apache.catalina.core.ApplicationFilterChain.internalDoFilter(ApplicationFilterChain.java:164) ~[tomcat-embed-core-10.1.33.jar:10.1.33]
	at org.apache.catalina.core.ApplicationFilterChain.doFilter(ApplicationFilterChain.java:140) ~[tomcat-embed-core-10.1.33.jar:10.1.33]
	at org.springframework.web.filter.CharacterEncodingFilter.doFilterInternal(CharacterEncodingFilter.java:201) ~[spring-web-6.1.15.jar:6.1.15]
	at org.springframework.web.filter.OncePerRequestFilter.doFilter(OncePerRequestFilter.java:116) ~[spring-web-6.1.15.jar:6.1.15]
	at org.apache.catalina.core.ApplicationFilterChain.internalDoFilter(ApplicationFilterChain.java:164) ~[tomcat-embed-core-10.1.33.jar:10.1.33]
	at org.apache.catalina.core.ApplicationFilterChain.doFilter(ApplicationFilterChain.java:140) ~[tomcat-embed-core-10.1.33.jar:10.1.33]
	at org.apache.catalina.core.StandardWrapperValve.invoke(StandardWrapperValve.java:167) ~[tomcat-embed-core-10.1.33.jar:10.1.33]
	at org.apache.catalina.core.StandardContextValve.invoke(StandardContextValve.java:90) ~[tomcat-embed-core-10.1.33.jar:10.1.33]
	at org.apache.catalina.authenticator.AuthenticatorBase.invoke(AuthenticatorBase.java:483) ~[tomcat-embed-core-10.1.33.jar:10.1.33]
	at org.apache.catalina.core.StandardHostValve.invoke(StandardHostValve.java:115) ~[tomcat-embed-core-10.1.33.jar:10.1.33]
	at org.apache.catalina.valves.ErrorReportValve.invoke(ErrorReportValve.java:93) ~[tomcat-embed-core-10.1.33.jar:10.1.33]
	at org.apache.catalina.core.StandardEngineValve.invoke(StandardEngineValve.java:74) ~[tomcat-embed-core-10.1.33.jar:10.1.33]
	at org.apache.catalina.connector.CoyoteAdapter.service(CoyoteAdapter.java:344) ~[tomcat-embed-core-10.1.33.jar:10.1.33]
	at org.apache.coyote.http11.Http11Processor.service(Http11Processor.java:397) ~[tomcat-embed-core-10.1.33.jar:10.1.33]
	at org.apache.coyote.AbstractProcessorLight.process(AbstractProcessorLight.java:63) ~[tomcat-embed-core-10.1.33.jar:10.1.33]
	at org.apache.coyote.AbstractProtocol$ConnectionHandler.process(AbstractProtocol.java:905) ~[tomcat-embed-core-10.1.33.jar:10.1.33]
	at org.apache.tomcat.util.net.NioEndpoint$SocketProcessor.doRun(NioEndpoint.java:1741) ~[tomcat-embed-core-10.1.33.jar:10.1.33]
	at org.apache.tomcat.util.net.SocketProcessorBase.run(SocketProcessorBase.java:52) ~[tomcat-embed-core-10.1.33.jar:10.1.33]
	at org.apache.tomcat.util.threads.ThreadPoolExecutor.runWorker(ThreadPoolExecutor.java:1190) ~[tomcat-embed-core-10.1.33.jar:10.1.33]
	at org.apache.tomcat.util.threads.ThreadPoolExecutor$Worker.run(ThreadPoolExecutor.java:659) ~[tomcat-embed-core-10.1.33.jar:10.1.33]
	at org.apache.tomcat.util.threads.TaskThread$WrappingRunnable.run(TaskThread.java:63) ~[tomcat-embed-core-10.1.33.jar:10.1.33]
	at java.base/java.lang.Thread.run(Thread.java:1583) ~[na:na]

22:03:34:788 ERROR 27100 --- [cart-service] [http-nio-9003-exec-6] o.a.c.c.C.[.[.[/].[dispatcherServlet]    : Servlet.service() for servlet [dispatcherServlet] in context with path [] threw exception [Request processing failed: com.hmall.common.exception.BizIllegalException: 用户购物车课程不能超过1] with root cause

com.hmall.common.exception.BizIllegalException: 用户购物车课程不能超过1
	at com.george.cart.service.impl.CartServiceImpl.checkCartsFull(CartServiceImpl.java:136) ~[classes/:na]
	at com.george.cart.service.impl.CartServiceImpl.addItem2Cart(CartServiceImpl.java:49) ~[classes/:na]
	at java.base/jdk.internal.reflect.DirectMethodHandleAccessor.invoke(DirectMethodHandleAccessor.java:103) ~[na:na]
	at java.base/java.lang.reflect.Method.invoke(Method.java:580) ~[na:na]
	at org.springframework.aop.support.AopUtils.invokeJoinpointUsingReflection(AopUtils.java:355) ~[spring-aop-6.1.15.jar:6.1.15]
	at org.springframework.aop.framework.CglibAopProxy$DynamicAdvisedInterceptor.intercept(CglibAopProxy.java:716) ~[spring-aop-6.1.15.jar:6.1.15]
	at com.george.cart.service.impl.CartServiceImpl$$SpringCGLIB$$0.addItem2Cart(<generated>) ~[classes/:na]
	at com.george.cart.controller.CartController.addItem2Cart(CartController.java:22) ~[classes/:na]
	at java.base/jdk.internal.reflect.DirectMethodHandleAccessor.invoke(DirectMethodHandleAccessor.java:103) ~[na:na]
	at java.base/java.lang.reflect.Method.invoke(Method.java:580) ~[na:na]
	at org.springframework.web.method.support.InvocableHandlerMethod.doInvoke(InvocableHandlerMethod.java:255) ~[spring-web-6.1.15.jar:6.1.15]
	at org.springframework.web.method.support.InvocableHandlerMethod.invokeForRequest(InvocableHandlerMethod.java:188) ~[spring-web-6.1.15.jar:6.1.15]
	at org.springframework.web.servlet.mvc.method.annotation.ServletInvocableHandlerMethod.invokeAndHandle(ServletInvocableHandlerMethod.java:118) ~[spring-webmvc-6.1.15.jar:6.1.15]
	at org.springframework.web.servlet.mvc.method.annotation.RequestMappingHandlerAdapter.invokeHandlerMethod(RequestMappingHandlerAdapter.java:926) ~[spring-webmvc-6.1.15.jar:6.1.15]
	at org.springframework.web.servlet.mvc.method.annotation.RequestMappingHandlerAdapter.handleInternal(RequestMappingHandlerAdapter.java:831) ~[spring-webmvc-6.1.15.jar:6.1.15]
	at org.springframework.web.servlet.mvc.method.AbstractHandlerMethodAdapter.handle(AbstractHandlerMethodAdapter.java:87) ~[spring-webmvc-6.1.15.jar:6.1.15]
	at org.springframework.web.servlet.DispatcherServlet.doDispatch(DispatcherServlet.java:1089) ~[spring-webmvc-6.1.15.jar:6.1.15]
	at org.springframework.web.servlet.DispatcherServlet.doService(DispatcherServlet.java:979) ~[spring-webmvc-6.1.15.jar:6.1.15]
	at org.springframework.web.servlet.FrameworkServlet.processRequest(FrameworkServlet.java:1014) ~[spring-webmvc-6.1.15.jar:6.1.15]
	at org.springframework.web.servlet.FrameworkServlet.doPost(FrameworkServlet.java:914) ~[spring-webmvc-6.1.15.jar:6.1.15]
	at jakarta.servlet.http.HttpServlet.service(HttpServlet.java:590) ~[tomcat-embed-core-10.1.33.jar:6.0]
	at org.springframework.web.servlet.FrameworkServlet.service(FrameworkServlet.java:885) ~[spring-webmvc-6.1.15.jar:6.1.15]
	at jakarta.servlet.http.HttpServlet.service(HttpServlet.java:658) ~[tomcat-embed-core-10.1.33.jar:6.0]
	at org.apache.catalina.core.ApplicationFilterChain.internalDoFilter(ApplicationFilterChain.java:195) ~[tomcat-embed-core-10.1.33.jar:10.1.33]
	at org.apache.catalina.core.ApplicationFilterChain.doFilter(ApplicationFilterChain.java:140) ~[tomcat-embed-core-10.1.33.jar:10.1.33]
	at org.apache.tomcat.websocket.server.WsFilter.doFilter(WsFilter.java:51) ~[tomcat-embed-websocket-10.1.33.jar:10.1.33]
	at org.apache.catalina.core.ApplicationFilterChain.internalDoFilter(ApplicationFilterChain.java:164) ~[tomcat-embed-core-10.1.33.jar:10.1.33]
	at org.apache.catalina.core.ApplicationFilterChain.doFilter(ApplicationFilterChain.java:140) ~[tomcat-embed-core-10.1.33.jar:10.1.33]
	at org.springframework.web.filter.RequestContextFilter.doFilterInternal(RequestContextFilter.java:100) ~[spring-web-6.1.15.jar:6.1.15]
	at org.springframework.web.filter.OncePerRequestFilter.doFilter(OncePerRequestFilter.java:116) ~[spring-web-6.1.15.jar:6.1.15]
	at org.apache.catalina.core.ApplicationFilterChain.internalDoFilter(ApplicationFilterChain.java:164) ~[tomcat-embed-core-10.1.33.jar:10.1.33]
	at org.apache.catalina.core.ApplicationFilterChain.doFilter(ApplicationFilterChain.java:140) ~[tomcat-embed-core-10.1.33.jar:10.1.33]
	at org.springframework.web.filter.FormContentFilter.doFilterInternal(FormContentFilter.java:93) ~[spring-web-6.1.15.jar:6.1.15]
	at org.springframework.web.filter.OncePerRequestFilter.doFilter(OncePerRequestFilter.java:116) ~[spring-web-6.1.15.jar:6.1.15]
	at org.apache.catalina.core.ApplicationFilterChain.internalDoFilter(ApplicationFilterChain.java:164) ~[tomcat-embed-core-10.1.33.jar:10.1.33]
	at org.apache.catalina.core.ApplicationFilterChain.doFilter(ApplicationFilterChain.java:140) ~[tomcat-embed-core-10.1.33.jar:10.1.33]
	at org.springframework.web.filter.CharacterEncodingFilter.doFilterInternal(CharacterEncodingFilter.java:201) ~[spring-web-6.1.15.jar:6.1.15]
	at org.springframework.web.filter.OncePerRequestFilter.doFilter(OncePerRequestFilter.java:116) ~[spring-web-6.1.15.jar:6.1.15]
	at org.apache.catalina.core.ApplicationFilterChain.internalDoFilter(ApplicationFilterChain.java:164) ~[tomcat-embed-core-10.1.33.jar:10.1.33]
	at org.apache.catalina.core.ApplicationFilterChain.doFilter(ApplicationFilterChain.java:140) ~[tomcat-embed-core-10.1.33.jar:10.1.33]
	at org.apache.catalina.core.StandardWrapperValve.invoke(StandardWrapperValve.java:167) ~[tomcat-embed-core-10.1.33.jar:10.1.33]
	at org.apache.catalina.core.StandardContextValve.invoke(StandardContextValve.java:90) ~[tomcat-embed-core-10.1.33.jar:10.1.33]
	at org.apache.catalina.authenticator.AuthenticatorBase.invoke(AuthenticatorBase.java:483) ~[tomcat-embed-core-10.1.33.jar:10.1.33]
	at org.apache.catalina.core.StandardHostValve.invoke(StandardHostValve.java:115) ~[tomcat-embed-core-10.1.33.jar:10.1.33]
	at org.apache.catalina.valves.ErrorReportValve.invoke(ErrorReportValve.java:93) ~[tomcat-embed-core-10.1.33.jar:10.1.33]
	at org.apache.catalina.core.StandardEngineValve.invoke(StandardEngineValve.java:74) ~[tomcat-embed-core-10.1.33.jar:10.1.33]
	at org.apache.catalina.connector.CoyoteAdapter.service(CoyoteAdapter.java:344) ~[tomcat-embed-core-10.1.33.jar:10.1.33]
	at org.apache.coyote.http11.Http11Processor.service(Http11Processor.java:397) ~[tomcat-embed-core-10.1.33.jar:10.1.33]
	at org.apache.coyote.AbstractProcessorLight.process(AbstractProcessorLight.java:63) ~[tomcat-embed-core-10.1.33.jar:10.1.33]
	at org.apache.coyote.AbstractProtocol$ConnectionHandler.process(AbstractProtocol.java:905) ~[tomcat-embed-core-10.1.33.jar:10.1.33]
	at org.apache.tomcat.util.net.NioEndpoint$SocketProcessor.doRun(NioEndpoint.java:1741) ~[tomcat-embed-core-10.1.33.jar:10.1.33]
	at org.apache.tomcat.util.net.SocketProcessorBase.run(SocketProcessorBase.java:52) ~[tomcat-embed-core-10.1.33.jar:10.1.33]
	at org.apache.tomcat.util.threads.ThreadPoolExecutor.runWorker(ThreadPoolExecutor.java:1190) ~[tomcat-embed-core-10.1.33.jar:10.1.33]
	at org.apache.tomcat.util.threads.ThreadPoolExecutor$Worker.run(ThreadPoolExecutor.java:659) ~[tomcat-embed-core-10.1.33.jar:10.1.33]
	at org.apache.tomcat.util.threads.TaskThread$WrappingRunnable.run(TaskThread.java:63) ~[tomcat-embed-core-10.1.33.jar:10.1.33]
	at java.base/java.lang.Thread.run(Thread.java:1583) ~[na:na]

22:03:55:077  WARN 27100 --- [cart-service] [Thread-6] c.a.n.common.http.HttpClientBeanHolder   : [HttpClientBeanHolder] Start destroying common HttpClient
22:03:55:078  WARN 27100 --- [cart-service] [Thread-1] c.a.n.common.executor.ThreadPoolManager  : [ThreadPoolManager] Start destroying ThreadPool
22:03:55:079  WARN 27100 --- [cart-service] [Thread-6] c.a.n.common.http.HttpClientBeanHolder   : [HttpClientBeanHolder] Destruction of the end
22:03:55:079  WARN 27100 --- [cart-service] [Thread-1] c.a.n.common.executor.ThreadPoolManager  : [ThreadPoolManager] Destruction of the end
22:03:55:081  WARN 27100 --- [cart-service] [Thread-8] c.a.nacos.common.notify.NotifyCenter     : [NotifyCenter] Start destroying Publisher
22:03:55:082  WARN 27100 --- [cart-service] [Thread-8] c.a.nacos.common.notify.NotifyCenter     : [NotifyCenter] Destruction of the end
22:03:55:082  INFO 27100 --- [cart-service] [SpringApplicationShutdownHook] c.a.c.n.registry.NacosServiceRegistry    : De-registering from Nacos Server now...
22:03:55:097  INFO 27100 --- [cart-service] [SpringApplicationShutdownHook] c.a.c.n.registry.NacosServiceRegistry    : De-registration finished.
