22:58:51:005  INFO 20948 --- [item-service] [main] c.a.nacos.client.logging.NacosLogging    : Nacos Logging Adapter Builder: com.alibaba.nacos.logger.adapter.logback12.LogbackNacosLoggingAdapterBuilder
22:58:51:018  INFO 20948 --- [item-service] [main] c.a.nacos.client.logging.NacosLogging    : Nacos Logging Adapter Builder: com.alibaba.nacos.logger.adapter.logback14.LogbackNacosLoggingAdapterBuilder
22:58:51:019  INFO 20948 --- [item-service] [main] c.a.nacos.client.logging.NacosLogging    : Nacos Logging Adapter: com.alibaba.nacos.logger.adapter.logback14.LogbackNacosLoggingAdapter match ch.qos.logback.classic.Logger success.
22:58:51:031  INFO 20948 --- [item-service] [main] c.a.nacos.client.logging.NacosLogging    : Nacos Logging Adapter Builder: com.alibaba.nacos.logger.adapter.log4j2.Log4j2NacosLoggingAdapterBuilder
22:58:51:257  INFO 20948 --- [item-service] [main] com.george.item.ItemApplication          : Starting ItemApplication using Java 21.0.11 with PID 20948 (E:\download\SpringCloud\day02-Docker\Source\hmall\hm-item\item-service\target\classes started by lindu in E:\download\SpringCloud\day02-Docker\Source\hmall)
22:58:51:258 DEBUG 20948 --- [item-service] [main] com.george.item.ItemApplication          : Running with Spring Boot v3.5.15, Spring v6.2.19
22:58:51:259  INFO 20948 --- [item-service] [main] com.george.item.ItemApplication          : The following 1 profile is active: "local"
22:58:51:942  INFO 20948 --- [item-service] [main] .s.d.r.c.RepositoryConfigurationDelegate : Multiple Spring Data modules found, entering strict repository configuration mode
22:58:51:945  INFO 20948 --- [item-service] [main] .s.d.r.c.RepositoryConfigurationDelegate : Bootstrapping Spring Data Redis repositories in DEFAULT mode.
22:58:51:975  INFO 20948 --- [item-service] [main] .s.d.r.c.RepositoryConfigurationDelegate : Finished Spring Data repository scanning in 15 ms. Found 0 Redis repository interfaces.
22:58:52:199  INFO 20948 --- [item-service] [main] o.s.cloud.context.scope.GenericScope     : BeanFactory id=aad05855-7486-3b2b-95e5-0457262d5c54
22:58:52:592  INFO 20948 --- [item-service] [main] o.s.b.w.embedded.tomcat.TomcatWebServer  : Tomcat initialized with port 9001 (http)
22:58:52:605  INFO 20948 --- [item-service] [main] o.apache.catalina.core.StandardService   : Starting service [Tomcat]
22:58:52:605  INFO 20948 --- [item-service] [main] o.apache.catalina.core.StandardEngine    : Starting Servlet engine: [Apache Tomcat/10.1.55]
22:58:52:672  INFO 20948 --- [item-service] [main] o.a.c.c.C.[Tomcat].[localhost].[/]       : Initializing Spring embedded WebApplicationContext
22:58:52:673  INFO 20948 --- [item-service] [main] w.s.c.ServletWebServerApplicationContext : Root WebApplicationContext: initialization completed in 1361 ms
22:58:53:253  INFO 20948 --- [item-service] [main] m.e.s.MybatisPlusApplicationContextAware : Register ApplicationContext instances org.springframework.boot.web.servlet.context.AnnotationConfigServletWebServerApplicationContext@1b28f282
22:58:53:844  INFO 20948 --- [item-service] [main] o.s.b.w.embedded.tomcat.TomcatWebServer  : Tomcat started on port 9001 (http) with context path '/'
22:58:53:888  INFO 20948 --- [item-service] [main] c.a.n.p.a.s.c.ClientAuthPluginManager    : [ClientAuthPluginManager] Load ClientAuthService com.alibaba.nacos.client.auth.impl.NacosClientAuthServiceImpl success.
22:58:53:888  INFO 20948 --- [item-service] [main] c.a.n.p.a.s.c.ClientAuthPluginManager    : [ClientAuthPluginManager] Load ClientAuthService com.alibaba.nacos.client.auth.ram.RamClientAuthServiceImpl success.
22:58:54:512  INFO 20948 --- [item-service] [main] c.a.n.c.a.AbstractAbilityControlManager  : Ready to get current node abilities...
22:58:54:514  INFO 20948 --- [item-service] [main] c.a.n.c.a.AbstractAbilityControlManager  : Ready to initialize current node abilities, support modes: [SDK_CLIENT]
22:58:54:515  INFO 20948 --- [item-service] [main] c.a.n.c.a.AbstractAbilityControlManager  : Initialize current abilities finish...
22:58:54:515  INFO 20948 --- [item-service] [main] c.a.n.c.a.d.NacosAbilityManagerHolder    : [AbilityControlManager] Successfully initialize AbilityControlManager
22:58:54:553  INFO 20948 --- [item-service] [main] c.a.c.n.registry.NacosServiceRegistry    : nacos registry, DEFAULT_GROUP item-service 192.168.108.1:9001 register finished
22:58:54:563  INFO 20948 --- [item-service] [main] com.george.item.ItemApplication          : Started ItemApplication in 4.105 seconds (process running for 4.762)
22:58:59:623  INFO 18740 --- [item-service] [main] c.a.nacos.client.logging.NacosLogging    : Nacos Logging Adapter Builder: com.alibaba.nacos.logger.adapter.logback12.LogbackNacosLoggingAdapterBuilder
22:58:59:632  INFO 18740 --- [item-service] [main] c.a.nacos.client.logging.NacosLogging    : Nacos Logging Adapter Builder: com.alibaba.nacos.logger.adapter.logback14.LogbackNacosLoggingAdapterBuilder
22:58:59:633  INFO 18740 --- [item-service] [main] c.a.nacos.client.logging.NacosLogging    : Nacos Logging Adapter: com.alibaba.nacos.logger.adapter.logback14.LogbackNacosLoggingAdapter match ch.qos.logback.classic.Logger success.
22:58:59:639  INFO 18740 --- [item-service] [main] c.a.nacos.client.logging.NacosLogging    : Nacos Logging Adapter Builder: com.alibaba.nacos.logger.adapter.log4j2.Log4j2NacosLoggingAdapterBuilder
22:58:59:847  INFO 18740 --- [item-service] [main] com.george.item.ItemApplication          : Starting ItemApplication using Java 21.0.11 with PID 18740 (E:\download\SpringCloud\day02-Docker\Source\hmall\hm-item\item-service\target\classes started by lindu in E:\download\SpringCloud\day02-Docker\Source\hmall)
22:58:59:847 DEBUG 18740 --- [item-service] [main] com.george.item.ItemApplication          : Running with Spring Boot v3.5.15, Spring v6.2.19
22:58:59:848  INFO 18740 --- [item-service] [main] com.george.item.ItemApplication          : The following 1 profile is active: "local"
22:59:00:687  INFO 18740 --- [item-service] [main] .s.d.r.c.RepositoryConfigurationDelegate : Multiple Spring Data modules found, entering strict repository configuration mode
22:59:00:689  INFO 18740 --- [item-service] [main] .s.d.r.c.RepositoryConfigurationDelegate : Bootstrapping Spring Data Redis repositories in DEFAULT mode.
22:59:00:716  INFO 18740 --- [item-service] [main] .s.d.r.c.RepositoryConfigurationDelegate : Finished Spring Data repository scanning in 13 ms. Found 0 Redis repository interfaces.
22:59:00:955  INFO 18740 --- [item-service] [main] o.s.cloud.context.scope.GenericScope     : BeanFactory id=aad05855-7486-3b2b-95e5-0457262d5c54
22:59:01:348  INFO 18740 --- [item-service] [main] o.s.b.w.embedded.tomcat.TomcatWebServer  : Tomcat initialized with port 9004 (http)
22:59:01:365  INFO 18740 --- [item-service] [main] o.apache.catalina.core.StandardService   : Starting service [Tomcat]
22:59:01:365  INFO 18740 --- [item-service] [main] o.apache.catalina.core.StandardEngine    : Starting Servlet engine: [Apache Tomcat/10.1.55]
22:59:01:438  INFO 18740 --- [item-service] [main] o.a.c.c.C.[Tomcat].[localhost].[/]       : Initializing Spring embedded WebApplicationContext
22:59:01:438  INFO 18740 --- [item-service] [main] w.s.c.ServletWebServerApplicationContext : Root WebApplicationContext: initialization completed in 1523 ms
22:59:02:196  INFO 18740 --- [item-service] [main] m.e.s.MybatisPlusApplicationContextAware : Register ApplicationContext instances org.springframework.boot.web.servlet.context.AnnotationConfigServletWebServerApplicationContext@770d0ea6
22:59:02:808  INFO 18740 --- [item-service] [main] o.s.b.w.embedded.tomcat.TomcatWebServer  : Tomcat started on port 9004 (http) with context path '/'
22:59:02:851  INFO 18740 --- [item-service] [main] c.a.n.p.a.s.c.ClientAuthPluginManager    : [ClientAuthPluginManager] Load ClientAuthService com.alibaba.nacos.client.auth.impl.NacosClientAuthServiceImpl success.
22:59:02:852  INFO 18740 --- [item-service] [main] c.a.n.p.a.s.c.ClientAuthPluginManager    : [ClientAuthPluginManager] Load ClientAuthService com.alibaba.nacos.client.auth.ram.RamClientAuthServiceImpl success.
22:59:03:468  INFO 18740 --- [item-service] [main] c.a.n.c.a.AbstractAbilityControlManager  : Ready to get current node abilities...
22:59:03:469  INFO 18740 --- [item-service] [main] c.a.n.c.a.AbstractAbilityControlManager  : Ready to initialize current node abilities, support modes: [SDK_CLIENT]
22:59:03:470  INFO 18740 --- [item-service] [main] c.a.n.c.a.AbstractAbilityControlManager  : Initialize current abilities finish...
22:59:03:470  INFO 18740 --- [item-service] [main] c.a.n.c.a.d.NacosAbilityManagerHolder    : [AbilityControlManager] Successfully initialize AbilityControlManager
22:59:03:505  INFO 18740 --- [item-service] [main] c.a.c.n.registry.NacosServiceRegistry    : nacos registry, DEFAULT_GROUP item-service 192.168.108.1:9004 register finished
22:59:03:516  INFO 18740 --- [item-service] [main] com.george.item.ItemApplication          : Started ItemApplication in 4.448 seconds (process running for 5.117)
23:52:30:702  INFO 18740 --- [item-service] [http-nio-9004-exec-1] o.a.c.c.C.[Tomcat].[localhost].[/]       : Initializing Spring DispatcherServlet 'dispatcherServlet'
23:52:30:708  INFO 18740 --- [item-service] [http-nio-9004-exec-1] o.s.web.servlet.DispatcherServlet        : Initializing Servlet 'dispatcherServlet'
23:52:30:728  INFO 18740 --- [item-service] [http-nio-9004-exec-1] o.s.web.servlet.DispatcherServlet        : Completed initialization in 20 ms
23:52:31:102  INFO 18740 --- [item-service] [http-nio-9004-exec-1] com.zaxxer.hikari.HikariDataSource       : HikariPool-1 - Starting...
23:52:31:381  INFO 18740 --- [item-service] [http-nio-9004-exec-1] com.zaxxer.hikari.pool.HikariPool        : HikariPool-1 - Added connection com.mysql.cj.jdbc.ConnectionImpl@72bd6f13
23:52:31:382  INFO 18740 --- [item-service] [http-nio-9004-exec-1] com.zaxxer.hikari.HikariDataSource       : HikariPool-1 - Start completed.
23:52:31:395 DEBUG 18740 --- [item-service] [http-nio-9004-exec-1] c.g.i.m.ItemMapper.selectList_mpCount    : ==>  Preparing: SELECT COUNT(*) AS total FROM item WHERE (status = ?)
23:52:31:417 DEBUG 18740 --- [item-service] [http-nio-9004-exec-1] c.g.i.m.ItemMapper.selectList_mpCount    : ==> Parameters: 1(Integer)
23:52:31:474 DEBUG 18740 --- [item-service] [http-nio-9004-exec-1] c.g.i.m.ItemMapper.selectList_mpCount    : <==      Total: 1
23:52:31:489 DEBUG 18740 --- [item-service] [http-nio-9004-exec-1] c.g.item.mapper.ItemMapper.selectList    : ==>  Preparing: SELECT id, name, price, stock, image, category, brand, spec, sold, comment_count, isAD, status, create_time, update_time, creater, updater FROM item WHERE (status = ?) ORDER BY update_time DESC LIMIT ?
23:52:31:491 DEBUG 18740 --- [item-service] [http-nio-9004-exec-1] c.g.item.mapper.ItemMapper.selectList    : ==> Parameters: 1(Integer), 20(Long)
23:52:31:505 DEBUG 18740 --- [item-service] [http-nio-9004-exec-1] c.g.item.mapper.ItemMapper.selectList    : <==      Total: 20
00:02:40:418  WARN 20948 --- [item-service] [Thread-16] c.a.nacos.common.notify.NotifyCenter     : [NotifyCenter] Start destroying Publisher
00:02:40:418  WARN 20948 --- [item-service] [Thread-2] c.a.n.common.executor.ThreadPoolManager  : [ThreadPoolManager] Start destroying ThreadPool
00:02:40:418  WARN 20948 --- [item-service] [Thread-18] c.a.n.common.http.HttpClientBeanHolder   : [HttpClientBeanHolder] Start destroying common HttpClient
00:02:40:423  INFO 20948 --- [item-service] [SpringApplicationShutdownHook] c.a.c.n.registry.NacosServiceRegistry    : De-registering from Nacos Server now...
00:02:40:438  WARN 20948 --- [item-service] [Thread-16] c.a.nacos.common.notify.NotifyCenter     : [NotifyCenter] Destruction of the end
00:02:40:438  WARN 20948 --- [item-service] [Thread-2] c.a.n.common.executor.ThreadPoolManager  : [ThreadPoolManager] Destruction of the end
00:02:40:439  WARN 20948 --- [item-service] [Thread-18] c.a.n.common.http.HttpClientBeanHolder   : [HttpClientBeanHolder] Destruction of the end
00:02:40:446  INFO 20948 --- [item-service] [SpringApplicationShutdownHook] c.a.c.n.registry.NacosServiceRegistry    : De-registration finished.
00:02:44:698  INFO 11948 --- [item-service] [main] c.a.nacos.client.logging.NacosLogging    : Nacos Logging Adapter Builder: com.alibaba.nacos.logger.adapter.logback12.LogbackNacosLoggingAdapterBuilder
00:02:44:713  INFO 11948 --- [item-service] [main] c.a.nacos.client.logging.NacosLogging    : Nacos Logging Adapter Builder: com.alibaba.nacos.logger.adapter.logback14.LogbackNacosLoggingAdapterBuilder
00:02:44:714  INFO 11948 --- [item-service] [main] c.a.nacos.client.logging.NacosLogging    : Nacos Logging Adapter: com.alibaba.nacos.logger.adapter.logback14.LogbackNacosLoggingAdapter match ch.qos.logback.classic.Logger success.
00:02:44:720  INFO 11948 --- [item-service] [main] c.a.nacos.client.logging.NacosLogging    : Nacos Logging Adapter Builder: com.alibaba.nacos.logger.adapter.log4j2.Log4j2NacosLoggingAdapterBuilder
00:02:44:942  INFO 11948 --- [item-service] [main] com.george.item.ItemApplication          : Starting ItemApplication using Java 21.0.11 with PID 11948 (E:\download\SpringCloud\day02-Docker\Source\hmall\hm-item\item-service\target\classes started by lindu in E:\download\SpringCloud\day02-Docker\Source\hmall)
00:02:44:942 DEBUG 11948 --- [item-service] [main] com.george.item.ItemApplication          : Running with Spring Boot v3.5.15, Spring v6.2.19
00:02:44:942  INFO 11948 --- [item-service] [main] com.george.item.ItemApplication          : The following 1 profile is active: "local"
00:02:45:646  INFO 11948 --- [item-service] [main] .s.d.r.c.RepositoryConfigurationDelegate : Multiple Spring Data modules found, entering strict repository configuration mode
00:02:45:649  INFO 11948 --- [item-service] [main] .s.d.r.c.RepositoryConfigurationDelegate : Bootstrapping Spring Data Redis repositories in DEFAULT mode.
00:02:45:677  INFO 11948 --- [item-service] [main] .s.d.r.c.RepositoryConfigurationDelegate : Finished Spring Data repository scanning in 15 ms. Found 0 Redis repository interfaces.
00:02:45:904  INFO 11948 --- [item-service] [main] o.s.cloud.context.scope.GenericScope     : BeanFactory id=5f875879-8892-38a6-b743-e61b3007a472
00:02:46:296  INFO 11948 --- [item-service] [main] o.s.b.w.embedded.tomcat.TomcatWebServer  : Tomcat initialized with port 9001 (http)
00:02:46:311  INFO 11948 --- [item-service] [main] o.apache.catalina.core.StandardService   : Starting service [Tomcat]
00:02:46:311  INFO 11948 --- [item-service] [main] o.apache.catalina.core.StandardEngine    : Starting Servlet engine: [Apache Tomcat/10.1.55]
00:02:46:378  INFO 11948 --- [item-service] [main] o.a.c.c.C.[Tomcat].[localhost].[/]       : Initializing Spring embedded WebApplicationContext
00:02:46:378  INFO 11948 --- [item-service] [main] w.s.c.ServletWebServerApplicationContext : Root WebApplicationContext: initialization completed in 1377 ms
00:02:46:970  INFO 11948 --- [item-service] [main] m.e.s.MybatisPlusApplicationContextAware : Register ApplicationContext instances org.springframework.boot.web.servlet.context.AnnotationConfigServletWebServerApplicationContext@770d0ea6
00:02:47:576  INFO 11948 --- [item-service] [main] o.s.b.w.embedded.tomcat.TomcatWebServer  : Tomcat started on port 9001 (http) with context path '/'
00:02:47:624  INFO 11948 --- [item-service] [main] c.a.n.p.a.s.c.ClientAuthPluginManager    : [ClientAuthPluginManager] Load ClientAuthService com.alibaba.nacos.client.auth.impl.NacosClientAuthServiceImpl success.
00:02:47:624  INFO 11948 --- [item-service] [main] c.a.n.p.a.s.c.ClientAuthPluginManager    : [ClientAuthPluginManager] Load ClientAuthService com.alibaba.nacos.client.auth.ram.RamClientAuthServiceImpl success.
00:02:48:246  INFO 11948 --- [item-service] [main] c.a.n.c.a.AbstractAbilityControlManager  : Ready to get current node abilities...
00:02:48:247  INFO 11948 --- [item-service] [main] c.a.n.c.a.AbstractAbilityControlManager  : Ready to initialize current node abilities, support modes: [SDK_CLIENT]
00:02:48:248  INFO 11948 --- [item-service] [main] c.a.n.c.a.AbstractAbilityControlManager  : Initialize current abilities finish...
00:02:48:249  INFO 11948 --- [item-service] [main] c.a.n.c.a.d.NacosAbilityManagerHolder    : [AbilityControlManager] Successfully initialize AbilityControlManager
00:02:48:295  INFO 11948 --- [item-service] [main] c.a.c.n.registry.NacosServiceRegistry    : nacos registry, DEFAULT_GROUP item-service 192.168.108.1:9001 register finished
00:02:48:308  INFO 11948 --- [item-service] [main] com.george.item.ItemApplication          : Started ItemApplication in 4.129 seconds (process running for 4.821)
00:02:50:643  WARN 18740 --- [item-service] [Thread-16] c.a.nacos.common.notify.NotifyCenter     : [NotifyCenter] Start destroying Publisher
00:02:50:644  WARN 18740 --- [item-service] [Thread-2] c.a.n.common.executor.ThreadPoolManager  : [ThreadPoolManager] Start destroying ThreadPool
00:02:50:643  WARN 18740 --- [item-service] [Thread-18] c.a.n.common.http.HttpClientBeanHolder   : [HttpClientBeanHolder] Start destroying common HttpClient
00:02:50:646  INFO 18740 --- [item-service] [SpringApplicationShutdownHook] c.a.c.n.registry.NacosServiceRegistry    : De-registering from Nacos Server now...
00:02:50:655  WARN 18740 --- [item-service] [Thread-16] c.a.nacos.common.notify.NotifyCenter     : [NotifyCenter] Destruction of the end
00:02:50:655  WARN 18740 --- [item-service] [Thread-2] c.a.n.common.executor.ThreadPoolManager  : [ThreadPoolManager] Destruction of the end
00:02:50:656  WARN 18740 --- [item-service] [Thread-18] c.a.n.common.http.HttpClientBeanHolder   : [HttpClientBeanHolder] Destruction of the end
00:02:50:671  INFO 18740 --- [item-service] [SpringApplicationShutdownHook] c.a.c.n.registry.NacosServiceRegistry    : De-registration finished.
00:02:54:194  INFO 22616 --- [item-service] [main] c.a.nacos.client.logging.NacosLogging    : Nacos Logging Adapter Builder: com.alibaba.nacos.logger.adapter.logback12.LogbackNacosLoggingAdapterBuilder
00:02:54:202  INFO 22616 --- [item-service] [main] c.a.nacos.client.logging.NacosLogging    : Nacos Logging Adapter Builder: com.alibaba.nacos.logger.adapter.logback14.LogbackNacosLoggingAdapterBuilder
00:02:54:203  INFO 22616 --- [item-service] [main] c.a.nacos.client.logging.NacosLogging    : Nacos Logging Adapter: com.alibaba.nacos.logger.adapter.logback14.LogbackNacosLoggingAdapter match ch.qos.logback.classic.Logger success.
00:02:54:210  INFO 22616 --- [item-service] [main] c.a.nacos.client.logging.NacosLogging    : Nacos Logging Adapter Builder: com.alibaba.nacos.logger.adapter.log4j2.Log4j2NacosLoggingAdapterBuilder
00:02:54:431  INFO 22616 --- [item-service] [main] com.george.item.ItemApplication          : Starting ItemApplication using Java 21.0.11 with PID 22616 (E:\download\SpringCloud\day02-Docker\Source\hmall\hm-item\item-service\target\classes started by lindu in E:\download\SpringCloud\day02-Docker\Source\hmall)
00:02:54:432 DEBUG 22616 --- [item-service] [main] com.george.item.ItemApplication          : Running with Spring Boot v3.5.15, Spring v6.2.19
00:02:54:433  INFO 22616 --- [item-service] [main] com.george.item.ItemApplication          : The following 1 profile is active: "local"
00:02:55:117  INFO 22616 --- [item-service] [main] .s.d.r.c.RepositoryConfigurationDelegate : Multiple Spring Data modules found, entering strict repository configuration mode
00:02:55:120  INFO 22616 --- [item-service] [main] .s.d.r.c.RepositoryConfigurationDelegate : Bootstrapping Spring Data Redis repositories in DEFAULT mode.
00:02:55:149  INFO 22616 --- [item-service] [main] .s.d.r.c.RepositoryConfigurationDelegate : Finished Spring Data repository scanning in 15 ms. Found 0 Redis repository interfaces.
00:02:55:376  INFO 22616 --- [item-service] [main] o.s.cloud.context.scope.GenericScope     : BeanFactory id=5f875879-8892-38a6-b743-e61b3007a472
00:02:55:771  INFO 22616 --- [item-service] [main] o.s.b.w.embedded.tomcat.TomcatWebServer  : Tomcat initialized with port 9004 (http)
00:02:55:787  INFO 22616 --- [item-service] [main] o.apache.catalina.core.StandardService   : Starting service [Tomcat]
00:02:55:788  INFO 22616 --- [item-service] [main] o.apache.catalina.core.StandardEngine    : Starting Servlet engine: [Apache Tomcat/10.1.55]
00:02:55:869  INFO 22616 --- [item-service] [main] o.a.c.c.C.[Tomcat].[localhost].[/]       : Initializing Spring embedded WebApplicationContext
00:02:55:869  INFO 22616 --- [item-service] [main] w.s.c.ServletWebServerApplicationContext : Root WebApplicationContext: initialization completed in 1381 ms
00:02:56:439  INFO 22616 --- [item-service] [main] m.e.s.MybatisPlusApplicationContextAware : Register ApplicationContext instances org.springframework.boot.web.servlet.context.AnnotationConfigServletWebServerApplicationContext@770d0ea6
00:02:57:066  INFO 22616 --- [item-service] [main] o.s.b.w.embedded.tomcat.TomcatWebServer  : Tomcat started on port 9004 (http) with context path '/'
00:02:57:115  INFO 22616 --- [item-service] [main] c.a.n.p.a.s.c.ClientAuthPluginManager    : [ClientAuthPluginManager] Load ClientAuthService com.alibaba.nacos.client.auth.impl.NacosClientAuthServiceImpl success.
00:02:57:115  INFO 22616 --- [item-service] [main] c.a.n.p.a.s.c.ClientAuthPluginManager    : [ClientAuthPluginManager] Load ClientAuthService com.alibaba.nacos.client.auth.ram.RamClientAuthServiceImpl success.
00:02:57:783  INFO 22616 --- [item-service] [main] c.a.n.c.a.AbstractAbilityControlManager  : Ready to get current node abilities...
00:02:57:785  INFO 22616 --- [item-service] [main] c.a.n.c.a.AbstractAbilityControlManager  : Ready to initialize current node abilities, support modes: [SDK_CLIENT]
00:02:57:786  INFO 22616 --- [item-service] [main] c.a.n.c.a.AbstractAbilityControlManager  : Initialize current abilities finish...
00:02:57:786  INFO 22616 --- [item-service] [main] c.a.n.c.a.d.NacosAbilityManagerHolder    : [AbilityControlManager] Successfully initialize AbilityControlManager
00:02:57:828  INFO 22616 --- [item-service] [main] c.a.c.n.registry.NacosServiceRegistry    : nacos registry, DEFAULT_GROUP item-service 192.168.108.1:9004 register finished
00:02:57:838  INFO 22616 --- [item-service] [main] com.george.item.ItemApplication          : Started ItemApplication in 4.181 seconds (process running for 4.9)
00:03:04:935  INFO 22616 --- [item-service] [http-nio-9004-exec-1] o.a.c.c.C.[Tomcat].[localhost].[/]       : Initializing Spring DispatcherServlet 'dispatcherServlet'
00:03:04:935  INFO 22616 --- [item-service] [http-nio-9004-exec-1] o.s.web.servlet.DispatcherServlet        : Initializing Servlet 'dispatcherServlet'
00:03:04:936  INFO 22616 --- [item-service] [http-nio-9004-exec-1] o.s.web.servlet.DispatcherServlet        : Completed initialization in 0 ms
00:03:05:131  INFO 22616 --- [item-service] [http-nio-9004-exec-1] com.zaxxer.hikari.HikariDataSource       : HikariPool-1 - Starting...
00:03:05:390  INFO 22616 --- [item-service] [http-nio-9004-exec-1] com.zaxxer.hikari.pool.HikariPool        : HikariPool-1 - Added connection com.mysql.cj.jdbc.ConnectionImpl@e98a445
00:03:05:392  INFO 22616 --- [item-service] [http-nio-9004-exec-1] com.zaxxer.hikari.HikariDataSource       : HikariPool-1 - Start completed.
00:03:05:399 DEBUG 22616 --- [item-service] [http-nio-9004-exec-1] c.g.i.m.ItemMapper.selectList_mpCount    : ==>  Preparing: SELECT COUNT(*) AS total FROM item WHERE (status = ?)
00:03:05:419 DEBUG 22616 --- [item-service] [http-nio-9004-exec-1] c.g.i.m.ItemMapper.selectList_mpCount    : ==> Parameters: 1(Integer)
00:03:05:452 DEBUG 22616 --- [item-service] [http-nio-9004-exec-1] c.g.i.m.ItemMapper.selectList_mpCount    : <==      Total: 1
00:03:05:464 DEBUG 22616 --- [item-service] [http-nio-9004-exec-1] c.g.item.mapper.ItemMapper.selectList    : ==>  Preparing: SELECT id, name, price, stock, image, category, brand, spec, sold, comment_count, isAD, status, create_time, update_time, creater, updater FROM item WHERE (status = ?) ORDER BY update_time DESC LIMIT ?
00:03:05:466 DEBUG 22616 --- [item-service] [http-nio-9004-exec-1] c.g.item.mapper.ItemMapper.selectList    : ==> Parameters: 1(Integer), 20(Long)
00:03:05:475 DEBUG 22616 --- [item-service] [http-nio-9004-exec-1] c.g.item.mapper.ItemMapper.selectList    : <==      Total: 20
00:03:13:010  INFO 11948 --- [item-service] [http-nio-9001-exec-1] o.a.c.c.C.[Tomcat].[localhost].[/]       : Initializing Spring DispatcherServlet 'dispatcherServlet'
00:03:13:010  INFO 11948 --- [item-service] [http-nio-9001-exec-1] o.s.web.servlet.DispatcherServlet        : Initializing Servlet 'dispatcherServlet'
00:03:13:011  INFO 11948 --- [item-service] [http-nio-9001-exec-1] o.s.web.servlet.DispatcherServlet        : Completed initialization in 1 ms
00:03:13:033 ERROR 11948 --- [item-service] [http-nio-9001-exec-1] o.a.c.c.C.[.[.[/].[dispatcherServlet]    : Servlet.service() for servlet [dispatcherServlet] in context with path [] threw exception [Request processing failed: java.lang.NumberFormatException: Cannot parse null string] with root cause

java.lang.NumberFormatException: Cannot parse null string
	at java.base/java.lang.Long.parseLong(Long.java:672) ~[na:na]
	at java.base/java.lang.Long.valueOf(Long.java:1157) ~[na:na]
	at com.hmall.common.interceptors.UserInfoInterceptor.preHandle(UserInfoInterceptor.java:14) ~[classes/:na]
	at org.springframework.web.servlet.HandlerExecutionChain.applyPreHandle(HandlerExecutionChain.java:146) ~[spring-webmvc-6.2.19.jar:6.2.19]
	at org.springframework.web.servlet.DispatcherServlet.doDispatch(DispatcherServlet.java:1084) ~[spring-webmvc-6.2.19.jar:6.2.19]
	at org.springframework.web.servlet.DispatcherServlet.doService(DispatcherServlet.java:979) ~[spring-webmvc-6.2.19.jar:6.2.19]
	at org.springframework.web.servlet.FrameworkServlet.processRequest(FrameworkServlet.java:1014) ~[spring-webmvc-6.2.19.jar:6.2.19]
	at org.springframework.web.servlet.FrameworkServlet.doGet(FrameworkServlet.java:903) ~[spring-webmvc-6.2.19.jar:6.2.19]
	at jakarta.servlet.http.HttpServlet.service(HttpServlet.java:564) ~[tomcat-embed-core-10.1.55.jar:6.0]
	at org.springframework.web.servlet.FrameworkServlet.service(FrameworkServlet.java:885) ~[spring-webmvc-6.2.19.jar:6.2.19]
	at jakarta.servlet.http.HttpServlet.service(HttpServlet.java:658) ~[tomcat-embed-core-10.1.55.jar:6.0]
	at org.apache.catalina.core.ApplicationFilterChain.internalDoFilter(ApplicationFilterChain.java:193) ~[tomcat-embed-core-10.1.55.jar:10.1.55]
	at org.apache.catalina.core.ApplicationFilterChain.doFilter(ApplicationFilterChain.java:138) ~[tomcat-embed-core-10.1.55.jar:10.1.55]
	at org.apache.tomcat.websocket.server.WsFilter.doFilter(WsFilter.java:51) ~[tomcat-embed-websocket-10.1.55.jar:10.1.55]
	at org.apache.catalina.core.ApplicationFilterChain.internalDoFilter(ApplicationFilterChain.java:162) ~[tomcat-embed-core-10.1.55.jar:10.1.55]
	at org.apache.catalina.core.ApplicationFilterChain.doFilter(ApplicationFilterChain.java:138) ~[tomcat-embed-core-10.1.55.jar:10.1.55]
	at org.springframework.web.filter.RequestContextFilter.doFilterInternal(RequestContextFilter.java:100) ~[spring-web-6.2.19.jar:6.2.19]
	at org.springframework.web.filter.OncePerRequestFilter.doFilter(OncePerRequestFilter.java:116) ~[spring-web-6.2.19.jar:6.2.19]
	at org.apache.catalina.core.ApplicationFilterChain.internalDoFilter(ApplicationFilterChain.java:162) ~[tomcat-embed-core-10.1.55.jar:10.1.55]
	at org.apache.catalina.core.ApplicationFilterChain.doFilter(ApplicationFilterChain.java:138) ~[tomcat-embed-core-10.1.55.jar:10.1.55]
	at org.springframework.web.filter.FormContentFilter.doFilterInternal(FormContentFilter.java:93) ~[spring-web-6.2.19.jar:6.2.19]
	at org.springframework.web.filter.OncePerRequestFilter.doFilter(OncePerRequestFilter.java:116) ~[spring-web-6.2.19.jar:6.2.19]
	at org.apache.catalina.core.ApplicationFilterChain.internalDoFilter(ApplicationFilterChain.java:162) ~[tomcat-embed-core-10.1.55.jar:10.1.55]
	at org.apache.catalina.core.ApplicationFilterChain.doFilter(ApplicationFilterChain.java:138) ~[tomcat-embed-core-10.1.55.jar:10.1.55]
	at org.springframework.web.filter.CharacterEncodingFilter.doFilterInternal(CharacterEncodingFilter.java:201) ~[spring-web-6.2.19.jar:6.2.19]
	at org.springframework.web.filter.OncePerRequestFilter.doFilter(OncePerRequestFilter.java:116) ~[spring-web-6.2.19.jar:6.2.19]
	at org.apache.catalina.core.ApplicationFilterChain.internalDoFilter(ApplicationFilterChain.java:162) ~[tomcat-embed-core-10.1.55.jar:10.1.55]
	at org.apache.catalina.core.ApplicationFilterChain.doFilter(ApplicationFilterChain.java:138) ~[tomcat-embed-core-10.1.55.jar:10.1.55]
	at org.apache.catalina.core.StandardWrapperValve.invoke(StandardWrapperValve.java:165) ~[tomcat-embed-core-10.1.55.jar:10.1.55]
	at org.apache.catalina.core.StandardContextValve.invoke(StandardContextValve.java:88) ~[tomcat-embed-core-10.1.55.jar:10.1.55]
	at org.apache.catalina.authenticator.AuthenticatorBase.invoke(AuthenticatorBase.java:492) ~[tomcat-embed-core-10.1.55.jar:10.1.55]
	at org.apache.catalina.core.StandardHostValve.invoke(StandardHostValve.java:113) ~[tomcat-embed-core-10.1.55.jar:10.1.55]
	at org.apache.catalina.valves.ErrorReportValve.invoke(ErrorReportValve.java:83) ~[tomcat-embed-core-10.1.55.jar:10.1.55]
	at org.apache.catalina.core.StandardEngineValve.invoke(StandardEngineValve.java:72) ~[tomcat-embed-core-10.1.55.jar:10.1.55]
	at org.apache.catalina.connector.CoyoteAdapter.service(CoyoteAdapter.java:342) ~[tomcat-embed-core-10.1.55.jar:10.1.55]
	at org.apache.coyote.http11.Http11Processor.service(Http11Processor.java:399) ~[tomcat-embed-core-10.1.55.jar:10.1.55]
	at org.apache.coyote.AbstractProcessorLight.process(AbstractProcessorLight.java:63) ~[tomcat-embed-core-10.1.55.jar:10.1.55]
	at org.apache.coyote.AbstractProtocol$ConnectionHandler.process(AbstractProtocol.java:1272) ~[tomcat-embed-core-10.1.55.jar:10.1.55]
	at org.apache.tomcat.util.net.NioEndpoint$SocketProcessor.doRun(NioEndpoint.java:1797) ~[tomcat-embed-core-10.1.55.jar:10.1.55]
	at org.apache.tomcat.util.net.SocketProcessorBase.run(SocketProcessorBase.java:52) ~[tomcat-embed-core-10.1.55.jar:10.1.55]
	at org.apache.tomcat.util.threads.ThreadPoolExecutor.runWorker(ThreadPoolExecutor.java:973) ~[tomcat-embed-core-10.1.55.jar:10.1.55]
	at org.apache.tomcat.util.threads.ThreadPoolExecutor$Worker.run(ThreadPoolExecutor.java:491) ~[tomcat-embed-core-10.1.55.jar:10.1.55]
	at org.apache.tomcat.util.threads.TaskThread$WrappingRunnable.run(TaskThread.java:63) ~[tomcat-embed-core-10.1.55.jar:10.1.55]
	at java.base/java.lang.Thread.run(Thread.java:1583) ~[na:na]

00:03:13:045 ERROR 11948 --- [item-service] [http-nio-9001-exec-1] o.a.c.c.C.[.[.[/].[dispatcherServlet]    : Servlet.service() for servlet [dispatcherServlet] threw exception

java.lang.NumberFormatException: Cannot parse null string
	at java.base/java.lang.Long.parseLong(Long.java:672) ~[na:na]
	at java.base/java.lang.Long.valueOf(Long.java:1157) ~[na:na]
	at com.hmall.common.interceptors.UserInfoInterceptor.preHandle(UserInfoInterceptor.java:14) ~[classes/:na]
	at org.springframework.web.servlet.HandlerExecutionChain.applyPreHandle(HandlerExecutionChain.java:146) ~[spring-webmvc-6.2.19.jar:6.2.19]
	at org.springframework.web.servlet.DispatcherServlet.doDispatch(DispatcherServlet.java:1084) ~[spring-webmvc-6.2.19.jar:6.2.19]
	at org.springframework.web.servlet.DispatcherServlet.doService(DispatcherServlet.java:979) ~[spring-webmvc-6.2.19.jar:6.2.19]
	at org.springframework.web.servlet.FrameworkServlet.processRequest(FrameworkServlet.java:1014) ~[spring-webmvc-6.2.19.jar:6.2.19]
	at org.springframework.web.servlet.FrameworkServlet.doGet(FrameworkServlet.java:903) ~[spring-webmvc-6.2.19.jar:6.2.19]
	at jakarta.servlet.http.HttpServlet.service(HttpServlet.java:564) ~[tomcat-embed-core-10.1.55.jar:6.0]
	at org.springframework.web.servlet.FrameworkServlet.service(FrameworkServlet.java:885) ~[spring-webmvc-6.2.19.jar:6.2.19]
	at jakarta.servlet.http.HttpServlet.service(HttpServlet.java:658) ~[tomcat-embed-core-10.1.55.jar:6.0]
	at org.apache.catalina.core.ApplicationFilterChain.internalDoFilter(ApplicationFilterChain.java:193) ~[tomcat-embed-core-10.1.55.jar:10.1.55]
	at org.apache.catalina.core.ApplicationFilterChain.doFilter(ApplicationFilterChain.java:138) ~[tomcat-embed-core-10.1.55.jar:10.1.55]
	at org.springframework.web.filter.RequestContextFilter.doFilterInternal(RequestContextFilter.java:100) ~[spring-web-6.2.19.jar:6.2.19]
	at org.springframework.web.filter.OncePerRequestFilter.doFilter(OncePerRequestFilter.java:116) ~[spring-web-6.2.19.jar:6.2.19]
	at org.apache.catalina.core.ApplicationFilterChain.internalDoFilter(ApplicationFilterChain.java:162) ~[tomcat-embed-core-10.1.55.jar:10.1.55]
	at org.apache.catalina.core.ApplicationFilterChain.doFilter(ApplicationFilterChain.java:138) ~[tomcat-embed-core-10.1.55.jar:10.1.55]
	at org.springframework.web.filter.OncePerRequestFilter.doFilter(OncePerRequestFilter.java:101) ~[spring-web-6.2.19.jar:6.2.19]
	at org.apache.catalina.core.ApplicationFilterChain.internalDoFilter(ApplicationFilterChain.java:162) ~[tomcat-embed-core-10.1.55.jar:10.1.55]
	at org.apache.catalina.core.ApplicationFilterChain.doFilter(ApplicationFilterChain.java:138) ~[tomcat-embed-core-10.1.55.jar:10.1.55]
	at org.springframework.web.filter.OncePerRequestFilter.doFilter(OncePerRequestFilter.java:101) ~[spring-web-6.2.19.jar:6.2.19]
	at org.apache.catalina.core.ApplicationFilterChain.internalDoFilter(ApplicationFilterChain.java:162) ~[tomcat-embed-core-10.1.55.jar:10.1.55]
	at org.apache.catalina.core.ApplicationFilterChain.doFilter(ApplicationFilterChain.java:138) ~[tomcat-embed-core-10.1.55.jar:10.1.55]
	at org.apache.catalina.core.ApplicationDispatcher.invoke(ApplicationDispatcher.java:610) ~[tomcat-embed-core-10.1.55.jar:10.1.55]
	at org.apache.catalina.core.ApplicationDispatcher.processRequest(ApplicationDispatcher.java:394) ~[tomcat-embed-core-10.1.55.jar:10.1.55]
	at org.apache.catalina.core.ApplicationDispatcher.doForward(ApplicationDispatcher.java:321) ~[tomcat-embed-core-10.1.55.jar:10.1.55]
	at org.apache.catalina.core.ApplicationDispatcher.forward(ApplicationDispatcher.java:266) ~[tomcat-embed-core-10.1.55.jar:10.1.55]
	at org.apache.catalina.core.StandardHostValve.custom(StandardHostValve.java:374) ~[tomcat-embed-core-10.1.55.jar:10.1.55]
	at org.apache.catalina.core.StandardHostValve.status(StandardHostValve.java:206) ~[tomcat-embed-core-10.1.55.jar:10.1.55]
	at org.apache.catalina.core.StandardHostValve.throwable(StandardHostValve.java:283) ~[tomcat-embed-core-10.1.55.jar:10.1.55]
	at org.apache.catalina.core.StandardHostValve.invoke(StandardHostValve.java:147) ~[tomcat-embed-core-10.1.55.jar:10.1.55]
	at org.apache.catalina.valves.ErrorReportValve.invoke(ErrorReportValve.java:83) ~[tomcat-embed-core-10.1.55.jar:10.1.55]
	at org.apache.catalina.core.StandardEngineValve.invoke(StandardEngineValve.java:72) ~[tomcat-embed-core-10.1.55.jar:10.1.55]
	at org.apache.catalina.connector.CoyoteAdapter.service(CoyoteAdapter.java:342) ~[tomcat-embed-core-10.1.55.jar:10.1.55]
	at org.apache.coyote.http11.Http11Processor.service(Http11Processor.java:399) ~[tomcat-embed-core-10.1.55.jar:10.1.55]
	at org.apache.coyote.AbstractProcessorLight.process(AbstractProcessorLight.java:63) ~[tomcat-embed-core-10.1.55.jar:10.1.55]
	at org.apache.coyote.AbstractProtocol$ConnectionHandler.process(AbstractProtocol.java:1272) ~[tomcat-embed-core-10.1.55.jar:10.1.55]
	at org.apache.tomcat.util.net.NioEndpoint$SocketProcessor.doRun(NioEndpoint.java:1797) ~[tomcat-embed-core-10.1.55.jar:10.1.55]
	at org.apache.tomcat.util.net.SocketProcessorBase.run(SocketProcessorBase.java:52) ~[tomcat-embed-core-10.1.55.jar:10.1.55]
	at org.apache.tomcat.util.threads.ThreadPoolExecutor.runWorker(ThreadPoolExecutor.java:973) ~[tomcat-embed-core-10.1.55.jar:10.1.55]
	at org.apache.tomcat.util.threads.ThreadPoolExecutor$Worker.run(ThreadPoolExecutor.java:491) ~[tomcat-embed-core-10.1.55.jar:10.1.55]
	at org.apache.tomcat.util.threads.TaskThread$WrappingRunnable.run(TaskThread.java:63) ~[tomcat-embed-core-10.1.55.jar:10.1.55]
	at java.base/java.lang.Thread.run(Thread.java:1583) ~[na:na]

00:03:13:045 ERROR 11948 --- [item-service] [http-nio-9001-exec-1] o.a.c.c.C.[Tomcat].[localhost]           : Exception Processing [ErrorPage[errorCode=0, location=/error]]

jakarta.servlet.ServletException: Request processing failed: java.lang.NumberFormatException: Cannot parse null string
	at org.springframework.web.servlet.FrameworkServlet.processRequest(FrameworkServlet.java:1022) ~[spring-webmvc-6.2.19.jar:6.2.19]
	at org.springframework.web.servlet.FrameworkServlet.doGet(FrameworkServlet.java:903) ~[spring-webmvc-6.2.19.jar:6.2.19]
	at jakarta.servlet.http.HttpServlet.service(HttpServlet.java:564) ~[tomcat-embed-core-10.1.55.jar:6.0]
	at org.springframework.web.servlet.FrameworkServlet.service(FrameworkServlet.java:885) ~[spring-webmvc-6.2.19.jar:6.2.19]
	at jakarta.servlet.http.HttpServlet.service(HttpServlet.java:658) ~[tomcat-embed-core-10.1.55.jar:6.0]
	at org.apache.catalina.core.ApplicationFilterChain.internalDoFilter(ApplicationFilterChain.java:193) ~[tomcat-embed-core-10.1.55.jar:10.1.55]
	at org.apache.catalina.core.ApplicationFilterChain.doFilter(ApplicationFilterChain.java:138) ~[tomcat-embed-core-10.1.55.jar:10.1.55]
	at org.springframework.web.filter.RequestContextFilter.doFilterInternal(RequestContextFilter.java:100) ~[spring-web-6.2.19.jar:6.2.19]
	at org.springframework.web.filter.OncePerRequestFilter.doFilter(OncePerRequestFilter.java:116) ~[spring-web-6.2.19.jar:6.2.19]
	at org.apache.catalina.core.ApplicationFilterChain.internalDoFilter(ApplicationFilterChain.java:162) ~[tomcat-embed-core-10.1.55.jar:10.1.55]
	at org.apache.catalina.core.ApplicationFilterChain.doFilter(ApplicationFilterChain.java:138) ~[tomcat-embed-core-10.1.55.jar:10.1.55]
	at org.springframework.web.filter.OncePerRequestFilter.doFilter(OncePerRequestFilter.java:101) ~[spring-web-6.2.19.jar:6.2.19]
	at org.apache.catalina.core.ApplicationFilterChain.internalDoFilter(ApplicationFilterChain.java:162) ~[tomcat-embed-core-10.1.55.jar:10.1.55]
	at org.apache.catalina.core.ApplicationFilterChain.doFilter(ApplicationFilterChain.java:138) ~[tomcat-embed-core-10.1.55.jar:10.1.55]
	at org.springframework.web.filter.OncePerRequestFilter.doFilter(OncePerRequestFilter.java:101) ~[spring-web-6.2.19.jar:6.2.19]
	at org.apache.catalina.core.ApplicationFilterChain.internalDoFilter(ApplicationFilterChain.java:162) ~[tomcat-embed-core-10.1.55.jar:10.1.55]
	at org.apache.catalina.core.ApplicationFilterChain.doFilter(ApplicationFilterChain.java:138) ~[tomcat-embed-core-10.1.55.jar:10.1.55]
	at org.apache.catalina.core.ApplicationDispatcher.invoke(ApplicationDispatcher.java:610) ~[tomcat-embed-core-10.1.55.jar:10.1.55]
	at org.apache.catalina.core.ApplicationDispatcher.processRequest(ApplicationDispatcher.java:394) ~[tomcat-embed-core-10.1.55.jar:10.1.55]
	at org.apache.catalina.core.ApplicationDispatcher.doForward(ApplicationDispatcher.java:321) ~[tomcat-embed-core-10.1.55.jar:10.1.55]
	at org.apache.catalina.core.ApplicationDispatcher.forward(ApplicationDispatcher.java:266) ~[tomcat-embed-core-10.1.55.jar:10.1.55]
	at org.apache.catalina.core.StandardHostValve.custom(StandardHostValve.java:374) ~[tomcat-embed-core-10.1.55.jar:10.1.55]
	at org.apache.catalina.core.StandardHostValve.status(StandardHostValve.java:206) ~[tomcat-embed-core-10.1.55.jar:10.1.55]
	at org.apache.catalina.core.StandardHostValve.throwable(StandardHostValve.java:283) ~[tomcat-embed-core-10.1.55.jar:10.1.55]
	at org.apache.catalina.core.StandardHostValve.invoke(StandardHostValve.java:147) ~[tomcat-embed-core-10.1.55.jar:10.1.55]
	at org.apache.catalina.valves.ErrorReportValve.invoke(ErrorReportValve.java:83) ~[tomcat-embed-core-10.1.55.jar:10.1.55]
	at org.apache.catalina.core.StandardEngineValve.invoke(StandardEngineValve.java:72) ~[tomcat-embed-core-10.1.55.jar:10.1.55]
	at org.apache.catalina.connector.CoyoteAdapter.service(CoyoteAdapter.java:342) ~[tomcat-embed-core-10.1.55.jar:10.1.55]
	at org.apache.coyote.http11.Http11Processor.service(Http11Processor.java:399) ~[tomcat-embed-core-10.1.55.jar:10.1.55]
	at org.apache.coyote.AbstractProcessorLight.process(AbstractProcessorLight.java:63) ~[tomcat-embed-core-10.1.55.jar:10.1.55]
	at org.apache.coyote.AbstractProtocol$ConnectionHandler.process(AbstractProtocol.java:1272) ~[tomcat-embed-core-10.1.55.jar:10.1.55]
	at org.apache.tomcat.util.net.NioEndpoint$SocketProcessor.doRun(NioEndpoint.java:1797) ~[tomcat-embed-core-10.1.55.jar:10.1.55]
	at org.apache.tomcat.util.net.SocketProcessorBase.run(SocketProcessorBase.java:52) ~[tomcat-embed-core-10.1.55.jar:10.1.55]
	at org.apache.tomcat.util.threads.ThreadPoolExecutor.runWorker(ThreadPoolExecutor.java:973) ~[tomcat-embed-core-10.1.55.jar:10.1.55]
	at org.apache.tomcat.util.threads.ThreadPoolExecutor$Worker.run(ThreadPoolExecutor.java:491) ~[tomcat-embed-core-10.1.55.jar:10.1.55]
	at org.apache.tomcat.util.threads.TaskThread$WrappingRunnable.run(TaskThread.java:63) ~[tomcat-embed-core-10.1.55.jar:10.1.55]
	at java.base/java.lang.Thread.run(Thread.java:1583) ~[na:na]
Caused by: java.lang.NumberFormatException: Cannot parse null string
	at java.base/java.lang.Long.parseLong(Long.java:672) ~[na:na]
	at java.base/java.lang.Long.valueOf(Long.java:1157) ~[na:na]
	at com.hmall.common.interceptors.UserInfoInterceptor.preHandle(UserInfoInterceptor.java:14) ~[classes/:na]
	at org.springframework.web.servlet.HandlerExecutionChain.applyPreHandle(HandlerExecutionChain.java:146) ~[spring-webmvc-6.2.19.jar:6.2.19]
	at org.springframework.web.servlet.DispatcherServlet.doDispatch(DispatcherServlet.java:1084) ~[spring-webmvc-6.2.19.jar:6.2.19]
	at org.springframework.web.servlet.DispatcherServlet.doService(DispatcherServlet.java:979) ~[spring-webmvc-6.2.19.jar:6.2.19]
	at org.springframework.web.servlet.FrameworkServlet.processRequest(FrameworkServlet.java:1014) ~[spring-webmvc-6.2.19.jar:6.2.19]
	... 36 common frames omitted

00:08:35:433  WARN 11948 --- [item-service] [Thread-18] c.a.n.common.http.HttpClientBeanHolder   : [HttpClientBeanHolder] Start destroying common HttpClient
00:08:35:433  WARN 11948 --- [item-service] [Thread-2] c.a.n.common.executor.ThreadPoolManager  : [ThreadPoolManager] Start destroying ThreadPool
00:08:35:433  WARN 11948 --- [item-service] [Thread-16] c.a.nacos.common.notify.NotifyCenter     : [NotifyCenter] Start destroying Publisher
00:08:35:433  WARN 11948 --- [item-service] [Thread-16] c.a.nacos.common.notify.NotifyCenter     : [NotifyCenter] Destruction of the end
00:08:35:434  WARN 11948 --- [item-service] [Thread-2] c.a.n.common.executor.ThreadPoolManager  : [ThreadPoolManager] Destruction of the end
00:08:35:434  WARN 11948 --- [item-service] [Thread-18] c.a.n.common.http.HttpClientBeanHolder   : [HttpClientBeanHolder] Destruction of the end
00:08:35:434  INFO 11948 --- [item-service] [SpringApplicationShutdownHook] c.a.c.n.registry.NacosServiceRegistry    : De-registering from Nacos Server now...
00:08:35:445  INFO 11948 --- [item-service] [SpringApplicationShutdownHook] c.a.c.n.registry.NacosServiceRegistry    : De-registration finished.
00:08:41:129  INFO 12256 --- [item-service] [main] c.a.nacos.client.logging.NacosLogging    : Nacos Logging Adapter Builder: com.alibaba.nacos.logger.adapter.logback12.LogbackNacosLoggingAdapterBuilder
00:08:41:137  INFO 12256 --- [item-service] [main] c.a.nacos.client.logging.NacosLogging    : Nacos Logging Adapter Builder: com.alibaba.nacos.logger.adapter.logback14.LogbackNacosLoggingAdapterBuilder
00:08:41:138  INFO 12256 --- [item-service] [main] c.a.nacos.client.logging.NacosLogging    : Nacos Logging Adapter: com.alibaba.nacos.logger.adapter.logback14.LogbackNacosLoggingAdapter match ch.qos.logback.classic.Logger success.
00:08:41:146  INFO 12256 --- [item-service] [main] c.a.nacos.client.logging.NacosLogging    : Nacos Logging Adapter Builder: com.alibaba.nacos.logger.adapter.log4j2.Log4j2NacosLoggingAdapterBuilder
00:08:41:374  INFO 12256 --- [item-service] [main] com.george.item.ItemApplication          : Starting ItemApplication using Java 21.0.11 with PID 12256 (E:\download\SpringCloud\day02-Docker\Source\hmall\hm-item\item-service\target\classes started by lindu in E:\download\SpringCloud\day02-Docker\Source\hmall)
00:08:41:381 DEBUG 12256 --- [item-service] [main] com.george.item.ItemApplication          : Running with Spring Boot v3.5.15, Spring v6.2.19
00:08:41:382  INFO 12256 --- [item-service] [main] com.george.item.ItemApplication          : The following 1 profile is active: "local"
00:08:42:079  INFO 12256 --- [item-service] [main] .s.d.r.c.RepositoryConfigurationDelegate : Multiple Spring Data modules found, entering strict repository configuration mode
00:08:42:082  INFO 12256 --- [item-service] [main] .s.d.r.c.RepositoryConfigurationDelegate : Bootstrapping Spring Data Redis repositories in DEFAULT mode.
00:08:42:108  INFO 12256 --- [item-service] [main] .s.d.r.c.RepositoryConfigurationDelegate : Finished Spring Data repository scanning in 13 ms. Found 0 Redis repository interfaces.
00:08:42:324  INFO 12256 --- [item-service] [main] o.s.cloud.context.scope.GenericScope     : BeanFactory id=5f875879-8892-38a6-b743-e61b3007a472
00:08:42:724  INFO 12256 --- [item-service] [main] o.s.b.w.embedded.tomcat.TomcatWebServer  : Tomcat initialized with port 9001 (http)
00:08:42:738  INFO 12256 --- [item-service] [main] o.apache.catalina.core.StandardService   : Starting service [Tomcat]
00:08:42:738  INFO 12256 --- [item-service] [main] o.apache.catalina.core.StandardEngine    : Starting Servlet engine: [Apache Tomcat/10.1.55]
00:08:42:803  INFO 12256 --- [item-service] [main] o.a.c.c.C.[Tomcat].[localhost].[/]       : Initializing Spring embedded WebApplicationContext
00:08:42:804  INFO 12256 --- [item-service] [main] w.s.c.ServletWebServerApplicationContext : Root WebApplicationContext: initialization completed in 1362 ms
00:08:43:379  INFO 12256 --- [item-service] [main] m.e.s.MybatisPlusApplicationContextAware : Register ApplicationContext instances org.springframework.boot.web.servlet.context.AnnotationConfigServletWebServerApplicationContext@770d0ea6
00:08:43:970  INFO 12256 --- [item-service] [main] o.s.b.w.embedded.tomcat.TomcatWebServer  : Tomcat started on port 9001 (http) with context path '/'
00:08:44:012  INFO 12256 --- [item-service] [main] c.a.n.p.a.s.c.ClientAuthPluginManager    : [ClientAuthPluginManager] Load ClientAuthService com.alibaba.nacos.client.auth.impl.NacosClientAuthServiceImpl success.
00:08:44:012  INFO 12256 --- [item-service] [main] c.a.n.p.a.s.c.ClientAuthPluginManager    : [ClientAuthPluginManager] Load ClientAuthService com.alibaba.nacos.client.auth.ram.RamClientAuthServiceImpl success.
00:08:44:647  INFO 12256 --- [item-service] [main] c.a.n.c.a.AbstractAbilityControlManager  : Ready to get current node abilities...
00:08:44:648  INFO 12256 --- [item-service] [main] c.a.n.c.a.AbstractAbilityControlManager  : Ready to initialize current node abilities, support modes: [SDK_CLIENT]
00:08:44:649  INFO 12256 --- [item-service] [main] c.a.n.c.a.AbstractAbilityControlManager  : Initialize current abilities finish...
00:08:44:649  INFO 12256 --- [item-service] [main] c.a.n.c.a.d.NacosAbilityManagerHolder    : [AbilityControlManager] Successfully initialize AbilityControlManager
00:08:44:686  INFO 12256 --- [item-service] [main] c.a.c.n.registry.NacosServiceRegistry    : nacos registry, DEFAULT_GROUP item-service 192.168.108.1:9001 register finished
00:08:44:696  INFO 12256 --- [item-service] [main] com.george.item.ItemApplication          : Started ItemApplication in 4.138 seconds (process running for 4.847)
00:08:51:130 ERROR 22616 --- [item-service] [http-nio-9004-exec-3] o.a.c.c.C.[.[.[/].[dispatcherServlet]    : Servlet.service() for servlet [dispatcherServlet] in context with path [] threw exception [Request processing failed: java.lang.NumberFormatException: Cannot parse null string] with root cause

java.lang.NumberFormatException: Cannot parse null string
	at java.base/java.lang.Long.parseLong(Long.java:672) ~[na:na]
	at java.base/java.lang.Long.valueOf(Long.java:1157) ~[na:na]
	at com.hmall.common.interceptors.UserInfoInterceptor.preHandle(UserInfoInterceptor.java:14) ~[classes/:na]
	at org.springframework.web.servlet.HandlerExecutionChain.applyPreHandle(HandlerExecutionChain.java:146) ~[spring-webmvc-6.2.19.jar:6.2.19]
	at org.springframework.web.servlet.DispatcherServlet.doDispatch(DispatcherServlet.java:1084) ~[spring-webmvc-6.2.19.jar:6.2.19]
	at org.springframework.web.servlet.DispatcherServlet.doService(DispatcherServlet.java:979) ~[spring-webmvc-6.2.19.jar:6.2.19]
	at org.springframework.web.servlet.FrameworkServlet.processRequest(FrameworkServlet.java:1014) ~[spring-webmvc-6.2.19.jar:6.2.19]
	at org.springframework.web.servlet.FrameworkServlet.doGet(FrameworkServlet.java:903) ~[spring-webmvc-6.2.19.jar:6.2.19]
	at jakarta.servlet.http.HttpServlet.service(HttpServlet.java:564) ~[tomcat-embed-core-10.1.55.jar:6.0]
	at org.springframework.web.servlet.FrameworkServlet.service(FrameworkServlet.java:885) ~[spring-webmvc-6.2.19.jar:6.2.19]
	at jakarta.servlet.http.HttpServlet.service(HttpServlet.java:658) ~[tomcat-embed-core-10.1.55.jar:6.0]
	at org.apache.catalina.core.ApplicationFilterChain.internalDoFilter(ApplicationFilterChain.java:193) ~[tomcat-embed-core-10.1.55.jar:10.1.55]
	at org.apache.catalina.core.ApplicationFilterChain.doFilter(ApplicationFilterChain.java:138) ~[tomcat-embed-core-10.1.55.jar:10.1.55]
	at org.apache.tomcat.websocket.server.WsFilter.doFilter(WsFilter.java:51) ~[tomcat-embed-websocket-10.1.55.jar:10.1.55]
	at org.apache.catalina.core.ApplicationFilterChain.internalDoFilter(ApplicationFilterChain.java:162) ~[tomcat-embed-core-10.1.55.jar:10.1.55]
	at org.apache.catalina.core.ApplicationFilterChain.doFilter(ApplicationFilterChain.java:138) ~[tomcat-embed-core-10.1.55.jar:10.1.55]
	at org.springframework.web.filter.RequestContextFilter.doFilterInternal(RequestContextFilter.java:100) ~[spring-web-6.2.19.jar:6.2.19]
	at org.springframework.web.filter.OncePerRequestFilter.doFilter(OncePerRequestFilter.java:116) ~[spring-web-6.2.19.jar:6.2.19]
	at org.apache.catalina.core.ApplicationFilterChain.internalDoFilter(ApplicationFilterChain.java:162) ~[tomcat-embed-core-10.1.55.jar:10.1.55]
	at org.apache.catalina.core.ApplicationFilterChain.doFilter(ApplicationFilterChain.java:138) ~[tomcat-embed-core-10.1.55.jar:10.1.55]
	at org.springframework.web.filter.FormContentFilter.doFilterInternal(FormContentFilter.java:93) ~[spring-web-6.2.19.jar:6.2.19]
	at org.springframework.web.filter.OncePerRequestFilter.doFilter(OncePerRequestFilter.java:116) ~[spring-web-6.2.19.jar:6.2.19]
	at org.apache.catalina.core.ApplicationFilterChain.internalDoFilter(ApplicationFilterChain.java:162) ~[tomcat-embed-core-10.1.55.jar:10.1.55]
	at org.apache.catalina.core.ApplicationFilterChain.doFilter(ApplicationFilterChain.java:138) ~[tomcat-embed-core-10.1.55.jar:10.1.55]
	at org.springframework.web.filter.CharacterEncodingFilter.doFilterInternal(CharacterEncodingFilter.java:201) ~[spring-web-6.2.19.jar:6.2.19]
	at org.springframework.web.filter.OncePerRequestFilter.doFilter(OncePerRequestFilter.java:116) ~[spring-web-6.2.19.jar:6.2.19]
	at org.apache.catalina.core.ApplicationFilterChain.internalDoFilter(ApplicationFilterChain.java:162) ~[tomcat-embed-core-10.1.55.jar:10.1.55]
	at org.apache.catalina.core.ApplicationFilterChain.doFilter(ApplicationFilterChain.java:138) ~[tomcat-embed-core-10.1.55.jar:10.1.55]
	at org.apache.catalina.core.StandardWrapperValve.invoke(StandardWrapperValve.java:165) ~[tomcat-embed-core-10.1.55.jar:10.1.55]
	at org.apache.catalina.core.StandardContextValve.invoke(StandardContextValve.java:88) ~[tomcat-embed-core-10.1.55.jar:10.1.55]
	at org.apache.catalina.authenticator.AuthenticatorBase.invoke(AuthenticatorBase.java:492) ~[tomcat-embed-core-10.1.55.jar:10.1.55]
	at org.apache.catalina.core.StandardHostValve.invoke(StandardHostValve.java:113) ~[tomcat-embed-core-10.1.55.jar:10.1.55]
	at org.apache.catalina.valves.ErrorReportValve.invoke(ErrorReportValve.java:83) ~[tomcat-embed-core-10.1.55.jar:10.1.55]
	at org.apache.catalina.core.StandardEngineValve.invoke(StandardEngineValve.java:72) ~[tomcat-embed-core-10.1.55.jar:10.1.55]
	at org.apache.catalina.connector.CoyoteAdapter.service(CoyoteAdapter.java:342) ~[tomcat-embed-core-10.1.55.jar:10.1.55]
	at org.apache.coyote.http11.Http11Processor.service(Http11Processor.java:399) ~[tomcat-embed-core-10.1.55.jar:10.1.55]
	at org.apache.coyote.AbstractProcessorLight.process(AbstractProcessorLight.java:63) ~[tomcat-embed-core-10.1.55.jar:10.1.55]
	at org.apache.coyote.AbstractProtocol$ConnectionHandler.process(AbstractProtocol.java:1272) ~[tomcat-embed-core-10.1.55.jar:10.1.55]
	at org.apache.tomcat.util.net.NioEndpoint$SocketProcessor.doRun(NioEndpoint.java:1797) ~[tomcat-embed-core-10.1.55.jar:10.1.55]
	at org.apache.tomcat.util.net.SocketProcessorBase.run(SocketProcessorBase.java:52) ~[tomcat-embed-core-10.1.55.jar:10.1.55]
	at org.apache.tomcat.util.threads.ThreadPoolExecutor.runWorker(ThreadPoolExecutor.java:973) ~[tomcat-embed-core-10.1.55.jar:10.1.55]
	at org.apache.tomcat.util.threads.ThreadPoolExecutor$Worker.run(ThreadPoolExecutor.java:491) ~[tomcat-embed-core-10.1.55.jar:10.1.55]
	at org.apache.tomcat.util.threads.TaskThread$WrappingRunnable.run(TaskThread.java:63) ~[tomcat-embed-core-10.1.55.jar:10.1.55]
	at java.base/java.lang.Thread.run(Thread.java:1583) ~[na:na]

00:08:51:141 ERROR 22616 --- [item-service] [http-nio-9004-exec-3] o.a.c.c.C.[.[.[/].[dispatcherServlet]    : Servlet.service() for servlet [dispatcherServlet] threw exception

java.lang.NumberFormatException: Cannot parse null string
	at java.base/java.lang.Long.parseLong(Long.java:672) ~[na:na]
	at java.base/java.lang.Long.valueOf(Long.java:1157) ~[na:na]
	at com.hmall.common.interceptors.UserInfoInterceptor.preHandle(UserInfoInterceptor.java:14) ~[classes/:na]
	at org.springframework.web.servlet.HandlerExecutionChain.applyPreHandle(HandlerExecutionChain.java:146) ~[spring-webmvc-6.2.19.jar:6.2.19]
	at org.springframework.web.servlet.DispatcherServlet.doDispatch(DispatcherServlet.java:1084) ~[spring-webmvc-6.2.19.jar:6.2.19]
	at org.springframework.web.servlet.DispatcherServlet.doService(DispatcherServlet.java:979) ~[spring-webmvc-6.2.19.jar:6.2.19]
	at org.springframework.web.servlet.FrameworkServlet.processRequest(FrameworkServlet.java:1014) ~[spring-webmvc-6.2.19.jar:6.2.19]
	at org.springframework.web.servlet.FrameworkServlet.doGet(FrameworkServlet.java:903) ~[spring-webmvc-6.2.19.jar:6.2.19]
	at jakarta.servlet.http.HttpServlet.service(HttpServlet.java:564) ~[tomcat-embed-core-10.1.55.jar:6.0]
	at org.springframework.web.servlet.FrameworkServlet.service(FrameworkServlet.java:885) ~[spring-webmvc-6.2.19.jar:6.2.19]
	at jakarta.servlet.http.HttpServlet.service(HttpServlet.java:658) ~[tomcat-embed-core-10.1.55.jar:6.0]
	at org.apache.catalina.core.ApplicationFilterChain.internalDoFilter(ApplicationFilterChain.java:193) ~[tomcat-embed-core-10.1.55.jar:10.1.55]
	at org.apache.catalina.core.ApplicationFilterChain.doFilter(ApplicationFilterChain.java:138) ~[tomcat-embed-core-10.1.55.jar:10.1.55]
	at org.springframework.web.filter.RequestContextFilter.doFilterInternal(RequestContextFilter.java:100) ~[spring-web-6.2.19.jar:6.2.19]
	at org.springframework.web.filter.OncePerRequestFilter.doFilter(OncePerRequestFilter.java:116) ~[spring-web-6.2.19.jar:6.2.19]
	at org.apache.catalina.core.ApplicationFilterChain.internalDoFilter(ApplicationFilterChain.java:162) ~[tomcat-embed-core-10.1.55.jar:10.1.55]
	at org.apache.catalina.core.ApplicationFilterChain.doFilter(ApplicationFilterChain.java:138) ~[tomcat-embed-core-10.1.55.jar:10.1.55]
	at org.springframework.web.filter.OncePerRequestFilter.doFilter(OncePerRequestFilter.java:101) ~[spring-web-6.2.19.jar:6.2.19]
	at org.apache.catalina.core.ApplicationFilterChain.internalDoFilter(ApplicationFilterChain.java:162) ~[tomcat-embed-core-10.1.55.jar:10.1.55]
	at org.apache.catalina.core.ApplicationFilterChain.doFilter(ApplicationFilterChain.java:138) ~[tomcat-embed-core-10.1.55.jar:10.1.55]
	at org.springframework.web.filter.OncePerRequestFilter.doFilter(OncePerRequestFilter.java:101) ~[spring-web-6.2.19.jar:6.2.19]
	at org.apache.catalina.core.ApplicationFilterChain.internalDoFilter(ApplicationFilterChain.java:162) ~[tomcat-embed-core-10.1.55.jar:10.1.55]
	at org.apache.catalina.core.ApplicationFilterChain.doFilter(ApplicationFilterChain.java:138) ~[tomcat-embed-core-10.1.55.jar:10.1.55]
	at org.apache.catalina.core.ApplicationDispatcher.invoke(ApplicationDispatcher.java:610) ~[tomcat-embed-core-10.1.55.jar:10.1.55]
	at org.apache.catalina.core.ApplicationDispatcher.processRequest(ApplicationDispatcher.java:394) ~[tomcat-embed-core-10.1.55.jar:10.1.55]
	at org.apache.catalina.core.ApplicationDispatcher.doForward(ApplicationDispatcher.java:321) ~[tomcat-embed-core-10.1.55.jar:10.1.55]
	at org.apache.catalina.core.ApplicationDispatcher.forward(ApplicationDispatcher.java:266) ~[tomcat-embed-core-10.1.55.jar:10.1.55]
	at org.apache.catalina.core.StandardHostValve.custom(StandardHostValve.java:374) ~[tomcat-embed-core-10.1.55.jar:10.1.55]
	at org.apache.catalina.core.StandardHostValve.status(StandardHostValve.java:206) ~[tomcat-embed-core-10.1.55.jar:10.1.55]
	at org.apache.catalina.core.StandardHostValve.throwable(StandardHostValve.java:283) ~[tomcat-embed-core-10.1.55.jar:10.1.55]
	at org.apache.catalina.core.StandardHostValve.invoke(StandardHostValve.java:147) ~[tomcat-embed-core-10.1.55.jar:10.1.55]
	at org.apache.catalina.valves.ErrorReportValve.invoke(ErrorReportValve.java:83) ~[tomcat-embed-core-10.1.55.jar:10.1.55]
	at org.apache.catalina.core.StandardEngineValve.invoke(StandardEngineValve.java:72) ~[tomcat-embed-core-10.1.55.jar:10.1.55]
	at org.apache.catalina.connector.CoyoteAdapter.service(CoyoteAdapter.java:342) ~[tomcat-embed-core-10.1.55.jar:10.1.55]
	at org.apache.coyote.http11.Http11Processor.service(Http11Processor.java:399) ~[tomcat-embed-core-10.1.55.jar:10.1.55]
	at org.apache.coyote.AbstractProcessorLight.process(AbstractProcessorLight.java:63) ~[tomcat-embed-core-10.1.55.jar:10.1.55]
	at org.apache.coyote.AbstractProtocol$ConnectionHandler.process(AbstractProtocol.java:1272) ~[tomcat-embed-core-10.1.55.jar:10.1.55]
	at org.apache.tomcat.util.net.NioEndpoint$SocketProcessor.doRun(NioEndpoint.java:1797) ~[tomcat-embed-core-10.1.55.jar:10.1.55]
	at org.apache.tomcat.util.net.SocketProcessorBase.run(SocketProcessorBase.java:52) ~[tomcat-embed-core-10.1.55.jar:10.1.55]
	at org.apache.tomcat.util.threads.ThreadPoolExecutor.runWorker(ThreadPoolExecutor.java:973) ~[tomcat-embed-core-10.1.55.jar:10.1.55]
	at org.apache.tomcat.util.threads.ThreadPoolExecutor$Worker.run(ThreadPoolExecutor.java:491) ~[tomcat-embed-core-10.1.55.jar:10.1.55]
	at org.apache.tomcat.util.threads.TaskThread$WrappingRunnable.run(TaskThread.java:63) ~[tomcat-embed-core-10.1.55.jar:10.1.55]
	at java.base/java.lang.Thread.run(Thread.java:1583) ~[na:na]

00:08:51:142 ERROR 22616 --- [item-service] [http-nio-9004-exec-3] o.a.c.c.C.[Tomcat].[localhost]           : Exception Processing [ErrorPage[errorCode=0, location=/error]]

jakarta.servlet.ServletException: Request processing failed: java.lang.NumberFormatException: Cannot parse null string
	at org.springframework.web.servlet.FrameworkServlet.processRequest(FrameworkServlet.java:1022) ~[spring-webmvc-6.2.19.jar:6.2.19]
	at org.springframework.web.servlet.FrameworkServlet.doGet(FrameworkServlet.java:903) ~[spring-webmvc-6.2.19.jar:6.2.19]
	at jakarta.servlet.http.HttpServlet.service(HttpServlet.java:564) ~[tomcat-embed-core-10.1.55.jar:6.0]
	at org.springframework.web.servlet.FrameworkServlet.service(FrameworkServlet.java:885) ~[spring-webmvc-6.2.19.jar:6.2.19]
	at jakarta.servlet.http.HttpServlet.service(HttpServlet.java:658) ~[tomcat-embed-core-10.1.55.jar:6.0]
	at org.apache.catalina.core.ApplicationFilterChain.internalDoFilter(ApplicationFilterChain.java:193) ~[tomcat-embed-core-10.1.55.jar:10.1.55]
	at org.apache.catalina.core.ApplicationFilterChain.doFilter(ApplicationFilterChain.java:138) ~[tomcat-embed-core-10.1.55.jar:10.1.55]
	at org.springframework.web.filter.RequestContextFilter.doFilterInternal(RequestContextFilter.java:100) ~[spring-web-6.2.19.jar:6.2.19]
	at org.springframework.web.filter.OncePerRequestFilter.doFilter(OncePerRequestFilter.java:116) ~[spring-web-6.2.19.jar:6.2.19]
	at org.apache.catalina.core.ApplicationFilterChain.internalDoFilter(ApplicationFilterChain.java:162) ~[tomcat-embed-core-10.1.55.jar:10.1.55]
	at org.apache.catalina.core.ApplicationFilterChain.doFilter(ApplicationFilterChain.java:138) ~[tomcat-embed-core-10.1.55.jar:10.1.55]
	at org.springframework.web.filter.OncePerRequestFilter.doFilter(OncePerRequestFilter.java:101) ~[spring-web-6.2.19.jar:6.2.19]
	at org.apache.catalina.core.ApplicationFilterChain.internalDoFilter(ApplicationFilterChain.java:162) ~[tomcat-embed-core-10.1.55.jar:10.1.55]
	at org.apache.catalina.core.ApplicationFilterChain.doFilter(ApplicationFilterChain.java:138) ~[tomcat-embed-core-10.1.55.jar:10.1.55]
	at org.springframework.web.filter.OncePerRequestFilter.doFilter(OncePerRequestFilter.java:101) ~[spring-web-6.2.19.jar:6.2.19]
	at org.apache.catalina.core.ApplicationFilterChain.internalDoFilter(ApplicationFilterChain.java:162) ~[tomcat-embed-core-10.1.55.jar:10.1.55]
	at org.apache.catalina.core.ApplicationFilterChain.doFilter(ApplicationFilterChain.java:138) ~[tomcat-embed-core-10.1.55.jar:10.1.55]
	at org.apache.catalina.core.ApplicationDispatcher.invoke(ApplicationDispatcher.java:610) ~[tomcat-embed-core-10.1.55.jar:10.1.55]
	at org.apache.catalina.core.ApplicationDispatcher.processRequest(ApplicationDispatcher.java:394) ~[tomcat-embed-core-10.1.55.jar:10.1.55]
	at org.apache.catalina.core.ApplicationDispatcher.doForward(ApplicationDispatcher.java:321) ~[tomcat-embed-core-10.1.55.jar:10.1.55]
	at org.apache.catalina.core.ApplicationDispatcher.forward(ApplicationDispatcher.java:266) ~[tomcat-embed-core-10.1.55.jar:10.1.55]
	at org.apache.catalina.core.StandardHostValve.custom(StandardHostValve.java:374) ~[tomcat-embed-core-10.1.55.jar:10.1.55]
	at org.apache.catalina.core.StandardHostValve.status(StandardHostValve.java:206) ~[tomcat-embed-core-10.1.55.jar:10.1.55]
	at org.apache.catalina.core.StandardHostValve.throwable(StandardHostValve.java:283) ~[tomcat-embed-core-10.1.55.jar:10.1.55]
	at org.apache.catalina.core.StandardHostValve.invoke(StandardHostValve.java:147) ~[tomcat-embed-core-10.1.55.jar:10.1.55]
	at org.apache.catalina.valves.ErrorReportValve.invoke(ErrorReportValve.java:83) ~[tomcat-embed-core-10.1.55.jar:10.1.55]
	at org.apache.catalina.core.StandardEngineValve.invoke(StandardEngineValve.java:72) ~[tomcat-embed-core-10.1.55.jar:10.1.55]
	at org.apache.catalina.connector.CoyoteAdapter.service(CoyoteAdapter.java:342) ~[tomcat-embed-core-10.1.55.jar:10.1.55]
	at org.apache.coyote.http11.Http11Processor.service(Http11Processor.java:399) ~[tomcat-embed-core-10.1.55.jar:10.1.55]
	at org.apache.coyote.AbstractProcessorLight.process(AbstractProcessorLight.java:63) ~[tomcat-embed-core-10.1.55.jar:10.1.55]
	at org.apache.coyote.AbstractProtocol$ConnectionHandler.process(AbstractProtocol.java:1272) ~[tomcat-embed-core-10.1.55.jar:10.1.55]
	at org.apache.tomcat.util.net.NioEndpoint$SocketProcessor.doRun(NioEndpoint.java:1797) ~[tomcat-embed-core-10.1.55.jar:10.1.55]
	at org.apache.tomcat.util.net.SocketProcessorBase.run(SocketProcessorBase.java:52) ~[tomcat-embed-core-10.1.55.jar:10.1.55]
	at org.apache.tomcat.util.threads.ThreadPoolExecutor.runWorker(ThreadPoolExecutor.java:973) ~[tomcat-embed-core-10.1.55.jar:10.1.55]
	at org.apache.tomcat.util.threads.ThreadPoolExecutor$Worker.run(ThreadPoolExecutor.java:491) ~[tomcat-embed-core-10.1.55.jar:10.1.55]
	at org.apache.tomcat.util.threads.TaskThread$WrappingRunnable.run(TaskThread.java:63) ~[tomcat-embed-core-10.1.55.jar:10.1.55]
	at java.base/java.lang.Thread.run(Thread.java:1583) ~[na:na]
Caused by: java.lang.NumberFormatException: Cannot parse null string
	at java.base/java.lang.Long.parseLong(Long.java:672) ~[na:na]
	at java.base/java.lang.Long.valueOf(Long.java:1157) ~[na:na]
	at com.hmall.common.interceptors.UserInfoInterceptor.preHandle(UserInfoInterceptor.java:14) ~[classes/:na]
	at org.springframework.web.servlet.HandlerExecutionChain.applyPreHandle(HandlerExecutionChain.java:146) ~[spring-webmvc-6.2.19.jar:6.2.19]
	at org.springframework.web.servlet.DispatcherServlet.doDispatch(DispatcherServlet.java:1084) ~[spring-webmvc-6.2.19.jar:6.2.19]
	at org.springframework.web.servlet.DispatcherServlet.doService(DispatcherServlet.java:979) ~[spring-webmvc-6.2.19.jar:6.2.19]
	at org.springframework.web.servlet.FrameworkServlet.processRequest(FrameworkServlet.java:1014) ~[spring-webmvc-6.2.19.jar:6.2.19]
	... 36 common frames omitted

00:08:52:152  INFO 12256 --- [item-service] [http-nio-9001-exec-1] o.a.c.c.C.[Tomcat].[localhost].[/]       : Initializing Spring DispatcherServlet 'dispatcherServlet'
00:08:52:152  INFO 12256 --- [item-service] [http-nio-9001-exec-1] o.s.web.servlet.DispatcherServlet        : Initializing Servlet 'dispatcherServlet'
00:08:52:154  INFO 12256 --- [item-service] [http-nio-9001-exec-1] o.s.web.servlet.DispatcherServlet        : Completed initialization in 1 ms
00:08:52:354  INFO 12256 --- [item-service] [http-nio-9001-exec-1] com.zaxxer.hikari.HikariDataSource       : HikariPool-1 - Starting...
00:08:52:596  INFO 12256 --- [item-service] [http-nio-9001-exec-1] com.zaxxer.hikari.pool.HikariPool        : HikariPool-1 - Added connection com.mysql.cj.jdbc.ConnectionImpl@458ce195
00:08:52:598  INFO 12256 --- [item-service] [http-nio-9001-exec-1] com.zaxxer.hikari.HikariDataSource       : HikariPool-1 - Start completed.
00:08:52:605 DEBUG 12256 --- [item-service] [http-nio-9001-exec-1] c.g.i.m.ItemMapper.selectList_mpCount    : ==>  Preparing: SELECT COUNT(*) AS total FROM item WHERE (status = ?)
00:08:52:630 DEBUG 12256 --- [item-service] [http-nio-9001-exec-1] c.g.i.m.ItemMapper.selectList_mpCount    : ==> Parameters: 1(Integer)
00:08:52:665 DEBUG 12256 --- [item-service] [http-nio-9001-exec-1] c.g.i.m.ItemMapper.selectList_mpCount    : <==      Total: 1
00:08:52:679 DEBUG 12256 --- [item-service] [http-nio-9001-exec-1] c.g.item.mapper.ItemMapper.selectList    : ==>  Preparing: SELECT id, name, price, stock, image, category, brand, spec, sold, comment_count, isAD, status, create_time, update_time, creater, updater FROM item WHERE (status = ?) ORDER BY update_time DESC LIMIT ?
00:08:52:680 DEBUG 12256 --- [item-service] [http-nio-9001-exec-1] c.g.item.mapper.ItemMapper.selectList    : ==> Parameters: 1(Integer), 20(Long)
00:08:52:690 DEBUG 12256 --- [item-service] [http-nio-9001-exec-1] c.g.item.mapper.ItemMapper.selectList    : <==      Total: 20
00:08:57:138 DEBUG 12256 --- [item-service] [http-nio-9001-exec-2] c.g.item.mapper.ItemMapper.selectByIds   : ==>  Preparing: SELECT id,name,price,stock,image,category,brand,spec,sold,comment_count,isAD,status,create_time,update_time,creater,updater FROM item WHERE id IN ( ? , ? , ? )
00:08:57:140 DEBUG 12256 --- [item-service] [http-nio-9001-exec-2] c.g.item.mapper.ItemMapper.selectByIds   : ==> Parameters: 1(Long), 2(Long), 3(Long)
00:08:57:142 DEBUG 12256 --- [item-service] [http-nio-9001-exec-2] c.g.item.mapper.ItemMapper.selectByIds   : <==      Total: 0
00:09:04:558 ERROR 22616 --- [item-service] [http-nio-9004-exec-4] o.a.c.c.C.[.[.[/].[dispatcherServlet]    : Servlet.service() for servlet [dispatcherServlet] in context with path [] threw exception [Request processing failed: java.lang.NumberFormatException: Cannot parse null string] with root cause

java.lang.NumberFormatException: Cannot parse null string
	at java.base/java.lang.Long.parseLong(Long.java:672) ~[na:na]
	at java.base/java.lang.Long.valueOf(Long.java:1157) ~[na:na]
	at com.hmall.common.interceptors.UserInfoInterceptor.preHandle(UserInfoInterceptor.java:14) ~[classes/:na]
	at org.springframework.web.servlet.HandlerExecutionChain.applyPreHandle(HandlerExecutionChain.java:146) ~[spring-webmvc-6.2.19.jar:6.2.19]
	at org.springframework.web.servlet.DispatcherServlet.doDispatch(DispatcherServlet.java:1084) ~[spring-webmvc-6.2.19.jar:6.2.19]
	at org.springframework.web.servlet.DispatcherServlet.doService(DispatcherServlet.java:979) ~[spring-webmvc-6.2.19.jar:6.2.19]
	at org.springframework.web.servlet.FrameworkServlet.processRequest(FrameworkServlet.java:1014) ~[spring-webmvc-6.2.19.jar:6.2.19]
	at org.springframework.web.servlet.FrameworkServlet.doGet(FrameworkServlet.java:903) ~[spring-webmvc-6.2.19.jar:6.2.19]
	at jakarta.servlet.http.HttpServlet.service(HttpServlet.java:564) ~[tomcat-embed-core-10.1.55.jar:6.0]
	at org.springframework.web.servlet.FrameworkServlet.service(FrameworkServlet.java:885) ~[spring-webmvc-6.2.19.jar:6.2.19]
	at jakarta.servlet.http.HttpServlet.service(HttpServlet.java:658) ~[tomcat-embed-core-10.1.55.jar:6.0]
	at org.apache.catalina.core.ApplicationFilterChain.internalDoFilter(ApplicationFilterChain.java:193) ~[tomcat-embed-core-10.1.55.jar:10.1.55]
	at org.apache.catalina.core.ApplicationFilterChain.doFilter(ApplicationFilterChain.java:138) ~[tomcat-embed-core-10.1.55.jar:10.1.55]
	at org.apache.tomcat.websocket.server.WsFilter.doFilter(WsFilter.java:51) ~[tomcat-embed-websocket-10.1.55.jar:10.1.55]
	at org.apache.catalina.core.ApplicationFilterChain.internalDoFilter(ApplicationFilterChain.java:162) ~[tomcat-embed-core-10.1.55.jar:10.1.55]
	at org.apache.catalina.core.ApplicationFilterChain.doFilter(ApplicationFilterChain.java:138) ~[tomcat-embed-core-10.1.55.jar:10.1.55]
	at org.springframework.web.filter.RequestContextFilter.doFilterInternal(RequestContextFilter.java:100) ~[spring-web-6.2.19.jar:6.2.19]
	at org.springframework.web.filter.OncePerRequestFilter.doFilter(OncePerRequestFilter.java:116) ~[spring-web-6.2.19.jar:6.2.19]
	at org.apache.catalina.core.ApplicationFilterChain.internalDoFilter(ApplicationFilterChain.java:162) ~[tomcat-embed-core-10.1.55.jar:10.1.55]
	at org.apache.catalina.core.ApplicationFilterChain.doFilter(ApplicationFilterChain.java:138) ~[tomcat-embed-core-10.1.55.jar:10.1.55]
	at org.springframework.web.filter.FormContentFilter.doFilterInternal(FormContentFilter.java:93) ~[spring-web-6.2.19.jar:6.2.19]
	at org.springframework.web.filter.OncePerRequestFilter.doFilter(OncePerRequestFilter.java:116) ~[spring-web-6.2.19.jar:6.2.19]
	at org.apache.catalina.core.ApplicationFilterChain.internalDoFilter(ApplicationFilterChain.java:162) ~[tomcat-embed-core-10.1.55.jar:10.1.55]
	at org.apache.catalina.core.ApplicationFilterChain.doFilter(ApplicationFilterChain.java:138) ~[tomcat-embed-core-10.1.55.jar:10.1.55]
	at org.springframework.web.filter.CharacterEncodingFilter.doFilterInternal(CharacterEncodingFilter.java:201) ~[spring-web-6.2.19.jar:6.2.19]
	at org.springframework.web.filter.OncePerRequestFilter.doFilter(OncePerRequestFilter.java:116) ~[spring-web-6.2.19.jar:6.2.19]
	at org.apache.catalina.core.ApplicationFilterChain.internalDoFilter(ApplicationFilterChain.java:162) ~[tomcat-embed-core-10.1.55.jar:10.1.55]
	at org.apache.catalina.core.ApplicationFilterChain.doFilter(ApplicationFilterChain.java:138) ~[tomcat-embed-core-10.1.55.jar:10.1.55]
	at org.apache.catalina.core.StandardWrapperValve.invoke(StandardWrapperValve.java:165) ~[tomcat-embed-core-10.1.55.jar:10.1.55]
	at org.apache.catalina.core.StandardContextValve.invoke(StandardContextValve.java:88) ~[tomcat-embed-core-10.1.55.jar:10.1.55]
	at org.apache.catalina.authenticator.AuthenticatorBase.invoke(AuthenticatorBase.java:492) ~[tomcat-embed-core-10.1.55.jar:10.1.55]
	at org.apache.catalina.core.StandardHostValve.invoke(StandardHostValve.java:113) ~[tomcat-embed-core-10.1.55.jar:10.1.55]
	at org.apache.catalina.valves.ErrorReportValve.invoke(ErrorReportValve.java:83) ~[tomcat-embed-core-10.1.55.jar:10.1.55]
	at org.apache.catalina.core.StandardEngineValve.invoke(StandardEngineValve.java:72) ~[tomcat-embed-core-10.1.55.jar:10.1.55]
	at org.apache.catalina.connector.CoyoteAdapter.service(CoyoteAdapter.java:342) ~[tomcat-embed-core-10.1.55.jar:10.1.55]
	at org.apache.coyote.http11.Http11Processor.service(Http11Processor.java:399) ~[tomcat-embed-core-10.1.55.jar:10.1.55]
	at org.apache.coyote.AbstractProcessorLight.process(AbstractProcessorLight.java:63) ~[tomcat-embed-core-10.1.55.jar:10.1.55]
	at org.apache.coyote.AbstractProtocol$ConnectionHandler.process(AbstractProtocol.java:1272) ~[tomcat-embed-core-10.1.55.jar:10.1.55]
	at org.apache.tomcat.util.net.NioEndpoint$SocketProcessor.doRun(NioEndpoint.java:1797) ~[tomcat-embed-core-10.1.55.jar:10.1.55]
	at org.apache.tomcat.util.net.SocketProcessorBase.run(SocketProcessorBase.java:52) ~[tomcat-embed-core-10.1.55.jar:10.1.55]
	at org.apache.tomcat.util.threads.ThreadPoolExecutor.runWorker(ThreadPoolExecutor.java:973) ~[tomcat-embed-core-10.1.55.jar:10.1.55]
	at org.apache.tomcat.util.threads.ThreadPoolExecutor$Worker.run(ThreadPoolExecutor.java:491) ~[tomcat-embed-core-10.1.55.jar:10.1.55]
	at org.apache.tomcat.util.threads.TaskThread$WrappingRunnable.run(TaskThread.java:63) ~[tomcat-embed-core-10.1.55.jar:10.1.55]
	at java.base/java.lang.Thread.run(Thread.java:1583) ~[na:na]

00:09:04:559 ERROR 22616 --- [item-service] [http-nio-9004-exec-4] o.a.c.c.C.[.[.[/].[dispatcherServlet]    : Servlet.service() for servlet [dispatcherServlet] threw exception

java.lang.NumberFormatException: Cannot parse null string
	at java.base/java.lang.Long.parseLong(Long.java:672) ~[na:na]
	at java.base/java.lang.Long.valueOf(Long.java:1157) ~[na:na]
	at com.hmall.common.interceptors.UserInfoInterceptor.preHandle(UserInfoInterceptor.java:14) ~[classes/:na]
	at org.springframework.web.servlet.HandlerExecutionChain.applyPreHandle(HandlerExecutionChain.java:146) ~[spring-webmvc-6.2.19.jar:6.2.19]
	at org.springframework.web.servlet.DispatcherServlet.doDispatch(DispatcherServlet.java:1084) ~[spring-webmvc-6.2.19.jar:6.2.19]
	at org.springframework.web.servlet.DispatcherServlet.doService(DispatcherServlet.java:979) ~[spring-webmvc-6.2.19.jar:6.2.19]
	at org.springframework.web.servlet.FrameworkServlet.processRequest(FrameworkServlet.java:1014) ~[spring-webmvc-6.2.19.jar:6.2.19]
	at org.springframework.web.servlet.FrameworkServlet.doGet(FrameworkServlet.java:903) ~[spring-webmvc-6.2.19.jar:6.2.19]
	at jakarta.servlet.http.HttpServlet.service(HttpServlet.java:564) ~[tomcat-embed-core-10.1.55.jar:6.0]
	at org.springframework.web.servlet.FrameworkServlet.service(FrameworkServlet.java:885) ~[spring-webmvc-6.2.19.jar:6.2.19]
	at jakarta.servlet.http.HttpServlet.service(HttpServlet.java:658) ~[tomcat-embed-core-10.1.55.jar:6.0]
	at org.apache.catalina.core.ApplicationFilterChain.internalDoFilter(ApplicationFilterChain.java:193) ~[tomcat-embed-core-10.1.55.jar:10.1.55]
	at org.apache.catalina.core.ApplicationFilterChain.doFilter(ApplicationFilterChain.java:138) ~[tomcat-embed-core-10.1.55.jar:10.1.55]
	at org.springframework.web.filter.RequestContextFilter.doFilterInternal(RequestContextFilter.java:100) ~[spring-web-6.2.19.jar:6.2.19]
	at org.springframework.web.filter.OncePerRequestFilter.doFilter(OncePerRequestFilter.java:116) ~[spring-web-6.2.19.jar:6.2.19]
	at org.apache.catalina.core.ApplicationFilterChain.internalDoFilter(ApplicationFilterChain.java:162) ~[tomcat-embed-core-10.1.55.jar:10.1.55]
	at org.apache.catalina.core.ApplicationFilterChain.doFilter(ApplicationFilterChain.java:138) ~[tomcat-embed-core-10.1.55.jar:10.1.55]
	at org.springframework.web.filter.OncePerRequestFilter.doFilter(OncePerRequestFilter.java:101) ~[spring-web-6.2.19.jar:6.2.19]
	at org.apache.catalina.core.ApplicationFilterChain.internalDoFilter(ApplicationFilterChain.java:162) ~[tomcat-embed-core-10.1.55.jar:10.1.55]
	at org.apache.catalina.core.ApplicationFilterChain.doFilter(ApplicationFilterChain.java:138) ~[tomcat-embed-core-10.1.55.jar:10.1.55]
	at org.springframework.web.filter.OncePerRequestFilter.doFilter(OncePerRequestFilter.java:101) ~[spring-web-6.2.19.jar:6.2.19]
	at org.apache.catalina.core.ApplicationFilterChain.internalDoFilter(ApplicationFilterChain.java:162) ~[tomcat-embed-core-10.1.55.jar:10.1.55]
	at org.apache.catalina.core.ApplicationFilterChain.doFilter(ApplicationFilterChain.java:138) ~[tomcat-embed-core-10.1.55.jar:10.1.55]
	at org.apache.catalina.core.ApplicationDispatcher.invoke(ApplicationDispatcher.java:610) ~[tomcat-embed-core-10.1.55.jar:10.1.55]
	at org.apache.catalina.core.ApplicationDispatcher.processRequest(ApplicationDispatcher.java:394) ~[tomcat-embed-core-10.1.55.jar:10.1.55]
	at org.apache.catalina.core.ApplicationDispatcher.doForward(ApplicationDispatcher.java:321) ~[tomcat-embed-core-10.1.55.jar:10.1.55]
	at org.apache.catalina.core.ApplicationDispatcher.forward(ApplicationDispatcher.java:266) ~[tomcat-embed-core-10.1.55.jar:10.1.55]
	at org.apache.catalina.core.StandardHostValve.custom(StandardHostValve.java:374) ~[tomcat-embed-core-10.1.55.jar:10.1.55]
	at org.apache.catalina.core.StandardHostValve.status(StandardHostValve.java:206) ~[tomcat-embed-core-10.1.55.jar:10.1.55]
	at org.apache.catalina.core.StandardHostValve.throwable(StandardHostValve.java:283) ~[tomcat-embed-core-10.1.55.jar:10.1.55]
	at org.apache.catalina.core.StandardHostValve.invoke(StandardHostValve.java:147) ~[tomcat-embed-core-10.1.55.jar:10.1.55]
	at org.apache.catalina.valves.ErrorReportValve.invoke(ErrorReportValve.java:83) ~[tomcat-embed-core-10.1.55.jar:10.1.55]
	at org.apache.catalina.core.StandardEngineValve.invoke(StandardEngineValve.java:72) ~[tomcat-embed-core-10.1.55.jar:10.1.55]
	at org.apache.catalina.connector.CoyoteAdapter.service(CoyoteAdapter.java:342) ~[tomcat-embed-core-10.1.55.jar:10.1.55]
	at org.apache.coyote.http11.Http11Processor.service(Http11Processor.java:399) ~[tomcat-embed-core-10.1.55.jar:10.1.55]
	at org.apache.coyote.AbstractProcessorLight.process(AbstractProcessorLight.java:63) ~[tomcat-embed-core-10.1.55.jar:10.1.55]
	at org.apache.coyote.AbstractProtocol$ConnectionHandler.process(AbstractProtocol.java:1272) ~[tomcat-embed-core-10.1.55.jar:10.1.55]
	at org.apache.tomcat.util.net.NioEndpoint$SocketProcessor.doRun(NioEndpoint.java:1797) ~[tomcat-embed-core-10.1.55.jar:10.1.55]
	at org.apache.tomcat.util.net.SocketProcessorBase.run(SocketProcessorBase.java:52) ~[tomcat-embed-core-10.1.55.jar:10.1.55]
	at org.apache.tomcat.util.threads.ThreadPoolExecutor.runWorker(ThreadPoolExecutor.java:973) ~[tomcat-embed-core-10.1.55.jar:10.1.55]
	at org.apache.tomcat.util.threads.ThreadPoolExecutor$Worker.run(ThreadPoolExecutor.java:491) ~[tomcat-embed-core-10.1.55.jar:10.1.55]
	at org.apache.tomcat.util.threads.TaskThread$WrappingRunnable.run(TaskThread.java:63) ~[tomcat-embed-core-10.1.55.jar:10.1.55]
	at java.base/java.lang.Thread.run(Thread.java:1583) ~[na:na]

00:09:04:560 ERROR 22616 --- [item-service] [http-nio-9004-exec-4] o.a.c.c.C.[Tomcat].[localhost]           : Exception Processing [ErrorPage[errorCode=0, location=/error]]

jakarta.servlet.ServletException: Request processing failed: java.lang.NumberFormatException: Cannot parse null string
	at org.springframework.web.servlet.FrameworkServlet.processRequest(FrameworkServlet.java:1022) ~[spring-webmvc-6.2.19.jar:6.2.19]
	at org.springframework.web.servlet.FrameworkServlet.doGet(FrameworkServlet.java:903) ~[spring-webmvc-6.2.19.jar:6.2.19]
	at jakarta.servlet.http.HttpServlet.service(HttpServlet.java:564) ~[tomcat-embed-core-10.1.55.jar:6.0]
	at org.springframework.web.servlet.FrameworkServlet.service(FrameworkServlet.java:885) ~[spring-webmvc-6.2.19.jar:6.2.19]
	at jakarta.servlet.http.HttpServlet.service(HttpServlet.java:658) ~[tomcat-embed-core-10.1.55.jar:6.0]
	at org.apache.catalina.core.ApplicationFilterChain.internalDoFilter(ApplicationFilterChain.java:193) ~[tomcat-embed-core-10.1.55.jar:10.1.55]
	at org.apache.catalina.core.ApplicationFilterChain.doFilter(ApplicationFilterChain.java:138) ~[tomcat-embed-core-10.1.55.jar:10.1.55]
	at org.springframework.web.filter.RequestContextFilter.doFilterInternal(RequestContextFilter.java:100) ~[spring-web-6.2.19.jar:6.2.19]
	at org.springframework.web.filter.OncePerRequestFilter.doFilter(OncePerRequestFilter.java:116) ~[spring-web-6.2.19.jar:6.2.19]
	at org.apache.catalina.core.ApplicationFilterChain.internalDoFilter(ApplicationFilterChain.java:162) ~[tomcat-embed-core-10.1.55.jar:10.1.55]
	at org.apache.catalina.core.ApplicationFilterChain.doFilter(ApplicationFilterChain.java:138) ~[tomcat-embed-core-10.1.55.jar:10.1.55]
	at org.springframework.web.filter.OncePerRequestFilter.doFilter(OncePerRequestFilter.java:101) ~[spring-web-6.2.19.jar:6.2.19]
	at org.apache.catalina.core.ApplicationFilterChain.internalDoFilter(ApplicationFilterChain.java:162) ~[tomcat-embed-core-10.1.55.jar:10.1.55]
	at org.apache.catalina.core.ApplicationFilterChain.doFilter(ApplicationFilterChain.java:138) ~[tomcat-embed-core-10.1.55.jar:10.1.55]
	at org.springframework.web.filter.OncePerRequestFilter.doFilter(OncePerRequestFilter.java:101) ~[spring-web-6.2.19.jar:6.2.19]
	at org.apache.catalina.core.ApplicationFilterChain.internalDoFilter(ApplicationFilterChain.java:162) ~[tomcat-embed-core-10.1.55.jar:10.1.55]
	at org.apache.catalina.core.ApplicationFilterChain.doFilter(ApplicationFilterChain.java:138) ~[tomcat-embed-core-10.1.55.jar:10.1.55]
	at org.apache.catalina.core.ApplicationDispatcher.invoke(ApplicationDispatcher.java:610) ~[tomcat-embed-core-10.1.55.jar:10.1.55]
	at org.apache.catalina.core.ApplicationDispatcher.processRequest(ApplicationDispatcher.java:394) ~[tomcat-embed-core-10.1.55.jar:10.1.55]
	at org.apache.catalina.core.ApplicationDispatcher.doForward(ApplicationDispatcher.java:321) ~[tomcat-embed-core-10.1.55.jar:10.1.55]
	at org.apache.catalina.core.ApplicationDispatcher.forward(ApplicationDispatcher.java:266) ~[tomcat-embed-core-10.1.55.jar:10.1.55]
	at org.apache.catalina.core.StandardHostValve.custom(StandardHostValve.java:374) ~[tomcat-embed-core-10.1.55.jar:10.1.55]
	at org.apache.catalina.core.StandardHostValve.status(StandardHostValve.java:206) ~[tomcat-embed-core-10.1.55.jar:10.1.55]
	at org.apache.catalina.core.StandardHostValve.throwable(StandardHostValve.java:283) ~[tomcat-embed-core-10.1.55.jar:10.1.55]
	at org.apache.catalina.core.StandardHostValve.invoke(StandardHostValve.java:147) ~[tomcat-embed-core-10.1.55.jar:10.1.55]
	at org.apache.catalina.valves.ErrorReportValve.invoke(ErrorReportValve.java:83) ~[tomcat-embed-core-10.1.55.jar:10.1.55]
	at org.apache.catalina.core.StandardEngineValve.invoke(StandardEngineValve.java:72) ~[tomcat-embed-core-10.1.55.jar:10.1.55]
	at org.apache.catalina.connector.CoyoteAdapter.service(CoyoteAdapter.java:342) ~[tomcat-embed-core-10.1.55.jar:10.1.55]
	at org.apache.coyote.http11.Http11Processor.service(Http11Processor.java:399) ~[tomcat-embed-core-10.1.55.jar:10.1.55]
	at org.apache.coyote.AbstractProcessorLight.process(AbstractProcessorLight.java:63) ~[tomcat-embed-core-10.1.55.jar:10.1.55]
	at org.apache.coyote.AbstractProtocol$ConnectionHandler.process(AbstractProtocol.java:1272) ~[tomcat-embed-core-10.1.55.jar:10.1.55]
	at org.apache.tomcat.util.net.NioEndpoint$SocketProcessor.doRun(NioEndpoint.java:1797) ~[tomcat-embed-core-10.1.55.jar:10.1.55]
	at org.apache.tomcat.util.net.SocketProcessorBase.run(SocketProcessorBase.java:52) ~[tomcat-embed-core-10.1.55.jar:10.1.55]
	at org.apache.tomcat.util.threads.ThreadPoolExecutor.runWorker(ThreadPoolExecutor.java:973) ~[tomcat-embed-core-10.1.55.jar:10.1.55]
	at org.apache.tomcat.util.threads.ThreadPoolExecutor$Worker.run(ThreadPoolExecutor.java:491) ~[tomcat-embed-core-10.1.55.jar:10.1.55]
	at org.apache.tomcat.util.threads.TaskThread$WrappingRunnable.run(TaskThread.java:63) ~[tomcat-embed-core-10.1.55.jar:10.1.55]
	at java.base/java.lang.Thread.run(Thread.java:1583) ~[na:na]
Caused by: java.lang.NumberFormatException: Cannot parse null string
	at java.base/java.lang.Long.parseLong(Long.java:672) ~[na:na]
	at java.base/java.lang.Long.valueOf(Long.java:1157) ~[na:na]
	at com.hmall.common.interceptors.UserInfoInterceptor.preHandle(UserInfoInterceptor.java:14) ~[classes/:na]
	at org.springframework.web.servlet.HandlerExecutionChain.applyPreHandle(HandlerExecutionChain.java:146) ~[spring-webmvc-6.2.19.jar:6.2.19]
	at org.springframework.web.servlet.DispatcherServlet.doDispatch(DispatcherServlet.java:1084) ~[spring-webmvc-6.2.19.jar:6.2.19]
	at org.springframework.web.servlet.DispatcherServlet.doService(DispatcherServlet.java:979) ~[spring-webmvc-6.2.19.jar:6.2.19]
	at org.springframework.web.servlet.FrameworkServlet.processRequest(FrameworkServlet.java:1014) ~[spring-webmvc-6.2.19.jar:6.2.19]
	... 36 common frames omitted

00:09:09:620 DEBUG 12256 --- [item-service] [http-nio-9001-exec-3] c.g.item.mapper.ItemMapper.selectByIds   : ==>  Preparing: SELECT id,name,price,stock,image,category,brand,spec,sold,comment_count,isAD,status,create_time,update_time,creater,updater FROM item WHERE id IN ( ? , ? , ? )
00:09:09:620 DEBUG 12256 --- [item-service] [http-nio-9001-exec-3] c.g.item.mapper.ItemMapper.selectByIds   : ==> Parameters: 1(Long), 2(Long), 3(Long)
00:09:09:621 DEBUG 12256 --- [item-service] [http-nio-9001-exec-3] c.g.item.mapper.ItemMapper.selectByIds   : <==      Total: 0
00:09:14:253 ERROR 22616 --- [item-service] [http-nio-9004-exec-5] o.a.c.c.C.[.[.[/].[dispatcherServlet]    : Servlet.service() for servlet [dispatcherServlet] in context with path [] threw exception [Request processing failed: java.lang.NumberFormatException: Cannot parse null string] with root cause

java.lang.NumberFormatException: Cannot parse null string
	at java.base/java.lang.Long.parseLong(Long.java:672) ~[na:na]
	at java.base/java.lang.Long.valueOf(Long.java:1157) ~[na:na]
	at com.hmall.common.interceptors.UserInfoInterceptor.preHandle(UserInfoInterceptor.java:14) ~[classes/:na]
	at org.springframework.web.servlet.HandlerExecutionChain.applyPreHandle(HandlerExecutionChain.java:146) ~[spring-webmvc-6.2.19.jar:6.2.19]
	at org.springframework.web.servlet.DispatcherServlet.doDispatch(DispatcherServlet.java:1084) ~[spring-webmvc-6.2.19.jar:6.2.19]
	at org.springframework.web.servlet.DispatcherServlet.doService(DispatcherServlet.java:979) ~[spring-webmvc-6.2.19.jar:6.2.19]
	at org.springframework.web.servlet.FrameworkServlet.processRequest(FrameworkServlet.java:1014) ~[spring-webmvc-6.2.19.jar:6.2.19]
	at org.springframework.web.servlet.FrameworkServlet.doGet(FrameworkServlet.java:903) ~[spring-webmvc-6.2.19.jar:6.2.19]
	at jakarta.servlet.http.HttpServlet.service(HttpServlet.java:564) ~[tomcat-embed-core-10.1.55.jar:6.0]
	at org.springframework.web.servlet.FrameworkServlet.service(FrameworkServlet.java:885) ~[spring-webmvc-6.2.19.jar:6.2.19]
	at jakarta.servlet.http.HttpServlet.service(HttpServlet.java:658) ~[tomcat-embed-core-10.1.55.jar:6.0]
	at org.apache.catalina.core.ApplicationFilterChain.internalDoFilter(ApplicationFilterChain.java:193) ~[tomcat-embed-core-10.1.55.jar:10.1.55]
	at org.apache.catalina.core.ApplicationFilterChain.doFilter(ApplicationFilterChain.java:138) ~[tomcat-embed-core-10.1.55.jar:10.1.55]
	at org.apache.tomcat.websocket.server.WsFilter.doFilter(WsFilter.java:51) ~[tomcat-embed-websocket-10.1.55.jar:10.1.55]
	at org.apache.catalina.core.ApplicationFilterChain.internalDoFilter(ApplicationFilterChain.java:162) ~[tomcat-embed-core-10.1.55.jar:10.1.55]
	at org.apache.catalina.core.ApplicationFilterChain.doFilter(ApplicationFilterChain.java:138) ~[tomcat-embed-core-10.1.55.jar:10.1.55]
	at org.springframework.web.filter.RequestContextFilter.doFilterInternal(RequestContextFilter.java:100) ~[spring-web-6.2.19.jar:6.2.19]
	at org.springframework.web.filter.OncePerRequestFilter.doFilter(OncePerRequestFilter.java:116) ~[spring-web-6.2.19.jar:6.2.19]
	at org.apache.catalina.core.ApplicationFilterChain.internalDoFilter(ApplicationFilterChain.java:162) ~[tomcat-embed-core-10.1.55.jar:10.1.55]
	at org.apache.catalina.core.ApplicationFilterChain.doFilter(ApplicationFilterChain.java:138) ~[tomcat-embed-core-10.1.55.jar:10.1.55]
	at org.springframework.web.filter.FormContentFilter.doFilterInternal(FormContentFilter.java:93) ~[spring-web-6.2.19.jar:6.2.19]
	at org.springframework.web.filter.OncePerRequestFilter.doFilter(OncePerRequestFilter.java:116) ~[spring-web-6.2.19.jar:6.2.19]
	at org.apache.catalina.core.ApplicationFilterChain.internalDoFilter(ApplicationFilterChain.java:162) ~[tomcat-embed-core-10.1.55.jar:10.1.55]
	at org.apache.catalina.core.ApplicationFilterChain.doFilter(ApplicationFilterChain.java:138) ~[tomcat-embed-core-10.1.55.jar:10.1.55]
	at org.springframework.web.filter.CharacterEncodingFilter.doFilterInternal(CharacterEncodingFilter.java:201) ~[spring-web-6.2.19.jar:6.2.19]
	at org.springframework.web.filter.OncePerRequestFilter.doFilter(OncePerRequestFilter.java:116) ~[spring-web-6.2.19.jar:6.2.19]
	at org.apache.catalina.core.ApplicationFilterChain.internalDoFilter(ApplicationFilterChain.java:162) ~[tomcat-embed-core-10.1.55.jar:10.1.55]
	at org.apache.catalina.core.ApplicationFilterChain.doFilter(ApplicationFilterChain.java:138) ~[tomcat-embed-core-10.1.55.jar:10.1.55]
	at org.apache.catalina.core.StandardWrapperValve.invoke(StandardWrapperValve.java:165) ~[tomcat-embed-core-10.1.55.jar:10.1.55]
	at org.apache.catalina.core.StandardContextValve.invoke(StandardContextValve.java:88) ~[tomcat-embed-core-10.1.55.jar:10.1.55]
	at org.apache.catalina.authenticator.AuthenticatorBase.invoke(AuthenticatorBase.java:492) ~[tomcat-embed-core-10.1.55.jar:10.1.55]
	at org.apache.catalina.core.StandardHostValve.invoke(StandardHostValve.java:113) ~[tomcat-embed-core-10.1.55.jar:10.1.55]
	at org.apache.catalina.valves.ErrorReportValve.invoke(ErrorReportValve.java:83) ~[tomcat-embed-core-10.1.55.jar:10.1.55]
	at org.apache.catalina.core.StandardEngineValve.invoke(StandardEngineValve.java:72) ~[tomcat-embed-core-10.1.55.jar:10.1.55]
	at org.apache.catalina.connector.CoyoteAdapter.service(CoyoteAdapter.java:342) ~[tomcat-embed-core-10.1.55.jar:10.1.55]
	at org.apache.coyote.http11.Http11Processor.service(Http11Processor.java:399) ~[tomcat-embed-core-10.1.55.jar:10.1.55]
	at org.apache.coyote.AbstractProcessorLight.process(AbstractProcessorLight.java:63) ~[tomcat-embed-core-10.1.55.jar:10.1.55]
	at org.apache.coyote.AbstractProtocol$ConnectionHandler.process(AbstractProtocol.java:1272) ~[tomcat-embed-core-10.1.55.jar:10.1.55]
	at org.apache.tomcat.util.net.NioEndpoint$SocketProcessor.doRun(NioEndpoint.java:1797) ~[tomcat-embed-core-10.1.55.jar:10.1.55]
	at org.apache.tomcat.util.net.SocketProcessorBase.run(SocketProcessorBase.java:52) ~[tomcat-embed-core-10.1.55.jar:10.1.55]
	at org.apache.tomcat.util.threads.ThreadPoolExecutor.runWorker(ThreadPoolExecutor.java:973) ~[tomcat-embed-core-10.1.55.jar:10.1.55]
	at org.apache.tomcat.util.threads.ThreadPoolExecutor$Worker.run(ThreadPoolExecutor.java:491) ~[tomcat-embed-core-10.1.55.jar:10.1.55]
	at org.apache.tomcat.util.threads.TaskThread$WrappingRunnable.run(TaskThread.java:63) ~[tomcat-embed-core-10.1.55.jar:10.1.55]
	at java.base/java.lang.Thread.run(Thread.java:1583) ~[na:na]

00:09:14:254 ERROR 22616 --- [item-service] [http-nio-9004-exec-5] o.a.c.c.C.[.[.[/].[dispatcherServlet]    : Servlet.service() for servlet [dispatcherServlet] threw exception

java.lang.NumberFormatException: Cannot parse null string
	at java.base/java.lang.Long.parseLong(Long.java:672) ~[na:na]
	at java.base/java.lang.Long.valueOf(Long.java:1157) ~[na:na]
	at com.hmall.common.interceptors.UserInfoInterceptor.preHandle(UserInfoInterceptor.java:14) ~[classes/:na]
	at org.springframework.web.servlet.HandlerExecutionChain.applyPreHandle(HandlerExecutionChain.java:146) ~[spring-webmvc-6.2.19.jar:6.2.19]
	at org.springframework.web.servlet.DispatcherServlet.doDispatch(DispatcherServlet.java:1084) ~[spring-webmvc-6.2.19.jar:6.2.19]
	at org.springframework.web.servlet.DispatcherServlet.doService(DispatcherServlet.java:979) ~[spring-webmvc-6.2.19.jar:6.2.19]
	at org.springframework.web.servlet.FrameworkServlet.processRequest(FrameworkServlet.java:1014) ~[spring-webmvc-6.2.19.jar:6.2.19]
	at org.springframework.web.servlet.FrameworkServlet.doGet(FrameworkServlet.java:903) ~[spring-webmvc-6.2.19.jar:6.2.19]
	at jakarta.servlet.http.HttpServlet.service(HttpServlet.java:564) ~[tomcat-embed-core-10.1.55.jar:6.0]
	at org.springframework.web.servlet.FrameworkServlet.service(FrameworkServlet.java:885) ~[spring-webmvc-6.2.19.jar:6.2.19]
	at jakarta.servlet.http.HttpServlet.service(HttpServlet.java:658) ~[tomcat-embed-core-10.1.55.jar:6.0]
	at org.apache.catalina.core.ApplicationFilterChain.internalDoFilter(ApplicationFilterChain.java:193) ~[tomcat-embed-core-10.1.55.jar:10.1.55]
	at org.apache.catalina.core.ApplicationFilterChain.doFilter(ApplicationFilterChain.java:138) ~[tomcat-embed-core-10.1.55.jar:10.1.55]
	at org.springframework.web.filter.RequestContextFilter.doFilterInternal(RequestContextFilter.java:100) ~[spring-web-6.2.19.jar:6.2.19]
	at org.springframework.web.filter.OncePerRequestFilter.doFilter(OncePerRequestFilter.java:116) ~[spring-web-6.2.19.jar:6.2.19]
	at org.apache.catalina.core.ApplicationFilterChain.internalDoFilter(ApplicationFilterChain.java:162) ~[tomcat-embed-core-10.1.55.jar:10.1.55]
	at org.apache.catalina.core.ApplicationFilterChain.doFilter(ApplicationFilterChain.java:138) ~[tomcat-embed-core-10.1.55.jar:10.1.55]
	at org.springframework.web.filter.OncePerRequestFilter.doFilter(OncePerRequestFilter.java:101) ~[spring-web-6.2.19.jar:6.2.19]
	at org.apache.catalina.core.ApplicationFilterChain.internalDoFilter(ApplicationFilterChain.java:162) ~[tomcat-embed-core-10.1.55.jar:10.1.55]
	at org.apache.catalina.core.ApplicationFilterChain.doFilter(ApplicationFilterChain.java:138) ~[tomcat-embed-core-10.1.55.jar:10.1.55]
	at org.springframework.web.filter.OncePerRequestFilter.doFilter(OncePerRequestFilter.java:101) ~[spring-web-6.2.19.jar:6.2.19]
	at org.apache.catalina.core.ApplicationFilterChain.internalDoFilter(ApplicationFilterChain.java:162) ~[tomcat-embed-core-10.1.55.jar:10.1.55]
	at org.apache.catalina.core.ApplicationFilterChain.doFilter(ApplicationFilterChain.java:138) ~[tomcat-embed-core-10.1.55.jar:10.1.55]
	at org.apache.catalina.core.ApplicationDispatcher.invoke(ApplicationDispatcher.java:610) ~[tomcat-embed-core-10.1.55.jar:10.1.55]
	at org.apache.catalina.core.ApplicationDispatcher.processRequest(ApplicationDispatcher.java:394) ~[tomcat-embed-core-10.1.55.jar:10.1.55]
	at org.apache.catalina.core.ApplicationDispatcher.doForward(ApplicationDispatcher.java:321) ~[tomcat-embed-core-10.1.55.jar:10.1.55]
	at org.apache.catalina.core.ApplicationDispatcher.forward(ApplicationDispatcher.java:266) ~[tomcat-embed-core-10.1.55.jar:10.1.55]
	at org.apache.catalina.core.StandardHostValve.custom(StandardHostValve.java:374) ~[tomcat-embed-core-10.1.55.jar:10.1.55]
	at org.apache.catalina.core.StandardHostValve.status(StandardHostValve.java:206) ~[tomcat-embed-core-10.1.55.jar:10.1.55]
	at org.apache.catalina.core.StandardHostValve.throwable(StandardHostValve.java:283) ~[tomcat-embed-core-10.1.55.jar:10.1.55]
	at org.apache.catalina.core.StandardHostValve.invoke(StandardHostValve.java:147) ~[tomcat-embed-core-10.1.55.jar:10.1.55]
	at org.apache.catalina.valves.ErrorReportValve.invoke(ErrorReportValve.java:83) ~[tomcat-embed-core-10.1.55.jar:10.1.55]
	at org.apache.catalina.core.StandardEngineValve.invoke(StandardEngineValve.java:72) ~[tomcat-embed-core-10.1.55.jar:10.1.55]
	at org.apache.catalina.connector.CoyoteAdapter.service(CoyoteAdapter.java:342) ~[tomcat-embed-core-10.1.55.jar:10.1.55]
	at org.apache.coyote.http11.Http11Processor.service(Http11Processor.java:399) ~[tomcat-embed-core-10.1.55.jar:10.1.55]
	at org.apache.coyote.AbstractProcessorLight.process(AbstractProcessorLight.java:63) ~[tomcat-embed-core-10.1.55.jar:10.1.55]
	at org.apache.coyote.AbstractProtocol$ConnectionHandler.process(AbstractProtocol.java:1272) ~[tomcat-embed-core-10.1.55.jar:10.1.55]
	at org.apache.tomcat.util.net.NioEndpoint$SocketProcessor.doRun(NioEndpoint.java:1797) ~[tomcat-embed-core-10.1.55.jar:10.1.55]
	at org.apache.tomcat.util.net.SocketProcessorBase.run(SocketProcessorBase.java:52) ~[tomcat-embed-core-10.1.55.jar:10.1.55]
	at org.apache.tomcat.util.threads.ThreadPoolExecutor.runWorker(ThreadPoolExecutor.java:973) ~[tomcat-embed-core-10.1.55.jar:10.1.55]
	at org.apache.tomcat.util.threads.ThreadPoolExecutor$Worker.run(ThreadPoolExecutor.java:491) ~[tomcat-embed-core-10.1.55.jar:10.1.55]
	at org.apache.tomcat.util.threads.TaskThread$WrappingRunnable.run(TaskThread.java:63) ~[tomcat-embed-core-10.1.55.jar:10.1.55]
	at java.base/java.lang.Thread.run(Thread.java:1583) ~[na:na]

00:09:14:255 ERROR 22616 --- [item-service] [http-nio-9004-exec-5] o.a.c.c.C.[Tomcat].[localhost]           : Exception Processing [ErrorPage[errorCode=0, location=/error]]

jakarta.servlet.ServletException: Request processing failed: java.lang.NumberFormatException: Cannot parse null string
	at org.springframework.web.servlet.FrameworkServlet.processRequest(FrameworkServlet.java:1022) ~[spring-webmvc-6.2.19.jar:6.2.19]
	at org.springframework.web.servlet.FrameworkServlet.doGet(FrameworkServlet.java:903) ~[spring-webmvc-6.2.19.jar:6.2.19]
	at jakarta.servlet.http.HttpServlet.service(HttpServlet.java:564) ~[tomcat-embed-core-10.1.55.jar:6.0]
	at org.springframework.web.servlet.FrameworkServlet.service(FrameworkServlet.java:885) ~[spring-webmvc-6.2.19.jar:6.2.19]
	at jakarta.servlet.http.HttpServlet.service(HttpServlet.java:658) ~[tomcat-embed-core-10.1.55.jar:6.0]
	at org.apache.catalina.core.ApplicationFilterChain.internalDoFilter(ApplicationFilterChain.java:193) ~[tomcat-embed-core-10.1.55.jar:10.1.55]
	at org.apache.catalina.core.ApplicationFilterChain.doFilter(ApplicationFilterChain.java:138) ~[tomcat-embed-core-10.1.55.jar:10.1.55]
	at org.springframework.web.filter.RequestContextFilter.doFilterInternal(RequestContextFilter.java:100) ~[spring-web-6.2.19.jar:6.2.19]
	at org.springframework.web.filter.OncePerRequestFilter.doFilter(OncePerRequestFilter.java:116) ~[spring-web-6.2.19.jar:6.2.19]
	at org.apache.catalina.core.ApplicationFilterChain.internalDoFilter(ApplicationFilterChain.java:162) ~[tomcat-embed-core-10.1.55.jar:10.1.55]
	at org.apache.catalina.core.ApplicationFilterChain.doFilter(ApplicationFilterChain.java:138) ~[tomcat-embed-core-10.1.55.jar:10.1.55]
	at org.springframework.web.filter.OncePerRequestFilter.doFilter(OncePerRequestFilter.java:101) ~[spring-web-6.2.19.jar:6.2.19]
	at org.apache.catalina.core.ApplicationFilterChain.internalDoFilter(ApplicationFilterChain.java:162) ~[tomcat-embed-core-10.1.55.jar:10.1.55]
	at org.apache.catalina.core.ApplicationFilterChain.doFilter(ApplicationFilterChain.java:138) ~[tomcat-embed-core-10.1.55.jar:10.1.55]
	at org.springframework.web.filter.OncePerRequestFilter.doFilter(OncePerRequestFilter.java:101) ~[spring-web-6.2.19.jar:6.2.19]
	at org.apache.catalina.core.ApplicationFilterChain.internalDoFilter(ApplicationFilterChain.java:162) ~[tomcat-embed-core-10.1.55.jar:10.1.55]
	at org.apache.catalina.core.ApplicationFilterChain.doFilter(ApplicationFilterChain.java:138) ~[tomcat-embed-core-10.1.55.jar:10.1.55]
	at org.apache.catalina.core.ApplicationDispatcher.invoke(ApplicationDispatcher.java:610) ~[tomcat-embed-core-10.1.55.jar:10.1.55]
	at org.apache.catalina.core.ApplicationDispatcher.processRequest(ApplicationDispatcher.java:394) ~[tomcat-embed-core-10.1.55.jar:10.1.55]
	at org.apache.catalina.core.ApplicationDispatcher.doForward(ApplicationDispatcher.java:321) ~[tomcat-embed-core-10.1.55.jar:10.1.55]
	at org.apache.catalina.core.ApplicationDispatcher.forward(ApplicationDispatcher.java:266) ~[tomcat-embed-core-10.1.55.jar:10.1.55]
	at org.apache.catalina.core.StandardHostValve.custom(StandardHostValve.java:374) ~[tomcat-embed-core-10.1.55.jar:10.1.55]
	at org.apache.catalina.core.StandardHostValve.status(StandardHostValve.java:206) ~[tomcat-embed-core-10.1.55.jar:10.1.55]
	at org.apache.catalina.core.StandardHostValve.throwable(StandardHostValve.java:283) ~[tomcat-embed-core-10.1.55.jar:10.1.55]
	at org.apache.catalina.core.StandardHostValve.invoke(StandardHostValve.java:147) ~[tomcat-embed-core-10.1.55.jar:10.1.55]
	at org.apache.catalina.valves.ErrorReportValve.invoke(ErrorReportValve.java:83) ~[tomcat-embed-core-10.1.55.jar:10.1.55]
	at org.apache.catalina.core.StandardEngineValve.invoke(StandardEngineValve.java:72) ~[tomcat-embed-core-10.1.55.jar:10.1.55]
	at org.apache.catalina.connector.CoyoteAdapter.service(CoyoteAdapter.java:342) ~[tomcat-embed-core-10.1.55.jar:10.1.55]
	at org.apache.coyote.http11.Http11Processor.service(Http11Processor.java:399) ~[tomcat-embed-core-10.1.55.jar:10.1.55]
	at org.apache.coyote.AbstractProcessorLight.process(AbstractProcessorLight.java:63) ~[tomcat-embed-core-10.1.55.jar:10.1.55]
	at org.apache.coyote.AbstractProtocol$ConnectionHandler.process(AbstractProtocol.java:1272) ~[tomcat-embed-core-10.1.55.jar:10.1.55]
	at org.apache.tomcat.util.net.NioEndpoint$SocketProcessor.doRun(NioEndpoint.java:1797) ~[tomcat-embed-core-10.1.55.jar:10.1.55]
	at org.apache.tomcat.util.net.SocketProcessorBase.run(SocketProcessorBase.java:52) ~[tomcat-embed-core-10.1.55.jar:10.1.55]
	at org.apache.tomcat.util.threads.ThreadPoolExecutor.runWorker(ThreadPoolExecutor.java:973) ~[tomcat-embed-core-10.1.55.jar:10.1.55]
	at org.apache.tomcat.util.threads.ThreadPoolExecutor$Worker.run(ThreadPoolExecutor.java:491) ~[tomcat-embed-core-10.1.55.jar:10.1.55]
	at org.apache.tomcat.util.threads.TaskThread$WrappingRunnable.run(TaskThread.java:63) ~[tomcat-embed-core-10.1.55.jar:10.1.55]
	at java.base/java.lang.Thread.run(Thread.java:1583) ~[na:na]
Caused by: java.lang.NumberFormatException: Cannot parse null string
	at java.base/java.lang.Long.parseLong(Long.java:672) ~[na:na]
	at java.base/java.lang.Long.valueOf(Long.java:1157) ~[na:na]
	at com.hmall.common.interceptors.UserInfoInterceptor.preHandle(UserInfoInterceptor.java:14) ~[classes/:na]
	at org.springframework.web.servlet.HandlerExecutionChain.applyPreHandle(HandlerExecutionChain.java:146) ~[spring-webmvc-6.2.19.jar:6.2.19]
	at org.springframework.web.servlet.DispatcherServlet.doDispatch(DispatcherServlet.java:1084) ~[spring-webmvc-6.2.19.jar:6.2.19]
	at org.springframework.web.servlet.DispatcherServlet.doService(DispatcherServlet.java:979) ~[spring-webmvc-6.2.19.jar:6.2.19]
	at org.springframework.web.servlet.FrameworkServlet.processRequest(FrameworkServlet.java:1014) ~[spring-webmvc-6.2.19.jar:6.2.19]
	... 36 common frames omitted

00:09:17:285 DEBUG 12256 --- [item-service] [http-nio-9001-exec-4] c.g.item.mapper.ItemMapper.selectByIds   : ==>  Preparing: SELECT id,name,price,stock,image,category,brand,spec,sold,comment_count,isAD,status,create_time,update_time,creater,updater FROM item WHERE id IN ( ? , ? , ? )
00:09:17:286 DEBUG 12256 --- [item-service] [http-nio-9001-exec-4] c.g.item.mapper.ItemMapper.selectByIds   : ==> Parameters: 1(Long), 2(Long), 3(Long)
00:09:17:287 DEBUG 12256 --- [item-service] [http-nio-9001-exec-4] c.g.item.mapper.ItemMapper.selectByIds   : <==      Total: 0
00:09:18:209 ERROR 22616 --- [item-service] [http-nio-9004-exec-6] o.a.c.c.C.[.[.[/].[dispatcherServlet]    : Servlet.service() for servlet [dispatcherServlet] in context with path [] threw exception [Request processing failed: java.lang.NumberFormatException: Cannot parse null string] with root cause

java.lang.NumberFormatException: Cannot parse null string
	at java.base/java.lang.Long.parseLong(Long.java:672) ~[na:na]
	at java.base/java.lang.Long.valueOf(Long.java:1157) ~[na:na]
	at com.hmall.common.interceptors.UserInfoInterceptor.preHandle(UserInfoInterceptor.java:14) ~[classes/:na]
	at org.springframework.web.servlet.HandlerExecutionChain.applyPreHandle(HandlerExecutionChain.java:146) ~[spring-webmvc-6.2.19.jar:6.2.19]
	at org.springframework.web.servlet.DispatcherServlet.doDispatch(DispatcherServlet.java:1084) ~[spring-webmvc-6.2.19.jar:6.2.19]
	at org.springframework.web.servlet.DispatcherServlet.doService(DispatcherServlet.java:979) ~[spring-webmvc-6.2.19.jar:6.2.19]
	at org.springframework.web.servlet.FrameworkServlet.processRequest(FrameworkServlet.java:1014) ~[spring-webmvc-6.2.19.jar:6.2.19]
	at org.springframework.web.servlet.FrameworkServlet.doGet(FrameworkServlet.java:903) ~[spring-webmvc-6.2.19.jar:6.2.19]
	at jakarta.servlet.http.HttpServlet.service(HttpServlet.java:564) ~[tomcat-embed-core-10.1.55.jar:6.0]
	at org.springframework.web.servlet.FrameworkServlet.service(FrameworkServlet.java:885) ~[spring-webmvc-6.2.19.jar:6.2.19]
	at jakarta.servlet.http.HttpServlet.service(HttpServlet.java:658) ~[tomcat-embed-core-10.1.55.jar:6.0]
	at org.apache.catalina.core.ApplicationFilterChain.internalDoFilter(ApplicationFilterChain.java:193) ~[tomcat-embed-core-10.1.55.jar:10.1.55]
	at org.apache.catalina.core.ApplicationFilterChain.doFilter(ApplicationFilterChain.java:138) ~[tomcat-embed-core-10.1.55.jar:10.1.55]
	at org.apache.tomcat.websocket.server.WsFilter.doFilter(WsFilter.java:51) ~[tomcat-embed-websocket-10.1.55.jar:10.1.55]
	at org.apache.catalina.core.ApplicationFilterChain.internalDoFilter(ApplicationFilterChain.java:162) ~[tomcat-embed-core-10.1.55.jar:10.1.55]
	at org.apache.catalina.core.ApplicationFilterChain.doFilter(ApplicationFilterChain.java:138) ~[tomcat-embed-core-10.1.55.jar:10.1.55]
	at org.springframework.web.filter.RequestContextFilter.doFilterInternal(RequestContextFilter.java:100) ~[spring-web-6.2.19.jar:6.2.19]
	at org.springframework.web.filter.OncePerRequestFilter.doFilter(OncePerRequestFilter.java:116) ~[spring-web-6.2.19.jar:6.2.19]
	at org.apache.catalina.core.ApplicationFilterChain.internalDoFilter(ApplicationFilterChain.java:162) ~[tomcat-embed-core-10.1.55.jar:10.1.55]
	at org.apache.catalina.core.ApplicationFilterChain.doFilter(ApplicationFilterChain.java:138) ~[tomcat-embed-core-10.1.55.jar:10.1.55]
	at org.springframework.web.filter.FormContentFilter.doFilterInternal(FormContentFilter.java:93) ~[spring-web-6.2.19.jar:6.2.19]
	at org.springframework.web.filter.OncePerRequestFilter.doFilter(OncePerRequestFilter.java:116) ~[spring-web-6.2.19.jar:6.2.19]
	at org.apache.catalina.core.ApplicationFilterChain.internalDoFilter(ApplicationFilterChain.java:162) ~[tomcat-embed-core-10.1.55.jar:10.1.55]
	at org.apache.catalina.core.ApplicationFilterChain.doFilter(ApplicationFilterChain.java:138) ~[tomcat-embed-core-10.1.55.jar:10.1.55]
	at org.springframework.web.filter.CharacterEncodingFilter.doFilterInternal(CharacterEncodingFilter.java:201) ~[spring-web-6.2.19.jar:6.2.19]
	at org.springframework.web.filter.OncePerRequestFilter.doFilter(OncePerRequestFilter.java:116) ~[spring-web-6.2.19.jar:6.2.19]
	at org.apache.catalina.core.ApplicationFilterChain.internalDoFilter(ApplicationFilterChain.java:162) ~[tomcat-embed-core-10.1.55.jar:10.1.55]
	at org.apache.catalina.core.ApplicationFilterChain.doFilter(ApplicationFilterChain.java:138) ~[tomcat-embed-core-10.1.55.jar:10.1.55]
	at org.apache.catalina.core.StandardWrapperValve.invoke(StandardWrapperValve.java:165) ~[tomcat-embed-core-10.1.55.jar:10.1.55]
	at org.apache.catalina.core.StandardContextValve.invoke(StandardContextValve.java:88) ~[tomcat-embed-core-10.1.55.jar:10.1.55]
	at org.apache.catalina.authenticator.AuthenticatorBase.invoke(AuthenticatorBase.java:492) ~[tomcat-embed-core-10.1.55.jar:10.1.55]
	at org.apache.catalina.core.StandardHostValve.invoke(StandardHostValve.java:113) ~[tomcat-embed-core-10.1.55.jar:10.1.55]
	at org.apache.catalina.valves.ErrorReportValve.invoke(ErrorReportValve.java:83) ~[tomcat-embed-core-10.1.55.jar:10.1.55]
	at org.apache.catalina.core.StandardEngineValve.invoke(StandardEngineValve.java:72) ~[tomcat-embed-core-10.1.55.jar:10.1.55]
	at org.apache.catalina.connector.CoyoteAdapter.service(CoyoteAdapter.java:342) ~[tomcat-embed-core-10.1.55.jar:10.1.55]
	at org.apache.coyote.http11.Http11Processor.service(Http11Processor.java:399) ~[tomcat-embed-core-10.1.55.jar:10.1.55]
	at org.apache.coyote.AbstractProcessorLight.process(AbstractProcessorLight.java:63) ~[tomcat-embed-core-10.1.55.jar:10.1.55]
	at org.apache.coyote.AbstractProtocol$ConnectionHandler.process(AbstractProtocol.java:1272) ~[tomcat-embed-core-10.1.55.jar:10.1.55]
	at org.apache.tomcat.util.net.NioEndpoint$SocketProcessor.doRun(NioEndpoint.java:1797) ~[tomcat-embed-core-10.1.55.jar:10.1.55]
	at org.apache.tomcat.util.net.SocketProcessorBase.run(SocketProcessorBase.java:52) ~[tomcat-embed-core-10.1.55.jar:10.1.55]
	at org.apache.tomcat.util.threads.ThreadPoolExecutor.runWorker(ThreadPoolExecutor.java:973) ~[tomcat-embed-core-10.1.55.jar:10.1.55]
	at org.apache.tomcat.util.threads.ThreadPoolExecutor$Worker.run(ThreadPoolExecutor.java:491) ~[tomcat-embed-core-10.1.55.jar:10.1.55]
	at org.apache.tomcat.util.threads.TaskThread$WrappingRunnable.run(TaskThread.java:63) ~[tomcat-embed-core-10.1.55.jar:10.1.55]
	at java.base/java.lang.Thread.run(Thread.java:1583) ~[na:na]

00:09:18:211 ERROR 22616 --- [item-service] [http-nio-9004-exec-6] o.a.c.c.C.[.[.[/].[dispatcherServlet]    : Servlet.service() for servlet [dispatcherServlet] threw exception

java.lang.NumberFormatException: Cannot parse null string
	at java.base/java.lang.Long.parseLong(Long.java:672) ~[na:na]
	at java.base/java.lang.Long.valueOf(Long.java:1157) ~[na:na]
	at com.hmall.common.interceptors.UserInfoInterceptor.preHandle(UserInfoInterceptor.java:14) ~[classes/:na]
	at org.springframework.web.servlet.HandlerExecutionChain.applyPreHandle(HandlerExecutionChain.java:146) ~[spring-webmvc-6.2.19.jar:6.2.19]
	at org.springframework.web.servlet.DispatcherServlet.doDispatch(DispatcherServlet.java:1084) ~[spring-webmvc-6.2.19.jar:6.2.19]
	at org.springframework.web.servlet.DispatcherServlet.doService(DispatcherServlet.java:979) ~[spring-webmvc-6.2.19.jar:6.2.19]
	at org.springframework.web.servlet.FrameworkServlet.processRequest(FrameworkServlet.java:1014) ~[spring-webmvc-6.2.19.jar:6.2.19]
	at org.springframework.web.servlet.FrameworkServlet.doGet(FrameworkServlet.java:903) ~[spring-webmvc-6.2.19.jar:6.2.19]
	at jakarta.servlet.http.HttpServlet.service(HttpServlet.java:564) ~[tomcat-embed-core-10.1.55.jar:6.0]
	at org.springframework.web.servlet.FrameworkServlet.service(FrameworkServlet.java:885) ~[spring-webmvc-6.2.19.jar:6.2.19]
	at jakarta.servlet.http.HttpServlet.service(HttpServlet.java:658) ~[tomcat-embed-core-10.1.55.jar:6.0]
	at org.apache.catalina.core.ApplicationFilterChain.internalDoFilter(ApplicationFilterChain.java:193) ~[tomcat-embed-core-10.1.55.jar:10.1.55]
	at org.apache.catalina.core.ApplicationFilterChain.doFilter(ApplicationFilterChain.java:138) ~[tomcat-embed-core-10.1.55.jar:10.1.55]
	at org.springframework.web.filter.RequestContextFilter.doFilterInternal(RequestContextFilter.java:100) ~[spring-web-6.2.19.jar:6.2.19]
	at org.springframework.web.filter.OncePerRequestFilter.doFilter(OncePerRequestFilter.java:116) ~[spring-web-6.2.19.jar:6.2.19]
	at org.apache.catalina.core.ApplicationFilterChain.internalDoFilter(ApplicationFilterChain.java:162) ~[tomcat-embed-core-10.1.55.jar:10.1.55]
	at org.apache.catalina.core.ApplicationFilterChain.doFilter(ApplicationFilterChain.java:138) ~[tomcat-embed-core-10.1.55.jar:10.1.55]
	at org.springframework.web.filter.OncePerRequestFilter.doFilter(OncePerRequestFilter.java:101) ~[spring-web-6.2.19.jar:6.2.19]
	at org.apache.catalina.core.ApplicationFilterChain.internalDoFilter(ApplicationFilterChain.java:162) ~[tomcat-embed-core-10.1.55.jar:10.1.55]
	at org.apache.catalina.core.ApplicationFilterChain.doFilter(ApplicationFilterChain.java:138) ~[tomcat-embed-core-10.1.55.jar:10.1.55]
	at org.springframework.web.filter.OncePerRequestFilter.doFilter(OncePerRequestFilter.java:101) ~[spring-web-6.2.19.jar:6.2.19]
	at org.apache.catalina.core.ApplicationFilterChain.internalDoFilter(ApplicationFilterChain.java:162) ~[tomcat-embed-core-10.1.55.jar:10.1.55]
	at org.apache.catalina.core.ApplicationFilterChain.doFilter(ApplicationFilterChain.java:138) ~[tomcat-embed-core-10.1.55.jar:10.1.55]
	at org.apache.catalina.core.ApplicationDispatcher.invoke(ApplicationDispatcher.java:610) ~[tomcat-embed-core-10.1.55.jar:10.1.55]
	at org.apache.catalina.core.ApplicationDispatcher.processRequest(ApplicationDispatcher.java:394) ~[tomcat-embed-core-10.1.55.jar:10.1.55]
	at org.apache.catalina.core.ApplicationDispatcher.doForward(ApplicationDispatcher.java:321) ~[tomcat-embed-core-10.1.55.jar:10.1.55]
	at org.apache.catalina.core.ApplicationDispatcher.forward(ApplicationDispatcher.java:266) ~[tomcat-embed-core-10.1.55.jar:10.1.55]
	at org.apache.catalina.core.StandardHostValve.custom(StandardHostValve.java:374) ~[tomcat-embed-core-10.1.55.jar:10.1.55]
	at org.apache.catalina.core.StandardHostValve.status(StandardHostValve.java:206) ~[tomcat-embed-core-10.1.55.jar:10.1.55]
	at org.apache.catalina.core.StandardHostValve.throwable(StandardHostValve.java:283) ~[tomcat-embed-core-10.1.55.jar:10.1.55]
	at org.apache.catalina.core.StandardHostValve.invoke(StandardHostValve.java:147) ~[tomcat-embed-core-10.1.55.jar:10.1.55]
	at org.apache.catalina.valves.ErrorReportValve.invoke(ErrorReportValve.java:83) ~[tomcat-embed-core-10.1.55.jar:10.1.55]
	at org.apache.catalina.core.StandardEngineValve.invoke(StandardEngineValve.java:72) ~[tomcat-embed-core-10.1.55.jar:10.1.55]
	at org.apache.catalina.connector.CoyoteAdapter.service(CoyoteAdapter.java:342) ~[tomcat-embed-core-10.1.55.jar:10.1.55]
	at org.apache.coyote.http11.Http11Processor.service(Http11Processor.java:399) ~[tomcat-embed-core-10.1.55.jar:10.1.55]
	at org.apache.coyote.AbstractProcessorLight.process(AbstractProcessorLight.java:63) ~[tomcat-embed-core-10.1.55.jar:10.1.55]
	at org.apache.coyote.AbstractProtocol$ConnectionHandler.process(AbstractProtocol.java:1272) ~[tomcat-embed-core-10.1.55.jar:10.1.55]
	at org.apache.tomcat.util.net.NioEndpoint$SocketProcessor.doRun(NioEndpoint.java:1797) ~[tomcat-embed-core-10.1.55.jar:10.1.55]
	at org.apache.tomcat.util.net.SocketProcessorBase.run(SocketProcessorBase.java:52) ~[tomcat-embed-core-10.1.55.jar:10.1.55]
	at org.apache.tomcat.util.threads.ThreadPoolExecutor.runWorker(ThreadPoolExecutor.java:973) ~[tomcat-embed-core-10.1.55.jar:10.1.55]
	at org.apache.tomcat.util.threads.ThreadPoolExecutor$Worker.run(ThreadPoolExecutor.java:491) ~[tomcat-embed-core-10.1.55.jar:10.1.55]
	at org.apache.tomcat.util.threads.TaskThread$WrappingRunnable.run(TaskThread.java:63) ~[tomcat-embed-core-10.1.55.jar:10.1.55]
	at java.base/java.lang.Thread.run(Thread.java:1583) ~[na:na]

00:09:18:212 ERROR 22616 --- [item-service] [http-nio-9004-exec-6] o.a.c.c.C.[Tomcat].[localhost]           : Exception Processing [ErrorPage[errorCode=0, location=/error]]

jakarta.servlet.ServletException: Request processing failed: java.lang.NumberFormatException: Cannot parse null string
	at org.springframework.web.servlet.FrameworkServlet.processRequest(FrameworkServlet.java:1022) ~[spring-webmvc-6.2.19.jar:6.2.19]
	at org.springframework.web.servlet.FrameworkServlet.doGet(FrameworkServlet.java:903) ~[spring-webmvc-6.2.19.jar:6.2.19]
	at jakarta.servlet.http.HttpServlet.service(HttpServlet.java:564) ~[tomcat-embed-core-10.1.55.jar:6.0]
	at org.springframework.web.servlet.FrameworkServlet.service(FrameworkServlet.java:885) ~[spring-webmvc-6.2.19.jar:6.2.19]
	at jakarta.servlet.http.HttpServlet.service(HttpServlet.java:658) ~[tomcat-embed-core-10.1.55.jar:6.0]
	at org.apache.catalina.core.ApplicationFilterChain.internalDoFilter(ApplicationFilterChain.java:193) ~[tomcat-embed-core-10.1.55.jar:10.1.55]
	at org.apache.catalina.core.ApplicationFilterChain.doFilter(ApplicationFilterChain.java:138) ~[tomcat-embed-core-10.1.55.jar:10.1.55]
	at org.springframework.web.filter.RequestContextFilter.doFilterInternal(RequestContextFilter.java:100) ~[spring-web-6.2.19.jar:6.2.19]
	at org.springframework.web.filter.OncePerRequestFilter.doFilter(OncePerRequestFilter.java:116) ~[spring-web-6.2.19.jar:6.2.19]
	at org.apache.catalina.core.ApplicationFilterChain.internalDoFilter(ApplicationFilterChain.java:162) ~[tomcat-embed-core-10.1.55.jar:10.1.55]
	at org.apache.catalina.core.ApplicationFilterChain.doFilter(ApplicationFilterChain.java:138) ~[tomcat-embed-core-10.1.55.jar:10.1.55]
	at org.springframework.web.filter.OncePerRequestFilter.doFilter(OncePerRequestFilter.java:101) ~[spring-web-6.2.19.jar:6.2.19]
	at org.apache.catalina.core.ApplicationFilterChain.internalDoFilter(ApplicationFilterChain.java:162) ~[tomcat-embed-core-10.1.55.jar:10.1.55]
	at org.apache.catalina.core.ApplicationFilterChain.doFilter(ApplicationFilterChain.java:138) ~[tomcat-embed-core-10.1.55.jar:10.1.55]
	at org.springframework.web.filter.OncePerRequestFilter.doFilter(OncePerRequestFilter.java:101) ~[spring-web-6.2.19.jar:6.2.19]
	at org.apache.catalina.core.ApplicationFilterChain.internalDoFilter(ApplicationFilterChain.java:162) ~[tomcat-embed-core-10.1.55.jar:10.1.55]
	at org.apache.catalina.core.ApplicationFilterChain.doFilter(ApplicationFilterChain.java:138) ~[tomcat-embed-core-10.1.55.jar:10.1.55]
	at org.apache.catalina.core.ApplicationDispatcher.invoke(ApplicationDispatcher.java:610) ~[tomcat-embed-core-10.1.55.jar:10.1.55]
	at org.apache.catalina.core.ApplicationDispatcher.processRequest(ApplicationDispatcher.java:394) ~[tomcat-embed-core-10.1.55.jar:10.1.55]
	at org.apache.catalina.core.ApplicationDispatcher.doForward(ApplicationDispatcher.java:321) ~[tomcat-embed-core-10.1.55.jar:10.1.55]
	at org.apache.catalina.core.ApplicationDispatcher.forward(ApplicationDispatcher.java:266) ~[tomcat-embed-core-10.1.55.jar:10.1.55]
	at org.apache.catalina.core.StandardHostValve.custom(StandardHostValve.java:374) ~[tomcat-embed-core-10.1.55.jar:10.1.55]
	at org.apache.catalina.core.StandardHostValve.status(StandardHostValve.java:206) ~[tomcat-embed-core-10.1.55.jar:10.1.55]
	at org.apache.catalina.core.StandardHostValve.throwable(StandardHostValve.java:283) ~[tomcat-embed-core-10.1.55.jar:10.1.55]
	at org.apache.catalina.core.StandardHostValve.invoke(StandardHostValve.java:147) ~[tomcat-embed-core-10.1.55.jar:10.1.55]
	at org.apache.catalina.valves.ErrorReportValve.invoke(ErrorReportValve.java:83) ~[tomcat-embed-core-10.1.55.jar:10.1.55]
	at org.apache.catalina.core.StandardEngineValve.invoke(StandardEngineValve.java:72) ~[tomcat-embed-core-10.1.55.jar:10.1.55]
	at org.apache.catalina.connector.CoyoteAdapter.service(CoyoteAdapter.java:342) ~[tomcat-embed-core-10.1.55.jar:10.1.55]
	at org.apache.coyote.http11.Http11Processor.service(Http11Processor.java:399) ~[tomcat-embed-core-10.1.55.jar:10.1.55]
	at org.apache.coyote.AbstractProcessorLight.process(AbstractProcessorLight.java:63) ~[tomcat-embed-core-10.1.55.jar:10.1.55]
	at org.apache.coyote.AbstractProtocol$ConnectionHandler.process(AbstractProtocol.java:1272) ~[tomcat-embed-core-10.1.55.jar:10.1.55]
	at org.apache.tomcat.util.net.NioEndpoint$SocketProcessor.doRun(NioEndpoint.java:1797) ~[tomcat-embed-core-10.1.55.jar:10.1.55]
	at org.apache.tomcat.util.net.SocketProcessorBase.run(SocketProcessorBase.java:52) ~[tomcat-embed-core-10.1.55.jar:10.1.55]
	at org.apache.tomcat.util.threads.ThreadPoolExecutor.runWorker(ThreadPoolExecutor.java:973) ~[tomcat-embed-core-10.1.55.jar:10.1.55]
	at org.apache.tomcat.util.threads.ThreadPoolExecutor$Worker.run(ThreadPoolExecutor.java:491) ~[tomcat-embed-core-10.1.55.jar:10.1.55]
	at org.apache.tomcat.util.threads.TaskThread$WrappingRunnable.run(TaskThread.java:63) ~[tomcat-embed-core-10.1.55.jar:10.1.55]
	at java.base/java.lang.Thread.run(Thread.java:1583) ~[na:na]
Caused by: java.lang.NumberFormatException: Cannot parse null string
	at java.base/java.lang.Long.parseLong(Long.java:672) ~[na:na]
	at java.base/java.lang.Long.valueOf(Long.java:1157) ~[na:na]
	at com.hmall.common.interceptors.UserInfoInterceptor.preHandle(UserInfoInterceptor.java:14) ~[classes/:na]
	at org.springframework.web.servlet.HandlerExecutionChain.applyPreHandle(HandlerExecutionChain.java:146) ~[spring-webmvc-6.2.19.jar:6.2.19]
	at org.springframework.web.servlet.DispatcherServlet.doDispatch(DispatcherServlet.java:1084) ~[spring-webmvc-6.2.19.jar:6.2.19]
	at org.springframework.web.servlet.DispatcherServlet.doService(DispatcherServlet.java:979) ~[spring-webmvc-6.2.19.jar:6.2.19]
	at org.springframework.web.servlet.FrameworkServlet.processRequest(FrameworkServlet.java:1014) ~[spring-webmvc-6.2.19.jar:6.2.19]
	... 36 common frames omitted

00:09:18:648 DEBUG 12256 --- [item-service] [http-nio-9001-exec-5] c.g.item.mapper.ItemMapper.selectByIds   : ==>  Preparing: SELECT id,name,price,stock,image,category,brand,spec,sold,comment_count,isAD,status,create_time,update_time,creater,updater FROM item WHERE id IN ( ? , ? , ? )
00:09:18:648 DEBUG 12256 --- [item-service] [http-nio-9001-exec-5] c.g.item.mapper.ItemMapper.selectByIds   : ==> Parameters: 1(Long), 2(Long), 3(Long)
00:09:18:650 DEBUG 12256 --- [item-service] [http-nio-9001-exec-5] c.g.item.mapper.ItemMapper.selectByIds   : <==      Total: 0
00:09:24:469 ERROR 22616 --- [item-service] [http-nio-9004-exec-7] o.a.c.c.C.[.[.[/].[dispatcherServlet]    : Servlet.service() for servlet [dispatcherServlet] in context with path [] threw exception [Request processing failed: java.lang.NumberFormatException: Cannot parse null string] with root cause

java.lang.NumberFormatException: Cannot parse null string
	at java.base/java.lang.Long.parseLong(Long.java:672) ~[na:na]
	at java.base/java.lang.Long.valueOf(Long.java:1157) ~[na:na]
	at com.hmall.common.interceptors.UserInfoInterceptor.preHandle(UserInfoInterceptor.java:14) ~[classes/:na]
	at org.springframework.web.servlet.HandlerExecutionChain.applyPreHandle(HandlerExecutionChain.java:146) ~[spring-webmvc-6.2.19.jar:6.2.19]
	at org.springframework.web.servlet.DispatcherServlet.doDispatch(DispatcherServlet.java:1084) ~[spring-webmvc-6.2.19.jar:6.2.19]
	at org.springframework.web.servlet.DispatcherServlet.doService(DispatcherServlet.java:979) ~[spring-webmvc-6.2.19.jar:6.2.19]
	at org.springframework.web.servlet.FrameworkServlet.processRequest(FrameworkServlet.java:1014) ~[spring-webmvc-6.2.19.jar:6.2.19]
	at org.springframework.web.servlet.FrameworkServlet.doGet(FrameworkServlet.java:903) ~[spring-webmvc-6.2.19.jar:6.2.19]
	at jakarta.servlet.http.HttpServlet.service(HttpServlet.java:564) ~[tomcat-embed-core-10.1.55.jar:6.0]
	at org.springframework.web.servlet.FrameworkServlet.service(FrameworkServlet.java:885) ~[spring-webmvc-6.2.19.jar:6.2.19]
	at jakarta.servlet.http.HttpServlet.service(HttpServlet.java:658) ~[tomcat-embed-core-10.1.55.jar:6.0]
	at org.apache.catalina.core.ApplicationFilterChain.internalDoFilter(ApplicationFilterChain.java:193) ~[tomcat-embed-core-10.1.55.jar:10.1.55]
	at org.apache.catalina.core.ApplicationFilterChain.doFilter(ApplicationFilterChain.java:138) ~[tomcat-embed-core-10.1.55.jar:10.1.55]
	at org.apache.tomcat.websocket.server.WsFilter.doFilter(WsFilter.java:51) ~[tomcat-embed-websocket-10.1.55.jar:10.1.55]
	at org.apache.catalina.core.ApplicationFilterChain.internalDoFilter(ApplicationFilterChain.java:162) ~[tomcat-embed-core-10.1.55.jar:10.1.55]
	at org.apache.catalina.core.ApplicationFilterChain.doFilter(ApplicationFilterChain.java:138) ~[tomcat-embed-core-10.1.55.jar:10.1.55]
	at org.springframework.web.filter.RequestContextFilter.doFilterInternal(RequestContextFilter.java:100) ~[spring-web-6.2.19.jar:6.2.19]
	at org.springframework.web.filter.OncePerRequestFilter.doFilter(OncePerRequestFilter.java:116) ~[spring-web-6.2.19.jar:6.2.19]
	at org.apache.catalina.core.ApplicationFilterChain.internalDoFilter(ApplicationFilterChain.java:162) ~[tomcat-embed-core-10.1.55.jar:10.1.55]
	at org.apache.catalina.core.ApplicationFilterChain.doFilter(ApplicationFilterChain.java:138) ~[tomcat-embed-core-10.1.55.jar:10.1.55]
	at org.springframework.web.filter.FormContentFilter.doFilterInternal(FormContentFilter.java:93) ~[spring-web-6.2.19.jar:6.2.19]
	at org.springframework.web.filter.OncePerRequestFilter.doFilter(OncePerRequestFilter.java:116) ~[spring-web-6.2.19.jar:6.2.19]
	at org.apache.catalina.core.ApplicationFilterChain.internalDoFilter(ApplicationFilterChain.java:162) ~[tomcat-embed-core-10.1.55.jar:10.1.55]
	at org.apache.catalina.core.ApplicationFilterChain.doFilter(ApplicationFilterChain.java:138) ~[tomcat-embed-core-10.1.55.jar:10.1.55]
	at org.springframework.web.filter.CharacterEncodingFilter.doFilterInternal(CharacterEncodingFilter.java:201) ~[spring-web-6.2.19.jar:6.2.19]
	at org.springframework.web.filter.OncePerRequestFilter.doFilter(OncePerRequestFilter.java:116) ~[spring-web-6.2.19.jar:6.2.19]
	at org.apache.catalina.core.ApplicationFilterChain.internalDoFilter(ApplicationFilterChain.java:162) ~[tomcat-embed-core-10.1.55.jar:10.1.55]
	at org.apache.catalina.core.ApplicationFilterChain.doFilter(ApplicationFilterChain.java:138) ~[tomcat-embed-core-10.1.55.jar:10.1.55]
	at org.apache.catalina.core.StandardWrapperValve.invoke(StandardWrapperValve.java:165) ~[tomcat-embed-core-10.1.55.jar:10.1.55]
	at org.apache.catalina.core.StandardContextValve.invoke(StandardContextValve.java:88) ~[tomcat-embed-core-10.1.55.jar:10.1.55]
	at org.apache.catalina.authenticator.AuthenticatorBase.invoke(AuthenticatorBase.java:492) ~[tomcat-embed-core-10.1.55.jar:10.1.55]
	at org.apache.catalina.core.StandardHostValve.invoke(StandardHostValve.java:113) ~[tomcat-embed-core-10.1.55.jar:10.1.55]
	at org.apache.catalina.valves.ErrorReportValve.invoke(ErrorReportValve.java:83) ~[tomcat-embed-core-10.1.55.jar:10.1.55]
	at org.apache.catalina.core.StandardEngineValve.invoke(StandardEngineValve.java:72) ~[tomcat-embed-core-10.1.55.jar:10.1.55]
	at org.apache.catalina.connector.CoyoteAdapter.service(CoyoteAdapter.java:342) ~[tomcat-embed-core-10.1.55.jar:10.1.55]
	at org.apache.coyote.http11.Http11Processor.service(Http11Processor.java:399) ~[tomcat-embed-core-10.1.55.jar:10.1.55]
	at org.apache.coyote.AbstractProcessorLight.process(AbstractProcessorLight.java:63) ~[tomcat-embed-core-10.1.55.jar:10.1.55]
	at org.apache.coyote.AbstractProtocol$ConnectionHandler.process(AbstractProtocol.java:1272) ~[tomcat-embed-core-10.1.55.jar:10.1.55]
	at org.apache.tomcat.util.net.NioEndpoint$SocketProcessor.doRun(NioEndpoint.java:1797) ~[tomcat-embed-core-10.1.55.jar:10.1.55]
	at org.apache.tomcat.util.net.SocketProcessorBase.run(SocketProcessorBase.java:52) ~[tomcat-embed-core-10.1.55.jar:10.1.55]
	at org.apache.tomcat.util.threads.ThreadPoolExecutor.runWorker(ThreadPoolExecutor.java:973) ~[tomcat-embed-core-10.1.55.jar:10.1.55]
	at org.apache.tomcat.util.threads.ThreadPoolExecutor$Worker.run(ThreadPoolExecutor.java:491) ~[tomcat-embed-core-10.1.55.jar:10.1.55]
	at org.apache.tomcat.util.threads.TaskThread$WrappingRunnable.run(TaskThread.java:63) ~[tomcat-embed-core-10.1.55.jar:10.1.55]
	at java.base/java.lang.Thread.run(Thread.java:1583) ~[na:na]

00:09:24:472 ERROR 22616 --- [item-service] [http-nio-9004-exec-7] o.a.c.c.C.[.[.[/].[dispatcherServlet]    : Servlet.service() for servlet [dispatcherServlet] threw exception

java.lang.NumberFormatException: Cannot parse null string
	at java.base/java.lang.Long.parseLong(Long.java:672) ~[na:na]
	at java.base/java.lang.Long.valueOf(Long.java:1157) ~[na:na]
	at com.hmall.common.interceptors.UserInfoInterceptor.preHandle(UserInfoInterceptor.java:14) ~[classes/:na]
	at org.springframework.web.servlet.HandlerExecutionChain.applyPreHandle(HandlerExecutionChain.java:146) ~[spring-webmvc-6.2.19.jar:6.2.19]
	at org.springframework.web.servlet.DispatcherServlet.doDispatch(DispatcherServlet.java:1084) ~[spring-webmvc-6.2.19.jar:6.2.19]
	at org.springframework.web.servlet.DispatcherServlet.doService(DispatcherServlet.java:979) ~[spring-webmvc-6.2.19.jar:6.2.19]
	at org.springframework.web.servlet.FrameworkServlet.processRequest(FrameworkServlet.java:1014) ~[spring-webmvc-6.2.19.jar:6.2.19]
	at org.springframework.web.servlet.FrameworkServlet.doGet(FrameworkServlet.java:903) ~[spring-webmvc-6.2.19.jar:6.2.19]
	at jakarta.servlet.http.HttpServlet.service(HttpServlet.java:564) ~[tomcat-embed-core-10.1.55.jar:6.0]
	at org.springframework.web.servlet.FrameworkServlet.service(FrameworkServlet.java:885) ~[spring-webmvc-6.2.19.jar:6.2.19]
	at jakarta.servlet.http.HttpServlet.service(HttpServlet.java:658) ~[tomcat-embed-core-10.1.55.jar:6.0]
	at org.apache.catalina.core.ApplicationFilterChain.internalDoFilter(ApplicationFilterChain.java:193) ~[tomcat-embed-core-10.1.55.jar:10.1.55]
	at org.apache.catalina.core.ApplicationFilterChain.doFilter(ApplicationFilterChain.java:138) ~[tomcat-embed-core-10.1.55.jar:10.1.55]
	at org.springframework.web.filter.RequestContextFilter.doFilterInternal(RequestContextFilter.java:100) ~[spring-web-6.2.19.jar:6.2.19]
	at org.springframework.web.filter.OncePerRequestFilter.doFilter(OncePerRequestFilter.java:116) ~[spring-web-6.2.19.jar:6.2.19]
	at org.apache.catalina.core.ApplicationFilterChain.internalDoFilter(ApplicationFilterChain.java:162) ~[tomcat-embed-core-10.1.55.jar:10.1.55]
	at org.apache.catalina.core.ApplicationFilterChain.doFilter(ApplicationFilterChain.java:138) ~[tomcat-embed-core-10.1.55.jar:10.1.55]
	at org.springframework.web.filter.OncePerRequestFilter.doFilter(OncePerRequestFilter.java:101) ~[spring-web-6.2.19.jar:6.2.19]
	at org.apache.catalina.core.ApplicationFilterChain.internalDoFilter(ApplicationFilterChain.java:162) ~[tomcat-embed-core-10.1.55.jar:10.1.55]
	at org.apache.catalina.core.ApplicationFilterChain.doFilter(ApplicationFilterChain.java:138) ~[tomcat-embed-core-10.1.55.jar:10.1.55]
	at org.springframework.web.filter.OncePerRequestFilter.doFilter(OncePerRequestFilter.java:101) ~[spring-web-6.2.19.jar:6.2.19]
	at org.apache.catalina.core.ApplicationFilterChain.internalDoFilter(ApplicationFilterChain.java:162) ~[tomcat-embed-core-10.1.55.jar:10.1.55]
	at org.apache.catalina.core.ApplicationFilterChain.doFilter(ApplicationFilterChain.java:138) ~[tomcat-embed-core-10.1.55.jar:10.1.55]
	at org.apache.catalina.core.ApplicationDispatcher.invoke(ApplicationDispatcher.java:610) ~[tomcat-embed-core-10.1.55.jar:10.1.55]
	at org.apache.catalina.core.ApplicationDispatcher.processRequest(ApplicationDispatcher.java:394) ~[tomcat-embed-core-10.1.55.jar:10.1.55]
	at org.apache.catalina.core.ApplicationDispatcher.doForward(ApplicationDispatcher.java:321) ~[tomcat-embed-core-10.1.55.jar:10.1.55]
	at org.apache.catalina.core.ApplicationDispatcher.forward(ApplicationDispatcher.java:266) ~[tomcat-embed-core-10.1.55.jar:10.1.55]
	at org.apache.catalina.core.StandardHostValve.custom(StandardHostValve.java:374) ~[tomcat-embed-core-10.1.55.jar:10.1.55]
	at org.apache.catalina.core.StandardHostValve.status(StandardHostValve.java:206) ~[tomcat-embed-core-10.1.55.jar:10.1.55]
	at org.apache.catalina.core.StandardHostValve.throwable(StandardHostValve.java:283) ~[tomcat-embed-core-10.1.55.jar:10.1.55]
	at org.apache.catalina.core.StandardHostValve.invoke(StandardHostValve.java:147) ~[tomcat-embed-core-10.1.55.jar:10.1.55]
	at org.apache.catalina.valves.ErrorReportValve.invoke(ErrorReportValve.java:83) ~[tomcat-embed-core-10.1.55.jar:10.1.55]
	at org.apache.catalina.core.StandardEngineValve.invoke(StandardEngineValve.java:72) ~[tomcat-embed-core-10.1.55.jar:10.1.55]
	at org.apache.catalina.connector.CoyoteAdapter.service(CoyoteAdapter.java:342) ~[tomcat-embed-core-10.1.55.jar:10.1.55]
	at org.apache.coyote.http11.Http11Processor.service(Http11Processor.java:399) ~[tomcat-embed-core-10.1.55.jar:10.1.55]
	at org.apache.coyote.AbstractProcessorLight.process(AbstractProcessorLight.java:63) ~[tomcat-embed-core-10.1.55.jar:10.1.55]
	at org.apache.coyote.AbstractProtocol$ConnectionHandler.process(AbstractProtocol.java:1272) ~[tomcat-embed-core-10.1.55.jar:10.1.55]
	at org.apache.tomcat.util.net.NioEndpoint$SocketProcessor.doRun(NioEndpoint.java:1797) ~[tomcat-embed-core-10.1.55.jar:10.1.55]
	at org.apache.tomcat.util.net.SocketProcessorBase.run(SocketProcessorBase.java:52) ~[tomcat-embed-core-10.1.55.jar:10.1.55]
	at org.apache.tomcat.util.threads.ThreadPoolExecutor.runWorker(ThreadPoolExecutor.java:973) ~[tomcat-embed-core-10.1.55.jar:10.1.55]
	at org.apache.tomcat.util.threads.ThreadPoolExecutor$Worker.run(ThreadPoolExecutor.java:491) ~[tomcat-embed-core-10.1.55.jar:10.1.55]
	at org.apache.tomcat.util.threads.TaskThread$WrappingRunnable.run(TaskThread.java:63) ~[tomcat-embed-core-10.1.55.jar:10.1.55]
	at java.base/java.lang.Thread.run(Thread.java:1583) ~[na:na]

00:09:24:479 ERROR 22616 --- [item-service] [http-nio-9004-exec-7] o.a.c.c.C.[Tomcat].[localhost]           : Exception Processing [ErrorPage[errorCode=0, location=/error]]

jakarta.servlet.ServletException: Request processing failed: java.lang.NumberFormatException: Cannot parse null string
	at org.springframework.web.servlet.FrameworkServlet.processRequest(FrameworkServlet.java:1022) ~[spring-webmvc-6.2.19.jar:6.2.19]
	at org.springframework.web.servlet.FrameworkServlet.doGet(FrameworkServlet.java:903) ~[spring-webmvc-6.2.19.jar:6.2.19]
	at jakarta.servlet.http.HttpServlet.service(HttpServlet.java:564) ~[tomcat-embed-core-10.1.55.jar:6.0]
	at org.springframework.web.servlet.FrameworkServlet.service(FrameworkServlet.java:885) ~[spring-webmvc-6.2.19.jar:6.2.19]
	at jakarta.servlet.http.HttpServlet.service(HttpServlet.java:658) ~[tomcat-embed-core-10.1.55.jar:6.0]
	at org.apache.catalina.core.ApplicationFilterChain.internalDoFilter(ApplicationFilterChain.java:193) ~[tomcat-embed-core-10.1.55.jar:10.1.55]
	at org.apache.catalina.core.ApplicationFilterChain.doFilter(ApplicationFilterChain.java:138) ~[tomcat-embed-core-10.1.55.jar:10.1.55]
	at org.springframework.web.filter.RequestContextFilter.doFilterInternal(RequestContextFilter.java:100) ~[spring-web-6.2.19.jar:6.2.19]
	at org.springframework.web.filter.OncePerRequestFilter.doFilter(OncePerRequestFilter.java:116) ~[spring-web-6.2.19.jar:6.2.19]
	at org.apache.catalina.core.ApplicationFilterChain.internalDoFilter(ApplicationFilterChain.java:162) ~[tomcat-embed-core-10.1.55.jar:10.1.55]
	at org.apache.catalina.core.ApplicationFilterChain.doFilter(ApplicationFilterChain.java:138) ~[tomcat-embed-core-10.1.55.jar:10.1.55]
	at org.springframework.web.filter.OncePerRequestFilter.doFilter(OncePerRequestFilter.java:101) ~[spring-web-6.2.19.jar:6.2.19]
	at org.apache.catalina.core.ApplicationFilterChain.internalDoFilter(ApplicationFilterChain.java:162) ~[tomcat-embed-core-10.1.55.jar:10.1.55]
	at org.apache.catalina.core.ApplicationFilterChain.doFilter(ApplicationFilterChain.java:138) ~[tomcat-embed-core-10.1.55.jar:10.1.55]
	at org.springframework.web.filter.OncePerRequestFilter.doFilter(OncePerRequestFilter.java:101) ~[spring-web-6.2.19.jar:6.2.19]
	at org.apache.catalina.core.ApplicationFilterChain.internalDoFilter(ApplicationFilterChain.java:162) ~[tomcat-embed-core-10.1.55.jar:10.1.55]
	at org.apache.catalina.core.ApplicationFilterChain.doFilter(ApplicationFilterChain.java:138) ~[tomcat-embed-core-10.1.55.jar:10.1.55]
	at org.apache.catalina.core.ApplicationDispatcher.invoke(ApplicationDispatcher.java:610) ~[tomcat-embed-core-10.1.55.jar:10.1.55]
	at org.apache.catalina.core.ApplicationDispatcher.processRequest(ApplicationDispatcher.java:394) ~[tomcat-embed-core-10.1.55.jar:10.1.55]
	at org.apache.catalina.core.ApplicationDispatcher.doForward(ApplicationDispatcher.java:321) ~[tomcat-embed-core-10.1.55.jar:10.1.55]
	at org.apache.catalina.core.ApplicationDispatcher.forward(ApplicationDispatcher.java:266) ~[tomcat-embed-core-10.1.55.jar:10.1.55]
	at org.apache.catalina.core.StandardHostValve.custom(StandardHostValve.java:374) ~[tomcat-embed-core-10.1.55.jar:10.1.55]
	at org.apache.catalina.core.StandardHostValve.status(StandardHostValve.java:206) ~[tomcat-embed-core-10.1.55.jar:10.1.55]
	at org.apache.catalina.core.StandardHostValve.throwable(StandardHostValve.java:283) ~[tomcat-embed-core-10.1.55.jar:10.1.55]
	at org.apache.catalina.core.StandardHostValve.invoke(StandardHostValve.java:147) ~[tomcat-embed-core-10.1.55.jar:10.1.55]
	at org.apache.catalina.valves.ErrorReportValve.invoke(ErrorReportValve.java:83) ~[tomcat-embed-core-10.1.55.jar:10.1.55]
	at org.apache.catalina.core.StandardEngineValve.invoke(StandardEngineValve.java:72) ~[tomcat-embed-core-10.1.55.jar:10.1.55]
	at org.apache.catalina.connector.CoyoteAdapter.service(CoyoteAdapter.java:342) ~[tomcat-embed-core-10.1.55.jar:10.1.55]
	at org.apache.coyote.http11.Http11Processor.service(Http11Processor.java:399) ~[tomcat-embed-core-10.1.55.jar:10.1.55]
	at org.apache.coyote.AbstractProcessorLight.process(AbstractProcessorLight.java:63) ~[tomcat-embed-core-10.1.55.jar:10.1.55]
	at org.apache.coyote.AbstractProtocol$ConnectionHandler.process(AbstractProtocol.java:1272) ~[tomcat-embed-core-10.1.55.jar:10.1.55]
	at org.apache.tomcat.util.net.NioEndpoint$SocketProcessor.doRun(NioEndpoint.java:1797) ~[tomcat-embed-core-10.1.55.jar:10.1.55]
	at org.apache.tomcat.util.net.SocketProcessorBase.run(SocketProcessorBase.java:52) ~[tomcat-embed-core-10.1.55.jar:10.1.55]
	at org.apache.tomcat.util.threads.ThreadPoolExecutor.runWorker(ThreadPoolExecutor.java:973) ~[tomcat-embed-core-10.1.55.jar:10.1.55]
	at org.apache.tomcat.util.threads.ThreadPoolExecutor$Worker.run(ThreadPoolExecutor.java:491) ~[tomcat-embed-core-10.1.55.jar:10.1.55]
	at org.apache.tomcat.util.threads.TaskThread$WrappingRunnable.run(TaskThread.java:63) ~[tomcat-embed-core-10.1.55.jar:10.1.55]
	at java.base/java.lang.Thread.run(Thread.java:1583) ~[na:na]
Caused by: java.lang.NumberFormatException: Cannot parse null string
	at java.base/java.lang.Long.parseLong(Long.java:672) ~[na:na]
	at java.base/java.lang.Long.valueOf(Long.java:1157) ~[na:na]
	at com.hmall.common.interceptors.UserInfoInterceptor.preHandle(UserInfoInterceptor.java:14) ~[classes/:na]
	at org.springframework.web.servlet.HandlerExecutionChain.applyPreHandle(HandlerExecutionChain.java:146) ~[spring-webmvc-6.2.19.jar:6.2.19]
	at org.springframework.web.servlet.DispatcherServlet.doDispatch(DispatcherServlet.java:1084) ~[spring-webmvc-6.2.19.jar:6.2.19]
	at org.springframework.web.servlet.DispatcherServlet.doService(DispatcherServlet.java:979) ~[spring-webmvc-6.2.19.jar:6.2.19]
	at org.springframework.web.servlet.FrameworkServlet.processRequest(FrameworkServlet.java:1014) ~[spring-webmvc-6.2.19.jar:6.2.19]
	... 36 common frames omitted

00:09:28:513 DEBUG 12256 --- [item-service] [http-nio-9001-exec-8] c.g.item.mapper.ItemMapper.selectByIds   : ==>  Preparing: SELECT id,name,price,stock,image,category,brand,spec,sold,comment_count,isAD,status,create_time,update_time,creater,updater FROM item WHERE id IN ( ? , ? , ? )
00:09:28:513 DEBUG 12256 --- [item-service] [http-nio-9001-exec-8] c.g.item.mapper.ItemMapper.selectByIds   : ==> Parameters: 1(Long), 2(Long), 3(Long)
00:09:28:515 DEBUG 12256 --- [item-service] [http-nio-9001-exec-8] c.g.item.mapper.ItemMapper.selectByIds   : <==      Total: 0
00:09:30:649 ERROR 22616 --- [item-service] [http-nio-9004-exec-8] o.a.c.c.C.[.[.[/].[dispatcherServlet]    : Servlet.service() for servlet [dispatcherServlet] in context with path [] threw exception [Request processing failed: java.lang.NumberFormatException: Cannot parse null string] with root cause

java.lang.NumberFormatException: Cannot parse null string
	at java.base/java.lang.Long.parseLong(Long.java:672) ~[na:na]
	at java.base/java.lang.Long.valueOf(Long.java:1157) ~[na:na]
	at com.hmall.common.interceptors.UserInfoInterceptor.preHandle(UserInfoInterceptor.java:14) ~[classes/:na]
	at org.springframework.web.servlet.HandlerExecutionChain.applyPreHandle(HandlerExecutionChain.java:146) ~[spring-webmvc-6.2.19.jar:6.2.19]
	at org.springframework.web.servlet.DispatcherServlet.doDispatch(DispatcherServlet.java:1084) ~[spring-webmvc-6.2.19.jar:6.2.19]
	at org.springframework.web.servlet.DispatcherServlet.doService(DispatcherServlet.java:979) ~[spring-webmvc-6.2.19.jar:6.2.19]
	at org.springframework.web.servlet.FrameworkServlet.processRequest(FrameworkServlet.java:1014) ~[spring-webmvc-6.2.19.jar:6.2.19]
	at org.springframework.web.servlet.FrameworkServlet.doGet(FrameworkServlet.java:903) ~[spring-webmvc-6.2.19.jar:6.2.19]
	at jakarta.servlet.http.HttpServlet.service(HttpServlet.java:564) ~[tomcat-embed-core-10.1.55.jar:6.0]
	at org.springframework.web.servlet.FrameworkServlet.service(FrameworkServlet.java:885) ~[spring-webmvc-6.2.19.jar:6.2.19]
	at jakarta.servlet.http.HttpServlet.service(HttpServlet.java:658) ~[tomcat-embed-core-10.1.55.jar:6.0]
	at org.apache.catalina.core.ApplicationFilterChain.internalDoFilter(ApplicationFilterChain.java:193) ~[tomcat-embed-core-10.1.55.jar:10.1.55]
	at org.apache.catalina.core.ApplicationFilterChain.doFilter(ApplicationFilterChain.java:138) ~[tomcat-embed-core-10.1.55.jar:10.1.55]
	at org.apache.tomcat.websocket.server.WsFilter.doFilter(WsFilter.java:51) ~[tomcat-embed-websocket-10.1.55.jar:10.1.55]
	at org.apache.catalina.core.ApplicationFilterChain.internalDoFilter(ApplicationFilterChain.java:162) ~[tomcat-embed-core-10.1.55.jar:10.1.55]
	at org.apache.catalina.core.ApplicationFilterChain.doFilter(ApplicationFilterChain.java:138) ~[tomcat-embed-core-10.1.55.jar:10.1.55]
	at org.springframework.web.filter.RequestContextFilter.doFilterInternal(RequestContextFilter.java:100) ~[spring-web-6.2.19.jar:6.2.19]
	at org.springframework.web.filter.OncePerRequestFilter.doFilter(OncePerRequestFilter.java:116) ~[spring-web-6.2.19.jar:6.2.19]
	at org.apache.catalina.core.ApplicationFilterChain.internalDoFilter(ApplicationFilterChain.java:162) ~[tomcat-embed-core-10.1.55.jar:10.1.55]
	at org.apache.catalina.core.ApplicationFilterChain.doFilter(ApplicationFilterChain.java:138) ~[tomcat-embed-core-10.1.55.jar:10.1.55]
	at org.springframework.web.filter.FormContentFilter.doFilterInternal(FormContentFilter.java:93) ~[spring-web-6.2.19.jar:6.2.19]
	at org.springframework.web.filter.OncePerRequestFilter.doFilter(OncePerRequestFilter.java:116) ~[spring-web-6.2.19.jar:6.2.19]
	at org.apache.catalina.core.ApplicationFilterChain.internalDoFilter(ApplicationFilterChain.java:162) ~[tomcat-embed-core-10.1.55.jar:10.1.55]
	at org.apache.catalina.core.ApplicationFilterChain.doFilter(ApplicationFilterChain.java:138) ~[tomcat-embed-core-10.1.55.jar:10.1.55]
	at org.springframework.web.filter.CharacterEncodingFilter.doFilterInternal(CharacterEncodingFilter.java:201) ~[spring-web-6.2.19.jar:6.2.19]
	at org.springframework.web.filter.OncePerRequestFilter.doFilter(OncePerRequestFilter.java:116) ~[spring-web-6.2.19.jar:6.2.19]
	at org.apache.catalina.core.ApplicationFilterChain.internalDoFilter(ApplicationFilterChain.java:162) ~[tomcat-embed-core-10.1.55.jar:10.1.55]
	at org.apache.catalina.core.ApplicationFilterChain.doFilter(ApplicationFilterChain.java:138) ~[tomcat-embed-core-10.1.55.jar:10.1.55]
	at org.apache.catalina.core.StandardWrapperValve.invoke(StandardWrapperValve.java:165) ~[tomcat-embed-core-10.1.55.jar:10.1.55]
	at org.apache.catalina.core.StandardContextValve.invoke(StandardContextValve.java:88) ~[tomcat-embed-core-10.1.55.jar:10.1.55]
	at org.apache.catalina.authenticator.AuthenticatorBase.invoke(AuthenticatorBase.java:492) ~[tomcat-embed-core-10.1.55.jar:10.1.55]
	at org.apache.catalina.core.StandardHostValve.invoke(StandardHostValve.java:113) ~[tomcat-embed-core-10.1.55.jar:10.1.55]
	at org.apache.catalina.valves.ErrorReportValve.invoke(ErrorReportValve.java:83) ~[tomcat-embed-core-10.1.55.jar:10.1.55]
	at org.apache.catalina.core.StandardEngineValve.invoke(StandardEngineValve.java:72) ~[tomcat-embed-core-10.1.55.jar:10.1.55]
	at org.apache.catalina.connector.CoyoteAdapter.service(CoyoteAdapter.java:342) ~[tomcat-embed-core-10.1.55.jar:10.1.55]
	at org.apache.coyote.http11.Http11Processor.service(Http11Processor.java:399) ~[tomcat-embed-core-10.1.55.jar:10.1.55]
	at org.apache.coyote.AbstractProcessorLight.process(AbstractProcessorLight.java:63) ~[tomcat-embed-core-10.1.55.jar:10.1.55]
	at org.apache.coyote.AbstractProtocol$ConnectionHandler.process(AbstractProtocol.java:1272) ~[tomcat-embed-core-10.1.55.jar:10.1.55]
	at org.apache.tomcat.util.net.NioEndpoint$SocketProcessor.doRun(NioEndpoint.java:1797) ~[tomcat-embed-core-10.1.55.jar:10.1.55]
	at org.apache.tomcat.util.net.SocketProcessorBase.run(SocketProcessorBase.java:52) ~[tomcat-embed-core-10.1.55.jar:10.1.55]
	at org.apache.tomcat.util.threads.ThreadPoolExecutor.runWorker(ThreadPoolExecutor.java:973) ~[tomcat-embed-core-10.1.55.jar:10.1.55]
	at org.apache.tomcat.util.threads.ThreadPoolExecutor$Worker.run(ThreadPoolExecutor.java:491) ~[tomcat-embed-core-10.1.55.jar:10.1.55]
	at org.apache.tomcat.util.threads.TaskThread$WrappingRunnable.run(TaskThread.java:63) ~[tomcat-embed-core-10.1.55.jar:10.1.55]
	at java.base/java.lang.Thread.run(Thread.java:1583) ~[na:na]

00:09:30:650 ERROR 22616 --- [item-service] [http-nio-9004-exec-8] o.a.c.c.C.[.[.[/].[dispatcherServlet]    : Servlet.service() for servlet [dispatcherServlet] threw exception

java.lang.NumberFormatException: Cannot parse null string
	at java.base/java.lang.Long.parseLong(Long.java:672) ~[na:na]
	at java.base/java.lang.Long.valueOf(Long.java:1157) ~[na:na]
	at com.hmall.common.interceptors.UserInfoInterceptor.preHandle(UserInfoInterceptor.java:14) ~[classes/:na]
	at org.springframework.web.servlet.HandlerExecutionChain.applyPreHandle(HandlerExecutionChain.java:146) ~[spring-webmvc-6.2.19.jar:6.2.19]
	at org.springframework.web.servlet.DispatcherServlet.doDispatch(DispatcherServlet.java:1084) ~[spring-webmvc-6.2.19.jar:6.2.19]
	at org.springframework.web.servlet.DispatcherServlet.doService(DispatcherServlet.java:979) ~[spring-webmvc-6.2.19.jar:6.2.19]
	at org.springframework.web.servlet.FrameworkServlet.processRequest(FrameworkServlet.java:1014) ~[spring-webmvc-6.2.19.jar:6.2.19]
	at org.springframework.web.servlet.FrameworkServlet.doGet(FrameworkServlet.java:903) ~[spring-webmvc-6.2.19.jar:6.2.19]
	at jakarta.servlet.http.HttpServlet.service(HttpServlet.java:564) ~[tomcat-embed-core-10.1.55.jar:6.0]
	at org.springframework.web.servlet.FrameworkServlet.service(FrameworkServlet.java:885) ~[spring-webmvc-6.2.19.jar:6.2.19]
	at jakarta.servlet.http.HttpServlet.service(HttpServlet.java:658) ~[tomcat-embed-core-10.1.55.jar:6.0]
	at org.apache.catalina.core.ApplicationFilterChain.internalDoFilter(ApplicationFilterChain.java:193) ~[tomcat-embed-core-10.1.55.jar:10.1.55]
	at org.apache.catalina.core.ApplicationFilterChain.doFilter(ApplicationFilterChain.java:138) ~[tomcat-embed-core-10.1.55.jar:10.1.55]
	at org.springframework.web.filter.RequestContextFilter.doFilterInternal(RequestContextFilter.java:100) ~[spring-web-6.2.19.jar:6.2.19]
	at org.springframework.web.filter.OncePerRequestFilter.doFilter(OncePerRequestFilter.java:116) ~[spring-web-6.2.19.jar:6.2.19]
	at org.apache.catalina.core.ApplicationFilterChain.internalDoFilter(ApplicationFilterChain.java:162) ~[tomcat-embed-core-10.1.55.jar:10.1.55]
	at org.apache.catalina.core.ApplicationFilterChain.doFilter(ApplicationFilterChain.java:138) ~[tomcat-embed-core-10.1.55.jar:10.1.55]
	at org.springframework.web.filter.OncePerRequestFilter.doFilter(OncePerRequestFilter.java:101) ~[spring-web-6.2.19.jar:6.2.19]
	at org.apache.catalina.core.ApplicationFilterChain.internalDoFilter(ApplicationFilterChain.java:162) ~[tomcat-embed-core-10.1.55.jar:10.1.55]
	at org.apache.catalina.core.ApplicationFilterChain.doFilter(ApplicationFilterChain.java:138) ~[tomcat-embed-core-10.1.55.jar:10.1.55]
	at org.springframework.web.filter.OncePerRequestFilter.doFilter(OncePerRequestFilter.java:101) ~[spring-web-6.2.19.jar:6.2.19]
	at org.apache.catalina.core.ApplicationFilterChain.internalDoFilter(ApplicationFilterChain.java:162) ~[tomcat-embed-core-10.1.55.jar:10.1.55]
	at org.apache.catalina.core.ApplicationFilterChain.doFilter(ApplicationFilterChain.java:138) ~[tomcat-embed-core-10.1.55.jar:10.1.55]
	at org.apache.catalina.core.ApplicationDispatcher.invoke(ApplicationDispatcher.java:610) ~[tomcat-embed-core-10.1.55.jar:10.1.55]
	at org.apache.catalina.core.ApplicationDispatcher.processRequest(ApplicationDispatcher.java:394) ~[tomcat-embed-core-10.1.55.jar:10.1.55]
	at org.apache.catalina.core.ApplicationDispatcher.doForward(ApplicationDispatcher.java:321) ~[tomcat-embed-core-10.1.55.jar:10.1.55]
	at org.apache.catalina.core.ApplicationDispatcher.forward(ApplicationDispatcher.java:266) ~[tomcat-embed-core-10.1.55.jar:10.1.55]
	at org.apache.catalina.core.StandardHostValve.custom(StandardHostValve.java:374) ~[tomcat-embed-core-10.1.55.jar:10.1.55]
	at org.apache.catalina.core.StandardHostValve.status(StandardHostValve.java:206) ~[tomcat-embed-core-10.1.55.jar:10.1.55]
	at org.apache.catalina.core.StandardHostValve.throwable(StandardHostValve.java:283) ~[tomcat-embed-core-10.1.55.jar:10.1.55]
	at org.apache.catalina.core.StandardHostValve.invoke(StandardHostValve.java:147) ~[tomcat-embed-core-10.1.55.jar:10.1.55]
	at org.apache.catalina.valves.ErrorReportValve.invoke(ErrorReportValve.java:83) ~[tomcat-embed-core-10.1.55.jar:10.1.55]
	at org.apache.catalina.core.StandardEngineValve.invoke(StandardEngineValve.java:72) ~[tomcat-embed-core-10.1.55.jar:10.1.55]
	at org.apache.catalina.connector.CoyoteAdapter.service(CoyoteAdapter.java:342) ~[tomcat-embed-core-10.1.55.jar:10.1.55]
	at org.apache.coyote.http11.Http11Processor.service(Http11Processor.java:399) ~[tomcat-embed-core-10.1.55.jar:10.1.55]
	at org.apache.coyote.AbstractProcessorLight.process(AbstractProcessorLight.java:63) ~[tomcat-embed-core-10.1.55.jar:10.1.55]
	at org.apache.coyote.AbstractProtocol$ConnectionHandler.process(AbstractProtocol.java:1272) ~[tomcat-embed-core-10.1.55.jar:10.1.55]
	at org.apache.tomcat.util.net.NioEndpoint$SocketProcessor.doRun(NioEndpoint.java:1797) ~[tomcat-embed-core-10.1.55.jar:10.1.55]
	at org.apache.tomcat.util.net.SocketProcessorBase.run(SocketProcessorBase.java:52) ~[tomcat-embed-core-10.1.55.jar:10.1.55]
	at org.apache.tomcat.util.threads.ThreadPoolExecutor.runWorker(ThreadPoolExecutor.java:973) ~[tomcat-embed-core-10.1.55.jar:10.1.55]
	at org.apache.tomcat.util.threads.ThreadPoolExecutor$Worker.run(ThreadPoolExecutor.java:491) ~[tomcat-embed-core-10.1.55.jar:10.1.55]
	at org.apache.tomcat.util.threads.TaskThread$WrappingRunnable.run(TaskThread.java:63) ~[tomcat-embed-core-10.1.55.jar:10.1.55]
	at java.base/java.lang.Thread.run(Thread.java:1583) ~[na:na]

00:09:30:651 ERROR 22616 --- [item-service] [http-nio-9004-exec-8] o.a.c.c.C.[Tomcat].[localhost]           : Exception Processing [ErrorPage[errorCode=0, location=/error]]

jakarta.servlet.ServletException: Request processing failed: java.lang.NumberFormatException: Cannot parse null string
	at org.springframework.web.servlet.FrameworkServlet.processRequest(FrameworkServlet.java:1022) ~[spring-webmvc-6.2.19.jar:6.2.19]
	at org.springframework.web.servlet.FrameworkServlet.doGet(FrameworkServlet.java:903) ~[spring-webmvc-6.2.19.jar:6.2.19]
	at jakarta.servlet.http.HttpServlet.service(HttpServlet.java:564) ~[tomcat-embed-core-10.1.55.jar:6.0]
	at org.springframework.web.servlet.FrameworkServlet.service(FrameworkServlet.java:885) ~[spring-webmvc-6.2.19.jar:6.2.19]
	at jakarta.servlet.http.HttpServlet.service(HttpServlet.java:658) ~[tomcat-embed-core-10.1.55.jar:6.0]
	at org.apache.catalina.core.ApplicationFilterChain.internalDoFilter(ApplicationFilterChain.java:193) ~[tomcat-embed-core-10.1.55.jar:10.1.55]
	at org.apache.catalina.core.ApplicationFilterChain.doFilter(ApplicationFilterChain.java:138) ~[tomcat-embed-core-10.1.55.jar:10.1.55]
	at org.springframework.web.filter.RequestContextFilter.doFilterInternal(RequestContextFilter.java:100) ~[spring-web-6.2.19.jar:6.2.19]
	at org.springframework.web.filter.OncePerRequestFilter.doFilter(OncePerRequestFilter.java:116) ~[spring-web-6.2.19.jar:6.2.19]
	at org.apache.catalina.core.ApplicationFilterChain.internalDoFilter(ApplicationFilterChain.java:162) ~[tomcat-embed-core-10.1.55.jar:10.1.55]
	at org.apache.catalina.core.ApplicationFilterChain.doFilter(ApplicationFilterChain.java:138) ~[tomcat-embed-core-10.1.55.jar:10.1.55]
	at org.springframework.web.filter.OncePerRequestFilter.doFilter(OncePerRequestFilter.java:101) ~[spring-web-6.2.19.jar:6.2.19]
	at org.apache.catalina.core.ApplicationFilterChain.internalDoFilter(ApplicationFilterChain.java:162) ~[tomcat-embed-core-10.1.55.jar:10.1.55]
	at org.apache.catalina.core.ApplicationFilterChain.doFilter(ApplicationFilterChain.java:138) ~[tomcat-embed-core-10.1.55.jar:10.1.55]
	at org.springframework.web.filter.OncePerRequestFilter.doFilter(OncePerRequestFilter.java:101) ~[spring-web-6.2.19.jar:6.2.19]
	at org.apache.catalina.core.ApplicationFilterChain.internalDoFilter(ApplicationFilterChain.java:162) ~[tomcat-embed-core-10.1.55.jar:10.1.55]
	at org.apache.catalina.core.ApplicationFilterChain.doFilter(ApplicationFilterChain.java:138) ~[tomcat-embed-core-10.1.55.jar:10.1.55]
	at org.apache.catalina.core.ApplicationDispatcher.invoke(ApplicationDispatcher.java:610) ~[tomcat-embed-core-10.1.55.jar:10.1.55]
	at org.apache.catalina.core.ApplicationDispatcher.processRequest(ApplicationDispatcher.java:394) ~[tomcat-embed-core-10.1.55.jar:10.1.55]
	at org.apache.catalina.core.ApplicationDispatcher.doForward(ApplicationDispatcher.java:321) ~[tomcat-embed-core-10.1.55.jar:10.1.55]
	at org.apache.catalina.core.ApplicationDispatcher.forward(ApplicationDispatcher.java:266) ~[tomcat-embed-core-10.1.55.jar:10.1.55]
	at org.apache.catalina.core.StandardHostValve.custom(StandardHostValve.java:374) ~[tomcat-embed-core-10.1.55.jar:10.1.55]
	at org.apache.catalina.core.StandardHostValve.status(StandardHostValve.java:206) ~[tomcat-embed-core-10.1.55.jar:10.1.55]
	at org.apache.catalina.core.StandardHostValve.throwable(StandardHostValve.java:283) ~[tomcat-embed-core-10.1.55.jar:10.1.55]
	at org.apache.catalina.core.StandardHostValve.invoke(StandardHostValve.java:147) ~[tomcat-embed-core-10.1.55.jar:10.1.55]
	at org.apache.catalina.valves.ErrorReportValve.invoke(ErrorReportValve.java:83) ~[tomcat-embed-core-10.1.55.jar:10.1.55]
	at org.apache.catalina.core.StandardEngineValve.invoke(StandardEngineValve.java:72) ~[tomcat-embed-core-10.1.55.jar:10.1.55]
	at org.apache.catalina.connector.CoyoteAdapter.service(CoyoteAdapter.java:342) ~[tomcat-embed-core-10.1.55.jar:10.1.55]
	at org.apache.coyote.http11.Http11Processor.service(Http11Processor.java:399) ~[tomcat-embed-core-10.1.55.jar:10.1.55]
	at org.apache.coyote.AbstractProcessorLight.process(AbstractProcessorLight.java:63) ~[tomcat-embed-core-10.1.55.jar:10.1.55]
	at org.apache.coyote.AbstractProtocol$ConnectionHandler.process(AbstractProtocol.java:1272) ~[tomcat-embed-core-10.1.55.jar:10.1.55]
	at org.apache.tomcat.util.net.NioEndpoint$SocketProcessor.doRun(NioEndpoint.java:1797) ~[tomcat-embed-core-10.1.55.jar:10.1.55]
	at org.apache.tomcat.util.net.SocketProcessorBase.run(SocketProcessorBase.java:52) ~[tomcat-embed-core-10.1.55.jar:10.1.55]
	at org.apache.tomcat.util.threads.ThreadPoolExecutor.runWorker(ThreadPoolExecutor.java:973) ~[tomcat-embed-core-10.1.55.jar:10.1.55]
	at org.apache.tomcat.util.threads.ThreadPoolExecutor$Worker.run(ThreadPoolExecutor.java:491) ~[tomcat-embed-core-10.1.55.jar:10.1.55]
	at org.apache.tomcat.util.threads.TaskThread$WrappingRunnable.run(TaskThread.java:63) ~[tomcat-embed-core-10.1.55.jar:10.1.55]
	at java.base/java.lang.Thread.run(Thread.java:1583) ~[na:na]
Caused by: java.lang.NumberFormatException: Cannot parse null string
	at java.base/java.lang.Long.parseLong(Long.java:672) ~[na:na]
	at java.base/java.lang.Long.valueOf(Long.java:1157) ~[na:na]
	at com.hmall.common.interceptors.UserInfoInterceptor.preHandle(UserInfoInterceptor.java:14) ~[classes/:na]
	at org.springframework.web.servlet.HandlerExecutionChain.applyPreHandle(HandlerExecutionChain.java:146) ~[spring-webmvc-6.2.19.jar:6.2.19]
	at org.springframework.web.servlet.DispatcherServlet.doDispatch(DispatcherServlet.java:1084) ~[spring-webmvc-6.2.19.jar:6.2.19]
	at org.springframework.web.servlet.DispatcherServlet.doService(DispatcherServlet.java:979) ~[spring-webmvc-6.2.19.jar:6.2.19]
	at org.springframework.web.servlet.FrameworkServlet.processRequest(FrameworkServlet.java:1014) ~[spring-webmvc-6.2.19.jar:6.2.19]
	... 36 common frames omitted

00:09:34:184 DEBUG 12256 --- [item-service] [http-nio-9001-exec-7] c.g.item.mapper.ItemMapper.selectByIds   : ==>  Preparing: SELECT id,name,price,stock,image,category,brand,spec,sold,comment_count,isAD,status,create_time,update_time,creater,updater FROM item WHERE id IN ( ? , ? , ? )
00:09:34:185 DEBUG 12256 --- [item-service] [http-nio-9001-exec-7] c.g.item.mapper.ItemMapper.selectByIds   : ==> Parameters: 1(Long), 2(Long), 3(Long)
00:09:34:186 DEBUG 12256 --- [item-service] [http-nio-9001-exec-7] c.g.item.mapper.ItemMapper.selectByIds   : <==      Total: 0
00:09:34:862 ERROR 22616 --- [item-service] [http-nio-9004-exec-9] o.a.c.c.C.[.[.[/].[dispatcherServlet]    : Servlet.service() for servlet [dispatcherServlet] in context with path [] threw exception [Request processing failed: java.lang.NumberFormatException: Cannot parse null string] with root cause

java.lang.NumberFormatException: Cannot parse null string
	at java.base/java.lang.Long.parseLong(Long.java:672) ~[na:na]
	at java.base/java.lang.Long.valueOf(Long.java:1157) ~[na:na]
	at com.hmall.common.interceptors.UserInfoInterceptor.preHandle(UserInfoInterceptor.java:14) ~[classes/:na]
	at org.springframework.web.servlet.HandlerExecutionChain.applyPreHandle(HandlerExecutionChain.java:146) ~[spring-webmvc-6.2.19.jar:6.2.19]
	at org.springframework.web.servlet.DispatcherServlet.doDispatch(DispatcherServlet.java:1084) ~[spring-webmvc-6.2.19.jar:6.2.19]
	at org.springframework.web.servlet.DispatcherServlet.doService(DispatcherServlet.java:979) ~[spring-webmvc-6.2.19.jar:6.2.19]
	at org.springframework.web.servlet.FrameworkServlet.processRequest(FrameworkServlet.java:1014) ~[spring-webmvc-6.2.19.jar:6.2.19]
	at org.springframework.web.servlet.FrameworkServlet.doGet(FrameworkServlet.java:903) ~[spring-webmvc-6.2.19.jar:6.2.19]
	at jakarta.servlet.http.HttpServlet.service(HttpServlet.java:564) ~[tomcat-embed-core-10.1.55.jar:6.0]
	at org.springframework.web.servlet.FrameworkServlet.service(FrameworkServlet.java:885) ~[spring-webmvc-6.2.19.jar:6.2.19]
	at jakarta.servlet.http.HttpServlet.service(HttpServlet.java:658) ~[tomcat-embed-core-10.1.55.jar:6.0]
	at org.apache.catalina.core.ApplicationFilterChain.internalDoFilter(ApplicationFilterChain.java:193) ~[tomcat-embed-core-10.1.55.jar:10.1.55]
	at org.apache.catalina.core.ApplicationFilterChain.doFilter(ApplicationFilterChain.java:138) ~[tomcat-embed-core-10.1.55.jar:10.1.55]
	at org.apache.tomcat.websocket.server.WsFilter.doFilter(WsFilter.java:51) ~[tomcat-embed-websocket-10.1.55.jar:10.1.55]
	at org.apache.catalina.core.ApplicationFilterChain.internalDoFilter(ApplicationFilterChain.java:162) ~[tomcat-embed-core-10.1.55.jar:10.1.55]
	at org.apache.catalina.core.ApplicationFilterChain.doFilter(ApplicationFilterChain.java:138) ~[tomcat-embed-core-10.1.55.jar:10.1.55]
	at org.springframework.web.filter.RequestContextFilter.doFilterInternal(RequestContextFilter.java:100) ~[spring-web-6.2.19.jar:6.2.19]
	at org.springframework.web.filter.OncePerRequestFilter.doFilter(OncePerRequestFilter.java:116) ~[spring-web-6.2.19.jar:6.2.19]
	at org.apache.catalina.core.ApplicationFilterChain.internalDoFilter(ApplicationFilterChain.java:162) ~[tomcat-embed-core-10.1.55.jar:10.1.55]
	at org.apache.catalina.core.ApplicationFilterChain.doFilter(ApplicationFilterChain.java:138) ~[tomcat-embed-core-10.1.55.jar:10.1.55]
	at org.springframework.web.filter.FormContentFilter.doFilterInternal(FormContentFilter.java:93) ~[spring-web-6.2.19.jar:6.2.19]
	at org.springframework.web.filter.OncePerRequestFilter.doFilter(OncePerRequestFilter.java:116) ~[spring-web-6.2.19.jar:6.2.19]
	at org.apache.catalina.core.ApplicationFilterChain.internalDoFilter(ApplicationFilterChain.java:162) ~[tomcat-embed-core-10.1.55.jar:10.1.55]
	at org.apache.catalina.core.ApplicationFilterChain.doFilter(ApplicationFilterChain.java:138) ~[tomcat-embed-core-10.1.55.jar:10.1.55]
	at org.springframework.web.filter.CharacterEncodingFilter.doFilterInternal(CharacterEncodingFilter.java:201) ~[spring-web-6.2.19.jar:6.2.19]
	at org.springframework.web.filter.OncePerRequestFilter.doFilter(OncePerRequestFilter.java:116) ~[spring-web-6.2.19.jar:6.2.19]
	at org.apache.catalina.core.ApplicationFilterChain.internalDoFilter(ApplicationFilterChain.java:162) ~[tomcat-embed-core-10.1.55.jar:10.1.55]
	at org.apache.catalina.core.ApplicationFilterChain.doFilter(ApplicationFilterChain.java:138) ~[tomcat-embed-core-10.1.55.jar:10.1.55]
	at org.apache.catalina.core.StandardWrapperValve.invoke(StandardWrapperValve.java:165) ~[tomcat-embed-core-10.1.55.jar:10.1.55]
	at org.apache.catalina.core.StandardContextValve.invoke(StandardContextValve.java:88) ~[tomcat-embed-core-10.1.55.jar:10.1.55]
	at org.apache.catalina.authenticator.AuthenticatorBase.invoke(AuthenticatorBase.java:492) ~[tomcat-embed-core-10.1.55.jar:10.1.55]
	at org.apache.catalina.core.StandardHostValve.invoke(StandardHostValve.java:113) ~[tomcat-embed-core-10.1.55.jar:10.1.55]
	at org.apache.catalina.valves.ErrorReportValve.invoke(ErrorReportValve.java:83) ~[tomcat-embed-core-10.1.55.jar:10.1.55]
	at org.apache.catalina.core.StandardEngineValve.invoke(StandardEngineValve.java:72) ~[tomcat-embed-core-10.1.55.jar:10.1.55]
	at org.apache.catalina.connector.CoyoteAdapter.service(CoyoteAdapter.java:342) ~[tomcat-embed-core-10.1.55.jar:10.1.55]
	at org.apache.coyote.http11.Http11Processor.service(Http11Processor.java:399) ~[tomcat-embed-core-10.1.55.jar:10.1.55]
	at org.apache.coyote.AbstractProcessorLight.process(AbstractProcessorLight.java:63) ~[tomcat-embed-core-10.1.55.jar:10.1.55]
	at org.apache.coyote.AbstractProtocol$ConnectionHandler.process(AbstractProtocol.java:1272) ~[tomcat-embed-core-10.1.55.jar:10.1.55]
	at org.apache.tomcat.util.net.NioEndpoint$SocketProcessor.doRun(NioEndpoint.java:1797) ~[tomcat-embed-core-10.1.55.jar:10.1.55]
	at org.apache.tomcat.util.net.SocketProcessorBase.run(SocketProcessorBase.java:52) ~[tomcat-embed-core-10.1.55.jar:10.1.55]
	at org.apache.tomcat.util.threads.ThreadPoolExecutor.runWorker(ThreadPoolExecutor.java:973) ~[tomcat-embed-core-10.1.55.jar:10.1.55]
	at org.apache.tomcat.util.threads.ThreadPoolExecutor$Worker.run(ThreadPoolExecutor.java:491) ~[tomcat-embed-core-10.1.55.jar:10.1.55]
	at org.apache.tomcat.util.threads.TaskThread$WrappingRunnable.run(TaskThread.java:63) ~[tomcat-embed-core-10.1.55.jar:10.1.55]
	at java.base/java.lang.Thread.run(Thread.java:1583) ~[na:na]

00:09:34:871 ERROR 22616 --- [item-service] [http-nio-9004-exec-9] o.a.c.c.C.[.[.[/].[dispatcherServlet]    : Servlet.service() for servlet [dispatcherServlet] threw exception

java.lang.NumberFormatException: Cannot parse null string
	at java.base/java.lang.Long.parseLong(Long.java:672) ~[na:na]
	at java.base/java.lang.Long.valueOf(Long.java:1157) ~[na:na]
	at com.hmall.common.interceptors.UserInfoInterceptor.preHandle(UserInfoInterceptor.java:14) ~[classes/:na]
	at org.springframework.web.servlet.HandlerExecutionChain.applyPreHandle(HandlerExecutionChain.java:146) ~[spring-webmvc-6.2.19.jar:6.2.19]
	at org.springframework.web.servlet.DispatcherServlet.doDispatch(DispatcherServlet.java:1084) ~[spring-webmvc-6.2.19.jar:6.2.19]
	at org.springframework.web.servlet.DispatcherServlet.doService(DispatcherServlet.java:979) ~[spring-webmvc-6.2.19.jar:6.2.19]
	at org.springframework.web.servlet.FrameworkServlet.processRequest(FrameworkServlet.java:1014) ~[spring-webmvc-6.2.19.jar:6.2.19]
	at org.springframework.web.servlet.FrameworkServlet.doGet(FrameworkServlet.java:903) ~[spring-webmvc-6.2.19.jar:6.2.19]
	at jakarta.servlet.http.HttpServlet.service(HttpServlet.java:564) ~[tomcat-embed-core-10.1.55.jar:6.0]
	at org.springframework.web.servlet.FrameworkServlet.service(FrameworkServlet.java:885) ~[spring-webmvc-6.2.19.jar:6.2.19]
	at jakarta.servlet.http.HttpServlet.service(HttpServlet.java:658) ~[tomcat-embed-core-10.1.55.jar:6.0]
	at org.apache.catalina.core.ApplicationFilterChain.internalDoFilter(ApplicationFilterChain.java:193) ~[tomcat-embed-core-10.1.55.jar:10.1.55]
	at org.apache.catalina.core.ApplicationFilterChain.doFilter(ApplicationFilterChain.java:138) ~[tomcat-embed-core-10.1.55.jar:10.1.55]
	at org.springframework.web.filter.RequestContextFilter.doFilterInternal(RequestContextFilter.java:100) ~[spring-web-6.2.19.jar:6.2.19]
	at org.springframework.web.filter.OncePerRequestFilter.doFilter(OncePerRequestFilter.java:116) ~[spring-web-6.2.19.jar:6.2.19]
	at org.apache.catalina.core.ApplicationFilterChain.internalDoFilter(ApplicationFilterChain.java:162) ~[tomcat-embed-core-10.1.55.jar:10.1.55]
	at org.apache.catalina.core.ApplicationFilterChain.doFilter(ApplicationFilterChain.java:138) ~[tomcat-embed-core-10.1.55.jar:10.1.55]
	at org.springframework.web.filter.OncePerRequestFilter.doFilter(OncePerRequestFilter.java:101) ~[spring-web-6.2.19.jar:6.2.19]
	at org.apache.catalina.core.ApplicationFilterChain.internalDoFilter(ApplicationFilterChain.java:162) ~[tomcat-embed-core-10.1.55.jar:10.1.55]
	at org.apache.catalina.core.ApplicationFilterChain.doFilter(ApplicationFilterChain.java:138) ~[tomcat-embed-core-10.1.55.jar:10.1.55]
	at org.springframework.web.filter.OncePerRequestFilter.doFilter(OncePerRequestFilter.java:101) ~[spring-web-6.2.19.jar:6.2.19]
	at org.apache.catalina.core.ApplicationFilterChain.internalDoFilter(ApplicationFilterChain.java:162) ~[tomcat-embed-core-10.1.55.jar:10.1.55]
	at org.apache.catalina.core.ApplicationFilterChain.doFilter(ApplicationFilterChain.java:138) ~[tomcat-embed-core-10.1.55.jar:10.1.55]
	at org.apache.catalina.core.ApplicationDispatcher.invoke(ApplicationDispatcher.java:610) ~[tomcat-embed-core-10.1.55.jar:10.1.55]
	at org.apache.catalina.core.ApplicationDispatcher.processRequest(ApplicationDispatcher.java:394) ~[tomcat-embed-core-10.1.55.jar:10.1.55]
	at org.apache.catalina.core.ApplicationDispatcher.doForward(ApplicationDispatcher.java:321) ~[tomcat-embed-core-10.1.55.jar:10.1.55]
	at org.apache.catalina.core.ApplicationDispatcher.forward(ApplicationDispatcher.java:266) ~[tomcat-embed-core-10.1.55.jar:10.1.55]
	at org.apache.catalina.core.StandardHostValve.custom(StandardHostValve.java:374) ~[tomcat-embed-core-10.1.55.jar:10.1.55]
	at org.apache.catalina.core.StandardHostValve.status(StandardHostValve.java:206) ~[tomcat-embed-core-10.1.55.jar:10.1.55]
	at org.apache.catalina.core.StandardHostValve.throwable(StandardHostValve.java:283) ~[tomcat-embed-core-10.1.55.jar:10.1.55]
	at org.apache.catalina.core.StandardHostValve.invoke(StandardHostValve.java:147) ~[tomcat-embed-core-10.1.55.jar:10.1.55]
	at org.apache.catalina.valves.ErrorReportValve.invoke(ErrorReportValve.java:83) ~[tomcat-embed-core-10.1.55.jar:10.1.55]
	at org.apache.catalina.core.StandardEngineValve.invoke(StandardEngineValve.java:72) ~[tomcat-embed-core-10.1.55.jar:10.1.55]
	at org.apache.catalina.connector.CoyoteAdapter.service(CoyoteAdapter.java:342) ~[tomcat-embed-core-10.1.55.jar:10.1.55]
	at org.apache.coyote.http11.Http11Processor.service(Http11Processor.java:399) ~[tomcat-embed-core-10.1.55.jar:10.1.55]
	at org.apache.coyote.AbstractProcessorLight.process(AbstractProcessorLight.java:63) ~[tomcat-embed-core-10.1.55.jar:10.1.55]
	at org.apache.coyote.AbstractProtocol$ConnectionHandler.process(AbstractProtocol.java:1272) ~[tomcat-embed-core-10.1.55.jar:10.1.55]
	at org.apache.tomcat.util.net.NioEndpoint$SocketProcessor.doRun(NioEndpoint.java:1797) ~[tomcat-embed-core-10.1.55.jar:10.1.55]
	at org.apache.tomcat.util.net.SocketProcessorBase.run(SocketProcessorBase.java:52) ~[tomcat-embed-core-10.1.55.jar:10.1.55]
	at org.apache.tomcat.util.threads.ThreadPoolExecutor.runWorker(ThreadPoolExecutor.java:973) ~[tomcat-embed-core-10.1.55.jar:10.1.55]
	at org.apache.tomcat.util.threads.ThreadPoolExecutor$Worker.run(ThreadPoolExecutor.java:491) ~[tomcat-embed-core-10.1.55.jar:10.1.55]
	at org.apache.tomcat.util.threads.TaskThread$WrappingRunnable.run(TaskThread.java:63) ~[tomcat-embed-core-10.1.55.jar:10.1.55]
	at java.base/java.lang.Thread.run(Thread.java:1583) ~[na:na]

00:09:34:872 ERROR 22616 --- [item-service] [http-nio-9004-exec-9] o.a.c.c.C.[Tomcat].[localhost]           : Exception Processing [ErrorPage[errorCode=0, location=/error]]

jakarta.servlet.ServletException: Request processing failed: java.lang.NumberFormatException: Cannot parse null string
	at org.springframework.web.servlet.FrameworkServlet.processRequest(FrameworkServlet.java:1022) ~[spring-webmvc-6.2.19.jar:6.2.19]
	at org.springframework.web.servlet.FrameworkServlet.doGet(FrameworkServlet.java:903) ~[spring-webmvc-6.2.19.jar:6.2.19]
	at jakarta.servlet.http.HttpServlet.service(HttpServlet.java:564) ~[tomcat-embed-core-10.1.55.jar:6.0]
	at org.springframework.web.servlet.FrameworkServlet.service(FrameworkServlet.java:885) ~[spring-webmvc-6.2.19.jar:6.2.19]
	at jakarta.servlet.http.HttpServlet.service(HttpServlet.java:658) ~[tomcat-embed-core-10.1.55.jar:6.0]
	at org.apache.catalina.core.ApplicationFilterChain.internalDoFilter(ApplicationFilterChain.java:193) ~[tomcat-embed-core-10.1.55.jar:10.1.55]
	at org.apache.catalina.core.ApplicationFilterChain.doFilter(ApplicationFilterChain.java:138) ~[tomcat-embed-core-10.1.55.jar:10.1.55]
	at org.springframework.web.filter.RequestContextFilter.doFilterInternal(RequestContextFilter.java:100) ~[spring-web-6.2.19.jar:6.2.19]
	at org.springframework.web.filter.OncePerRequestFilter.doFilter(OncePerRequestFilter.java:116) ~[spring-web-6.2.19.jar:6.2.19]
	at org.apache.catalina.core.ApplicationFilterChain.internalDoFilter(ApplicationFilterChain.java:162) ~[tomcat-embed-core-10.1.55.jar:10.1.55]
	at org.apache.catalina.core.ApplicationFilterChain.doFilter(ApplicationFilterChain.java:138) ~[tomcat-embed-core-10.1.55.jar:10.1.55]
	at org.springframework.web.filter.OncePerRequestFilter.doFilter(OncePerRequestFilter.java:101) ~[spring-web-6.2.19.jar:6.2.19]
	at org.apache.catalina.core.ApplicationFilterChain.internalDoFilter(ApplicationFilterChain.java:162) ~[tomcat-embed-core-10.1.55.jar:10.1.55]
	at org.apache.catalina.core.ApplicationFilterChain.doFilter(ApplicationFilterChain.java:138) ~[tomcat-embed-core-10.1.55.jar:10.1.55]
	at org.springframework.web.filter.OncePerRequestFilter.doFilter(OncePerRequestFilter.java:101) ~[spring-web-6.2.19.jar:6.2.19]
	at org.apache.catalina.core.ApplicationFilterChain.internalDoFilter(ApplicationFilterChain.java:162) ~[tomcat-embed-core-10.1.55.jar:10.1.55]
	at org.apache.catalina.core.ApplicationFilterChain.doFilter(ApplicationFilterChain.java:138) ~[tomcat-embed-core-10.1.55.jar:10.1.55]
	at org.apache.catalina.core.ApplicationDispatcher.invoke(ApplicationDispatcher.java:610) ~[tomcat-embed-core-10.1.55.jar:10.1.55]
	at org.apache.catalina.core.ApplicationDispatcher.processRequest(ApplicationDispatcher.java:394) ~[tomcat-embed-core-10.1.55.jar:10.1.55]
	at org.apache.catalina.core.ApplicationDispatcher.doForward(ApplicationDispatcher.java:321) ~[tomcat-embed-core-10.1.55.jar:10.1.55]
	at org.apache.catalina.core.ApplicationDispatcher.forward(ApplicationDispatcher.java:266) ~[tomcat-embed-core-10.1.55.jar:10.1.55]
	at org.apache.catalina.core.StandardHostValve.custom(StandardHostValve.java:374) ~[tomcat-embed-core-10.1.55.jar:10.1.55]
	at org.apache.catalina.core.StandardHostValve.status(StandardHostValve.java:206) ~[tomcat-embed-core-10.1.55.jar:10.1.55]
	at org.apache.catalina.core.StandardHostValve.throwable(StandardHostValve.java:283) ~[tomcat-embed-core-10.1.55.jar:10.1.55]
	at org.apache.catalina.core.StandardHostValve.invoke(StandardHostValve.java:147) ~[tomcat-embed-core-10.1.55.jar:10.1.55]
	at org.apache.catalina.valves.ErrorReportValve.invoke(ErrorReportValve.java:83) ~[tomcat-embed-core-10.1.55.jar:10.1.55]
	at org.apache.catalina.core.StandardEngineValve.invoke(StandardEngineValve.java:72) ~[tomcat-embed-core-10.1.55.jar:10.1.55]
	at org.apache.catalina.connector.CoyoteAdapter.service(CoyoteAdapter.java:342) ~[tomcat-embed-core-10.1.55.jar:10.1.55]
	at org.apache.coyote.http11.Http11Processor.service(Http11Processor.java:399) ~[tomcat-embed-core-10.1.55.jar:10.1.55]
	at org.apache.coyote.AbstractProcessorLight.process(AbstractProcessorLight.java:63) ~[tomcat-embed-core-10.1.55.jar:10.1.55]
	at org.apache.coyote.AbstractProtocol$ConnectionHandler.process(AbstractProtocol.java:1272) ~[tomcat-embed-core-10.1.55.jar:10.1.55]
	at org.apache.tomcat.util.net.NioEndpoint$SocketProcessor.doRun(NioEndpoint.java:1797) ~[tomcat-embed-core-10.1.55.jar:10.1.55]
	at org.apache.tomcat.util.net.SocketProcessorBase.run(SocketProcessorBase.java:52) ~[tomcat-embed-core-10.1.55.jar:10.1.55]
	at org.apache.tomcat.util.threads.ThreadPoolExecutor.runWorker(ThreadPoolExecutor.java:973) ~[tomcat-embed-core-10.1.55.jar:10.1.55]
	at org.apache.tomcat.util.threads.ThreadPoolExecutor$Worker.run(ThreadPoolExecutor.java:491) ~[tomcat-embed-core-10.1.55.jar:10.1.55]
	at org.apache.tomcat.util.threads.TaskThread$WrappingRunnable.run(TaskThread.java:63) ~[tomcat-embed-core-10.1.55.jar:10.1.55]
	at java.base/java.lang.Thread.run(Thread.java:1583) ~[na:na]
Caused by: java.lang.NumberFormatException: Cannot parse null string
	at java.base/java.lang.Long.parseLong(Long.java:672) ~[na:na]
	at java.base/java.lang.Long.valueOf(Long.java:1157) ~[na:na]
	at com.hmall.common.interceptors.UserInfoInterceptor.preHandle(UserInfoInterceptor.java:14) ~[classes/:na]
	at org.springframework.web.servlet.HandlerExecutionChain.applyPreHandle(HandlerExecutionChain.java:146) ~[spring-webmvc-6.2.19.jar:6.2.19]
	at org.springframework.web.servlet.DispatcherServlet.doDispatch(DispatcherServlet.java:1084) ~[spring-webmvc-6.2.19.jar:6.2.19]
	at org.springframework.web.servlet.DispatcherServlet.doService(DispatcherServlet.java:979) ~[spring-webmvc-6.2.19.jar:6.2.19]
	at org.springframework.web.servlet.FrameworkServlet.processRequest(FrameworkServlet.java:1014) ~[spring-webmvc-6.2.19.jar:6.2.19]
	... 36 common frames omitted

00:09:43:135 DEBUG 12256 --- [item-service] [http-nio-9001-exec-6] c.g.item.mapper.ItemMapper.selectByIds   : ==>  Preparing: SELECT id,name,price,stock,image,category,brand,spec,sold,comment_count,isAD,status,create_time,update_time,creater,updater FROM item WHERE id IN ( ? , ? , ? )
00:09:43:136 DEBUG 12256 --- [item-service] [http-nio-9001-exec-6] c.g.item.mapper.ItemMapper.selectByIds   : ==> Parameters: 1(Long), 2(Long), 3(Long)
00:09:43:137 DEBUG 12256 --- [item-service] [http-nio-9001-exec-6] c.g.item.mapper.ItemMapper.selectByIds   : <==      Total: 0
00:09:45:088 ERROR 22616 --- [item-service] [http-nio-9004-exec-10] o.a.c.c.C.[.[.[/].[dispatcherServlet]    : Servlet.service() for servlet [dispatcherServlet] in context with path [] threw exception [Request processing failed: java.lang.NumberFormatException: Cannot parse null string] with root cause

java.lang.NumberFormatException: Cannot parse null string
	at java.base/java.lang.Long.parseLong(Long.java:672) ~[na:na]
	at java.base/java.lang.Long.valueOf(Long.java:1157) ~[na:na]
	at com.hmall.common.interceptors.UserInfoInterceptor.preHandle(UserInfoInterceptor.java:14) ~[classes/:na]
	at org.springframework.web.servlet.HandlerExecutionChain.applyPreHandle(HandlerExecutionChain.java:146) ~[spring-webmvc-6.2.19.jar:6.2.19]
	at org.springframework.web.servlet.DispatcherServlet.doDispatch(DispatcherServlet.java:1084) ~[spring-webmvc-6.2.19.jar:6.2.19]
	at org.springframework.web.servlet.DispatcherServlet.doService(DispatcherServlet.java:979) ~[spring-webmvc-6.2.19.jar:6.2.19]
	at org.springframework.web.servlet.FrameworkServlet.processRequest(FrameworkServlet.java:1014) ~[spring-webmvc-6.2.19.jar:6.2.19]
	at org.springframework.web.servlet.FrameworkServlet.doGet(FrameworkServlet.java:903) ~[spring-webmvc-6.2.19.jar:6.2.19]
	at jakarta.servlet.http.HttpServlet.service(HttpServlet.java:564) ~[tomcat-embed-core-10.1.55.jar:6.0]
	at org.springframework.web.servlet.FrameworkServlet.service(FrameworkServlet.java:885) ~[spring-webmvc-6.2.19.jar:6.2.19]
	at jakarta.servlet.http.HttpServlet.service(HttpServlet.java:658) ~[tomcat-embed-core-10.1.55.jar:6.0]
	at org.apache.catalina.core.ApplicationFilterChain.internalDoFilter(ApplicationFilterChain.java:193) ~[tomcat-embed-core-10.1.55.jar:10.1.55]
	at org.apache.catalina.core.ApplicationFilterChain.doFilter(ApplicationFilterChain.java:138) ~[tomcat-embed-core-10.1.55.jar:10.1.55]
	at org.apache.tomcat.websocket.server.WsFilter.doFilter(WsFilter.java:51) ~[tomcat-embed-websocket-10.1.55.jar:10.1.55]
	at org.apache.catalina.core.ApplicationFilterChain.internalDoFilter(ApplicationFilterChain.java:162) ~[tomcat-embed-core-10.1.55.jar:10.1.55]
	at org.apache.catalina.core.ApplicationFilterChain.doFilter(ApplicationFilterChain.java:138) ~[tomcat-embed-core-10.1.55.jar:10.1.55]
	at org.springframework.web.filter.RequestContextFilter.doFilterInternal(RequestContextFilter.java:100) ~[spring-web-6.2.19.jar:6.2.19]
	at org.springframework.web.filter.OncePerRequestFilter.doFilter(OncePerRequestFilter.java:116) ~[spring-web-6.2.19.jar:6.2.19]
	at org.apache.catalina.core.ApplicationFilterChain.internalDoFilter(ApplicationFilterChain.java:162) ~[tomcat-embed-core-10.1.55.jar:10.1.55]
	at org.apache.catalina.core.ApplicationFilterChain.doFilter(ApplicationFilterChain.java:138) ~[tomcat-embed-core-10.1.55.jar:10.1.55]
	at org.springframework.web.filter.FormContentFilter.doFilterInternal(FormContentFilter.java:93) ~[spring-web-6.2.19.jar:6.2.19]
	at org.springframework.web.filter.OncePerRequestFilter.doFilter(OncePerRequestFilter.java:116) ~[spring-web-6.2.19.jar:6.2.19]
	at org.apache.catalina.core.ApplicationFilterChain.internalDoFilter(ApplicationFilterChain.java:162) ~[tomcat-embed-core-10.1.55.jar:10.1.55]
	at org.apache.catalina.core.ApplicationFilterChain.doFilter(ApplicationFilterChain.java:138) ~[tomcat-embed-core-10.1.55.jar:10.1.55]
	at org.springframework.web.filter.CharacterEncodingFilter.doFilterInternal(CharacterEncodingFilter.java:201) ~[spring-web-6.2.19.jar:6.2.19]
	at org.springframework.web.filter.OncePerRequestFilter.doFilter(OncePerRequestFilter.java:116) ~[spring-web-6.2.19.jar:6.2.19]
	at org.apache.catalina.core.ApplicationFilterChain.internalDoFilter(ApplicationFilterChain.java:162) ~[tomcat-embed-core-10.1.55.jar:10.1.55]
	at org.apache.catalina.core.ApplicationFilterChain.doFilter(ApplicationFilterChain.java:138) ~[tomcat-embed-core-10.1.55.jar:10.1.55]
	at org.apache.catalina.core.StandardWrapperValve.invoke(StandardWrapperValve.java:165) ~[tomcat-embed-core-10.1.55.jar:10.1.55]
	at org.apache.catalina.core.StandardContextValve.invoke(StandardContextValve.java:88) ~[tomcat-embed-core-10.1.55.jar:10.1.55]
	at org.apache.catalina.authenticator.AuthenticatorBase.invoke(AuthenticatorBase.java:492) ~[tomcat-embed-core-10.1.55.jar:10.1.55]
	at org.apache.catalina.core.StandardHostValve.invoke(StandardHostValve.java:113) ~[tomcat-embed-core-10.1.55.jar:10.1.55]
	at org.apache.catalina.valves.ErrorReportValve.invoke(ErrorReportValve.java:83) ~[tomcat-embed-core-10.1.55.jar:10.1.55]
	at org.apache.catalina.core.StandardEngineValve.invoke(StandardEngineValve.java:72) ~[tomcat-embed-core-10.1.55.jar:10.1.55]
	at org.apache.catalina.connector.CoyoteAdapter.service(CoyoteAdapter.java:342) ~[tomcat-embed-core-10.1.55.jar:10.1.55]
	at org.apache.coyote.http11.Http11Processor.service(Http11Processor.java:399) ~[tomcat-embed-core-10.1.55.jar:10.1.55]
	at org.apache.coyote.AbstractProcessorLight.process(AbstractProcessorLight.java:63) ~[tomcat-embed-core-10.1.55.jar:10.1.55]
	at org.apache.coyote.AbstractProtocol$ConnectionHandler.process(AbstractProtocol.java:1272) ~[tomcat-embed-core-10.1.55.jar:10.1.55]
	at org.apache.tomcat.util.net.NioEndpoint$SocketProcessor.doRun(NioEndpoint.java:1797) ~[tomcat-embed-core-10.1.55.jar:10.1.55]
	at org.apache.tomcat.util.net.SocketProcessorBase.run(SocketProcessorBase.java:52) ~[tomcat-embed-core-10.1.55.jar:10.1.55]
	at org.apache.tomcat.util.threads.ThreadPoolExecutor.runWorker(ThreadPoolExecutor.java:973) ~[tomcat-embed-core-10.1.55.jar:10.1.55]
	at org.apache.tomcat.util.threads.ThreadPoolExecutor$Worker.run(ThreadPoolExecutor.java:491) ~[tomcat-embed-core-10.1.55.jar:10.1.55]
	at org.apache.tomcat.util.threads.TaskThread$WrappingRunnable.run(TaskThread.java:63) ~[tomcat-embed-core-10.1.55.jar:10.1.55]
	at java.base/java.lang.Thread.run(Thread.java:1583) ~[na:na]

00:09:45:090 ERROR 22616 --- [item-service] [http-nio-9004-exec-10] o.a.c.c.C.[.[.[/].[dispatcherServlet]    : Servlet.service() for servlet [dispatcherServlet] threw exception

java.lang.NumberFormatException: Cannot parse null string
	at java.base/java.lang.Long.parseLong(Long.java:672) ~[na:na]
	at java.base/java.lang.Long.valueOf(Long.java:1157) ~[na:na]
	at com.hmall.common.interceptors.UserInfoInterceptor.preHandle(UserInfoInterceptor.java:14) ~[classes/:na]
	at org.springframework.web.servlet.HandlerExecutionChain.applyPreHandle(HandlerExecutionChain.java:146) ~[spring-webmvc-6.2.19.jar:6.2.19]
	at org.springframework.web.servlet.DispatcherServlet.doDispatch(DispatcherServlet.java:1084) ~[spring-webmvc-6.2.19.jar:6.2.19]
	at org.springframework.web.servlet.DispatcherServlet.doService(DispatcherServlet.java:979) ~[spring-webmvc-6.2.19.jar:6.2.19]
	at org.springframework.web.servlet.FrameworkServlet.processRequest(FrameworkServlet.java:1014) ~[spring-webmvc-6.2.19.jar:6.2.19]
	at org.springframework.web.servlet.FrameworkServlet.doGet(FrameworkServlet.java:903) ~[spring-webmvc-6.2.19.jar:6.2.19]
	at jakarta.servlet.http.HttpServlet.service(HttpServlet.java:564) ~[tomcat-embed-core-10.1.55.jar:6.0]
	at org.springframework.web.servlet.FrameworkServlet.service(FrameworkServlet.java:885) ~[spring-webmvc-6.2.19.jar:6.2.19]
	at jakarta.servlet.http.HttpServlet.service(HttpServlet.java:658) ~[tomcat-embed-core-10.1.55.jar:6.0]
	at org.apache.catalina.core.ApplicationFilterChain.internalDoFilter(ApplicationFilterChain.java:193) ~[tomcat-embed-core-10.1.55.jar:10.1.55]
	at org.apache.catalina.core.ApplicationFilterChain.doFilter(ApplicationFilterChain.java:138) ~[tomcat-embed-core-10.1.55.jar:10.1.55]
	at org.springframework.web.filter.RequestContextFilter.doFilterInternal(RequestContextFilter.java:100) ~[spring-web-6.2.19.jar:6.2.19]
	at org.springframework.web.filter.OncePerRequestFilter.doFilter(OncePerRequestFilter.java:116) ~[spring-web-6.2.19.jar:6.2.19]
	at org.apache.catalina.core.ApplicationFilterChain.internalDoFilter(ApplicationFilterChain.java:162) ~[tomcat-embed-core-10.1.55.jar:10.1.55]
	at org.apache.catalina.core.ApplicationFilterChain.doFilter(ApplicationFilterChain.java:138) ~[tomcat-embed-core-10.1.55.jar:10.1.55]
	at org.springframework.web.filter.OncePerRequestFilter.doFilter(OncePerRequestFilter.java:101) ~[spring-web-6.2.19.jar:6.2.19]
	at org.apache.catalina.core.ApplicationFilterChain.internalDoFilter(ApplicationFilterChain.java:162) ~[tomcat-embed-core-10.1.55.jar:10.1.55]
	at org.apache.catalina.core.ApplicationFilterChain.doFilter(ApplicationFilterChain.java:138) ~[tomcat-embed-core-10.1.55.jar:10.1.55]
	at org.springframework.web.filter.OncePerRequestFilter.doFilter(OncePerRequestFilter.java:101) ~[spring-web-6.2.19.jar:6.2.19]
	at org.apache.catalina.core.ApplicationFilterChain.internalDoFilter(ApplicationFilterChain.java:162) ~[tomcat-embed-core-10.1.55.jar:10.1.55]
	at org.apache.catalina.core.ApplicationFilterChain.doFilter(ApplicationFilterChain.java:138) ~[tomcat-embed-core-10.1.55.jar:10.1.55]
	at org.apache.catalina.core.ApplicationDispatcher.invoke(ApplicationDispatcher.java:610) ~[tomcat-embed-core-10.1.55.jar:10.1.55]
	at org.apache.catalina.core.ApplicationDispatcher.processRequest(ApplicationDispatcher.java:394) ~[tomcat-embed-core-10.1.55.jar:10.1.55]
	at org.apache.catalina.core.ApplicationDispatcher.doForward(ApplicationDispatcher.java:321) ~[tomcat-embed-core-10.1.55.jar:10.1.55]
	at org.apache.catalina.core.ApplicationDispatcher.forward(ApplicationDispatcher.java:266) ~[tomcat-embed-core-10.1.55.jar:10.1.55]
	at org.apache.catalina.core.StandardHostValve.custom(StandardHostValve.java:374) ~[tomcat-embed-core-10.1.55.jar:10.1.55]
	at org.apache.catalina.core.StandardHostValve.status(StandardHostValve.java:206) ~[tomcat-embed-core-10.1.55.jar:10.1.55]
	at org.apache.catalina.core.StandardHostValve.throwable(StandardHostValve.java:283) ~[tomcat-embed-core-10.1.55.jar:10.1.55]
	at org.apache.catalina.core.StandardHostValve.invoke(StandardHostValve.java:147) ~[tomcat-embed-core-10.1.55.jar:10.1.55]
	at org.apache.catalina.valves.ErrorReportValve.invoke(ErrorReportValve.java:83) ~[tomcat-embed-core-10.1.55.jar:10.1.55]
	at org.apache.catalina.core.StandardEngineValve.invoke(StandardEngineValve.java:72) ~[tomcat-embed-core-10.1.55.jar:10.1.55]
	at org.apache.catalina.connector.CoyoteAdapter.service(CoyoteAdapter.java:342) ~[tomcat-embed-core-10.1.55.jar:10.1.55]
	at org.apache.coyote.http11.Http11Processor.service(Http11Processor.java:399) ~[tomcat-embed-core-10.1.55.jar:10.1.55]
	at org.apache.coyote.AbstractProcessorLight.process(AbstractProcessorLight.java:63) ~[tomcat-embed-core-10.1.55.jar:10.1.55]
	at org.apache.coyote.AbstractProtocol$ConnectionHandler.process(AbstractProtocol.java:1272) ~[tomcat-embed-core-10.1.55.jar:10.1.55]
	at org.apache.tomcat.util.net.NioEndpoint$SocketProcessor.doRun(NioEndpoint.java:1797) ~[tomcat-embed-core-10.1.55.jar:10.1.55]
	at org.apache.tomcat.util.net.SocketProcessorBase.run(SocketProcessorBase.java:52) ~[tomcat-embed-core-10.1.55.jar:10.1.55]
	at org.apache.tomcat.util.threads.ThreadPoolExecutor.runWorker(ThreadPoolExecutor.java:973) ~[tomcat-embed-core-10.1.55.jar:10.1.55]
	at org.apache.tomcat.util.threads.ThreadPoolExecutor$Worker.run(ThreadPoolExecutor.java:491) ~[tomcat-embed-core-10.1.55.jar:10.1.55]
	at org.apache.tomcat.util.threads.TaskThread$WrappingRunnable.run(TaskThread.java:63) ~[tomcat-embed-core-10.1.55.jar:10.1.55]
	at java.base/java.lang.Thread.run(Thread.java:1583) ~[na:na]

00:09:45:090 ERROR 22616 --- [item-service] [http-nio-9004-exec-10] o.a.c.c.C.[Tomcat].[localhost]           : Exception Processing [ErrorPage[errorCode=0, location=/error]]

jakarta.servlet.ServletException: Request processing failed: java.lang.NumberFormatException: Cannot parse null string
	at org.springframework.web.servlet.FrameworkServlet.processRequest(FrameworkServlet.java:1022) ~[spring-webmvc-6.2.19.jar:6.2.19]
	at org.springframework.web.servlet.FrameworkServlet.doGet(FrameworkServlet.java:903) ~[spring-webmvc-6.2.19.jar:6.2.19]
	at jakarta.servlet.http.HttpServlet.service(HttpServlet.java:564) ~[tomcat-embed-core-10.1.55.jar:6.0]
	at org.springframework.web.servlet.FrameworkServlet.service(FrameworkServlet.java:885) ~[spring-webmvc-6.2.19.jar:6.2.19]
	at jakarta.servlet.http.HttpServlet.service(HttpServlet.java:658) ~[tomcat-embed-core-10.1.55.jar:6.0]
	at org.apache.catalina.core.ApplicationFilterChain.internalDoFilter(ApplicationFilterChain.java:193) ~[tomcat-embed-core-10.1.55.jar:10.1.55]
	at org.apache.catalina.core.ApplicationFilterChain.doFilter(ApplicationFilterChain.java:138) ~[tomcat-embed-core-10.1.55.jar:10.1.55]
	at org.springframework.web.filter.RequestContextFilter.doFilterInternal(RequestContextFilter.java:100) ~[spring-web-6.2.19.jar:6.2.19]
	at org.springframework.web.filter.OncePerRequestFilter.doFilter(OncePerRequestFilter.java:116) ~[spring-web-6.2.19.jar:6.2.19]
	at org.apache.catalina.core.ApplicationFilterChain.internalDoFilter(ApplicationFilterChain.java:162) ~[tomcat-embed-core-10.1.55.jar:10.1.55]
	at org.apache.catalina.core.ApplicationFilterChain.doFilter(ApplicationFilterChain.java:138) ~[tomcat-embed-core-10.1.55.jar:10.1.55]
	at org.springframework.web.filter.OncePerRequestFilter.doFilter(OncePerRequestFilter.java:101) ~[spring-web-6.2.19.jar:6.2.19]
	at org.apache.catalina.core.ApplicationFilterChain.internalDoFilter(ApplicationFilterChain.java:162) ~[tomcat-embed-core-10.1.55.jar:10.1.55]
	at org.apache.catalina.core.ApplicationFilterChain.doFilter(ApplicationFilterChain.java:138) ~[tomcat-embed-core-10.1.55.jar:10.1.55]
	at org.springframework.web.filter.OncePerRequestFilter.doFilter(OncePerRequestFilter.java:101) ~[spring-web-6.2.19.jar:6.2.19]
	at org.apache.catalina.core.ApplicationFilterChain.internalDoFilter(ApplicationFilterChain.java:162) ~[tomcat-embed-core-10.1.55.jar:10.1.55]
	at org.apache.catalina.core.ApplicationFilterChain.doFilter(ApplicationFilterChain.java:138) ~[tomcat-embed-core-10.1.55.jar:10.1.55]
	at org.apache.catalina.core.ApplicationDispatcher.invoke(ApplicationDispatcher.java:610) ~[tomcat-embed-core-10.1.55.jar:10.1.55]
	at org.apache.catalina.core.ApplicationDispatcher.processRequest(ApplicationDispatcher.java:394) ~[tomcat-embed-core-10.1.55.jar:10.1.55]
	at org.apache.catalina.core.ApplicationDispatcher.doForward(ApplicationDispatcher.java:321) ~[tomcat-embed-core-10.1.55.jar:10.1.55]
	at org.apache.catalina.core.ApplicationDispatcher.forward(ApplicationDispatcher.java:266) ~[tomcat-embed-core-10.1.55.jar:10.1.55]
	at org.apache.catalina.core.StandardHostValve.custom(StandardHostValve.java:374) ~[tomcat-embed-core-10.1.55.jar:10.1.55]
	at org.apache.catalina.core.StandardHostValve.status(StandardHostValve.java:206) ~[tomcat-embed-core-10.1.55.jar:10.1.55]
	at org.apache.catalina.core.StandardHostValve.throwable(StandardHostValve.java:283) ~[tomcat-embed-core-10.1.55.jar:10.1.55]
	at org.apache.catalina.core.StandardHostValve.invoke(StandardHostValve.java:147) ~[tomcat-embed-core-10.1.55.jar:10.1.55]
	at org.apache.catalina.valves.ErrorReportValve.invoke(ErrorReportValve.java:83) ~[tomcat-embed-core-10.1.55.jar:10.1.55]
	at org.apache.catalina.core.StandardEngineValve.invoke(StandardEngineValve.java:72) ~[tomcat-embed-core-10.1.55.jar:10.1.55]
	at org.apache.catalina.connector.CoyoteAdapter.service(CoyoteAdapter.java:342) ~[tomcat-embed-core-10.1.55.jar:10.1.55]
	at org.apache.coyote.http11.Http11Processor.service(Http11Processor.java:399) ~[tomcat-embed-core-10.1.55.jar:10.1.55]
	at org.apache.coyote.AbstractProcessorLight.process(AbstractProcessorLight.java:63) ~[tomcat-embed-core-10.1.55.jar:10.1.55]
	at org.apache.coyote.AbstractProtocol$ConnectionHandler.process(AbstractProtocol.java:1272) ~[tomcat-embed-core-10.1.55.jar:10.1.55]
	at org.apache.tomcat.util.net.NioEndpoint$SocketProcessor.doRun(NioEndpoint.java:1797) ~[tomcat-embed-core-10.1.55.jar:10.1.55]
	at org.apache.tomcat.util.net.SocketProcessorBase.run(SocketProcessorBase.java:52) ~[tomcat-embed-core-10.1.55.jar:10.1.55]
	at org.apache.tomcat.util.threads.ThreadPoolExecutor.runWorker(ThreadPoolExecutor.java:973) ~[tomcat-embed-core-10.1.55.jar:10.1.55]
	at org.apache.tomcat.util.threads.ThreadPoolExecutor$Worker.run(ThreadPoolExecutor.java:491) ~[tomcat-embed-core-10.1.55.jar:10.1.55]
	at org.apache.tomcat.util.threads.TaskThread$WrappingRunnable.run(TaskThread.java:63) ~[tomcat-embed-core-10.1.55.jar:10.1.55]
	at java.base/java.lang.Thread.run(Thread.java:1583) ~[na:na]
Caused by: java.lang.NumberFormatException: Cannot parse null string
	at java.base/java.lang.Long.parseLong(Long.java:672) ~[na:na]
	at java.base/java.lang.Long.valueOf(Long.java:1157) ~[na:na]
	at com.hmall.common.interceptors.UserInfoInterceptor.preHandle(UserInfoInterceptor.java:14) ~[classes/:na]
	at org.springframework.web.servlet.HandlerExecutionChain.applyPreHandle(HandlerExecutionChain.java:146) ~[spring-webmvc-6.2.19.jar:6.2.19]
	at org.springframework.web.servlet.DispatcherServlet.doDispatch(DispatcherServlet.java:1084) ~[spring-webmvc-6.2.19.jar:6.2.19]
	at org.springframework.web.servlet.DispatcherServlet.doService(DispatcherServlet.java:979) ~[spring-webmvc-6.2.19.jar:6.2.19]
	at org.springframework.web.servlet.FrameworkServlet.processRequest(FrameworkServlet.java:1014) ~[spring-webmvc-6.2.19.jar:6.2.19]
	... 36 common frames omitted

00:09:48:977 DEBUG 12256 --- [item-service] [http-nio-9001-exec-9] c.g.item.mapper.ItemMapper.selectByIds   : ==>  Preparing: SELECT id,name,price,stock,image,category,brand,spec,sold,comment_count,isAD,status,create_time,update_time,creater,updater FROM item WHERE id IN ( ? , ? , ? )
00:09:48:978 DEBUG 12256 --- [item-service] [http-nio-9001-exec-9] c.g.item.mapper.ItemMapper.selectByIds   : ==> Parameters: 1(Long), 2(Long), 3(Long)
00:09:48:979 DEBUG 12256 --- [item-service] [http-nio-9001-exec-9] c.g.item.mapper.ItemMapper.selectByIds   : <==      Total: 0
00:10:00:200 DEBUG 22616 --- [item-service] [http-nio-9004-exec-1] c.g.i.m.ItemMapper.selectList_mpCount    : ==>  Preparing: SELECT COUNT(*) AS total FROM item WHERE (status = ?)
00:10:00:201 DEBUG 22616 --- [item-service] [http-nio-9004-exec-1] c.g.i.m.ItemMapper.selectList_mpCount    : ==> Parameters: 1(Integer)
00:10:00:229 DEBUG 22616 --- [item-service] [http-nio-9004-exec-1] c.g.i.m.ItemMapper.selectList_mpCount    : <==      Total: 1
00:10:00:234 DEBUG 22616 --- [item-service] [http-nio-9004-exec-1] c.g.item.mapper.ItemMapper.selectList    : ==>  Preparing: SELECT id, name, price, stock, image, category, brand, spec, sold, comment_count, isAD, status, create_time, update_time, creater, updater FROM item WHERE (status = ?) ORDER BY update_time DESC LIMIT ?
00:10:00:235 DEBUG 22616 --- [item-service] [http-nio-9004-exec-1] c.g.item.mapper.ItemMapper.selectList    : ==> Parameters: 1(Integer), 20(Long)
00:10:00:243 DEBUG 22616 --- [item-service] [http-nio-9004-exec-1] c.g.item.mapper.ItemMapper.selectList    : <==      Total: 20
00:10:05:910 ERROR 22616 --- [item-service] [http-nio-9004-exec-2] o.a.c.c.C.[.[.[/].[dispatcherServlet]    : Servlet.service() for servlet [dispatcherServlet] in context with path [] threw exception [Request processing failed: java.lang.NumberFormatException: Cannot parse null string] with root cause

java.lang.NumberFormatException: Cannot parse null string
	at java.base/java.lang.Long.parseLong(Long.java:672) ~[na:na]
	at java.base/java.lang.Long.valueOf(Long.java:1157) ~[na:na]
	at com.hmall.common.interceptors.UserInfoInterceptor.preHandle(UserInfoInterceptor.java:14) ~[classes/:na]
	at org.springframework.web.servlet.HandlerExecutionChain.applyPreHandle(HandlerExecutionChain.java:146) ~[spring-webmvc-6.2.19.jar:6.2.19]
	at org.springframework.web.servlet.DispatcherServlet.doDispatch(DispatcherServlet.java:1084) ~[spring-webmvc-6.2.19.jar:6.2.19]
	at org.springframework.web.servlet.DispatcherServlet.doService(DispatcherServlet.java:979) ~[spring-webmvc-6.2.19.jar:6.2.19]
	at org.springframework.web.servlet.FrameworkServlet.processRequest(FrameworkServlet.java:1014) ~[spring-webmvc-6.2.19.jar:6.2.19]
	at org.springframework.web.servlet.FrameworkServlet.doGet(FrameworkServlet.java:903) ~[spring-webmvc-6.2.19.jar:6.2.19]
	at jakarta.servlet.http.HttpServlet.service(HttpServlet.java:564) ~[tomcat-embed-core-10.1.55.jar:6.0]
	at org.springframework.web.servlet.FrameworkServlet.service(FrameworkServlet.java:885) ~[spring-webmvc-6.2.19.jar:6.2.19]
	at jakarta.servlet.http.HttpServlet.service(HttpServlet.java:658) ~[tomcat-embed-core-10.1.55.jar:6.0]
	at org.apache.catalina.core.ApplicationFilterChain.internalDoFilter(ApplicationFilterChain.java:193) ~[tomcat-embed-core-10.1.55.jar:10.1.55]
	at org.apache.catalina.core.ApplicationFilterChain.doFilter(ApplicationFilterChain.java:138) ~[tomcat-embed-core-10.1.55.jar:10.1.55]
	at org.apache.tomcat.websocket.server.WsFilter.doFilter(WsFilter.java:51) ~[tomcat-embed-websocket-10.1.55.jar:10.1.55]
	at org.apache.catalina.core.ApplicationFilterChain.internalDoFilter(ApplicationFilterChain.java:162) ~[tomcat-embed-core-10.1.55.jar:10.1.55]
	at org.apache.catalina.core.ApplicationFilterChain.doFilter(ApplicationFilterChain.java:138) ~[tomcat-embed-core-10.1.55.jar:10.1.55]
	at org.springframework.web.filter.RequestContextFilter.doFilterInternal(RequestContextFilter.java:100) ~[spring-web-6.2.19.jar:6.2.19]
	at org.springframework.web.filter.OncePerRequestFilter.doFilter(OncePerRequestFilter.java:116) ~[spring-web-6.2.19.jar:6.2.19]
	at org.apache.catalina.core.ApplicationFilterChain.internalDoFilter(ApplicationFilterChain.java:162) ~[tomcat-embed-core-10.1.55.jar:10.1.55]
	at org.apache.catalina.core.ApplicationFilterChain.doFilter(ApplicationFilterChain.java:138) ~[tomcat-embed-core-10.1.55.jar:10.1.55]
	at org.springframework.web.filter.FormContentFilter.doFilterInternal(FormContentFilter.java:93) ~[spring-web-6.2.19.jar:6.2.19]
	at org.springframework.web.filter.OncePerRequestFilter.doFilter(OncePerRequestFilter.java:116) ~[spring-web-6.2.19.jar:6.2.19]
	at org.apache.catalina.core.ApplicationFilterChain.internalDoFilter(ApplicationFilterChain.java:162) ~[tomcat-embed-core-10.1.55.jar:10.1.55]
	at org.apache.catalina.core.ApplicationFilterChain.doFilter(ApplicationFilterChain.java:138) ~[tomcat-embed-core-10.1.55.jar:10.1.55]
	at org.springframework.web.filter.CharacterEncodingFilter.doFilterInternal(CharacterEncodingFilter.java:201) ~[spring-web-6.2.19.jar:6.2.19]
	at org.springframework.web.filter.OncePerRequestFilter.doFilter(OncePerRequestFilter.java:116) ~[spring-web-6.2.19.jar:6.2.19]
	at org.apache.catalina.core.ApplicationFilterChain.internalDoFilter(ApplicationFilterChain.java:162) ~[tomcat-embed-core-10.1.55.jar:10.1.55]
	at org.apache.catalina.core.ApplicationFilterChain.doFilter(ApplicationFilterChain.java:138) ~[tomcat-embed-core-10.1.55.jar:10.1.55]
	at org.apache.catalina.core.StandardWrapperValve.invoke(StandardWrapperValve.java:165) ~[tomcat-embed-core-10.1.55.jar:10.1.55]
	at org.apache.catalina.core.StandardContextValve.invoke(StandardContextValve.java:88) ~[tomcat-embed-core-10.1.55.jar:10.1.55]
	at org.apache.catalina.authenticator.AuthenticatorBase.invoke(AuthenticatorBase.java:492) ~[tomcat-embed-core-10.1.55.jar:10.1.55]
	at org.apache.catalina.core.StandardHostValve.invoke(StandardHostValve.java:113) ~[tomcat-embed-core-10.1.55.jar:10.1.55]
	at org.apache.catalina.valves.ErrorReportValve.invoke(ErrorReportValve.java:83) ~[tomcat-embed-core-10.1.55.jar:10.1.55]
	at org.apache.catalina.core.StandardEngineValve.invoke(StandardEngineValve.java:72) ~[tomcat-embed-core-10.1.55.jar:10.1.55]
	at org.apache.catalina.connector.CoyoteAdapter.service(CoyoteAdapter.java:342) ~[tomcat-embed-core-10.1.55.jar:10.1.55]
	at org.apache.coyote.http11.Http11Processor.service(Http11Processor.java:399) ~[tomcat-embed-core-10.1.55.jar:10.1.55]
	at org.apache.coyote.AbstractProcessorLight.process(AbstractProcessorLight.java:63) ~[tomcat-embed-core-10.1.55.jar:10.1.55]
	at org.apache.coyote.AbstractProtocol$ConnectionHandler.process(AbstractProtocol.java:1272) ~[tomcat-embed-core-10.1.55.jar:10.1.55]
	at org.apache.tomcat.util.net.NioEndpoint$SocketProcessor.doRun(NioEndpoint.java:1797) ~[tomcat-embed-core-10.1.55.jar:10.1.55]
	at org.apache.tomcat.util.net.SocketProcessorBase.run(SocketProcessorBase.java:52) ~[tomcat-embed-core-10.1.55.jar:10.1.55]
	at org.apache.tomcat.util.threads.ThreadPoolExecutor.runWorker(ThreadPoolExecutor.java:973) ~[tomcat-embed-core-10.1.55.jar:10.1.55]
	at org.apache.tomcat.util.threads.ThreadPoolExecutor$Worker.run(ThreadPoolExecutor.java:491) ~[tomcat-embed-core-10.1.55.jar:10.1.55]
	at org.apache.tomcat.util.threads.TaskThread$WrappingRunnable.run(TaskThread.java:63) ~[tomcat-embed-core-10.1.55.jar:10.1.55]
	at java.base/java.lang.Thread.run(Thread.java:1583) ~[na:na]

00:10:05:911 ERROR 22616 --- [item-service] [http-nio-9004-exec-2] o.a.c.c.C.[.[.[/].[dispatcherServlet]    : Servlet.service() for servlet [dispatcherServlet] threw exception

java.lang.NumberFormatException: Cannot parse null string
	at java.base/java.lang.Long.parseLong(Long.java:672) ~[na:na]
	at java.base/java.lang.Long.valueOf(Long.java:1157) ~[na:na]
	at com.hmall.common.interceptors.UserInfoInterceptor.preHandle(UserInfoInterceptor.java:14) ~[classes/:na]
	at org.springframework.web.servlet.HandlerExecutionChain.applyPreHandle(HandlerExecutionChain.java:146) ~[spring-webmvc-6.2.19.jar:6.2.19]
	at org.springframework.web.servlet.DispatcherServlet.doDispatch(DispatcherServlet.java:1084) ~[spring-webmvc-6.2.19.jar:6.2.19]
	at org.springframework.web.servlet.DispatcherServlet.doService(DispatcherServlet.java:979) ~[spring-webmvc-6.2.19.jar:6.2.19]
	at org.springframework.web.servlet.FrameworkServlet.processRequest(FrameworkServlet.java:1014) ~[spring-webmvc-6.2.19.jar:6.2.19]
	at org.springframework.web.servlet.FrameworkServlet.doGet(FrameworkServlet.java:903) ~[spring-webmvc-6.2.19.jar:6.2.19]
	at jakarta.servlet.http.HttpServlet.service(HttpServlet.java:564) ~[tomcat-embed-core-10.1.55.jar:6.0]
	at org.springframework.web.servlet.FrameworkServlet.service(FrameworkServlet.java:885) ~[spring-webmvc-6.2.19.jar:6.2.19]
	at jakarta.servlet.http.HttpServlet.service(HttpServlet.java:658) ~[tomcat-embed-core-10.1.55.jar:6.0]
	at org.apache.catalina.core.ApplicationFilterChain.internalDoFilter(ApplicationFilterChain.java:193) ~[tomcat-embed-core-10.1.55.jar:10.1.55]
	at org.apache.catalina.core.ApplicationFilterChain.doFilter(ApplicationFilterChain.java:138) ~[tomcat-embed-core-10.1.55.jar:10.1.55]
	at org.springframework.web.filter.RequestContextFilter.doFilterInternal(RequestContextFilter.java:100) ~[spring-web-6.2.19.jar:6.2.19]
	at org.springframework.web.filter.OncePerRequestFilter.doFilter(OncePerRequestFilter.java:116) ~[spring-web-6.2.19.jar:6.2.19]
	at org.apache.catalina.core.ApplicationFilterChain.internalDoFilter(ApplicationFilterChain.java:162) ~[tomcat-embed-core-10.1.55.jar:10.1.55]
	at org.apache.catalina.core.ApplicationFilterChain.doFilter(ApplicationFilterChain.java:138) ~[tomcat-embed-core-10.1.55.jar:10.1.55]
	at org.springframework.web.filter.OncePerRequestFilter.doFilter(OncePerRequestFilter.java:101) ~[spring-web-6.2.19.jar:6.2.19]
	at org.apache.catalina.core.ApplicationFilterChain.internalDoFilter(ApplicationFilterChain.java:162) ~[tomcat-embed-core-10.1.55.jar:10.1.55]
	at org.apache.catalina.core.ApplicationFilterChain.doFilter(ApplicationFilterChain.java:138) ~[tomcat-embed-core-10.1.55.jar:10.1.55]
	at org.springframework.web.filter.OncePerRequestFilter.doFilter(OncePerRequestFilter.java:101) ~[spring-web-6.2.19.jar:6.2.19]
	at org.apache.catalina.core.ApplicationFilterChain.internalDoFilter(ApplicationFilterChain.java:162) ~[tomcat-embed-core-10.1.55.jar:10.1.55]
	at org.apache.catalina.core.ApplicationFilterChain.doFilter(ApplicationFilterChain.java:138) ~[tomcat-embed-core-10.1.55.jar:10.1.55]
	at org.apache.catalina.core.ApplicationDispatcher.invoke(ApplicationDispatcher.java:610) ~[tomcat-embed-core-10.1.55.jar:10.1.55]
	at org.apache.catalina.core.ApplicationDispatcher.processRequest(ApplicationDispatcher.java:394) ~[tomcat-embed-core-10.1.55.jar:10.1.55]
	at org.apache.catalina.core.ApplicationDispatcher.doForward(ApplicationDispatcher.java:321) ~[tomcat-embed-core-10.1.55.jar:10.1.55]
	at org.apache.catalina.core.ApplicationDispatcher.forward(ApplicationDispatcher.java:266) ~[tomcat-embed-core-10.1.55.jar:10.1.55]
	at org.apache.catalina.core.StandardHostValve.custom(StandardHostValve.java:374) ~[tomcat-embed-core-10.1.55.jar:10.1.55]
	at org.apache.catalina.core.StandardHostValve.status(StandardHostValve.java:206) ~[tomcat-embed-core-10.1.55.jar:10.1.55]
	at org.apache.catalina.core.StandardHostValve.throwable(StandardHostValve.java:283) ~[tomcat-embed-core-10.1.55.jar:10.1.55]
	at org.apache.catalina.core.StandardHostValve.invoke(StandardHostValve.java:147) ~[tomcat-embed-core-10.1.55.jar:10.1.55]
	at org.apache.catalina.valves.ErrorReportValve.invoke(ErrorReportValve.java:83) ~[tomcat-embed-core-10.1.55.jar:10.1.55]
	at org.apache.catalina.core.StandardEngineValve.invoke(StandardEngineValve.java:72) ~[tomcat-embed-core-10.1.55.jar:10.1.55]
	at org.apache.catalina.connector.CoyoteAdapter.service(CoyoteAdapter.java:342) ~[tomcat-embed-core-10.1.55.jar:10.1.55]
	at org.apache.coyote.http11.Http11Processor.service(Http11Processor.java:399) ~[tomcat-embed-core-10.1.55.jar:10.1.55]
	at org.apache.coyote.AbstractProcessorLight.process(AbstractProcessorLight.java:63) ~[tomcat-embed-core-10.1.55.jar:10.1.55]
	at org.apache.coyote.AbstractProtocol$ConnectionHandler.process(AbstractProtocol.java:1272) ~[tomcat-embed-core-10.1.55.jar:10.1.55]
	at org.apache.tomcat.util.net.NioEndpoint$SocketProcessor.doRun(NioEndpoint.java:1797) ~[tomcat-embed-core-10.1.55.jar:10.1.55]
	at org.apache.tomcat.util.net.SocketProcessorBase.run(SocketProcessorBase.java:52) ~[tomcat-embed-core-10.1.55.jar:10.1.55]
	at org.apache.tomcat.util.threads.ThreadPoolExecutor.runWorker(ThreadPoolExecutor.java:973) ~[tomcat-embed-core-10.1.55.jar:10.1.55]
	at org.apache.tomcat.util.threads.ThreadPoolExecutor$Worker.run(ThreadPoolExecutor.java:491) ~[tomcat-embed-core-10.1.55.jar:10.1.55]
	at org.apache.tomcat.util.threads.TaskThread$WrappingRunnable.run(TaskThread.java:63) ~[tomcat-embed-core-10.1.55.jar:10.1.55]
	at java.base/java.lang.Thread.run(Thread.java:1583) ~[na:na]

00:10:05:912 ERROR 22616 --- [item-service] [http-nio-9004-exec-2] o.a.c.c.C.[Tomcat].[localhost]           : Exception Processing [ErrorPage[errorCode=0, location=/error]]

jakarta.servlet.ServletException: Request processing failed: java.lang.NumberFormatException: Cannot parse null string
	at org.springframework.web.servlet.FrameworkServlet.processRequest(FrameworkServlet.java:1022) ~[spring-webmvc-6.2.19.jar:6.2.19]
	at org.springframework.web.servlet.FrameworkServlet.doGet(FrameworkServlet.java:903) ~[spring-webmvc-6.2.19.jar:6.2.19]
	at jakarta.servlet.http.HttpServlet.service(HttpServlet.java:564) ~[tomcat-embed-core-10.1.55.jar:6.0]
	at org.springframework.web.servlet.FrameworkServlet.service(FrameworkServlet.java:885) ~[spring-webmvc-6.2.19.jar:6.2.19]
	at jakarta.servlet.http.HttpServlet.service(HttpServlet.java:658) ~[tomcat-embed-core-10.1.55.jar:6.0]
	at org.apache.catalina.core.ApplicationFilterChain.internalDoFilter(ApplicationFilterChain.java:193) ~[tomcat-embed-core-10.1.55.jar:10.1.55]
	at org.apache.catalina.core.ApplicationFilterChain.doFilter(ApplicationFilterChain.java:138) ~[tomcat-embed-core-10.1.55.jar:10.1.55]
	at org.springframework.web.filter.RequestContextFilter.doFilterInternal(RequestContextFilter.java:100) ~[spring-web-6.2.19.jar:6.2.19]
	at org.springframework.web.filter.OncePerRequestFilter.doFilter(OncePerRequestFilter.java:116) ~[spring-web-6.2.19.jar:6.2.19]
	at org.apache.catalina.core.ApplicationFilterChain.internalDoFilter(ApplicationFilterChain.java:162) ~[tomcat-embed-core-10.1.55.jar:10.1.55]
	at org.apache.catalina.core.ApplicationFilterChain.doFilter(ApplicationFilterChain.java:138) ~[tomcat-embed-core-10.1.55.jar:10.1.55]
	at org.springframework.web.filter.OncePerRequestFilter.doFilter(OncePerRequestFilter.java:101) ~[spring-web-6.2.19.jar:6.2.19]
	at org.apache.catalina.core.ApplicationFilterChain.internalDoFilter(ApplicationFilterChain.java:162) ~[tomcat-embed-core-10.1.55.jar:10.1.55]
	at org.apache.catalina.core.ApplicationFilterChain.doFilter(ApplicationFilterChain.java:138) ~[tomcat-embed-core-10.1.55.jar:10.1.55]
	at org.springframework.web.filter.OncePerRequestFilter.doFilter(OncePerRequestFilter.java:101) ~[spring-web-6.2.19.jar:6.2.19]
	at org.apache.catalina.core.ApplicationFilterChain.internalDoFilter(ApplicationFilterChain.java:162) ~[tomcat-embed-core-10.1.55.jar:10.1.55]
	at org.apache.catalina.core.ApplicationFilterChain.doFilter(ApplicationFilterChain.java:138) ~[tomcat-embed-core-10.1.55.jar:10.1.55]
	at org.apache.catalina.core.ApplicationDispatcher.invoke(ApplicationDispatcher.java:610) ~[tomcat-embed-core-10.1.55.jar:10.1.55]
	at org.apache.catalina.core.ApplicationDispatcher.processRequest(ApplicationDispatcher.java:394) ~[tomcat-embed-core-10.1.55.jar:10.1.55]
	at org.apache.catalina.core.ApplicationDispatcher.doForward(ApplicationDispatcher.java:321) ~[tomcat-embed-core-10.1.55.jar:10.1.55]
	at org.apache.catalina.core.ApplicationDispatcher.forward(ApplicationDispatcher.java:266) ~[tomcat-embed-core-10.1.55.jar:10.1.55]
	at org.apache.catalina.core.StandardHostValve.custom(StandardHostValve.java:374) ~[tomcat-embed-core-10.1.55.jar:10.1.55]
	at org.apache.catalina.core.StandardHostValve.status(StandardHostValve.java:206) ~[tomcat-embed-core-10.1.55.jar:10.1.55]
	at org.apache.catalina.core.StandardHostValve.throwable(StandardHostValve.java:283) ~[tomcat-embed-core-10.1.55.jar:10.1.55]
	at org.apache.catalina.core.StandardHostValve.invoke(StandardHostValve.java:147) ~[tomcat-embed-core-10.1.55.jar:10.1.55]
	at org.apache.catalina.valves.ErrorReportValve.invoke(ErrorReportValve.java:83) ~[tomcat-embed-core-10.1.55.jar:10.1.55]
	at org.apache.catalina.core.StandardEngineValve.invoke(StandardEngineValve.java:72) ~[tomcat-embed-core-10.1.55.jar:10.1.55]
	at org.apache.catalina.connector.CoyoteAdapter.service(CoyoteAdapter.java:342) ~[tomcat-embed-core-10.1.55.jar:10.1.55]
	at org.apache.coyote.http11.Http11Processor.service(Http11Processor.java:399) ~[tomcat-embed-core-10.1.55.jar:10.1.55]
	at org.apache.coyote.AbstractProcessorLight.process(AbstractProcessorLight.java:63) ~[tomcat-embed-core-10.1.55.jar:10.1.55]
	at org.apache.coyote.AbstractProtocol$ConnectionHandler.process(AbstractProtocol.java:1272) ~[tomcat-embed-core-10.1.55.jar:10.1.55]
	at org.apache.tomcat.util.net.NioEndpoint$SocketProcessor.doRun(NioEndpoint.java:1797) ~[tomcat-embed-core-10.1.55.jar:10.1.55]
	at org.apache.tomcat.util.net.SocketProcessorBase.run(SocketProcessorBase.java:52) ~[tomcat-embed-core-10.1.55.jar:10.1.55]
	at org.apache.tomcat.util.threads.ThreadPoolExecutor.runWorker(ThreadPoolExecutor.java:973) ~[tomcat-embed-core-10.1.55.jar:10.1.55]
	at org.apache.tomcat.util.threads.ThreadPoolExecutor$Worker.run(ThreadPoolExecutor.java:491) ~[tomcat-embed-core-10.1.55.jar:10.1.55]
	at org.apache.tomcat.util.threads.TaskThread$WrappingRunnable.run(TaskThread.java:63) ~[tomcat-embed-core-10.1.55.jar:10.1.55]
	at java.base/java.lang.Thread.run(Thread.java:1583) ~[na:na]
Caused by: java.lang.NumberFormatException: Cannot parse null string
	at java.base/java.lang.Long.parseLong(Long.java:672) ~[na:na]
	at java.base/java.lang.Long.valueOf(Long.java:1157) ~[na:na]
	at com.hmall.common.interceptors.UserInfoInterceptor.preHandle(UserInfoInterceptor.java:14) ~[classes/:na]
	at org.springframework.web.servlet.HandlerExecutionChain.applyPreHandle(HandlerExecutionChain.java:146) ~[spring-webmvc-6.2.19.jar:6.2.19]
	at org.springframework.web.servlet.DispatcherServlet.doDispatch(DispatcherServlet.java:1084) ~[spring-webmvc-6.2.19.jar:6.2.19]
	at org.springframework.web.servlet.DispatcherServlet.doService(DispatcherServlet.java:979) ~[spring-webmvc-6.2.19.jar:6.2.19]
	at org.springframework.web.servlet.FrameworkServlet.processRequest(FrameworkServlet.java:1014) ~[spring-webmvc-6.2.19.jar:6.2.19]
	... 36 common frames omitted

00:10:09:992 DEBUG 12256 --- [item-service] [http-nio-9001-exec-1] c.g.item.mapper.ItemMapper.selectByIds   : ==>  Preparing: SELECT id,name,price,stock,image,category,brand,spec,sold,comment_count,isAD,status,create_time,update_time,creater,updater FROM item WHERE id IN ( ? , ? , ? )
00:10:09:992 DEBUG 12256 --- [item-service] [http-nio-9001-exec-1] c.g.item.mapper.ItemMapper.selectByIds   : ==> Parameters: 1(Long), 2(Long), 3(Long)
00:10:09:994 DEBUG 12256 --- [item-service] [http-nio-9001-exec-1] c.g.item.mapper.ItemMapper.selectByIds   : <==      Total: 0
00:12:32:381  WARN 12256 --- [item-service] [Thread-18] c.a.n.common.http.HttpClientBeanHolder   : [HttpClientBeanHolder] Start destroying common HttpClient
00:12:32:381  WARN 12256 --- [item-service] [Thread-16] c.a.nacos.common.notify.NotifyCenter     : [NotifyCenter] Start destroying Publisher
00:12:32:381  WARN 12256 --- [item-service] [Thread-2] c.a.n.common.executor.ThreadPoolManager  : [ThreadPoolManager] Start destroying ThreadPool
00:12:32:381  WARN 12256 --- [item-service] [Thread-16] c.a.nacos.common.notify.NotifyCenter     : [NotifyCenter] Destruction of the end
00:12:32:381  WARN 12256 --- [item-service] [Thread-2] c.a.n.common.executor.ThreadPoolManager  : [ThreadPoolManager] Destruction of the end
00:12:32:382  WARN 12256 --- [item-service] [Thread-18] c.a.n.common.http.HttpClientBeanHolder   : [HttpClientBeanHolder] Destruction of the end
00:12:32:382  INFO 12256 --- [item-service] [SpringApplicationShutdownHook] c.a.c.n.registry.NacosServiceRegistry    : De-registering from Nacos Server now...
00:12:32:388  INFO 12256 --- [item-service] [SpringApplicationShutdownHook] c.a.c.n.registry.NacosServiceRegistry    : De-registration finished.
00:12:35:824  INFO 24880 --- [item-service] [main] c.a.nacos.client.logging.NacosLogging    : Nacos Logging Adapter Builder: com.alibaba.nacos.logger.adapter.logback12.LogbackNacosLoggingAdapterBuilder
00:12:35:833  INFO 24880 --- [item-service] [main] c.a.nacos.client.logging.NacosLogging    : Nacos Logging Adapter Builder: com.alibaba.nacos.logger.adapter.logback14.LogbackNacosLoggingAdapterBuilder
00:12:35:834  INFO 24880 --- [item-service] [main] c.a.nacos.client.logging.NacosLogging    : Nacos Logging Adapter: com.alibaba.nacos.logger.adapter.logback14.LogbackNacosLoggingAdapter match ch.qos.logback.classic.Logger success.
00:12:35:841  INFO 24880 --- [item-service] [main] c.a.nacos.client.logging.NacosLogging    : Nacos Logging Adapter Builder: com.alibaba.nacos.logger.adapter.log4j2.Log4j2NacosLoggingAdapterBuilder
00:12:36:100  INFO 24880 --- [item-service] [main] com.george.item.ItemApplication          : Starting ItemApplication using Java 21.0.11 with PID 24880 (E:\download\SpringCloud\day02-Docker\Source\hmall\hm-item\item-service\target\classes started by lindu in E:\download\SpringCloud\day02-Docker\Source\hmall)
00:12:36:101 DEBUG 24880 --- [item-service] [main] com.george.item.ItemApplication          : Running with Spring Boot v3.5.15, Spring v6.2.19
00:12:36:101  INFO 24880 --- [item-service] [main] com.george.item.ItemApplication          : The following 1 profile is active: "local"
00:12:36:793  INFO 24880 --- [item-service] [main] .s.d.r.c.RepositoryConfigurationDelegate : Multiple Spring Data modules found, entering strict repository configuration mode
00:12:36:795  INFO 24880 --- [item-service] [main] .s.d.r.c.RepositoryConfigurationDelegate : Bootstrapping Spring Data Redis repositories in DEFAULT mode.
00:12:36:822  INFO 24880 --- [item-service] [main] .s.d.r.c.RepositoryConfigurationDelegate : Finished Spring Data repository scanning in 14 ms. Found 0 Redis repository interfaces.
00:12:37:035  INFO 24880 --- [item-service] [main] o.s.cloud.context.scope.GenericScope     : BeanFactory id=5f875879-8892-38a6-b743-e61b3007a472
00:12:37:422  INFO 24880 --- [item-service] [main] o.s.b.w.embedded.tomcat.TomcatWebServer  : Tomcat initialized with port 9001 (http)
00:12:37:436  INFO 24880 --- [item-service] [main] o.apache.catalina.core.StandardService   : Starting service [Tomcat]
00:12:37:437  INFO 24880 --- [item-service] [main] o.apache.catalina.core.StandardEngine    : Starting Servlet engine: [Apache Tomcat/10.1.55]
00:12:37:514  INFO 24880 --- [item-service] [main] o.a.c.c.C.[Tomcat].[localhost].[/]       : Initializing Spring embedded WebApplicationContext
00:12:37:515  INFO 24880 --- [item-service] [main] w.s.c.ServletWebServerApplicationContext : Root WebApplicationContext: initialization completed in 1361 ms
00:12:38:082  INFO 24880 --- [item-service] [main] m.e.s.MybatisPlusApplicationContextAware : Register ApplicationContext instances org.springframework.boot.web.servlet.context.AnnotationConfigServletWebServerApplicationContext@770d0ea6
00:12:38:678  INFO 24880 --- [item-service] [main] o.s.b.w.embedded.tomcat.TomcatWebServer  : Tomcat started on port 9001 (http) with context path '/'
00:12:38:723  INFO 24880 --- [item-service] [main] c.a.n.p.a.s.c.ClientAuthPluginManager    : [ClientAuthPluginManager] Load ClientAuthService com.alibaba.nacos.client.auth.impl.NacosClientAuthServiceImpl success.
00:12:38:723  INFO 24880 --- [item-service] [main] c.a.n.p.a.s.c.ClientAuthPluginManager    : [ClientAuthPluginManager] Load ClientAuthService com.alibaba.nacos.client.auth.ram.RamClientAuthServiceImpl success.
00:12:39:356  INFO 24880 --- [item-service] [main] c.a.n.c.a.AbstractAbilityControlManager  : Ready to get current node abilities...
00:12:39:357  INFO 24880 --- [item-service] [main] c.a.n.c.a.AbstractAbilityControlManager  : Ready to initialize current node abilities, support modes: [SDK_CLIENT]
00:12:39:358  INFO 24880 --- [item-service] [main] c.a.n.c.a.AbstractAbilityControlManager  : Initialize current abilities finish...
00:12:39:358  INFO 24880 --- [item-service] [main] c.a.n.c.a.d.NacosAbilityManagerHolder    : [AbilityControlManager] Successfully initialize AbilityControlManager
00:12:39:397  INFO 24880 --- [item-service] [main] c.a.c.n.registry.NacosServiceRegistry    : nacos registry, DEFAULT_GROUP item-service 192.168.108.1:9001 register finished
00:12:39:408  INFO 24880 --- [item-service] [main] com.george.item.ItemApplication          : Started ItemApplication in 4.12 seconds (process running for 4.864)
00:12:42:715  WARN 22616 --- [item-service] [Thread-18] c.a.n.common.http.HttpClientBeanHolder   : [HttpClientBeanHolder] Start destroying common HttpClient
00:12:42:715  WARN 22616 --- [item-service] [Thread-2] c.a.n.common.executor.ThreadPoolManager  : [ThreadPoolManager] Start destroying ThreadPool
00:12:42:715  WARN 22616 --- [item-service] [Thread-16] c.a.nacos.common.notify.NotifyCenter     : [NotifyCenter] Start destroying Publisher
00:12:42:715  WARN 22616 --- [item-service] [Thread-16] c.a.nacos.common.notify.NotifyCenter     : [NotifyCenter] Destruction of the end
00:12:42:716  WARN 22616 --- [item-service] [Thread-2] c.a.n.common.executor.ThreadPoolManager  : [ThreadPoolManager] Destruction of the end
00:12:42:716  WARN 22616 --- [item-service] [Thread-18] c.a.n.common.http.HttpClientBeanHolder   : [HttpClientBeanHolder] Destruction of the end
00:12:42:716  INFO 22616 --- [item-service] [SpringApplicationShutdownHook] c.a.c.n.registry.NacosServiceRegistry    : De-registering from Nacos Server now...
00:12:42:721  INFO 22616 --- [item-service] [SpringApplicationShutdownHook] c.a.c.n.registry.NacosServiceRegistry    : De-registration finished.
00:12:46:052  INFO 21196 --- [item-service] [main] c.a.nacos.client.logging.NacosLogging    : Nacos Logging Adapter Builder: com.alibaba.nacos.logger.adapter.logback12.LogbackNacosLoggingAdapterBuilder
00:12:46:060  INFO 21196 --- [item-service] [main] c.a.nacos.client.logging.NacosLogging    : Nacos Logging Adapter Builder: com.alibaba.nacos.logger.adapter.logback14.LogbackNacosLoggingAdapterBuilder
00:12:46:061  INFO 21196 --- [item-service] [main] c.a.nacos.client.logging.NacosLogging    : Nacos Logging Adapter: com.alibaba.nacos.logger.adapter.logback14.LogbackNacosLoggingAdapter match ch.qos.logback.classic.Logger success.
00:12:46:068  INFO 21196 --- [item-service] [main] c.a.nacos.client.logging.NacosLogging    : Nacos Logging Adapter Builder: com.alibaba.nacos.logger.adapter.log4j2.Log4j2NacosLoggingAdapterBuilder
00:12:46:317  INFO 21196 --- [item-service] [main] com.george.item.ItemApplication          : Starting ItemApplication using Java 21.0.11 with PID 21196 (E:\download\SpringCloud\day02-Docker\Source\hmall\hm-item\item-service\target\classes started by lindu in E:\download\SpringCloud\day02-Docker\Source\hmall)
00:12:46:317 DEBUG 21196 --- [item-service] [main] com.george.item.ItemApplication          : Running with Spring Boot v3.5.15, Spring v6.2.19
00:12:46:318  INFO 21196 --- [item-service] [main] com.george.item.ItemApplication          : The following 1 profile is active: "local"
00:12:47:004  INFO 21196 --- [item-service] [main] .s.d.r.c.RepositoryConfigurationDelegate : Multiple Spring Data modules found, entering strict repository configuration mode
00:12:47:007  INFO 21196 --- [item-service] [main] .s.d.r.c.RepositoryConfigurationDelegate : Bootstrapping Spring Data Redis repositories in DEFAULT mode.
00:12:47:048  INFO 21196 --- [item-service] [main] .s.d.r.c.RepositoryConfigurationDelegate : Finished Spring Data repository scanning in 21 ms. Found 0 Redis repository interfaces.
00:12:47:275  INFO 21196 --- [item-service] [main] o.s.cloud.context.scope.GenericScope     : BeanFactory id=5f875879-8892-38a6-b743-e61b3007a472
00:12:47:647  INFO 21196 --- [item-service] [main] o.s.b.w.embedded.tomcat.TomcatWebServer  : Tomcat initialized with port 9004 (http)
00:12:47:661  INFO 21196 --- [item-service] [main] o.apache.catalina.core.StandardService   : Starting service [Tomcat]
00:12:47:661  INFO 21196 --- [item-service] [main] o.apache.catalina.core.StandardEngine    : Starting Servlet engine: [Apache Tomcat/10.1.55]
00:12:47:740  INFO 21196 --- [item-service] [main] o.a.c.c.C.[Tomcat].[localhost].[/]       : Initializing Spring embedded WebApplicationContext
00:12:47:740  INFO 21196 --- [item-service] [main] w.s.c.ServletWebServerApplicationContext : Root WebApplicationContext: initialization completed in 1367 ms
00:12:48:335  INFO 21196 --- [item-service] [main] m.e.s.MybatisPlusApplicationContextAware : Register ApplicationContext instances org.springframework.boot.web.servlet.context.AnnotationConfigServletWebServerApplicationContext@770d0ea6
00:12:48:944  INFO 21196 --- [item-service] [main] o.s.b.w.embedded.tomcat.TomcatWebServer  : Tomcat started on port 9004 (http) with context path '/'
00:12:48:990  INFO 21196 --- [item-service] [main] c.a.n.p.a.s.c.ClientAuthPluginManager    : [ClientAuthPluginManager] Load ClientAuthService com.alibaba.nacos.client.auth.impl.NacosClientAuthServiceImpl success.
00:12:48:990  INFO 21196 --- [item-service] [main] c.a.n.p.a.s.c.ClientAuthPluginManager    : [ClientAuthPluginManager] Load ClientAuthService com.alibaba.nacos.client.auth.ram.RamClientAuthServiceImpl success.
00:12:49:630  INFO 21196 --- [item-service] [main] c.a.n.c.a.AbstractAbilityControlManager  : Ready to get current node abilities...
00:12:49:631  INFO 21196 --- [item-service] [main] c.a.n.c.a.AbstractAbilityControlManager  : Ready to initialize current node abilities, support modes: [SDK_CLIENT]
00:12:49:632  INFO 21196 --- [item-service] [main] c.a.n.c.a.AbstractAbilityControlManager  : Initialize current abilities finish...
00:12:49:632  INFO 21196 --- [item-service] [main] c.a.n.c.a.d.NacosAbilityManagerHolder    : [AbilityControlManager] Successfully initialize AbilityControlManager
00:12:49:667  INFO 21196 --- [item-service] [main] c.a.c.n.registry.NacosServiceRegistry    : nacos registry, DEFAULT_GROUP item-service 192.168.108.1:9004 register finished
00:12:49:677  INFO 21196 --- [item-service] [main] com.george.item.ItemApplication          : Started ItemApplication in 4.188 seconds (process running for 4.924)
00:13:22:492  INFO 24880 --- [item-service] [http-nio-9001-exec-1] o.a.c.c.C.[Tomcat].[localhost].[/]       : Initializing Spring DispatcherServlet 'dispatcherServlet'
00:13:22:492  INFO 24880 --- [item-service] [http-nio-9001-exec-1] o.s.web.servlet.DispatcherServlet        : Initializing Servlet 'dispatcherServlet'
00:13:22:493  INFO 24880 --- [item-service] [http-nio-9001-exec-1] o.s.web.servlet.DispatcherServlet        : Completed initialization in 1 ms
00:13:22:578  INFO 24880 --- [item-service] [http-nio-9001-exec-1] com.zaxxer.hikari.HikariDataSource       : HikariPool-1 - Starting...
00:13:22:816  INFO 24880 --- [item-service] [http-nio-9001-exec-1] com.zaxxer.hikari.pool.HikariPool        : HikariPool-1 - Added connection com.mysql.cj.jdbc.ConnectionImpl@605bf3f1
00:13:22:818  INFO 24880 --- [item-service] [http-nio-9001-exec-1] com.zaxxer.hikari.HikariDataSource       : HikariPool-1 - Start completed.
00:13:22:823 DEBUG 24880 --- [item-service] [http-nio-9001-exec-1] c.g.item.mapper.ItemMapper.selectByIds   : ==>  Preparing: SELECT id,name,price,stock,image,category,brand,spec,sold,comment_count,isAD,status,create_time,update_time,creater,updater FROM item WHERE id IN ( ? , ? , ? )
00:13:22:843 DEBUG 24880 --- [item-service] [http-nio-9001-exec-1] c.g.item.mapper.ItemMapper.selectByIds   : ==> Parameters: 1(Long), 2(Long), 3(Long)
00:13:22:872 DEBUG 24880 --- [item-service] [http-nio-9001-exec-1] c.g.item.mapper.ItemMapper.selectByIds   : <==      Total: 0
00:13:25:103  INFO 21196 --- [item-service] [http-nio-9004-exec-1] o.a.c.c.C.[Tomcat].[localhost].[/]       : Initializing Spring DispatcherServlet 'dispatcherServlet'
00:13:25:103  INFO 21196 --- [item-service] [http-nio-9004-exec-1] o.s.web.servlet.DispatcherServlet        : Initializing Servlet 'dispatcherServlet'
00:13:25:104  INFO 21196 --- [item-service] [http-nio-9004-exec-1] o.s.web.servlet.DispatcherServlet        : Completed initialization in 1 ms
00:13:25:198  INFO 21196 --- [item-service] [http-nio-9004-exec-1] com.zaxxer.hikari.HikariDataSource       : HikariPool-1 - Starting...
00:13:25:456  INFO 21196 --- [item-service] [http-nio-9004-exec-1] com.zaxxer.hikari.pool.HikariPool        : HikariPool-1 - Added connection com.mysql.cj.jdbc.ConnectionImpl@2a7ff0c8
00:13:25:458  INFO 21196 --- [item-service] [http-nio-9004-exec-1] com.zaxxer.hikari.HikariDataSource       : HikariPool-1 - Start completed.
00:13:25:466 DEBUG 21196 --- [item-service] [http-nio-9004-exec-1] c.g.item.mapper.ItemMapper.selectByIds   : ==>  Preparing: SELECT id,name,price,stock,image,category,brand,spec,sold,comment_count,isAD,status,create_time,update_time,creater,updater FROM item WHERE id IN ( ? , ? , ? )
00:13:25:488 DEBUG 21196 --- [item-service] [http-nio-9004-exec-1] c.g.item.mapper.ItemMapper.selectByIds   : ==> Parameters: 1(Long), 2(Long), 3(Long)
00:13:25:519 DEBUG 21196 --- [item-service] [http-nio-9004-exec-1] c.g.item.mapper.ItemMapper.selectByIds   : <==      Total: 0
00:13:26:263 DEBUG 24880 --- [item-service] [http-nio-9001-exec-2] c.g.item.mapper.ItemMapper.selectByIds   : ==>  Preparing: SELECT id,name,price,stock,image,category,brand,spec,sold,comment_count,isAD,status,create_time,update_time,creater,updater FROM item WHERE id IN ( ? , ? , ? )
00:13:26:264 DEBUG 24880 --- [item-service] [http-nio-9001-exec-2] c.g.item.mapper.ItemMapper.selectByIds   : ==> Parameters: 1(Long), 2(Long), 3(Long)
00:13:26:265 DEBUG 24880 --- [item-service] [http-nio-9001-exec-2] c.g.item.mapper.ItemMapper.selectByIds   : <==      Total: 0
00:16:56:835  WARN 24880 --- [item-service] [Thread-18] c.a.n.common.http.HttpClientBeanHolder   : [HttpClientBeanHolder] Start destroying common HttpClient
00:16:56:835  WARN 24880 --- [item-service] [Thread-2] c.a.n.common.executor.ThreadPoolManager  : [ThreadPoolManager] Start destroying ThreadPool
00:16:56:835  WARN 24880 --- [item-service] [Thread-16] c.a.nacos.common.notify.NotifyCenter     : [NotifyCenter] Start destroying Publisher
00:16:56:835  WARN 24880 --- [item-service] [Thread-16] c.a.nacos.common.notify.NotifyCenter     : [NotifyCenter] Destruction of the end
00:16:56:835  WARN 24880 --- [item-service] [Thread-2] c.a.n.common.executor.ThreadPoolManager  : [ThreadPoolManager] Destruction of the end
00:16:56:836  WARN 24880 --- [item-service] [Thread-18] c.a.n.common.http.HttpClientBeanHolder   : [HttpClientBeanHolder] Destruction of the end
00:16:56:836  INFO 24880 --- [item-service] [SpringApplicationShutdownHook] c.a.c.n.registry.NacosServiceRegistry    : De-registering from Nacos Server now...
00:16:56:842  INFO 24880 --- [item-service] [SpringApplicationShutdownHook] c.a.c.n.registry.NacosServiceRegistry    : De-registration finished.
00:17:00:934  INFO 18296 --- [item-service] [main] c.a.nacos.client.logging.NacosLogging    : Nacos Logging Adapter Builder: com.alibaba.nacos.logger.adapter.logback12.LogbackNacosLoggingAdapterBuilder
00:17:00:943  INFO 18296 --- [item-service] [main] c.a.nacos.client.logging.NacosLogging    : Nacos Logging Adapter Builder: com.alibaba.nacos.logger.adapter.logback14.LogbackNacosLoggingAdapterBuilder
00:17:00:944  INFO 18296 --- [item-service] [main] c.a.nacos.client.logging.NacosLogging    : Nacos Logging Adapter: com.alibaba.nacos.logger.adapter.logback14.LogbackNacosLoggingAdapter match ch.qos.logback.classic.Logger success.
00:17:00:950  INFO 18296 --- [item-service] [main] c.a.nacos.client.logging.NacosLogging    : Nacos Logging Adapter Builder: com.alibaba.nacos.logger.adapter.log4j2.Log4j2NacosLoggingAdapterBuilder
00:17:01:194  INFO 18296 --- [item-service] [main] com.george.item.ItemApplication          : Starting ItemApplication using Java 21.0.11 with PID 18296 (E:\download\SpringCloud\day02-Docker\Source\hmall\hm-item\item-service\target\classes started by lindu in E:\download\SpringCloud\day02-Docker\Source\hmall)
00:17:01:195 DEBUG 18296 --- [item-service] [main] com.george.item.ItemApplication          : Running with Spring Boot v3.5.15, Spring v6.2.19
00:17:01:196  INFO 18296 --- [item-service] [main] com.george.item.ItemApplication          : The following 1 profile is active: "local"
00:17:01:860  INFO 18296 --- [item-service] [main] .s.d.r.c.RepositoryConfigurationDelegate : Multiple Spring Data modules found, entering strict repository configuration mode
00:17:01:864  INFO 18296 --- [item-service] [main] .s.d.r.c.RepositoryConfigurationDelegate : Bootstrapping Spring Data Redis repositories in DEFAULT mode.
00:17:01:893  INFO 18296 --- [item-service] [main] .s.d.r.c.RepositoryConfigurationDelegate : Finished Spring Data repository scanning in 14 ms. Found 0 Redis repository interfaces.
00:17:02:103  INFO 18296 --- [item-service] [main] o.s.cloud.context.scope.GenericScope     : BeanFactory id=5f875879-8892-38a6-b743-e61b3007a472
00:17:02:485  INFO 18296 --- [item-service] [main] o.s.b.w.embedded.tomcat.TomcatWebServer  : Tomcat initialized with port 9001 (http)
00:17:02:500  INFO 18296 --- [item-service] [main] o.apache.catalina.core.StandardService   : Starting service [Tomcat]
00:17:02:500  INFO 18296 --- [item-service] [main] o.apache.catalina.core.StandardEngine    : Starting Servlet engine: [Apache Tomcat/10.1.55]
00:17:02:577  INFO 18296 --- [item-service] [main] o.a.c.c.C.[Tomcat].[localhost].[/]       : Initializing Spring embedded WebApplicationContext
00:17:02:578  INFO 18296 --- [item-service] [main] w.s.c.ServletWebServerApplicationContext : Root WebApplicationContext: initialization completed in 1335 ms
00:17:03:152  INFO 18296 --- [item-service] [main] m.e.s.MybatisPlusApplicationContextAware : Register ApplicationContext instances org.springframework.boot.web.servlet.context.AnnotationConfigServletWebServerApplicationContext@770d0ea6
00:17:03:748  INFO 18296 --- [item-service] [main] o.s.b.w.embedded.tomcat.TomcatWebServer  : Tomcat started on port 9001 (http) with context path '/'
00:17:03:795  INFO 18296 --- [item-service] [main] c.a.n.p.a.s.c.ClientAuthPluginManager    : [ClientAuthPluginManager] Load ClientAuthService com.alibaba.nacos.client.auth.impl.NacosClientAuthServiceImpl success.
00:17:03:795  INFO 18296 --- [item-service] [main] c.a.n.p.a.s.c.ClientAuthPluginManager    : [ClientAuthPluginManager] Load ClientAuthService com.alibaba.nacos.client.auth.ram.RamClientAuthServiceImpl success.
00:17:04:431  INFO 18296 --- [item-service] [main] c.a.n.c.a.AbstractAbilityControlManager  : Ready to get current node abilities...
00:17:04:433  INFO 18296 --- [item-service] [main] c.a.n.c.a.AbstractAbilityControlManager  : Ready to initialize current node abilities, support modes: [SDK_CLIENT]
00:17:04:433  INFO 18296 --- [item-service] [main] c.a.n.c.a.AbstractAbilityControlManager  : Initialize current abilities finish...
00:17:04:434  INFO 18296 --- [item-service] [main] c.a.n.c.a.d.NacosAbilityManagerHolder    : [AbilityControlManager] Successfully initialize AbilityControlManager
00:17:04:468  INFO 18296 --- [item-service] [main] c.a.c.n.registry.NacosServiceRegistry    : nacos registry, DEFAULT_GROUP item-service 192.168.108.1:9001 register finished
00:17:04:478  INFO 18296 --- [item-service] [main] com.george.item.ItemApplication          : Started ItemApplication in 4.077 seconds (process running for 4.8)
00:17:08:267  WARN 21196 --- [item-service] [Thread-2] c.a.n.common.executor.ThreadPoolManager  : [ThreadPoolManager] Start destroying ThreadPool
00:17:08:267  WARN 21196 --- [item-service] [Thread-18] c.a.n.common.http.HttpClientBeanHolder   : [HttpClientBeanHolder] Start destroying common HttpClient
00:17:08:267  WARN 21196 --- [item-service] [Thread-16] c.a.nacos.common.notify.NotifyCenter     : [NotifyCenter] Start destroying Publisher
00:17:08:267  WARN 21196 --- [item-service] [Thread-16] c.a.nacos.common.notify.NotifyCenter     : [NotifyCenter] Destruction of the end
00:17:08:268  WARN 21196 --- [item-service] [Thread-2] c.a.n.common.executor.ThreadPoolManager  : [ThreadPoolManager] Destruction of the end
00:17:08:268  WARN 21196 --- [item-service] [Thread-18] c.a.n.common.http.HttpClientBeanHolder   : [HttpClientBeanHolder] Destruction of the end
00:17:08:268  INFO 21196 --- [item-service] [SpringApplicationShutdownHook] c.a.c.n.registry.NacosServiceRegistry    : De-registering from Nacos Server now...
00:17:08:273  INFO 21196 --- [item-service] [SpringApplicationShutdownHook] c.a.c.n.registry.NacosServiceRegistry    : De-registration finished.
00:17:12:405  INFO 12148 --- [item-service] [main] c.a.nacos.client.logging.NacosLogging    : Nacos Logging Adapter Builder: com.alibaba.nacos.logger.adapter.logback12.LogbackNacosLoggingAdapterBuilder
00:17:12:414  INFO 12148 --- [item-service] [main] c.a.nacos.client.logging.NacosLogging    : Nacos Logging Adapter Builder: com.alibaba.nacos.logger.adapter.logback14.LogbackNacosLoggingAdapterBuilder
00:17:12:415  INFO 12148 --- [item-service] [main] c.a.nacos.client.logging.NacosLogging    : Nacos Logging Adapter: com.alibaba.nacos.logger.adapter.logback14.LogbackNacosLoggingAdapter match ch.qos.logback.classic.Logger success.
00:17:12:422  INFO 12148 --- [item-service] [main] c.a.nacos.client.logging.NacosLogging    : Nacos Logging Adapter Builder: com.alibaba.nacos.logger.adapter.log4j2.Log4j2NacosLoggingAdapterBuilder
00:17:12:654  INFO 12148 --- [item-service] [main] com.george.item.ItemApplication          : Starting ItemApplication using Java 21.0.11 with PID 12148 (E:\download\SpringCloud\day02-Docker\Source\hmall\hm-item\item-service\target\classes started by lindu in E:\download\SpringCloud\day02-Docker\Source\hmall)
00:17:12:655 DEBUG 12148 --- [item-service] [main] com.george.item.ItemApplication          : Running with Spring Boot v3.5.15, Spring v6.2.19
00:17:12:655  INFO 12148 --- [item-service] [main] com.george.item.ItemApplication          : The following 1 profile is active: "local"
00:17:13:346  INFO 12148 --- [item-service] [main] .s.d.r.c.RepositoryConfigurationDelegate : Multiple Spring Data modules found, entering strict repository configuration mode
00:17:13:348  INFO 12148 --- [item-service] [main] .s.d.r.c.RepositoryConfigurationDelegate : Bootstrapping Spring Data Redis repositories in DEFAULT mode.
00:17:13:375  INFO 12148 --- [item-service] [main] .s.d.r.c.RepositoryConfigurationDelegate : Finished Spring Data repository scanning in 13 ms. Found 0 Redis repository interfaces.
00:17:13:593  INFO 12148 --- [item-service] [main] o.s.cloud.context.scope.GenericScope     : BeanFactory id=5f875879-8892-38a6-b743-e61b3007a472
00:17:13:989  INFO 12148 --- [item-service] [main] o.s.b.w.embedded.tomcat.TomcatWebServer  : Tomcat initialized with port 9004 (http)
00:17:14:004  INFO 12148 --- [item-service] [main] o.apache.catalina.core.StandardService   : Starting service [Tomcat]
00:17:14:004  INFO 12148 --- [item-service] [main] o.apache.catalina.core.StandardEngine    : Starting Servlet engine: [Apache Tomcat/10.1.55]
00:17:14:071  INFO 12148 --- [item-service] [main] o.a.c.c.C.[Tomcat].[localhost].[/]       : Initializing Spring embedded WebApplicationContext
00:17:14:071  INFO 12148 --- [item-service] [main] w.s.c.ServletWebServerApplicationContext : Root WebApplicationContext: initialization completed in 1363 ms
00:17:14:625  INFO 12148 --- [item-service] [main] m.e.s.MybatisPlusApplicationContextAware : Register ApplicationContext instances org.springframework.boot.web.servlet.context.AnnotationConfigServletWebServerApplicationContext@6b5966e1
00:17:15:199  INFO 12148 --- [item-service] [main] o.s.b.w.embedded.tomcat.TomcatWebServer  : Tomcat started on port 9004 (http) with context path '/'
00:17:15:242  INFO 12148 --- [item-service] [main] c.a.n.p.a.s.c.ClientAuthPluginManager    : [ClientAuthPluginManager] Load ClientAuthService com.alibaba.nacos.client.auth.impl.NacosClientAuthServiceImpl success.
00:17:15:242  INFO 12148 --- [item-service] [main] c.a.n.p.a.s.c.ClientAuthPluginManager    : [ClientAuthPluginManager] Load ClientAuthService com.alibaba.nacos.client.auth.ram.RamClientAuthServiceImpl success.
00:17:15:873  INFO 12148 --- [item-service] [main] c.a.n.c.a.AbstractAbilityControlManager  : Ready to get current node abilities...
00:17:15:875  INFO 12148 --- [item-service] [main] c.a.n.c.a.AbstractAbilityControlManager  : Ready to initialize current node abilities, support modes: [SDK_CLIENT]
00:17:15:875  INFO 12148 --- [item-service] [main] c.a.n.c.a.AbstractAbilityControlManager  : Initialize current abilities finish...
00:17:15:876  INFO 12148 --- [item-service] [main] c.a.n.c.a.d.NacosAbilityManagerHolder    : [AbilityControlManager] Successfully initialize AbilityControlManager
00:17:15:911  INFO 12148 --- [item-service] [main] c.a.c.n.registry.NacosServiceRegistry    : nacos registry, DEFAULT_GROUP item-service 192.168.108.1:9004 register finished
00:17:15:923  INFO 12148 --- [item-service] [main] com.george.item.ItemApplication          : Started ItemApplication in 4.02 seconds (process running for 4.96)
00:17:35:850  INFO 12148 --- [item-service] [http-nio-9004-exec-1] o.a.c.c.C.[Tomcat].[localhost].[/]       : Initializing Spring DispatcherServlet 'dispatcherServlet'
00:17:35:851  INFO 12148 --- [item-service] [http-nio-9004-exec-1] o.s.web.servlet.DispatcherServlet        : Initializing Servlet 'dispatcherServlet'
00:17:35:852  INFO 12148 --- [item-service] [http-nio-9004-exec-1] o.s.web.servlet.DispatcherServlet        : Completed initialization in 1 ms
00:17:35:955  INFO 12148 --- [item-service] [http-nio-9004-exec-1] com.zaxxer.hikari.HikariDataSource       : HikariPool-1 - Starting...
00:17:36:175  INFO 12148 --- [item-service] [http-nio-9004-exec-1] com.zaxxer.hikari.pool.HikariPool        : HikariPool-1 - Added connection com.mysql.cj.jdbc.ConnectionImpl@165c2257
00:17:36:177  INFO 12148 --- [item-service] [http-nio-9004-exec-1] com.zaxxer.hikari.HikariDataSource       : HikariPool-1 - Start completed.
00:17:36:182 DEBUG 12148 --- [item-service] [http-nio-9004-exec-1] c.g.item.mapper.ItemMapper.selectByIds   : ==>  Preparing: SELECT id,name,price,stock,image,category,brand,spec,sold,comment_count,isAD,status,create_time,update_time,creater,updater FROM item WHERE id IN ( ? , ? , ? )
00:17:36:203 DEBUG 12148 --- [item-service] [http-nio-9004-exec-1] c.g.item.mapper.ItemMapper.selectByIds   : ==> Parameters: 1(Long), 2(Long), 3(Long)
00:17:36:221 DEBUG 12148 --- [item-service] [http-nio-9004-exec-1] c.g.item.mapper.ItemMapper.selectByIds   : <==      Total: 0
00:18:52:488  INFO 18296 --- [item-service] [http-nio-9001-exec-1] o.a.c.c.C.[Tomcat].[localhost].[/]       : Initializing Spring DispatcherServlet 'dispatcherServlet'
00:18:52:489  INFO 18296 --- [item-service] [http-nio-9001-exec-1] o.s.web.servlet.DispatcherServlet        : Initializing Servlet 'dispatcherServlet'
00:18:52:490  INFO 18296 --- [item-service] [http-nio-9001-exec-1] o.s.web.servlet.DispatcherServlet        : Completed initialization in 1 ms
00:18:52:579  INFO 18296 --- [item-service] [http-nio-9001-exec-1] com.zaxxer.hikari.HikariDataSource       : HikariPool-1 - Starting...
00:18:52:828  INFO 18296 --- [item-service] [http-nio-9001-exec-1] com.zaxxer.hikari.pool.HikariPool        : HikariPool-1 - Added connection com.mysql.cj.jdbc.ConnectionImpl@7de8bad3
00:18:52:829  INFO 18296 --- [item-service] [http-nio-9001-exec-1] com.zaxxer.hikari.HikariDataSource       : HikariPool-1 - Start completed.
00:18:52:836 DEBUG 18296 --- [item-service] [http-nio-9001-exec-1] c.g.item.mapper.ItemMapper.selectByIds   : ==>  Preparing: SELECT id,name,price,stock,image,category,brand,spec,sold,comment_count,isAD,status,create_time,update_time,creater,updater FROM item WHERE id IN ( ? , ? , ? )
00:18:52:855 DEBUG 18296 --- [item-service] [http-nio-9001-exec-1] c.g.item.mapper.ItemMapper.selectByIds   : ==> Parameters: 1(Long), 2(Long), 3(Long)
00:18:52:872 DEBUG 18296 --- [item-service] [http-nio-9001-exec-1] c.g.item.mapper.ItemMapper.selectByIds   : <==      Total: 0
00:18:54:807 DEBUG 18296 --- [item-service] [http-nio-9001-exec-2] c.g.i.m.ItemMapper.selectList_mpCount    : ==>  Preparing: SELECT COUNT(*) AS total FROM item WHERE (status = ?)
00:18:54:809 DEBUG 18296 --- [item-service] [http-nio-9001-exec-2] c.g.i.m.ItemMapper.selectList_mpCount    : ==> Parameters: 1(Integer)
00:18:54:824 DEBUG 18296 --- [item-service] [http-nio-9001-exec-2] c.g.i.m.ItemMapper.selectList_mpCount    : <==      Total: 1
00:18:54:834 DEBUG 18296 --- [item-service] [http-nio-9001-exec-2] c.g.item.mapper.ItemMapper.selectList    : ==>  Preparing: SELECT id, name, price, stock, image, category, brand, spec, sold, comment_count, isAD, status, create_time, update_time, creater, updater FROM item WHERE (status = ?) ORDER BY update_time DESC LIMIT ?
00:18:54:835 DEBUG 18296 --- [item-service] [http-nio-9001-exec-2] c.g.item.mapper.ItemMapper.selectList    : ==> Parameters: 1(Integer), 20(Long)
00:18:54:843 DEBUG 18296 --- [item-service] [http-nio-9001-exec-2] c.g.item.mapper.ItemMapper.selectList    : <==      Total: 20
00:18:57:469 DEBUG 12148 --- [item-service] [http-nio-9004-exec-3] c.g.item.mapper.ItemMapper.selectByIds   : ==>  Preparing: SELECT id,name,price,stock,image,category,brand,spec,sold,comment_count,isAD,status,create_time,update_time,creater,updater FROM item WHERE id IN ( ? , ? , ? )
00:18:57:470 DEBUG 12148 --- [item-service] [http-nio-9004-exec-3] c.g.item.mapper.ItemMapper.selectByIds   : ==> Parameters: 1(Long), 2(Long), 3(Long)
00:18:57:472 DEBUG 12148 --- [item-service] [http-nio-9004-exec-3] c.g.item.mapper.ItemMapper.selectByIds   : <==      Total: 0
00:19:01:077 DEBUG 18296 --- [item-service] [http-nio-9001-exec-4] c.g.item.mapper.ItemMapper.selectByIds   : ==>  Preparing: SELECT id,name,price,stock,image,category,brand,spec,sold,comment_count,isAD,status,create_time,update_time,creater,updater FROM item WHERE id IN ( ? , ? , ? )
00:19:01:077 DEBUG 18296 --- [item-service] [http-nio-9001-exec-4] c.g.item.mapper.ItemMapper.selectByIds   : ==> Parameters: 1(Long), 2(Long), 3(Long)
00:19:01:079 DEBUG 18296 --- [item-service] [http-nio-9001-exec-4] c.g.item.mapper.ItemMapper.selectByIds   : <==      Total: 0
00:35:18:588  WARN 12148 --- [item-service] [Thread-16] c.a.nacos.common.notify.NotifyCenter     : [NotifyCenter] Start destroying Publisher
00:35:18:588  WARN 12148 --- [item-service] [Thread-2] c.a.n.common.executor.ThreadPoolManager  : [ThreadPoolManager] Start destroying ThreadPool
00:35:18:588  WARN 12148 --- [item-service] [Thread-18] c.a.n.common.http.HttpClientBeanHolder   : [HttpClientBeanHolder] Start destroying common HttpClient
00:35:18:589  WARN 12148 --- [item-service] [Thread-16] c.a.nacos.common.notify.NotifyCenter     : [NotifyCenter] Destruction of the end
00:35:18:589  WARN 12148 --- [item-service] [Thread-2] c.a.n.common.executor.ThreadPoolManager  : [ThreadPoolManager] Destruction of the end
00:35:18:589  WARN 12148 --- [item-service] [Thread-18] c.a.n.common.http.HttpClientBeanHolder   : [HttpClientBeanHolder] Destruction of the end
00:35:18:590  INFO 12148 --- [item-service] [SpringApplicationShutdownHook] c.a.c.n.registry.NacosServiceRegistry    : De-registering from Nacos Server now...
00:35:18:599  INFO 12148 --- [item-service] [SpringApplicationShutdownHook] c.a.c.n.registry.NacosServiceRegistry    : De-registration finished.
00:35:21:771  INFO 14392 --- [item-service] [main] c.a.nacos.client.logging.NacosLogging    : Nacos Logging Adapter Builder: com.alibaba.nacos.logger.adapter.logback12.LogbackNacosLoggingAdapterBuilder
00:35:21:783  INFO 14392 --- [item-service] [main] c.a.nacos.client.logging.NacosLogging    : Nacos Logging Adapter Builder: com.alibaba.nacos.logger.adapter.logback14.LogbackNacosLoggingAdapterBuilder
00:35:21:784  INFO 14392 --- [item-service] [main] c.a.nacos.client.logging.NacosLogging    : Nacos Logging Adapter: com.alibaba.nacos.logger.adapter.logback14.LogbackNacosLoggingAdapter match ch.qos.logback.classic.Logger success.
00:35:21:794  INFO 14392 --- [item-service] [main] c.a.nacos.client.logging.NacosLogging    : Nacos Logging Adapter Builder: com.alibaba.nacos.logger.adapter.log4j2.Log4j2NacosLoggingAdapterBuilder
00:35:22:056  INFO 14392 --- [item-service] [main] com.george.item.ItemApplication          : Starting ItemApplication using Java 21.0.11 with PID 14392 (E:\download\SpringCloud\day02-Docker\Source\hmall\hm-item\item-service\target\classes started by lindu in E:\download\SpringCloud\day02-Docker\Source\hmall)
00:35:22:057 DEBUG 14392 --- [item-service] [main] com.george.item.ItemApplication          : Running with Spring Boot v3.5.15, Spring v6.2.19
00:35:22:062  INFO 14392 --- [item-service] [main] com.george.item.ItemApplication          : The following 1 profile is active: "local"
00:35:22:789  INFO 14392 --- [item-service] [main] .s.d.r.c.RepositoryConfigurationDelegate : Multiple Spring Data modules found, entering strict repository configuration mode
00:35:22:791  INFO 14392 --- [item-service] [main] .s.d.r.c.RepositoryConfigurationDelegate : Bootstrapping Spring Data Redis repositories in DEFAULT mode.
00:35:22:821  INFO 14392 --- [item-service] [main] .s.d.r.c.RepositoryConfigurationDelegate : Finished Spring Data repository scanning in 15 ms. Found 0 Redis repository interfaces.
00:35:23:067  INFO 14392 --- [item-service] [main] o.s.cloud.context.scope.GenericScope     : BeanFactory id=5f875879-8892-38a6-b743-e61b3007a472
00:35:23:485  INFO 14392 --- [item-service] [main] o.s.b.w.embedded.tomcat.TomcatWebServer  : Tomcat initialized with port 9004 (http)
00:35:23:500  INFO 14392 --- [item-service] [main] o.apache.catalina.core.StandardService   : Starting service [Tomcat]
00:35:23:501  INFO 14392 --- [item-service] [main] o.apache.catalina.core.StandardEngine    : Starting Servlet engine: [Apache Tomcat/10.1.55]
00:35:23:577  INFO 14392 --- [item-service] [main] o.a.c.c.C.[Tomcat].[localhost].[/]       : Initializing Spring embedded WebApplicationContext
00:35:23:578  INFO 14392 --- [item-service] [main] w.s.c.ServletWebServerApplicationContext : Root WebApplicationContext: initialization completed in 1471 ms
00:35:24:162  INFO 14392 --- [item-service] [main] m.e.s.MybatisPlusApplicationContextAware : Register ApplicationContext instances org.springframework.boot.web.servlet.context.AnnotationConfigServletWebServerApplicationContext@6b5966e1
00:35:24:774  INFO 14392 --- [item-service] [main] o.s.b.w.embedded.tomcat.TomcatWebServer  : Tomcat started on port 9004 (http) with context path '/'
00:35:24:817  INFO 14392 --- [item-service] [main] c.a.n.p.a.s.c.ClientAuthPluginManager    : [ClientAuthPluginManager] Load ClientAuthService com.alibaba.nacos.client.auth.impl.NacosClientAuthServiceImpl success.
00:35:24:818  INFO 14392 --- [item-service] [main] c.a.n.p.a.s.c.ClientAuthPluginManager    : [ClientAuthPluginManager] Load ClientAuthService com.alibaba.nacos.client.auth.ram.RamClientAuthServiceImpl success.
00:35:25:482  INFO 14392 --- [item-service] [main] c.a.n.c.a.AbstractAbilityControlManager  : Ready to get current node abilities...
00:35:25:484  INFO 14392 --- [item-service] [main] c.a.n.c.a.AbstractAbilityControlManager  : Ready to initialize current node abilities, support modes: [SDK_CLIENT]
00:35:25:485  INFO 14392 --- [item-service] [main] c.a.n.c.a.AbstractAbilityControlManager  : Initialize current abilities finish...
00:35:25:485  INFO 14392 --- [item-service] [main] c.a.n.c.a.d.NacosAbilityManagerHolder    : [AbilityControlManager] Successfully initialize AbilityControlManager
00:35:25:525  INFO 14392 --- [item-service] [main] c.a.c.n.registry.NacosServiceRegistry    : nacos registry, DEFAULT_GROUP item-service 192.168.108.1:9004 register finished
00:35:25:537  INFO 14392 --- [item-service] [main] com.george.item.ItemApplication          : Started ItemApplication in 4.376 seconds (process running for 5.239)
00:35:28:501  WARN 18296 --- [item-service] [Thread-16] c.a.nacos.common.notify.NotifyCenter     : [NotifyCenter] Start destroying Publisher
00:35:28:501  WARN 18296 --- [item-service] [Thread-2] c.a.n.common.executor.ThreadPoolManager  : [ThreadPoolManager] Start destroying ThreadPool
00:35:28:501  WARN 18296 --- [item-service] [Thread-18] c.a.n.common.http.HttpClientBeanHolder   : [HttpClientBeanHolder] Start destroying common HttpClient
00:35:28:501  WARN 18296 --- [item-service] [Thread-16] c.a.nacos.common.notify.NotifyCenter     : [NotifyCenter] Destruction of the end
00:35:28:501  WARN 18296 --- [item-service] [Thread-2] c.a.n.common.executor.ThreadPoolManager  : [ThreadPoolManager] Destruction of the end
00:35:28:502  WARN 18296 --- [item-service] [Thread-18] c.a.n.common.http.HttpClientBeanHolder   : [HttpClientBeanHolder] Destruction of the end
00:35:28:503  INFO 18296 --- [item-service] [SpringApplicationShutdownHook] c.a.c.n.registry.NacosServiceRegistry    : De-registering from Nacos Server now...
00:35:28:509  INFO 18296 --- [item-service] [SpringApplicationShutdownHook] c.a.c.n.registry.NacosServiceRegistry    : De-registration finished.
00:35:31:855  INFO 1884 --- [item-service] [main] c.a.nacos.client.logging.NacosLogging    : Nacos Logging Adapter Builder: com.alibaba.nacos.logger.adapter.logback12.LogbackNacosLoggingAdapterBuilder
00:35:31:866  INFO 1884 --- [item-service] [main] c.a.nacos.client.logging.NacosLogging    : Nacos Logging Adapter Builder: com.alibaba.nacos.logger.adapter.logback14.LogbackNacosLoggingAdapterBuilder
00:35:31:867  INFO 1884 --- [item-service] [main] c.a.nacos.client.logging.NacosLogging    : Nacos Logging Adapter: com.alibaba.nacos.logger.adapter.logback14.LogbackNacosLoggingAdapter match ch.qos.logback.classic.Logger success.
00:35:31:876  INFO 1884 --- [item-service] [main] c.a.nacos.client.logging.NacosLogging    : Nacos Logging Adapter Builder: com.alibaba.nacos.logger.adapter.log4j2.Log4j2NacosLoggingAdapterBuilder
00:35:32:133  INFO 1884 --- [item-service] [main] com.george.item.ItemApplication          : Starting ItemApplication using Java 21.0.11 with PID 1884 (E:\download\SpringCloud\day02-Docker\Source\hmall\hm-item\item-service\target\classes started by lindu in E:\download\SpringCloud\day02-Docker\Source\hmall)
00:35:32:134 DEBUG 1884 --- [item-service] [main] com.george.item.ItemApplication          : Running with Spring Boot v3.5.15, Spring v6.2.19
00:35:32:135  INFO 1884 --- [item-service] [main] com.george.item.ItemApplication          : The following 1 profile is active: "local"
00:35:32:816  INFO 1884 --- [item-service] [main] .s.d.r.c.RepositoryConfigurationDelegate : Multiple Spring Data modules found, entering strict repository configuration mode
00:35:32:819  INFO 1884 --- [item-service] [main] .s.d.r.c.RepositoryConfigurationDelegate : Bootstrapping Spring Data Redis repositories in DEFAULT mode.
00:35:32:852  INFO 1884 --- [item-service] [main] .s.d.r.c.RepositoryConfigurationDelegate : Finished Spring Data repository scanning in 16 ms. Found 0 Redis repository interfaces.
00:35:33:111  INFO 1884 --- [item-service] [main] o.s.cloud.context.scope.GenericScope     : BeanFactory id=5f875879-8892-38a6-b743-e61b3007a472
00:35:33:511  INFO 1884 --- [item-service] [main] o.s.b.w.embedded.tomcat.TomcatWebServer  : Tomcat initialized with port 9001 (http)
00:35:33:527  INFO 1884 --- [item-service] [main] o.apache.catalina.core.StandardService   : Starting service [Tomcat]
00:35:33:527  INFO 1884 --- [item-service] [main] o.apache.catalina.core.StandardEngine    : Starting Servlet engine: [Apache Tomcat/10.1.55]
00:35:33:604  INFO 1884 --- [item-service] [main] o.a.c.c.C.[Tomcat].[localhost].[/]       : Initializing Spring embedded WebApplicationContext
00:35:33:604  INFO 1884 --- [item-service] [main] w.s.c.ServletWebServerApplicationContext : Root WebApplicationContext: initialization completed in 1418 ms
00:35:34:202  INFO 1884 --- [item-service] [main] m.e.s.MybatisPlusApplicationContextAware : Register ApplicationContext instances org.springframework.boot.web.servlet.context.AnnotationConfigServletWebServerApplicationContext@54107f42
00:35:34:800  INFO 1884 --- [item-service] [main] o.s.b.w.embedded.tomcat.TomcatWebServer  : Tomcat started on port 9001 (http) with context path '/'
00:35:34:844  INFO 1884 --- [item-service] [main] c.a.n.p.a.s.c.ClientAuthPluginManager    : [ClientAuthPluginManager] Load ClientAuthService com.alibaba.nacos.client.auth.impl.NacosClientAuthServiceImpl success.
00:35:34:844  INFO 1884 --- [item-service] [main] c.a.n.p.a.s.c.ClientAuthPluginManager    : [ClientAuthPluginManager] Load ClientAuthService com.alibaba.nacos.client.auth.ram.RamClientAuthServiceImpl success.
00:35:35:519  INFO 1884 --- [item-service] [main] c.a.n.c.a.AbstractAbilityControlManager  : Ready to get current node abilities...
00:35:35:521  INFO 1884 --- [item-service] [main] c.a.n.c.a.AbstractAbilityControlManager  : Ready to initialize current node abilities, support modes: [SDK_CLIENT]
00:35:35:521  INFO 1884 --- [item-service] [main] c.a.n.c.a.AbstractAbilityControlManager  : Initialize current abilities finish...
00:35:35:522  INFO 1884 --- [item-service] [main] c.a.n.c.a.d.NacosAbilityManagerHolder    : [AbilityControlManager] Successfully initialize AbilityControlManager
00:35:35:557  INFO 1884 --- [item-service] [main] c.a.c.n.registry.NacosServiceRegistry    : nacos registry, DEFAULT_GROUP item-service 192.168.108.1:9001 register finished
00:35:35:568  INFO 1884 --- [item-service] [main] com.george.item.ItemApplication          : Started ItemApplication in 4.341 seconds (process running for 5.306)
00:36:45:393  INFO 1884 --- [item-service] [http-nio-9001-exec-1] o.a.c.c.C.[Tomcat].[localhost].[/]       : Initializing Spring DispatcherServlet 'dispatcherServlet'
00:36:45:393  INFO 1884 --- [item-service] [http-nio-9001-exec-1] o.s.web.servlet.DispatcherServlet        : Initializing Servlet 'dispatcherServlet'
00:36:45:395  INFO 1884 --- [item-service] [http-nio-9001-exec-1] o.s.web.servlet.DispatcherServlet        : Completed initialization in 1 ms
00:39:31:904  INFO 1884 --- [item-service] [http-nio-9001-exec-4] com.zaxxer.hikari.HikariDataSource       : HikariPool-1 - Starting...
00:39:32:178  INFO 1884 --- [item-service] [http-nio-9001-exec-4] com.zaxxer.hikari.pool.HikariPool        : HikariPool-1 - Added connection com.mysql.cj.jdbc.ConnectionImpl@7ea46b41
00:39:32:179  INFO 1884 --- [item-service] [http-nio-9001-exec-4] com.zaxxer.hikari.HikariDataSource       : HikariPool-1 - Start completed.
00:39:32:186 DEBUG 1884 --- [item-service] [http-nio-9001-exec-4] c.g.item.mapper.ItemMapper.selectByIds   : ==>  Preparing: SELECT id,name,price,stock,image,category,brand,spec,sold,comment_count,isAD,status,create_time,update_time,creater,updater FROM item WHERE id IN ( ? , ? , ? )
00:39:32:208 DEBUG 1884 --- [item-service] [http-nio-9001-exec-4] c.g.item.mapper.ItemMapper.selectByIds   : ==> Parameters: 1713453(Long), 1533902(Long), 14741770661(Long)
00:39:32:233 DEBUG 1884 --- [item-service] [http-nio-9001-exec-4] c.g.item.mapper.ItemMapper.selectByIds   : <==      Total: 3
00:39:32:901  INFO 14392 --- [item-service] [http-nio-9004-exec-1] o.a.c.c.C.[Tomcat].[localhost].[/]       : Initializing Spring DispatcherServlet 'dispatcherServlet'
00:39:32:901  INFO 14392 --- [item-service] [http-nio-9004-exec-1] o.s.web.servlet.DispatcherServlet        : Initializing Servlet 'dispatcherServlet'
00:39:32:903  INFO 14392 --- [item-service] [http-nio-9004-exec-1] o.s.web.servlet.DispatcherServlet        : Completed initialization in 2 ms
00:39:33:010  INFO 14392 --- [item-service] [http-nio-9004-exec-1] com.zaxxer.hikari.HikariDataSource       : HikariPool-1 - Starting...
00:39:33:235  INFO 14392 --- [item-service] [http-nio-9004-exec-1] com.zaxxer.hikari.pool.HikariPool        : HikariPool-1 - Added connection com.mysql.cj.jdbc.ConnectionImpl@2a7ff0c8
00:39:33:236  INFO 14392 --- [item-service] [http-nio-9004-exec-1] com.zaxxer.hikari.HikariDataSource       : HikariPool-1 - Start completed.
00:39:33:242 DEBUG 14392 --- [item-service] [http-nio-9004-exec-1] c.g.item.mapper.ItemMapper.selectByIds   : ==>  Preparing: SELECT id,name,price,stock,image,category,brand,spec,sold,comment_count,isAD,status,create_time,update_time,creater,updater FROM item WHERE id IN ( ? , ? , ? )
00:39:33:262 DEBUG 14392 --- [item-service] [http-nio-9004-exec-1] c.g.item.mapper.ItemMapper.selectByIds   : ==> Parameters: 1713453(Long), 1533902(Long), 14741770661(Long)
00:39:33:284 DEBUG 14392 --- [item-service] [http-nio-9004-exec-1] c.g.item.mapper.ItemMapper.selectByIds   : <==      Total: 3
00:39:36:016 DEBUG 1884 --- [item-service] [http-nio-9001-exec-6] c.g.item.mapper.ItemMapper.selectByIds   : ==>  Preparing: SELECT id,name,price,stock,image,category,brand,spec,sold,comment_count,isAD,status,create_time,update_time,creater,updater FROM item WHERE id IN ( ? , ? , ? )
00:39:36:017 DEBUG 1884 --- [item-service] [http-nio-9001-exec-6] c.g.item.mapper.ItemMapper.selectByIds   : ==> Parameters: 1713453(Long), 1533902(Long), 14741770661(Long)
00:39:36:020 DEBUG 1884 --- [item-service] [http-nio-9001-exec-6] c.g.item.mapper.ItemMapper.selectByIds   : <==      Total: 3
00:39:37:289 DEBUG 14392 --- [item-service] [http-nio-9004-exec-2] c.g.item.mapper.ItemMapper.selectByIds   : ==>  Preparing: SELECT id,name,price,stock,image,category,brand,spec,sold,comment_count,isAD,status,create_time,update_time,creater,updater FROM item WHERE id IN ( ? , ? , ? )
00:39:37:290 DEBUG 14392 --- [item-service] [http-nio-9004-exec-2] c.g.item.mapper.ItemMapper.selectByIds   : ==> Parameters: 1713453(Long), 1533902(Long), 14741770661(Long)
00:39:37:293 DEBUG 14392 --- [item-service] [http-nio-9004-exec-2] c.g.item.mapper.ItemMapper.selectByIds   : <==      Total: 3
00:39:38:956 DEBUG 1884 --- [item-service] [http-nio-9001-exec-7] c.g.item.mapper.ItemMapper.selectByIds   : ==>  Preparing: SELECT id,name,price,stock,image,category,brand,spec,sold,comment_count,isAD,status,create_time,update_time,creater,updater FROM item WHERE id IN ( ? , ? , ? )
00:39:38:956 DEBUG 1884 --- [item-service] [http-nio-9001-exec-7] c.g.item.mapper.ItemMapper.selectByIds   : ==> Parameters: 1713453(Long), 1533902(Long), 14741770661(Long)
00:39:38:958 DEBUG 1884 --- [item-service] [http-nio-9001-exec-7] c.g.item.mapper.ItemMapper.selectByIds   : <==      Total: 3
00:40:25:662  WARN 1884 --- [item-service] [Thread-18] c.a.n.common.http.HttpClientBeanHolder   : [HttpClientBeanHolder] Start destroying common HttpClient
00:40:25:663  WARN 1884 --- [item-service] [Thread-18] c.a.n.common.http.HttpClientBeanHolder   : [HttpClientBeanHolder] Destruction of the end
00:40:25:666  INFO 1884 --- [item-service] [SpringApplicationShutdownHook] c.a.c.n.registry.NacosServiceRegistry    : De-registering from Nacos Server now...
00:40:25:669  WARN 1884 --- [item-service] [Thread-2] c.a.n.common.executor.ThreadPoolManager  : [ThreadPoolManager] Start destroying ThreadPool
00:40:25:669  WARN 1884 --- [item-service] [Thread-16] c.a.nacos.common.notify.NotifyCenter     : [NotifyCenter] Start destroying Publisher
00:40:25:670  WARN 1884 --- [item-service] [Thread-16] c.a.nacos.common.notify.NotifyCenter     : [NotifyCenter] Destruction of the end
00:40:25:671  WARN 1884 --- [item-service] [Thread-2] c.a.n.common.executor.ThreadPoolManager  : [ThreadPoolManager] Destruction of the end
00:40:25:679  INFO 1884 --- [item-service] [SpringApplicationShutdownHook] c.a.c.n.registry.NacosServiceRegistry    : De-registration finished.
00:40:25:679  WARN 14392 --- [item-service] [Thread-2] c.a.n.common.executor.ThreadPoolManager  : [ThreadPoolManager] Start destroying ThreadPool
00:40:25:682  WARN 14392 --- [item-service] [Thread-18] c.a.n.common.http.HttpClientBeanHolder   : [HttpClientBeanHolder] Start destroying common HttpClient
00:40:25:682  WARN 14392 --- [item-service] [Thread-16] c.a.nacos.common.notify.NotifyCenter     : [NotifyCenter] Start destroying Publisher
00:40:25:683  WARN 14392 --- [item-service] [Thread-16] c.a.nacos.common.notify.NotifyCenter     : [NotifyCenter] Destruction of the end
00:40:25:683  WARN 14392 --- [item-service] [Thread-2] c.a.n.common.executor.ThreadPoolManager  : [ThreadPoolManager] Destruction of the end
00:40:25:683  WARN 14392 --- [item-service] [Thread-18] c.a.n.common.http.HttpClientBeanHolder   : [HttpClientBeanHolder] Destruction of the end
00:40:25:685  INFO 14392 --- [item-service] [SpringApplicationShutdownHook] c.a.c.n.registry.NacosServiceRegistry    : De-registering from Nacos Server now...
00:40:25:703  INFO 14392 --- [item-service] [SpringApplicationShutdownHook] c.a.c.n.registry.NacosServiceRegistry    : De-registration finished.
00:40:35:702  INFO 1884 --- [item-service] [SpringApplicationShutdownHook] o.s.b.w.e.tomcat.GracefulShutdown        : Commencing graceful shutdown. Waiting for active requests to complete
00:40:35:706  INFO 1884 --- [item-service] [tomcat-shutdown] o.s.b.w.e.tomcat.GracefulShutdown        : Graceful shutdown complete
00:40:35:718  INFO 14392 --- [item-service] [SpringApplicationShutdownHook] o.s.b.w.e.tomcat.GracefulShutdown        : Commencing graceful shutdown. Waiting for active requests to complete
00:40:35:723  INFO 14392 --- [item-service] [tomcat-shutdown] o.s.b.w.e.tomcat.GracefulShutdown        : Graceful shutdown complete
00:40:35:723  INFO 1884 --- [item-service] [SpringApplicationShutdownHook] com.zaxxer.hikari.HikariDataSource       : HikariPool-1 - Shutdown initiated...
00:40:35:730  INFO 1884 --- [item-service] [SpringApplicationShutdownHook] com.zaxxer.hikari.HikariDataSource       : HikariPool-1 - Shutdown completed.
00:40:35:746  INFO 14392 --- [item-service] [SpringApplicationShutdownHook] com.zaxxer.hikari.HikariDataSource       : HikariPool-1 - Shutdown initiated...
00:40:35:753  INFO 14392 --- [item-service] [SpringApplicationShutdownHook] com.zaxxer.hikari.HikariDataSource       : HikariPool-1 - Shutdown completed.
19:55:26:841  INFO 24332 --- [item-service] [main] com.george.item.ItemApplication          : Starting ItemApplication using Java 21.0.11 with PID 24332 (E:\hmall\hm-item\item-service\target\classes started by lindu in E:\hmall)
19:55:26:842 DEBUG 24332 --- [item-service] [main] com.george.item.ItemApplication          : Running with Spring Boot v3.3.6, Spring v6.1.15
19:55:26:843  INFO 24332 --- [item-service] [main] com.george.item.ItemApplication          : The following 1 profile is active: "local"
19:55:26:890  INFO 24332 --- [item-service] [main] c.a.c.n.c.NacosConfigDataLoader          : [Nacos Config] Load config[dataId=log.yaml, group=DEFAULT_GROUP] success
19:55:26:891  INFO 24332 --- [item-service] [main] c.a.c.n.c.NacosConfigDataLoader          : [Nacos Config] Load config[dataId=jdbc.yaml, group=DEFAULT_GROUP] success
19:55:27:589  INFO 24332 --- [item-service] [main] o.s.cloud.context.scope.GenericScope     : BeanFactory id=3f212602-7b88-30b0-bf12-7b08d59a3887
19:55:27:851  INFO 24332 --- [item-service] [main] o.s.b.w.embedded.tomcat.TomcatWebServer  : Tomcat initialized with port 9001 (http)
19:55:27:864  INFO 24332 --- [item-service] [main] o.apache.catalina.core.StandardService   : Starting service [Tomcat]
19:55:27:865  INFO 24332 --- [item-service] [main] o.apache.catalina.core.StandardEngine    : Starting Servlet engine: [Apache Tomcat/10.1.33]
19:55:27:956  INFO 24332 --- [item-service] [main] o.a.c.c.C.[Tomcat].[localhost].[/]       : Initializing Spring embedded WebApplicationContext
19:55:27:956  INFO 24332 --- [item-service] [main] w.s.c.ServletWebServerApplicationContext : Root WebApplicationContext: initialization completed in 1063 ms
19:55:28:520  INFO 24332 --- [item-service] [main] m.e.s.MybatisPlusApplicationContextAware : Register ApplicationContext instances org.springframework.boot.web.servlet.context.AnnotationConfigServletWebServerApplicationContext@288214b1
19:55:28:646  INFO 24332 --- [item-service] [main] o.s.b.w.embedded.tomcat.TomcatWebServer  : Tomcat started on port 9001 (http) with context path '/'
19:55:28:661  INFO 24332 --- [item-service] [main] c.a.n.p.a.s.c.ClientAuthPluginManager    : [ClientAuthPluginManager] Load ClientAuthService com.alibaba.nacos.client.auth.impl.NacosClientAuthServiceImpl success.
19:55:28:661  INFO 24332 --- [item-service] [main] c.a.n.p.a.s.c.ClientAuthPluginManager    : [ClientAuthPluginManager] Load ClientAuthService com.alibaba.nacos.client.auth.ram.RamClientAuthServiceImpl success.
19:55:28:689  INFO 24332 --- [item-service] [main] c.a.c.n.registry.NacosServiceRegistry    : nacos registry, DEFAULT_GROUP item-service 192.168.108.1:9001 register finished
19:55:28:698  INFO 24332 --- [item-service] [main] com.george.item.ItemApplication          : Started ItemApplication in 3.318 seconds (process running for 3.834)
19:55:28:710  INFO 24332 --- [item-service] [main] c.a.c.n.refresh.NacosContextRefresher    : [Nacos Config] Listening config: dataId=jdbc.yaml, group=DEFAULT_GROUP
19:55:28:712  INFO 24332 --- [item-service] [main] c.a.c.n.refresh.NacosContextRefresher    : [Nacos Config] Listening config: dataId=log.yaml, group=DEFAULT_GROUP
19:55:36:430  INFO 20496 --- [item-service] [main] com.george.item.ItemApplication          : Starting ItemApplication using Java 21.0.11 with PID 20496 (E:\hmall\hm-item\item-service\target\classes started by lindu in E:\hmall)
19:55:36:431 DEBUG 20496 --- [item-service] [main] com.george.item.ItemApplication          : Running with Spring Boot v3.3.6, Spring v6.1.15
19:55:36:431  INFO 20496 --- [item-service] [main] com.george.item.ItemApplication          : The following 1 profile is active: "local"
19:55:36:473  INFO 20496 --- [item-service] [main] c.a.c.n.c.NacosConfigDataLoader          : [Nacos Config] Load config[dataId=log.yaml, group=DEFAULT_GROUP] success
19:55:36:473  INFO 20496 --- [item-service] [main] c.a.c.n.c.NacosConfigDataLoader          : [Nacos Config] Load config[dataId=jdbc.yaml, group=DEFAULT_GROUP] success
19:55:37:105  INFO 20496 --- [item-service] [main] o.s.cloud.context.scope.GenericScope     : BeanFactory id=3f212602-7b88-30b0-bf12-7b08d59a3887
19:55:37:374  INFO 20496 --- [item-service] [main] o.s.b.w.embedded.tomcat.TomcatWebServer  : Tomcat initialized with port 9004 (http)
19:55:37:388  INFO 20496 --- [item-service] [main] o.apache.catalina.core.StandardService   : Starting service [Tomcat]
19:55:37:388  INFO 20496 --- [item-service] [main] o.apache.catalina.core.StandardEngine    : Starting Servlet engine: [Apache Tomcat/10.1.33]
19:55:37:477  INFO 20496 --- [item-service] [main] o.a.c.c.C.[Tomcat].[localhost].[/]       : Initializing Spring embedded WebApplicationContext
19:55:37:478  INFO 20496 --- [item-service] [main] w.s.c.ServletWebServerApplicationContext : Root WebApplicationContext: initialization completed in 1003 ms
19:55:38:039  INFO 20496 --- [item-service] [main] m.e.s.MybatisPlusApplicationContextAware : Register ApplicationContext instances org.springframework.boot.web.servlet.context.AnnotationConfigServletWebServerApplicationContext@288214b1
19:55:38:152  INFO 20496 --- [item-service] [main] o.s.b.w.embedded.tomcat.TomcatWebServer  : Tomcat started on port 9004 (http) with context path '/'
19:55:38:166  INFO 20496 --- [item-service] [main] c.a.n.p.a.s.c.ClientAuthPluginManager    : [ClientAuthPluginManager] Load ClientAuthService com.alibaba.nacos.client.auth.impl.NacosClientAuthServiceImpl success.
19:55:38:166  INFO 20496 --- [item-service] [main] c.a.n.p.a.s.c.ClientAuthPluginManager    : [ClientAuthPluginManager] Load ClientAuthService com.alibaba.nacos.client.auth.ram.RamClientAuthServiceImpl success.
19:55:38:195  INFO 20496 --- [item-service] [main] c.a.c.n.registry.NacosServiceRegistry    : nacos registry, DEFAULT_GROUP item-service 192.168.108.1:9004 register finished
19:55:38:203  INFO 20496 --- [item-service] [main] com.george.item.ItemApplication          : Started ItemApplication in 3.255 seconds (process running for 3.765)
19:55:38:216  INFO 20496 --- [item-service] [main] c.a.c.n.refresh.NacosContextRefresher    : [Nacos Config] Listening config: dataId=jdbc.yaml, group=DEFAULT_GROUP
19:55:38:218  INFO 20496 --- [item-service] [main] c.a.c.n.refresh.NacosContextRefresher    : [Nacos Config] Listening config: dataId=log.yaml, group=DEFAULT_GROUP
20:08:12:236  WARN 24332 --- [item-service] [Thread-8] c.a.nacos.common.notify.NotifyCenter     : [NotifyCenter] Start destroying Publisher
20:08:12:236  WARN 24332 --- [item-service] [Thread-1] c.a.n.common.executor.ThreadPoolManager  : [ThreadPoolManager] Start destroying ThreadPool
20:08:12:236  WARN 24332 --- [item-service] [Thread-6] c.a.n.common.http.HttpClientBeanHolder   : [HttpClientBeanHolder] Start destroying common HttpClient
20:08:12:236  WARN 24332 --- [item-service] [Thread-8] c.a.nacos.common.notify.NotifyCenter     : [NotifyCenter] Destruction of the end
20:08:12:236  WARN 24332 --- [item-service] [Thread-1] c.a.n.common.executor.ThreadPoolManager  : [ThreadPoolManager] Destruction of the end
20:08:12:236  WARN 24332 --- [item-service] [Thread-6] c.a.n.common.http.HttpClientBeanHolder   : [HttpClientBeanHolder] Destruction of the end
20:08:12:237  INFO 24332 --- [item-service] [SpringApplicationShutdownHook] c.a.c.n.registry.NacosServiceRegistry    : De-registering from Nacos Server now...
20:08:12:240  INFO 24332 --- [item-service] [SpringApplicationShutdownHook] c.a.c.n.registry.NacosServiceRegistry    : De-registration finished.
20:08:19:549  INFO 15804 --- [item-service] [main] com.george.item.ItemApplication          : Starting ItemApplication using Java 21.0.11 with PID 15804 (E:\hmall\hm-item\item-service\target\classes started by lindu in E:\hmall)
20:08:19:550 DEBUG 15804 --- [item-service] [main] com.george.item.ItemApplication          : Running with Spring Boot v3.3.6, Spring v6.1.15
20:08:19:551  INFO 15804 --- [item-service] [main] com.george.item.ItemApplication          : The following 1 profile is active: "local"
20:08:19:595  INFO 15804 --- [item-service] [main] c.a.c.n.c.NacosConfigDataLoader          : [Nacos Config] Load config[dataId=log.yaml, group=DEFAULT_GROUP] success
20:08:19:596  INFO 15804 --- [item-service] [main] c.a.c.n.c.NacosConfigDataLoader          : [Nacos Config] Load config[dataId=jdbc.yaml, group=DEFAULT_GROUP] success
20:08:20:294  INFO 15804 --- [item-service] [main] o.s.cloud.context.scope.GenericScope     : BeanFactory id=cc1689f0-9a86-3bbe-8a86-567f11406662
20:08:20:456  WARN 15804 --- [item-service] [main] trationDelegate$BeanPostProcessorChecker : Bean 'org.springframework.cloud.client.loadbalancer.LoadBalancerAutoConfiguration$DeferringLoadBalancerInterceptorConfig' of type [org.springframework.cloud.client.loadbalancer.LoadBalancerAutoConfiguration$DeferringLoadBalancerInterceptorConfig] is not eligible for getting processed by all BeanPostProcessors (for example: not eligible for auto-proxying). The currently created BeanPostProcessor [lbRestClientPostProcessor] is declared through a non-static factory method on that class; consider declaring it as static instead.
20:08:20:457  WARN 15804 --- [item-service] [main] trationDelegate$BeanPostProcessorChecker : Bean 'deferringLoadBalancerInterceptor' of type [org.springframework.cloud.client.loadbalancer.DeferringLoadBalancerInterceptor] is not eligible for getting processed by all BeanPostProcessors (for example: not eligible for auto-proxying). Is this bean getting eagerly injected/applied to a currently created BeanPostProcessor [lbRestClientPostProcessor]? Check the corresponding BeanPostProcessor declaration and its dependencies/advisors. If this bean does not have to be post-processed, declare it with ROLE_INFRASTRUCTURE.
20:08:20:699  INFO 15804 --- [item-service] [main] o.s.b.w.embedded.tomcat.TomcatWebServer  : Tomcat initialized with port 9001 (http)
20:08:20:712  INFO 15804 --- [item-service] [main] o.apache.catalina.core.StandardService   : Starting service [Tomcat]
20:08:20:713  INFO 15804 --- [item-service] [main] o.apache.catalina.core.StandardEngine    : Starting Servlet engine: [Apache Tomcat/10.1.33]
20:08:20:779  INFO 15804 --- [item-service] [main] o.a.c.c.C.[Tomcat].[localhost].[/]       : Initializing Spring embedded WebApplicationContext
20:08:20:780  INFO 15804 --- [item-service] [main] w.s.c.ServletWebServerApplicationContext : Root WebApplicationContext: initialization completed in 1182 ms
20:08:21:354  INFO 15804 --- [item-service] [main] m.e.s.MybatisPlusApplicationContextAware : Register ApplicationContext instances org.springframework.boot.web.servlet.context.AnnotationConfigServletWebServerApplicationContext@764cba
20:08:21:526  INFO 15804 --- [item-service] [main] o.s.b.w.embedded.tomcat.TomcatWebServer  : Tomcat started on port 9001 (http) with context path '/'
20:08:21:541  INFO 15804 --- [item-service] [main] c.a.n.p.a.s.c.ClientAuthPluginManager    : [ClientAuthPluginManager] Load ClientAuthService com.alibaba.nacos.client.auth.impl.NacosClientAuthServiceImpl success.
20:08:21:541  INFO 15804 --- [item-service] [main] c.a.n.p.a.s.c.ClientAuthPluginManager    : [ClientAuthPluginManager] Load ClientAuthService com.alibaba.nacos.client.auth.ram.RamClientAuthServiceImpl success.
20:08:21:574  INFO 15804 --- [item-service] [main] c.a.c.n.registry.NacosServiceRegistry    : nacos registry, DEFAULT_GROUP item-service 192.168.108.1:9001 register finished
20:08:21:585  INFO 15804 --- [item-service] [main] com.george.item.ItemApplication          : Started ItemApplication in 3.495 seconds (process running for 4.031)
20:08:21:601  INFO 15804 --- [item-service] [main] c.a.c.n.refresh.NacosContextRefresher    : [Nacos Config] Listening config: dataId=jdbc.yaml, group=DEFAULT_GROUP
20:08:21:603  INFO 15804 --- [item-service] [main] c.a.c.n.refresh.NacosContextRefresher    : [Nacos Config] Listening config: dataId=log.yaml, group=DEFAULT_GROUP
20:08:25:390  WARN 20496 --- [item-service] [Thread-8] c.a.nacos.common.notify.NotifyCenter     : [NotifyCenter] Start destroying Publisher
20:08:25:390  WARN 20496 --- [item-service] [Thread-6] c.a.n.common.http.HttpClientBeanHolder   : [HttpClientBeanHolder] Start destroying common HttpClient
20:08:25:390  WARN 20496 --- [item-service] [Thread-1] c.a.n.common.executor.ThreadPoolManager  : [ThreadPoolManager] Start destroying ThreadPool
20:08:25:391  WARN 20496 --- [item-service] [Thread-8] c.a.nacos.common.notify.NotifyCenter     : [NotifyCenter] Destruction of the end
20:08:25:391  WARN 20496 --- [item-service] [Thread-1] c.a.n.common.executor.ThreadPoolManager  : [ThreadPoolManager] Destruction of the end
20:08:25:391  WARN 20496 --- [item-service] [Thread-6] c.a.n.common.http.HttpClientBeanHolder   : [HttpClientBeanHolder] Destruction of the end
20:08:25:392  INFO 20496 --- [item-service] [SpringApplicationShutdownHook] c.a.c.n.registry.NacosServiceRegistry    : De-registering from Nacos Server now...
20:08:25:396  INFO 20496 --- [item-service] [SpringApplicationShutdownHook] c.a.c.n.registry.NacosServiceRegistry    : De-registration finished.
20:08:30:050  INFO 22464 --- [item-service] [main] com.george.item.ItemApplication          : Starting ItemApplication using Java 21.0.11 with PID 22464 (E:\hmall\hm-item\item-service\target\classes started by lindu in E:\hmall)
20:08:30:051 DEBUG 22464 --- [item-service] [main] com.george.item.ItemApplication          : Running with Spring Boot v3.3.6, Spring v6.1.15
20:08:30:052  INFO 22464 --- [item-service] [main] com.george.item.ItemApplication          : The following 1 profile is active: "local"
20:08:30:093  INFO 22464 --- [item-service] [main] c.a.c.n.c.NacosConfigDataLoader          : [Nacos Config] Load config[dataId=log.yaml, group=DEFAULT_GROUP] success
20:08:30:093  INFO 22464 --- [item-service] [main] c.a.c.n.c.NacosConfigDataLoader          : [Nacos Config] Load config[dataId=jdbc.yaml, group=DEFAULT_GROUP] success
20:08:30:796  INFO 22464 --- [item-service] [main] o.s.cloud.context.scope.GenericScope     : BeanFactory id=cc1689f0-9a86-3bbe-8a86-567f11406662
20:08:30:963  WARN 22464 --- [item-service] [main] trationDelegate$BeanPostProcessorChecker : Bean 'org.springframework.cloud.client.loadbalancer.LoadBalancerAutoConfiguration$DeferringLoadBalancerInterceptorConfig' of type [org.springframework.cloud.client.loadbalancer.LoadBalancerAutoConfiguration$DeferringLoadBalancerInterceptorConfig] is not eligible for getting processed by all BeanPostProcessors (for example: not eligible for auto-proxying). The currently created BeanPostProcessor [lbRestClientPostProcessor] is declared through a non-static factory method on that class; consider declaring it as static instead.
20:08:30:965  WARN 22464 --- [item-service] [main] trationDelegate$BeanPostProcessorChecker : Bean 'deferringLoadBalancerInterceptor' of type [org.springframework.cloud.client.loadbalancer.DeferringLoadBalancerInterceptor] is not eligible for getting processed by all BeanPostProcessors (for example: not eligible for auto-proxying). Is this bean getting eagerly injected/applied to a currently created BeanPostProcessor [lbRestClientPostProcessor]? Check the corresponding BeanPostProcessor declaration and its dependencies/advisors. If this bean does not have to be post-processed, declare it with ROLE_INFRASTRUCTURE.
20:08:31:173  INFO 22464 --- [item-service] [main] o.s.b.w.embedded.tomcat.TomcatWebServer  : Tomcat initialized with port 9004 (http)
20:08:31:186  INFO 22464 --- [item-service] [main] o.apache.catalina.core.StandardService   : Starting service [Tomcat]
20:08:31:186  INFO 22464 --- [item-service] [main] o.apache.catalina.core.StandardEngine    : Starting Servlet engine: [Apache Tomcat/10.1.33]
20:08:31:266  INFO 22464 --- [item-service] [main] o.a.c.c.C.[Tomcat].[localhost].[/]       : Initializing Spring embedded WebApplicationContext
20:08:31:266  INFO 22464 --- [item-service] [main] w.s.c.ServletWebServerApplicationContext : Root WebApplicationContext: initialization completed in 1171 ms
20:08:31:831  INFO 22464 --- [item-service] [main] m.e.s.MybatisPlusApplicationContextAware : Register ApplicationContext instances org.springframework.boot.web.servlet.context.AnnotationConfigServletWebServerApplicationContext@fabb651
20:08:31:992  INFO 22464 --- [item-service] [main] o.s.b.w.embedded.tomcat.TomcatWebServer  : Tomcat started on port 9004 (http) with context path '/'
20:08:32:005  INFO 22464 --- [item-service] [main] c.a.n.p.a.s.c.ClientAuthPluginManager    : [ClientAuthPluginManager] Load ClientAuthService com.alibaba.nacos.client.auth.impl.NacosClientAuthServiceImpl success.
20:08:32:005  INFO 22464 --- [item-service] [main] c.a.n.p.a.s.c.ClientAuthPluginManager    : [ClientAuthPluginManager] Load ClientAuthService com.alibaba.nacos.client.auth.ram.RamClientAuthServiceImpl success.
20:08:32:032  INFO 22464 --- [item-service] [main] c.a.c.n.registry.NacosServiceRegistry    : nacos registry, DEFAULT_GROUP item-service 192.168.108.1:9004 register finished
20:08:32:041  INFO 22464 --- [item-service] [main] com.george.item.ItemApplication          : Started ItemApplication in 3.482 seconds (process running for 4.06)
20:08:32:056  INFO 22464 --- [item-service] [main] c.a.c.n.refresh.NacosContextRefresher    : [Nacos Config] Listening config: dataId=jdbc.yaml, group=DEFAULT_GROUP
20:08:32:058  INFO 22464 --- [item-service] [main] c.a.c.n.refresh.NacosContextRefresher    : [Nacos Config] Listening config: dataId=log.yaml, group=DEFAULT_GROUP
20:30:24:999  INFO 22464 --- [item-service] [nacos.client.config.listener.task-0] c.a.c.n.refresh.NacosContextRefresher    : [Nacos Config] Receive Nacos config change: dataId=jdbc.yaml, group=DEFAULT_GROUP
20:30:25:114  WARN 22464 --- [item-service] [nacos.client.config.listener.task-0] c.a.c.n.c.NacosConfigDataLoader          : [Nacos Config] config[dataId=log.yaml, group=DEFAULT_GROUP] is empty
20:30:25:169  WARN 22464 --- [item-service] [nacos.client.config.listener.task-0] c.a.c.n.c.NacosConfigDataLoader          : [Nacos Config] config[dataId=jdbc.yaml, group=DEFAULT_GROUP] is empty
20:30:25:304  INFO 22464 --- [item-service] [nacos.client.config.listener.task-0] o.s.c.e.event.RefreshEventListener       : Refresh keys changed: []
20:30:25:316  INFO 22464 --- [item-service] [nacos.client.config.listener.task-0] c.a.c.n.refresh.NacosContextRefresher    : [Nacos Config] Receive Nacos config change: dataId=log.yaml, group=DEFAULT_GROUP
20:30:25:543  WARN 22464 --- [item-service] [nacos.client.config.listener.task-0] c.a.c.n.c.NacosConfigDataLoader          : [Nacos Config] config[dataId=log.yaml, group=DEFAULT_GROUP] is empty
20:30:25:554  WARN 22464 --- [item-service] [nacos.client.config.listener.task-0] c.a.c.n.c.NacosConfigDataLoader          : [Nacos Config] config[dataId=jdbc.yaml, group=DEFAULT_GROUP] is empty
20:30:25:625  INFO 22464 --- [item-service] [nacos.client.config.listener.task-0] o.s.c.e.event.RefreshEventListener       : Refresh keys changed: []
20:30:25:857  INFO 15804 --- [item-service] [nacos.client.config.listener.task-0] c.a.c.n.refresh.NacosContextRefresher    : [Nacos Config] Receive Nacos config change: dataId=jdbc.yaml, group=DEFAULT_GROUP
20:30:25:907  WARN 15804 --- [item-service] [nacos.client.config.listener.task-0] c.a.c.n.c.NacosConfigDataLoader          : [Nacos Config] config[dataId=log.yaml, group=DEFAULT_GROUP] is empty
20:30:26:064  WARN 15804 --- [item-service] [nacos.client.config.listener.task-0] c.a.c.n.c.NacosConfigDataLoader          : [Nacos Config] config[dataId=jdbc.yaml, group=DEFAULT_GROUP] is empty
20:30:26:137  INFO 15804 --- [item-service] [nacos.client.config.listener.task-0] o.s.c.e.event.RefreshEventListener       : Refresh keys changed: []
20:30:26:144  INFO 15804 --- [item-service] [nacos.client.config.listener.task-0] c.a.c.n.refresh.NacosContextRefresher    : [Nacos Config] Receive Nacos config change: dataId=log.yaml, group=DEFAULT_GROUP
20:30:26:309  WARN 15804 --- [item-service] [nacos.client.config.listener.task-0] c.a.c.n.c.NacosConfigDataLoader          : [Nacos Config] config[dataId=log.yaml, group=DEFAULT_GROUP] is empty
20:30:26:338  WARN 15804 --- [item-service] [nacos.client.config.listener.task-0] c.a.c.n.c.NacosConfigDataLoader          : [Nacos Config] config[dataId=jdbc.yaml, group=DEFAULT_GROUP] is empty
20:30:26:389  INFO 15804 --- [item-service] [nacos.client.config.listener.task-0] o.s.c.e.event.RefreshEventListener       : Refresh keys changed: []
20:41:58:440  INFO 22464 --- [item-service] [nacos.client.config.listener.task-0] c.a.c.n.refresh.NacosContextRefresher    : [Nacos Config] Receive Nacos config change: dataId=jdbc.yaml, group=DEFAULT_GROUP
20:41:58:441  INFO 15804 --- [item-service] [nacos.client.config.listener.task-0] c.a.c.n.refresh.NacosContextRefresher    : [Nacos Config] Receive Nacos config change: dataId=jdbc.yaml, group=DEFAULT_GROUP
20:41:58:523  WARN 15804 --- [item-service] [nacos.client.config.listener.task-0] c.a.c.n.c.NacosConfigDataLoader          : [Nacos Config] config[dataId=log.yaml, group=DEFAULT_GROUP] is empty
20:41:58:523  WARN 22464 --- [item-service] [nacos.client.config.listener.task-0] c.a.c.n.c.NacosConfigDataLoader          : [Nacos Config] config[dataId=log.yaml, group=DEFAULT_GROUP] is empty
20:41:58:623  INFO 22464 --- [item-service] [nacos.client.config.listener.task-0] c.a.c.n.c.NacosConfigDataLoader          : [Nacos Config] Load config[dataId=jdbc.yaml, group=DEFAULT_GROUP] success
20:41:58:631  INFO 15804 --- [item-service] [nacos.client.config.listener.task-0] c.a.c.n.c.NacosConfigDataLoader          : [Nacos Config] Load config[dataId=jdbc.yaml, group=DEFAULT_GROUP] success
20:41:58:709  INFO 22464 --- [item-service] [nacos.client.config.listener.task-0] o.s.c.e.event.RefreshEventListener       : Refresh keys changed: [spring.datasource.url]
20:41:58:717  INFO 15804 --- [item-service] [nacos.client.config.listener.task-0] o.s.c.e.event.RefreshEventListener       : Refresh keys changed: [spring.datasource.url]
20:43:00:153  INFO 15804 --- [item-service] [nacos.client.config.listener.task-0] c.a.c.n.refresh.NacosContextRefresher    : [Nacos Config] Receive Nacos config change: dataId=log.yaml, group=DEFAULT_GROUP
20:43:00:154  INFO 22464 --- [item-service] [nacos.client.config.listener.task-0] c.a.c.n.refresh.NacosContextRefresher    : [Nacos Config] Receive Nacos config change: dataId=log.yaml, group=DEFAULT_GROUP
20:43:00:352  INFO 15804 --- [item-service] [nacos.client.config.listener.task-0] c.a.c.n.c.NacosConfigDataLoader          : [Nacos Config] Load config[dataId=log.yaml, group=DEFAULT_GROUP] success
20:43:00:359  INFO 15804 --- [item-service] [nacos.client.config.listener.task-0] c.a.c.n.c.NacosConfigDataLoader          : [Nacos Config] Load config[dataId=jdbc.yaml, group=DEFAULT_GROUP] success
20:43:00:370  INFO 22464 --- [item-service] [nacos.client.config.listener.task-0] c.a.c.n.c.NacosConfigDataLoader          : [Nacos Config] Load config[dataId=log.yaml, group=DEFAULT_GROUP] success
20:43:00:377  INFO 22464 --- [item-service] [nacos.client.config.listener.task-0] c.a.c.n.c.NacosConfigDataLoader          : [Nacos Config] Load config[dataId=jdbc.yaml, group=DEFAULT_GROUP] success
20:43:00:452  INFO 15804 --- [item-service] [nacos.client.config.listener.task-0] o.s.c.e.event.RefreshEventListener       : Refresh keys changed: []
20:43:00:470  INFO 22464 --- [item-service] [nacos.client.config.listener.task-0] o.s.c.e.event.RefreshEventListener       : Refresh keys changed: []
20:45:27:644  INFO 15804 --- [item-service] [nacos.client.config.listener.task-0] c.a.c.n.refresh.NacosContextRefresher    : [Nacos Config] Receive Nacos config change: dataId=jdbc.yaml, group=DEFAULT_GROUP
20:45:27:645  INFO 22464 --- [item-service] [nacos.client.config.listener.task-0] c.a.c.n.refresh.NacosContextRefresher    : [Nacos Config] Receive Nacos config change: dataId=jdbc.yaml, group=DEFAULT_GROUP
20:45:27:700  INFO 15804 --- [item-service] [nacos.client.config.listener.task-0] c.a.c.n.c.NacosConfigDataLoader          : [Nacos Config] Load config[dataId=log.yaml, group=DEFAULT_GROUP] success
20:45:27:707  INFO 22464 --- [item-service] [nacos.client.config.listener.task-0] c.a.c.n.c.NacosConfigDataLoader          : [Nacos Config] Load config[dataId=log.yaml, group=DEFAULT_GROUP] success
20:45:27:842  INFO 15804 --- [item-service] [nacos.client.config.listener.task-0] c.a.c.n.c.NacosConfigDataLoader          : [Nacos Config] Load config[dataId=jdbc.yaml, group=DEFAULT_GROUP] success
20:45:27:846  INFO 22464 --- [item-service] [nacos.client.config.listener.task-0] c.a.c.n.c.NacosConfigDataLoader          : [Nacos Config] Load config[dataId=jdbc.yaml, group=DEFAULT_GROUP] success
20:45:27:921  INFO 15804 --- [item-service] [nacos.client.config.listener.task-0] o.s.c.e.event.RefreshEventListener       : Refresh keys changed: [spring.datasource.url]
20:45:27:925  INFO 22464 --- [item-service] [nacos.client.config.listener.task-0] o.s.c.e.event.RefreshEventListener       : Refresh keys changed: [spring.datasource.url]
20:56:43:975  WARN 22464 --- [item-service] [Thread-6] c.a.n.common.http.HttpClientBeanHolder   : [HttpClientBeanHolder] Start destroying common HttpClient
20:56:43:975  WARN 22464 --- [item-service] [Thread-8] c.a.nacos.common.notify.NotifyCenter     : [NotifyCenter] Start destroying Publisher
20:56:43:975  WARN 22464 --- [item-service] [Thread-1] c.a.n.common.executor.ThreadPoolManager  : [ThreadPoolManager] Start destroying ThreadPool
20:56:43:975  WARN 22464 --- [item-service] [Thread-1] c.a.n.common.executor.ThreadPoolManager  : [ThreadPoolManager] Destruction of the end
20:56:43:975  WARN 22464 --- [item-service] [Thread-8] c.a.nacos.common.notify.NotifyCenter     : [NotifyCenter] Destruction of the end
20:56:43:976  WARN 22464 --- [item-service] [Thread-6] c.a.n.common.http.HttpClientBeanHolder   : [HttpClientBeanHolder] Destruction of the end
20:56:43:977  INFO 22464 --- [item-service] [SpringApplicationShutdownHook] c.a.c.n.registry.NacosServiceRegistry    : De-registering from Nacos Server now...
20:56:43:981  INFO 22464 --- [item-service] [SpringApplicationShutdownHook] c.a.c.n.registry.NacosServiceRegistry    : De-registration finished.
20:56:48:332  INFO 3848 --- [item-service] [main] com.george.item.ItemApplication          : Starting ItemApplication using Java 21.0.11 with PID 3848 (E:\hmall\hm-item\item-service\target\classes started by lindu in E:\hmall)
20:56:48:332 DEBUG 3848 --- [item-service] [main] com.george.item.ItemApplication          : Running with Spring Boot v3.3.6, Spring v6.1.15
20:56:48:334  INFO 3848 --- [item-service] [main] com.george.item.ItemApplication          : The following 1 profile is active: "local"
20:56:48:375  INFO 3848 --- [item-service] [main] c.a.c.n.c.NacosConfigDataLoader          : [Nacos Config] Load config[dataId=log.yaml, group=DEFAULT_GROUP] success
20:56:48:375  INFO 3848 --- [item-service] [main] c.a.c.n.c.NacosConfigDataLoader          : [Nacos Config] Load config[dataId=jdbc.yaml, group=DEFAULT_GROUP] success
20:56:49:106  INFO 3848 --- [item-service] [main] o.s.cloud.context.scope.GenericScope     : BeanFactory id=cc1689f0-9a86-3bbe-8a86-567f11406662
20:56:49:271  WARN 3848 --- [item-service] [main] trationDelegate$BeanPostProcessorChecker : Bean 'org.springframework.cloud.client.loadbalancer.LoadBalancerAutoConfiguration$DeferringLoadBalancerInterceptorConfig' of type [org.springframework.cloud.client.loadbalancer.LoadBalancerAutoConfiguration$DeferringLoadBalancerInterceptorConfig] is not eligible for getting processed by all BeanPostProcessors (for example: not eligible for auto-proxying). The currently created BeanPostProcessor [lbRestClientPostProcessor] is declared through a non-static factory method on that class; consider declaring it as static instead.
20:56:49:272  WARN 3848 --- [item-service] [main] trationDelegate$BeanPostProcessorChecker : Bean 'deferringLoadBalancerInterceptor' of type [org.springframework.cloud.client.loadbalancer.DeferringLoadBalancerInterceptor] is not eligible for getting processed by all BeanPostProcessors (for example: not eligible for auto-proxying). Is this bean getting eagerly injected/applied to a currently created BeanPostProcessor [lbRestClientPostProcessor]? Check the corresponding BeanPostProcessor declaration and its dependencies/advisors. If this bean does not have to be post-processed, declare it with ROLE_INFRASTRUCTURE.
20:56:49:485  INFO 3848 --- [item-service] [main] o.s.b.w.embedded.tomcat.TomcatWebServer  : Tomcat initialized with port 9004 (http)
20:56:49:499  INFO 3848 --- [item-service] [main] o.apache.catalina.core.StandardService   : Starting service [Tomcat]
20:56:49:499  INFO 3848 --- [item-service] [main] o.apache.catalina.core.StandardEngine    : Starting Servlet engine: [Apache Tomcat/10.1.33]
20:56:49:566  INFO 3848 --- [item-service] [main] o.a.c.c.C.[Tomcat].[localhost].[/]       : Initializing Spring embedded WebApplicationContext
20:56:49:567  INFO 3848 --- [item-service] [main] w.s.c.ServletWebServerApplicationContext : Root WebApplicationContext: initialization completed in 1190 ms
20:56:50:163  INFO 3848 --- [item-service] [main] m.e.s.MybatisPlusApplicationContextAware : Register ApplicationContext instances org.springframework.boot.web.servlet.context.AnnotationConfigServletWebServerApplicationContext@12968227
20:56:50:326  INFO 3848 --- [item-service] [main] o.s.b.w.embedded.tomcat.TomcatWebServer  : Tomcat started on port 9004 (http) with context path '/'
20:56:50:341  INFO 3848 --- [item-service] [main] c.a.n.p.a.s.c.ClientAuthPluginManager    : [ClientAuthPluginManager] Load ClientAuthService com.alibaba.nacos.client.auth.impl.NacosClientAuthServiceImpl success.
20:56:50:341  INFO 3848 --- [item-service] [main] c.a.n.p.a.s.c.ClientAuthPluginManager    : [ClientAuthPluginManager] Load ClientAuthService com.alibaba.nacos.client.auth.ram.RamClientAuthServiceImpl success.
20:56:50:369  INFO 3848 --- [item-service] [main] c.a.c.n.registry.NacosServiceRegistry    : nacos registry, DEFAULT_GROUP item-service 192.168.108.1:9004 register finished
20:56:50:378  INFO 3848 --- [item-service] [main] com.george.item.ItemApplication          : Started ItemApplication in 3.563 seconds (process running for 4.262)
20:56:50:394  INFO 3848 --- [item-service] [main] c.a.c.n.refresh.NacosContextRefresher    : [Nacos Config] Listening config: dataId=jdbc.yaml, group=DEFAULT_GROUP
20:56:50:396  INFO 3848 --- [item-service] [main] c.a.c.n.refresh.NacosContextRefresher    : [Nacos Config] Listening config: dataId=log.yaml, group=DEFAULT_GROUP
20:57:16:069  WARN 15804 --- [item-service] [Thread-6] c.a.n.common.http.HttpClientBeanHolder   : [HttpClientBeanHolder] Start destroying common HttpClient
20:57:16:069  WARN 15804 --- [item-service] [Thread-8] c.a.nacos.common.notify.NotifyCenter     : [NotifyCenter] Start destroying Publisher
20:57:16:069  WARN 15804 --- [item-service] [Thread-1] c.a.n.common.executor.ThreadPoolManager  : [ThreadPoolManager] Start destroying ThreadPool
20:57:16:069  WARN 15804 --- [item-service] [Thread-8] c.a.nacos.common.notify.NotifyCenter     : [NotifyCenter] Destruction of the end
20:57:16:070  WARN 15804 --- [item-service] [Thread-1] c.a.n.common.executor.ThreadPoolManager  : [ThreadPoolManager] Destruction of the end
20:57:16:071  WARN 15804 --- [item-service] [Thread-6] c.a.n.common.http.HttpClientBeanHolder   : [HttpClientBeanHolder] Destruction of the end
20:57:16:072  INFO 15804 --- [item-service] [SpringApplicationShutdownHook] c.a.c.n.registry.NacosServiceRegistry    : De-registering from Nacos Server now...
20:57:16:076  INFO 15804 --- [item-service] [SpringApplicationShutdownHook] c.a.c.n.registry.NacosServiceRegistry    : De-registration finished.
20:57:19:959  INFO 23252 --- [item-service] [main] com.george.item.ItemApplication          : Starting ItemApplication using Java 21.0.11 with PID 23252 (E:\hmall\hm-item\item-service\target\classes started by lindu in E:\hmall)
20:57:19:960 DEBUG 23252 --- [item-service] [main] com.george.item.ItemApplication          : Running with Spring Boot v3.3.6, Spring v6.1.15
20:57:19:960  INFO 23252 --- [item-service] [main] com.george.item.ItemApplication          : The following 1 profile is active: "local"
20:57:20:007  INFO 23252 --- [item-service] [main] c.a.c.n.c.NacosConfigDataLoader          : [Nacos Config] Load config[dataId=log.yaml, group=DEFAULT_GROUP] success
20:57:20:007  INFO 23252 --- [item-service] [main] c.a.c.n.c.NacosConfigDataLoader          : [Nacos Config] Load config[dataId=jdbc.yaml, group=DEFAULT_GROUP] success
20:57:20:764  INFO 23252 --- [item-service] [main] o.s.cloud.context.scope.GenericScope     : BeanFactory id=cc1689f0-9a86-3bbe-8a86-567f11406662
20:57:20:933  WARN 23252 --- [item-service] [main] trationDelegate$BeanPostProcessorChecker : Bean 'org.springframework.cloud.client.loadbalancer.LoadBalancerAutoConfiguration$DeferringLoadBalancerInterceptorConfig' of type [org.springframework.cloud.client.loadbalancer.LoadBalancerAutoConfiguration$DeferringLoadBalancerInterceptorConfig] is not eligible for getting processed by all BeanPostProcessors (for example: not eligible for auto-proxying). The currently created BeanPostProcessor [lbRestClientPostProcessor] is declared through a non-static factory method on that class; consider declaring it as static instead.
20:57:20:934  WARN 23252 --- [item-service] [main] trationDelegate$BeanPostProcessorChecker : Bean 'deferringLoadBalancerInterceptor' of type [org.springframework.cloud.client.loadbalancer.DeferringLoadBalancerInterceptor] is not eligible for getting processed by all BeanPostProcessors (for example: not eligible for auto-proxying). Is this bean getting eagerly injected/applied to a currently created BeanPostProcessor [lbRestClientPostProcessor]? Check the corresponding BeanPostProcessor declaration and its dependencies/advisors. If this bean does not have to be post-processed, declare it with ROLE_INFRASTRUCTURE.
20:57:21:148  INFO 23252 --- [item-service] [main] o.s.b.w.embedded.tomcat.TomcatWebServer  : Tomcat initialized with port 9001 (http)
20:57:21:161  INFO 23252 --- [item-service] [main] o.apache.catalina.core.StandardService   : Starting service [Tomcat]
20:57:21:162  INFO 23252 --- [item-service] [main] o.apache.catalina.core.StandardEngine    : Starting Servlet engine: [Apache Tomcat/10.1.33]
20:57:21:226  INFO 23252 --- [item-service] [main] o.a.c.c.C.[Tomcat].[localhost].[/]       : Initializing Spring embedded WebApplicationContext
20:57:21:227  INFO 23252 --- [item-service] [main] w.s.c.ServletWebServerApplicationContext : Root WebApplicationContext: initialization completed in 1217 ms
20:57:21:809  INFO 23252 --- [item-service] [main] m.e.s.MybatisPlusApplicationContextAware : Register ApplicationContext instances org.springframework.boot.web.servlet.context.AnnotationConfigServletWebServerApplicationContext@ad3324b
20:57:21:990  INFO 23252 --- [item-service] [main] o.s.b.w.embedded.tomcat.TomcatWebServer  : Tomcat started on port 9001 (http) with context path '/'
20:57:22:003  INFO 23252 --- [item-service] [main] c.a.n.p.a.s.c.ClientAuthPluginManager    : [ClientAuthPluginManager] Load ClientAuthService com.alibaba.nacos.client.auth.impl.NacosClientAuthServiceImpl success.
20:57:22:003  INFO 23252 --- [item-service] [main] c.a.n.p.a.s.c.ClientAuthPluginManager    : [ClientAuthPluginManager] Load ClientAuthService com.alibaba.nacos.client.auth.ram.RamClientAuthServiceImpl success.
20:57:22:034  INFO 23252 --- [item-service] [main] c.a.c.n.registry.NacosServiceRegistry    : nacos registry, DEFAULT_GROUP item-service 192.168.108.1:9001 register finished
20:57:22:045  INFO 23252 --- [item-service] [main] com.george.item.ItemApplication          : Started ItemApplication in 3.595 seconds (process running for 4.188)
20:57:22:059  INFO 23252 --- [item-service] [main] c.a.c.n.refresh.NacosContextRefresher    : [Nacos Config] Listening config: dataId=jdbc.yaml, group=DEFAULT_GROUP
20:57:22:061  INFO 23252 --- [item-service] [main] c.a.c.n.refresh.NacosContextRefresher    : [Nacos Config] Listening config: dataId=log.yaml, group=DEFAULT_GROUP
20:58:46:686  INFO 23252 --- [item-service] [http-nio-9001-exec-1] o.a.c.c.C.[Tomcat].[localhost].[/]       : Initializing Spring DispatcherServlet 'dispatcherServlet'
20:58:46:686  INFO 23252 --- [item-service] [http-nio-9001-exec-1] o.s.web.servlet.DispatcherServlet        : Initializing Servlet 'dispatcherServlet'
20:58:46:688  INFO 23252 --- [item-service] [http-nio-9001-exec-1] o.s.web.servlet.DispatcherServlet        : Completed initialization in 2 ms
20:58:46:880  INFO 23252 --- [item-service] [http-nio-9001-exec-1] com.zaxxer.hikari.HikariDataSource       : HikariPool-1 - Starting...
20:58:47:193  INFO 23252 --- [item-service] [http-nio-9001-exec-1] com.zaxxer.hikari.pool.HikariPool        : HikariPool-1 - Added connection com.mysql.cj.jdbc.ConnectionImpl@5a490993
20:58:47:195  INFO 23252 --- [item-service] [http-nio-9001-exec-1] com.zaxxer.hikari.HikariDataSource       : HikariPool-1 - Start completed.
20:58:47:201 DEBUG 23252 --- [item-service] [http-nio-9001-exec-1] c.g.i.m.ItemMapper.selectList_mpCount    : ==>  Preparing: SELECT COUNT(*) AS total FROM item WHERE (status = ?)
20:58:47:221 DEBUG 23252 --- [item-service] [http-nio-9001-exec-1] c.g.i.m.ItemMapper.selectList_mpCount    : ==> Parameters: 1(Integer)
20:58:47:416 DEBUG 23252 --- [item-service] [http-nio-9001-exec-1] c.g.i.m.ItemMapper.selectList_mpCount    : <==      Total: 1
20:58:47:427 DEBUG 23252 --- [item-service] [http-nio-9001-exec-1] c.g.item.mapper.ItemMapper.selectList    : ==>  Preparing: SELECT id, name, price, stock, image, category, brand, spec, sold, comment_count, isAD, status, create_time, update_time, creater, updater FROM item WHERE (status = ?) ORDER BY update_time DESC LIMIT ?
20:58:47:429 DEBUG 23252 --- [item-service] [http-nio-9001-exec-1] c.g.item.mapper.ItemMapper.selectList    : ==> Parameters: 1(Integer), 20(Long)
20:58:47:997 DEBUG 23252 --- [item-service] [http-nio-9001-exec-1] c.g.item.mapper.ItemMapper.selectList    : <==      Total: 20
21:03:30:557  INFO 3848 --- [item-service] [http-nio-9004-exec-1] o.a.c.c.C.[Tomcat].[localhost].[/]       : Initializing Spring DispatcherServlet 'dispatcherServlet'
21:03:30:557  INFO 3848 --- [item-service] [http-nio-9004-exec-1] o.s.web.servlet.DispatcherServlet        : Initializing Servlet 'dispatcherServlet'
21:03:30:559  INFO 3848 --- [item-service] [http-nio-9004-exec-1] o.s.web.servlet.DispatcherServlet        : Completed initialization in 1 ms
21:03:30:750  INFO 3848 --- [item-service] [http-nio-9004-exec-1] com.zaxxer.hikari.HikariDataSource       : HikariPool-1 - Starting...
21:03:31:036  INFO 3848 --- [item-service] [http-nio-9004-exec-1] com.zaxxer.hikari.pool.HikariPool        : HikariPool-1 - Added connection com.mysql.cj.jdbc.ConnectionImpl@7fdb464e
21:03:31:038  INFO 3848 --- [item-service] [http-nio-9004-exec-1] com.zaxxer.hikari.HikariDataSource       : HikariPool-1 - Start completed.
21:03:31:043 DEBUG 3848 --- [item-service] [http-nio-9004-exec-1] c.g.i.m.ItemMapper.selectList_mpCount    : ==>  Preparing: SELECT COUNT(*) AS total FROM item WHERE (status = ?)
21:03:31:062 DEBUG 3848 --- [item-service] [http-nio-9004-exec-1] c.g.i.m.ItemMapper.selectList_mpCount    : ==> Parameters: 1(Integer)
21:03:31:096 DEBUG 3848 --- [item-service] [http-nio-9004-exec-1] c.g.i.m.ItemMapper.selectList_mpCount    : <==      Total: 1
21:03:31:110 DEBUG 3848 --- [item-service] [http-nio-9004-exec-1] c.g.item.mapper.ItemMapper.selectList    : ==>  Preparing: SELECT id, name, price, stock, image, category, brand, spec, sold, comment_count, isAD, status, create_time, update_time, creater, updater FROM item WHERE (status = ?) ORDER BY update_time DESC LIMIT ?
21:03:31:111 DEBUG 3848 --- [item-service] [http-nio-9004-exec-1] c.g.item.mapper.ItemMapper.selectList    : ==> Parameters: 1(Integer), 20(Long)
21:03:31:227 DEBUG 3848 --- [item-service] [http-nio-9004-exec-1] c.g.item.mapper.ItemMapper.selectList    : <==      Total: 20
21:10:21:686 DEBUG 23252 --- [item-service] [http-nio-9001-exec-4] c.g.i.m.ItemMapper.selectList_mpCount    : ==>  Preparing: SELECT COUNT(*) AS total FROM item WHERE (status = ?)
21:10:21:687 DEBUG 23252 --- [item-service] [http-nio-9001-exec-4] c.g.i.m.ItemMapper.selectList_mpCount    : ==> Parameters: 1(Integer)
21:10:21:701 DEBUG 23252 --- [item-service] [http-nio-9001-exec-4] c.g.i.m.ItemMapper.selectList_mpCount    : <==      Total: 1
21:10:21:704 DEBUG 23252 --- [item-service] [http-nio-9001-exec-4] c.g.item.mapper.ItemMapper.selectList    : ==>  Preparing: SELECT id, name, price, stock, image, category, brand, spec, sold, comment_count, isAD, status, create_time, update_time, creater, updater FROM item WHERE (status = ?) ORDER BY update_time DESC LIMIT ?
21:10:21:704 DEBUG 23252 --- [item-service] [http-nio-9001-exec-4] c.g.item.mapper.ItemMapper.selectList    : ==> Parameters: 1(Integer), 20(Long)
21:10:21:817 DEBUG 23252 --- [item-service] [http-nio-9001-exec-4] c.g.item.mapper.ItemMapper.selectList    : <==      Total: 20
21:11:40:468 DEBUG 3848 --- [item-service] [http-nio-9004-exec-2] c.g.i.m.ItemMapper.selectList_mpCount    : ==>  Preparing: SELECT COUNT(*) AS total FROM item WHERE (status = ?)
21:11:40:469 DEBUG 3848 --- [item-service] [http-nio-9004-exec-2] c.g.i.m.ItemMapper.selectList_mpCount    : ==> Parameters: 1(Integer)
21:11:40:489 DEBUG 3848 --- [item-service] [http-nio-9004-exec-2] c.g.i.m.ItemMapper.selectList_mpCount    : <==      Total: 1
21:11:40:492 DEBUG 3848 --- [item-service] [http-nio-9004-exec-2] c.g.item.mapper.ItemMapper.selectList    : ==>  Preparing: SELECT id, name, price, stock, image, category, brand, spec, sold, comment_count, isAD, status, create_time, update_time, creater, updater FROM item WHERE (status = ?) ORDER BY update_time DESC LIMIT ?
21:11:40:493 DEBUG 3848 --- [item-service] [http-nio-9004-exec-2] c.g.item.mapper.ItemMapper.selectList    : ==> Parameters: 1(Integer), 20(Long)
21:11:40:628 DEBUG 3848 --- [item-service] [http-nio-9004-exec-2] c.g.item.mapper.ItemMapper.selectList    : <==      Total: 20
21:11:41:022 DEBUG 23252 --- [item-service] [http-nio-9001-exec-5] c.g.i.m.ItemMapper.selectList_mpCount    : ==>  Preparing: SELECT COUNT(*) AS total FROM item WHERE (status = ?)
21:11:41:022 DEBUG 23252 --- [item-service] [http-nio-9001-exec-5] c.g.i.m.ItemMapper.selectList_mpCount    : ==> Parameters: 1(Integer)
21:11:41:035 DEBUG 23252 --- [item-service] [http-nio-9001-exec-5] c.g.i.m.ItemMapper.selectList_mpCount    : <==      Total: 1
21:11:41:038 DEBUG 23252 --- [item-service] [http-nio-9001-exec-5] c.g.item.mapper.ItemMapper.selectList    : ==>  Preparing: SELECT id, name, price, stock, image, category, brand, spec, sold, comment_count, isAD, status, create_time, update_time, creater, updater FROM item WHERE (status = ?) ORDER BY update_time DESC LIMIT ?
21:11:41:038 DEBUG 23252 --- [item-service] [http-nio-9001-exec-5] c.g.item.mapper.ItemMapper.selectList    : ==> Parameters: 1(Integer), 20(Long)
21:11:41:153 DEBUG 23252 --- [item-service] [http-nio-9001-exec-5] c.g.item.mapper.ItemMapper.selectList    : <==      Total: 20
21:11:41:598 DEBUG 3848 --- [item-service] [http-nio-9004-exec-4] c.g.i.m.ItemMapper.selectList_mpCount    : ==>  Preparing: SELECT COUNT(*) AS total FROM item WHERE (status = ?)
21:11:41:598 DEBUG 3848 --- [item-service] [http-nio-9004-exec-4] c.g.i.m.ItemMapper.selectList_mpCount    : ==> Parameters: 1(Integer)
21:11:41:612 DEBUG 3848 --- [item-service] [http-nio-9004-exec-4] c.g.i.m.ItemMapper.selectList_mpCount    : <==      Total: 1
21:11:41:615 DEBUG 3848 --- [item-service] [http-nio-9004-exec-4] c.g.item.mapper.ItemMapper.selectList    : ==>  Preparing: SELECT id, name, price, stock, image, category, brand, spec, sold, comment_count, isAD, status, create_time, update_time, creater, updater FROM item WHERE (status = ?) ORDER BY update_time DESC LIMIT ?
21:11:41:616 DEBUG 3848 --- [item-service] [http-nio-9004-exec-4] c.g.item.mapper.ItemMapper.selectList    : ==> Parameters: 1(Integer), 20(Long)
21:11:41:764 DEBUG 3848 --- [item-service] [http-nio-9004-exec-4] c.g.item.mapper.ItemMapper.selectList    : <==      Total: 20
21:11:45:456 DEBUG 23252 --- [item-service] [http-nio-9001-exec-6] c.g.i.m.ItemMapper.selectList_mpCount    : ==>  Preparing: SELECT COUNT(*) AS total FROM item WHERE (status = ?)
21:11:45:457 DEBUG 23252 --- [item-service] [http-nio-9001-exec-6] c.g.i.m.ItemMapper.selectList_mpCount    : ==> Parameters: 1(Integer)
21:11:45:483 DEBUG 23252 --- [item-service] [http-nio-9001-exec-6] c.g.i.m.ItemMapper.selectList_mpCount    : <==      Total: 1
21:11:45:489 DEBUG 23252 --- [item-service] [http-nio-9001-exec-6] c.g.item.mapper.ItemMapper.selectList    : ==>  Preparing: SELECT id, name, price, stock, image, category, brand, spec, sold, comment_count, isAD, status, create_time, update_time, creater, updater FROM item WHERE (status = ?) ORDER BY update_time DESC LIMIT ?
21:11:45:491 DEBUG 23252 --- [item-service] [http-nio-9001-exec-6] c.g.item.mapper.ItemMapper.selectList    : ==> Parameters: 1(Integer), 20(Long)
21:11:45:668 DEBUG 23252 --- [item-service] [http-nio-9001-exec-6] c.g.item.mapper.ItemMapper.selectList    : <==      Total: 20
21:14:37:713 DEBUG 3848 --- [item-service] [http-nio-9004-exec-6] c.g.i.m.ItemMapper.selectList_mpCount    : ==>  Preparing: SELECT COUNT(*) AS total FROM item WHERE (status = ?)
21:14:37:714 DEBUG 3848 --- [item-service] [http-nio-9004-exec-6] c.g.i.m.ItemMapper.selectList_mpCount    : ==> Parameters: 1(Integer)
21:14:37:729 DEBUG 3848 --- [item-service] [http-nio-9004-exec-6] c.g.i.m.ItemMapper.selectList_mpCount    : <==      Total: 1
21:14:37:734 DEBUG 3848 --- [item-service] [http-nio-9004-exec-6] c.g.item.mapper.ItemMapper.selectList    : ==>  Preparing: SELECT id, name, price, stock, image, category, brand, spec, sold, comment_count, isAD, status, create_time, update_time, creater, updater FROM item WHERE (status = ?) ORDER BY update_time DESC LIMIT ?
21:14:37:735 DEBUG 3848 --- [item-service] [http-nio-9004-exec-6] c.g.item.mapper.ItemMapper.selectList    : ==> Parameters: 1(Integer), 20(Long)
21:14:37:869 DEBUG 3848 --- [item-service] [http-nio-9004-exec-6] c.g.item.mapper.ItemMapper.selectList    : <==      Total: 20
21:17:27:347 DEBUG 23252 --- [item-service] [http-nio-9001-exec-8] c.g.i.m.ItemMapper.selectList_mpCount    : ==>  Preparing: SELECT COUNT(*) AS total FROM item WHERE (status = ?)
21:17:27:348 DEBUG 23252 --- [item-service] [http-nio-9001-exec-8] c.g.i.m.ItemMapper.selectList_mpCount    : ==> Parameters: 1(Integer)
21:17:27:367 DEBUG 23252 --- [item-service] [http-nio-9001-exec-8] c.g.i.m.ItemMapper.selectList_mpCount    : <==      Total: 1
21:17:27:369 DEBUG 23252 --- [item-service] [http-nio-9001-exec-8] c.g.item.mapper.ItemMapper.selectList    : ==>  Preparing: SELECT id, name, price, stock, image, category, brand, spec, sold, comment_count, isAD, status, create_time, update_time, creater, updater FROM item WHERE (status = ?) ORDER BY update_time DESC LIMIT ?
21:17:27:370 DEBUG 23252 --- [item-service] [http-nio-9001-exec-8] c.g.item.mapper.ItemMapper.selectList    : ==> Parameters: 1(Integer), 20(Long)
21:17:27:482 DEBUG 23252 --- [item-service] [http-nio-9001-exec-8] c.g.item.mapper.ItemMapper.selectList    : <==      Total: 20
21:17:30:530 DEBUG 23252 --- [item-service] [http-nio-9001-exec-7] c.g.item.mapper.ItemMapper.selectByIds   : ==>  Preparing: SELECT id,name,price,stock,image,category,brand,spec,sold,comment_count,isAD,status,create_time,update_time,creater,updater FROM item WHERE id IN ( ? )
21:17:30:531 DEBUG 23252 --- [item-service] [http-nio-9001-exec-7] c.g.item.mapper.ItemMapper.selectByIds   : ==> Parameters: 5001207(Long)
21:17:30:533 DEBUG 23252 --- [item-service] [http-nio-9001-exec-7] c.g.item.mapper.ItemMapper.selectByIds   : <==      Total: 1
21:17:36:967 DEBUG 3848 --- [item-service] [http-nio-9004-exec-8] c.g.item.mapper.ItemMapper.selectByIds   : ==>  Preparing: SELECT id,name,price,stock,image,category,brand,spec,sold,comment_count,isAD,status,create_time,update_time,creater,updater FROM item WHERE id IN ( ? )
21:17:36:968 DEBUG 3848 --- [item-service] [http-nio-9004-exec-8] c.g.item.mapper.ItemMapper.selectByIds   : ==> Parameters: 5001207(Long)
21:17:36:969 DEBUG 3848 --- [item-service] [http-nio-9004-exec-8] c.g.item.mapper.ItemMapper.selectByIds   : <==      Total: 1
21:17:38:152 DEBUG 23252 --- [item-service] [http-nio-9001-exec-10] c.g.item.mapper.ItemMapper.selectByIds   : ==>  Preparing: SELECT id,name,price,stock,image,category,brand,spec,sold,comment_count,isAD,status,create_time,update_time,creater,updater FROM item WHERE id IN ( ? )
21:17:38:152 DEBUG 23252 --- [item-service] [http-nio-9001-exec-10] c.g.item.mapper.ItemMapper.selectByIds   : ==> Parameters: 5001207(Long)
21:17:38:154 DEBUG 23252 --- [item-service] [http-nio-9001-exec-10] c.g.item.mapper.ItemMapper.selectByIds   : <==      Total: 1
21:17:40:379 DEBUG 3848 --- [item-service] [http-nio-9004-exec-9] c.g.item.mapper.ItemMapper.selectByIds   : ==>  Preparing: SELECT id,name,price,stock,image,category,brand,spec,sold,comment_count,isAD,status,create_time,update_time,creater,updater FROM item WHERE id IN ( ? )
21:17:40:380 DEBUG 3848 --- [item-service] [http-nio-9004-exec-9] c.g.item.mapper.ItemMapper.selectByIds   : ==> Parameters: 5001207(Long)
21:17:40:381 DEBUG 3848 --- [item-service] [http-nio-9004-exec-9] c.g.item.mapper.ItemMapper.selectByIds   : <==      Total: 1
21:17:40:695 DEBUG 23252 --- [item-service] [http-nio-9001-exec-1] c.g.item.mapper.ItemMapper.selectByIds   : ==>  Preparing: SELECT id,name,price,stock,image,category,brand,spec,sold,comment_count,isAD,status,create_time,update_time,creater,updater FROM item WHERE id IN ( ? )
21:17:40:696 DEBUG 23252 --- [item-service] [http-nio-9001-exec-1] c.g.item.mapper.ItemMapper.selectByIds   : ==> Parameters: 5001207(Long)
21:17:40:697 DEBUG 23252 --- [item-service] [http-nio-9001-exec-1] c.g.item.mapper.ItemMapper.selectByIds   : <==      Total: 1
21:17:57:842 DEBUG 3848 --- [item-service] [http-nio-9004-exec-10] c.g.item.mapper.ItemMapper.selectByIds   : ==>  Preparing: SELECT id,name,price,stock,image,category,brand,spec,sold,comment_count,isAD,status,create_time,update_time,creater,updater FROM item WHERE id IN ( ? )
21:17:57:842 DEBUG 3848 --- [item-service] [http-nio-9004-exec-10] c.g.item.mapper.ItemMapper.selectByIds   : ==> Parameters: 5001207(Long)
21:17:57:843 DEBUG 3848 --- [item-service] [http-nio-9004-exec-10] c.g.item.mapper.ItemMapper.selectByIds   : <==      Total: 1
21:30:59:619 DEBUG 23252 --- [item-service] [http-nio-9001-exec-3] c.g.item.mapper.ItemMapper.selectByIds   : ==>  Preparing: SELECT id,name,price,stock,image,category,brand,spec,sold,comment_count,isAD,status,create_time,update_time,creater,updater FROM item WHERE id IN ( ? )
21:30:59:619 DEBUG 23252 --- [item-service] [http-nio-9001-exec-3] c.g.item.mapper.ItemMapper.selectByIds   : ==> Parameters: 5001207(Long)
21:30:59:621 DEBUG 23252 --- [item-service] [http-nio-9001-exec-3] c.g.item.mapper.ItemMapper.selectByIds   : <==      Total: 1
21:31:05:266 DEBUG 23252 --- [item-service] [http-nio-9001-exec-5] c.g.item.mapper.ItemMapper.selectByIds   : ==>  Preparing: SELECT id,name,price,stock,image,category,brand,spec,sold,comment_count,isAD,status,create_time,update_time,creater,updater FROM item WHERE id IN ( ? )
21:31:05:267 DEBUG 23252 --- [item-service] [http-nio-9001-exec-5] c.g.item.mapper.ItemMapper.selectByIds   : ==> Parameters: 5001207(Long)
21:31:05:268 DEBUG 23252 --- [item-service] [http-nio-9001-exec-5] c.g.item.mapper.ItemMapper.selectByIds   : <==      Total: 1
21:31:12:267 DEBUG 3848 --- [item-service] [http-nio-9004-exec-3] c.g.item.mapper.ItemMapper.selectByIds   : ==>  Preparing: SELECT id,name,price,stock,image,category,brand,spec,sold,comment_count,isAD,status,create_time,update_time,creater,updater FROM item WHERE id IN ( ? )
21:31:12:267 DEBUG 3848 --- [item-service] [http-nio-9004-exec-3] c.g.item.mapper.ItemMapper.selectByIds   : ==> Parameters: 5001207(Long)
21:31:12:269 DEBUG 3848 --- [item-service] [http-nio-9004-exec-3] c.g.item.mapper.ItemMapper.selectByIds   : <==      Total: 1
21:35:59:024 DEBUG 23252 --- [item-service] [http-nio-9001-exec-8] c.g.item.mapper.ItemMapper.selectByIds   : ==>  Preparing: SELECT id,name,price,stock,image,category,brand,spec,sold,comment_count,isAD,status,create_time,update_time,creater,updater FROM item WHERE id IN ( ? )
21:35:59:025 DEBUG 23252 --- [item-service] [http-nio-9001-exec-8] c.g.item.mapper.ItemMapper.selectByIds   : ==> Parameters: 5001207(Long)
21:35:59:026 DEBUG 23252 --- [item-service] [http-nio-9001-exec-8] c.g.item.mapper.ItemMapper.selectByIds   : <==      Total: 1
21:39:41:435 DEBUG 23252 --- [item-service] [http-nio-9001-exec-10] c.g.item.mapper.ItemMapper.selectByIds   : ==>  Preparing: SELECT id,name,price,stock,image,category,brand,spec,sold,comment_count,isAD,status,create_time,update_time,creater,updater FROM item WHERE id IN ( ? )
21:39:41:435 DEBUG 23252 --- [item-service] [http-nio-9001-exec-10] c.g.item.mapper.ItemMapper.selectByIds   : ==> Parameters: 5001207(Long)
21:39:41:437 DEBUG 23252 --- [item-service] [http-nio-9001-exec-10] c.g.item.mapper.ItemMapper.selectByIds   : <==      Total: 1
21:39:45:164 DEBUG 3848 --- [item-service] [http-nio-9004-exec-4] c.g.item.mapper.ItemMapper.selectByIds   : ==>  Preparing: SELECT id,name,price,stock,image,category,brand,spec,sold,comment_count,isAD,status,create_time,update_time,creater,updater FROM item WHERE id IN ( ? )
21:39:45:164 DEBUG 3848 --- [item-service] [http-nio-9004-exec-4] c.g.item.mapper.ItemMapper.selectByIds   : ==> Parameters: 5001207(Long)
21:39:45:166 DEBUG 3848 --- [item-service] [http-nio-9004-exec-4] c.g.item.mapper.ItemMapper.selectByIds   : <==      Total: 1
21:43:14:950 DEBUG 23252 --- [item-service] [http-nio-9001-exec-2] c.g.item.mapper.ItemMapper.selectByIds   : ==>  Preparing: SELECT id,name,price,stock,image,category,brand,spec,sold,comment_count,isAD,status,create_time,update_time,creater,updater FROM item WHERE id IN ( ? )
21:43:14:950 DEBUG 23252 --- [item-service] [http-nio-9001-exec-2] c.g.item.mapper.ItemMapper.selectByIds   : ==> Parameters: 5001207(Long)
21:43:14:951 DEBUG 23252 --- [item-service] [http-nio-9001-exec-2] c.g.item.mapper.ItemMapper.selectByIds   : <==      Total: 1
21:44:23:758  INFO 3848 --- [item-service] [SpringApplicationShutdownHook] c.a.c.n.registry.NacosServiceRegistry    : De-registering from Nacos Server now...
21:44:23:767  WARN 3848 --- [item-service] [Thread-8] c.a.nacos.common.notify.NotifyCenter     : [NotifyCenter] Start destroying Publisher
21:44:23:767  WARN 3848 --- [item-service] [Thread-1] c.a.n.common.executor.ThreadPoolManager  : [ThreadPoolManager] Start destroying ThreadPool
21:44:23:767  WARN 3848 --- [item-service] [Thread-6] c.a.n.common.http.HttpClientBeanHolder   : [HttpClientBeanHolder] Start destroying common HttpClient
21:44:23:768  WARN 3848 --- [item-service] [Thread-8] c.a.nacos.common.notify.NotifyCenter     : [NotifyCenter] Destruction of the end
21:44:23:768  WARN 3848 --- [item-service] [Thread-1] c.a.n.common.executor.ThreadPoolManager  : [ThreadPoolManager] Destruction of the end
21:44:23:769  WARN 3848 --- [item-service] [Thread-6] c.a.n.common.http.HttpClientBeanHolder   : [HttpClientBeanHolder] Destruction of the end
21:44:23:774  INFO 3848 --- [item-service] [SpringApplicationShutdownHook] c.a.c.n.registry.NacosServiceRegistry    : De-registration finished.
21:44:23:832  WARN 23252 --- [item-service] [Thread-8] c.a.nacos.common.notify.NotifyCenter     : [NotifyCenter] Start destroying Publisher
21:44:23:831  WARN 23252 --- [item-service] [Thread-6] c.a.n.common.http.HttpClientBeanHolder   : [HttpClientBeanHolder] Start destroying common HttpClient
21:44:23:832  WARN 23252 --- [item-service] [Thread-1] c.a.n.common.executor.ThreadPoolManager  : [ThreadPoolManager] Start destroying ThreadPool
21:44:23:832  WARN 23252 --- [item-service] [Thread-8] c.a.nacos.common.notify.NotifyCenter     : [NotifyCenter] Destruction of the end
21:44:23:832  WARN 23252 --- [item-service] [Thread-1] c.a.n.common.executor.ThreadPoolManager  : [ThreadPoolManager] Destruction of the end
21:44:23:833  WARN 23252 --- [item-service] [Thread-6] c.a.n.common.http.HttpClientBeanHolder   : [HttpClientBeanHolder] Destruction of the end
21:44:23:834  INFO 23252 --- [item-service] [SpringApplicationShutdownHook] c.a.c.n.registry.NacosServiceRegistry    : De-registering from Nacos Server now...
21:44:23:842  INFO 23252 --- [item-service] [SpringApplicationShutdownHook] c.a.c.n.registry.NacosServiceRegistry    : De-registration finished.
21:52:44:297  INFO 23012 --- [item-service] [main] com.george.item.ItemApplication          : Starting ItemApplication using Java 21.0.11 with PID 23012 (E:\hmall\hm-item\item-service\target\classes started by lindu in E:\hmall)
21:52:44:298 DEBUG 23012 --- [item-service] [main] com.george.item.ItemApplication          : Running with Spring Boot v3.3.6, Spring v6.1.15
21:52:44:299  INFO 23012 --- [item-service] [main] com.george.item.ItemApplication          : The following 1 profile is active: "local"
21:52:44:346  INFO 23012 --- [item-service] [main] c.a.c.n.c.NacosConfigDataLoader          : [Nacos Config] Load config[dataId=log.yaml, group=DEFAULT_GROUP] success
21:52:44:346  INFO 23012 --- [item-service] [main] c.a.c.n.c.NacosConfigDataLoader          : [Nacos Config] Load config[dataId=jdbc.yaml, group=DEFAULT_GROUP] success
21:52:45:052  INFO 23012 --- [item-service] [main] o.s.cloud.context.scope.GenericScope     : BeanFactory id=cc1689f0-9a86-3bbe-8a86-567f11406662
21:52:45:210  WARN 23012 --- [item-service] [main] trationDelegate$BeanPostProcessorChecker : Bean 'org.springframework.cloud.client.loadbalancer.LoadBalancerAutoConfiguration$DeferringLoadBalancerInterceptorConfig' of type [org.springframework.cloud.client.loadbalancer.LoadBalancerAutoConfiguration$DeferringLoadBalancerInterceptorConfig] is not eligible for getting processed by all BeanPostProcessors (for example: not eligible for auto-proxying). The currently created BeanPostProcessor [lbRestClientPostProcessor] is declared through a non-static factory method on that class; consider declaring it as static instead.
21:52:45:213  WARN 23012 --- [item-service] [main] trationDelegate$BeanPostProcessorChecker : Bean 'deferringLoadBalancerInterceptor' of type [org.springframework.cloud.client.loadbalancer.DeferringLoadBalancerInterceptor] is not eligible for getting processed by all BeanPostProcessors (for example: not eligible for auto-proxying). Is this bean getting eagerly injected/applied to a currently created BeanPostProcessor [lbRestClientPostProcessor]? Check the corresponding BeanPostProcessor declaration and its dependencies/advisors. If this bean does not have to be post-processed, declare it with ROLE_INFRASTRUCTURE.
21:52:45:439  INFO 23012 --- [item-service] [main] o.s.b.w.embedded.tomcat.TomcatWebServer  : Tomcat initialized with port 9001 (http)
21:52:45:452  INFO 23012 --- [item-service] [main] o.apache.catalina.core.StandardService   : Starting service [Tomcat]
21:52:45:453  INFO 23012 --- [item-service] [main] o.apache.catalina.core.StandardEngine    : Starting Servlet engine: [Apache Tomcat/10.1.33]
21:52:45:519  INFO 23012 --- [item-service] [main] o.a.c.c.C.[Tomcat].[localhost].[/]       : Initializing Spring embedded WebApplicationContext
21:52:45:519  INFO 23012 --- [item-service] [main] w.s.c.ServletWebServerApplicationContext : Root WebApplicationContext: initialization completed in 1171 ms
21:52:46:073  INFO 23012 --- [item-service] [main] m.e.s.MybatisPlusApplicationContextAware : Register ApplicationContext instances org.springframework.boot.web.servlet.context.AnnotationConfigServletWebServerApplicationContext@53b8afea
21:52:46:227  INFO 23012 --- [item-service] [main] o.s.b.w.embedded.tomcat.TomcatWebServer  : Tomcat started on port 9001 (http) with context path '/'
21:52:46:241  INFO 23012 --- [item-service] [main] c.a.n.p.a.s.c.ClientAuthPluginManager    : [ClientAuthPluginManager] Load ClientAuthService com.alibaba.nacos.client.auth.impl.NacosClientAuthServiceImpl success.
21:52:46:241  INFO 23012 --- [item-service] [main] c.a.n.p.a.s.c.ClientAuthPluginManager    : [ClientAuthPluginManager] Load ClientAuthService com.alibaba.nacos.client.auth.ram.RamClientAuthServiceImpl success.
21:52:46:278  INFO 23012 --- [item-service] [main] c.a.c.n.registry.NacosServiceRegistry    : nacos registry, DEFAULT_GROUP item-service 192.168.108.1:9001 register finished
21:52:46:288  INFO 23012 --- [item-service] [main] com.george.item.ItemApplication          : Started ItemApplication in 3.479 seconds (process running for 4.008)
21:52:46:302  INFO 23012 --- [item-service] [main] c.a.c.n.refresh.NacosContextRefresher    : [Nacos Config] Listening config: dataId=jdbc.yaml, group=DEFAULT_GROUP
21:52:46:305  INFO 23012 --- [item-service] [main] c.a.c.n.refresh.NacosContextRefresher    : [Nacos Config] Listening config: dataId=log.yaml, group=DEFAULT_GROUP
21:52:52:179  INFO 23080 --- [item-service] [main] com.george.item.ItemApplication          : Starting ItemApplication using Java 21.0.11 with PID 23080 (E:\hmall\hm-item\item-service\target\classes started by lindu in E:\hmall)
21:52:52:179 DEBUG 23080 --- [item-service] [main] com.george.item.ItemApplication          : Running with Spring Boot v3.3.6, Spring v6.1.15
21:52:52:180  INFO 23080 --- [item-service] [main] com.george.item.ItemApplication          : The following 1 profile is active: "local"
21:52:52:227  INFO 23080 --- [item-service] [main] c.a.c.n.c.NacosConfigDataLoader          : [Nacos Config] Load config[dataId=log.yaml, group=DEFAULT_GROUP] success
21:52:52:228  INFO 23080 --- [item-service] [main] c.a.c.n.c.NacosConfigDataLoader          : [Nacos Config] Load config[dataId=jdbc.yaml, group=DEFAULT_GROUP] success
21:52:52:966  INFO 23080 --- [item-service] [main] o.s.cloud.context.scope.GenericScope     : BeanFactory id=cc1689f0-9a86-3bbe-8a86-567f11406662
21:52:53:128  WARN 23080 --- [item-service] [main] trationDelegate$BeanPostProcessorChecker : Bean 'org.springframework.cloud.client.loadbalancer.LoadBalancerAutoConfiguration$DeferringLoadBalancerInterceptorConfig' of type [org.springframework.cloud.client.loadbalancer.LoadBalancerAutoConfiguration$DeferringLoadBalancerInterceptorConfig] is not eligible for getting processed by all BeanPostProcessors (for example: not eligible for auto-proxying). The currently created BeanPostProcessor [lbRestClientPostProcessor] is declared through a non-static factory method on that class; consider declaring it as static instead.
21:52:53:130  WARN 23080 --- [item-service] [main] trationDelegate$BeanPostProcessorChecker : Bean 'deferringLoadBalancerInterceptor' of type [org.springframework.cloud.client.loadbalancer.DeferringLoadBalancerInterceptor] is not eligible for getting processed by all BeanPostProcessors (for example: not eligible for auto-proxying). Is this bean getting eagerly injected/applied to a currently created BeanPostProcessor [lbRestClientPostProcessor]? Check the corresponding BeanPostProcessor declaration and its dependencies/advisors. If this bean does not have to be post-processed, declare it with ROLE_INFRASTRUCTURE.
21:52:53:338  INFO 23080 --- [item-service] [main] o.s.b.w.embedded.tomcat.TomcatWebServer  : Tomcat initialized with port 9004 (http)
21:52:53:351  INFO 23080 --- [item-service] [main] o.apache.catalina.core.StandardService   : Starting service [Tomcat]
21:52:53:353  INFO 23080 --- [item-service] [main] o.apache.catalina.core.StandardEngine    : Starting Servlet engine: [Apache Tomcat/10.1.33]
21:52:53:432  INFO 23080 --- [item-service] [main] o.a.c.c.C.[Tomcat].[localhost].[/]       : Initializing Spring embedded WebApplicationContext
21:52:53:432  INFO 23080 --- [item-service] [main] w.s.c.ServletWebServerApplicationContext : Root WebApplicationContext: initialization completed in 1202 ms
21:52:54:010  INFO 23080 --- [item-service] [main] m.e.s.MybatisPlusApplicationContextAware : Register ApplicationContext instances org.springframework.boot.web.servlet.context.AnnotationConfigServletWebServerApplicationContext@53b8afea
21:52:54:191  INFO 23080 --- [item-service] [main] o.s.b.w.embedded.tomcat.TomcatWebServer  : Tomcat started on port 9004 (http) with context path '/'
21:52:54:205  INFO 23080 --- [item-service] [main] c.a.n.p.a.s.c.ClientAuthPluginManager    : [ClientAuthPluginManager] Load ClientAuthService com.alibaba.nacos.client.auth.impl.NacosClientAuthServiceImpl success.
21:52:54:206  INFO 23080 --- [item-service] [main] c.a.n.p.a.s.c.ClientAuthPluginManager    : [ClientAuthPluginManager] Load ClientAuthService com.alibaba.nacos.client.auth.ram.RamClientAuthServiceImpl success.
21:52:54:241  INFO 23080 --- [item-service] [main] c.a.c.n.registry.NacosServiceRegistry    : nacos registry, DEFAULT_GROUP item-service 192.168.108.1:9004 register finished
21:52:54:251  INFO 23080 --- [item-service] [main] com.george.item.ItemApplication          : Started ItemApplication in 3.565 seconds (process running for 4.09)
21:52:54:266  INFO 23080 --- [item-service] [main] c.a.c.n.refresh.NacosContextRefresher    : [Nacos Config] Listening config: dataId=jdbc.yaml, group=DEFAULT_GROUP
21:52:54:267  INFO 23080 --- [item-service] [main] c.a.c.n.refresh.NacosContextRefresher    : [Nacos Config] Listening config: dataId=log.yaml, group=DEFAULT_GROUP
21:53:49:782  INFO 23080 --- [item-service] [http-nio-9004-exec-1] o.a.c.c.C.[Tomcat].[localhost].[/]       : Initializing Spring DispatcherServlet 'dispatcherServlet'
21:53:49:782  INFO 23080 --- [item-service] [http-nio-9004-exec-1] o.s.web.servlet.DispatcherServlet        : Initializing Servlet 'dispatcherServlet'
21:53:49:783  INFO 23080 --- [item-service] [http-nio-9004-exec-1] o.s.web.servlet.DispatcherServlet        : Completed initialization in 1 ms
21:53:49:868  INFO 23080 --- [item-service] [http-nio-9004-exec-1] com.zaxxer.hikari.HikariDataSource       : HikariPool-1 - Starting...
21:53:50:134  INFO 23080 --- [item-service] [http-nio-9004-exec-1] com.zaxxer.hikari.pool.HikariPool        : HikariPool-1 - Added connection com.mysql.cj.jdbc.ConnectionImpl@26347e67
21:53:50:135  INFO 23080 --- [item-service] [http-nio-9004-exec-1] com.zaxxer.hikari.HikariDataSource       : HikariPool-1 - Start completed.
21:53:50:141 DEBUG 23080 --- [item-service] [http-nio-9004-exec-1] c.g.item.mapper.ItemMapper.selectByIds   : ==>  Preparing: SELECT id,name,price,stock,image,category,brand,spec,sold,comment_count,isAD,status,create_time,update_time,creater,updater FROM item WHERE id IN ( ? )
21:53:50:161 DEBUG 23080 --- [item-service] [http-nio-9004-exec-1] c.g.item.mapper.ItemMapper.selectByIds   : ==> Parameters: 5001207(Long)
21:53:50:185 DEBUG 23080 --- [item-service] [http-nio-9004-exec-1] c.g.item.mapper.ItemMapper.selectByIds   : <==      Total: 1
21:53:55:260  INFO 23012 --- [item-service] [http-nio-9001-exec-1] o.a.c.c.C.[Tomcat].[localhost].[/]       : Initializing Spring DispatcherServlet 'dispatcherServlet'
21:53:55:260  INFO 23012 --- [item-service] [http-nio-9001-exec-1] o.s.web.servlet.DispatcherServlet        : Initializing Servlet 'dispatcherServlet'
21:53:55:261  INFO 23012 --- [item-service] [http-nio-9001-exec-1] o.s.web.servlet.DispatcherServlet        : Completed initialization in 1 ms
21:53:55:354  INFO 23012 --- [item-service] [http-nio-9001-exec-1] com.zaxxer.hikari.HikariDataSource       : HikariPool-1 - Starting...
21:53:55:673  INFO 23012 --- [item-service] [http-nio-9001-exec-1] com.zaxxer.hikari.pool.HikariPool        : HikariPool-1 - Added connection com.mysql.cj.jdbc.ConnectionImpl@6b93a7d9
21:53:55:675  INFO 23012 --- [item-service] [http-nio-9001-exec-1] com.zaxxer.hikari.HikariDataSource       : HikariPool-1 - Start completed.
21:53:55:682 DEBUG 23012 --- [item-service] [http-nio-9001-exec-1] c.g.item.mapper.ItemMapper.selectByIds   : ==>  Preparing: SELECT id,name,price,stock,image,category,brand,spec,sold,comment_count,isAD,status,create_time,update_time,creater,updater FROM item WHERE id IN ( ? )
21:53:55:714 DEBUG 23012 --- [item-service] [http-nio-9001-exec-1] c.g.item.mapper.ItemMapper.selectByIds   : ==> Parameters: 5001207(Long)
21:53:55:751 DEBUG 23012 --- [item-service] [http-nio-9001-exec-1] c.g.item.mapper.ItemMapper.selectByIds   : <==      Total: 1
21:54:05:248 DEBUG 23080 --- [item-service] [http-nio-9004-exec-3] c.g.item.mapper.ItemMapper.selectByIds   : ==>  Preparing: SELECT id,name,price,stock,image,category,brand,spec,sold,comment_count,isAD,status,create_time,update_time,creater,updater FROM item WHERE id IN ( ? )
21:54:05:249 DEBUG 23080 --- [item-service] [http-nio-9004-exec-3] c.g.item.mapper.ItemMapper.selectByIds   : ==> Parameters: 5001207(Long)
21:54:05:252 DEBUG 23080 --- [item-service] [http-nio-9004-exec-3] c.g.item.mapper.ItemMapper.selectByIds   : <==      Total: 1
21:54:09:812 DEBUG 23012 --- [item-service] [http-nio-9001-exec-3] c.g.item.mapper.ItemMapper.selectByIds   : ==>  Preparing: SELECT id,name,price,stock,image,category,brand,spec,sold,comment_count,isAD,status,create_time,update_time,creater,updater FROM item WHERE id IN ( ? )
21:54:09:813 DEBUG 23012 --- [item-service] [http-nio-9001-exec-3] c.g.item.mapper.ItemMapper.selectByIds   : ==> Parameters: 5001207(Long)
21:54:09:816 DEBUG 23012 --- [item-service] [http-nio-9001-exec-3] c.g.item.mapper.ItemMapper.selectByIds   : <==      Total: 1
21:54:16:099 DEBUG 23012 --- [item-service] [http-nio-9001-exec-2] c.g.item.mapper.ItemMapper.selectByIds   : ==>  Preparing: SELECT id,name,price,stock,image,category,brand,spec,sold,comment_count,isAD,status,create_time,update_time,creater,updater FROM item WHERE id IN ( ? )
21:54:16:099 DEBUG 23012 --- [item-service] [http-nio-9001-exec-2] c.g.item.mapper.ItemMapper.selectByIds   : ==> Parameters: 5001207(Long)
21:54:16:101 DEBUG 23012 --- [item-service] [http-nio-9001-exec-2] c.g.item.mapper.ItemMapper.selectByIds   : <==      Total: 1
21:54:16:283  WARN 23080 --- [item-service] [http-nio-9004-exec-2] c.g.item.service.impl.ItemServiceImpl    : SqlSession [org.apache.ibatis.session.defaults.DefaultSqlSession@1de74531] Transaction not enabled
21:54:16:285 ERROR 23080 --- [item-service] [http-nio-9004-exec-2] o.a.c.c.C.[.[.[/].[dispatcherServlet]    : Servlet.service() for servlet [dispatcherServlet] in context with path [] threw exception [Request processing failed: com.hmall.common.exception.BizIllegalException: 更新库存异常，可能是库存不足!] with root cause

java.lang.IllegalArgumentException: Mapped Statements collection does not contain value for com.hmall.mapper.ItemMapper.updateStock
	at com.baomidou.mybatisplus.core.MybatisConfiguration$StrictMap.get(MybatisConfiguration.java:482) ~[mybatis-plus-core-3.5.12.jar:3.5.12]
	at com.baomidou.mybatisplus.core.MybatisConfiguration.getMappedStatement(MybatisConfiguration.java:357) ~[mybatis-plus-core-3.5.12.jar:3.5.12]
	at com.baomidou.mybatisplus.core.MybatisConfiguration.getMappedStatement(MybatisConfiguration.java:349) ~[mybatis-plus-core-3.5.12.jar:3.5.12]
	at org.apache.ibatis.session.defaults.DefaultSqlSession.update(DefaultSqlSession.java:196) ~[mybatis-3.5.19.jar:3.5.19]
	at com.george.item.service.impl.ItemServiceImpl.lambda$deductStock$0(ItemServiceImpl.java:24) ~[classes/:na]
	at com.baomidou.mybatisplus.extension.toolkit.SqlHelper.lambda$executeBatch$3(SqlHelper.java:215) ~[mybatis-plus-extension-3.5.12.jar:3.5.12]
	at com.baomidou.mybatisplus.extension.spi.SpringCompatibleSet.executeBatch(SpringCompatibleSet.java:74) ~[mybatis-plus-spring-3.5.12.jar:3.5.12]
	at com.baomidou.mybatisplus.extension.toolkit.SqlHelper.executeBatch(SqlHelper.java:187) ~[mybatis-plus-extension-3.5.12.jar:3.5.12]
	at com.baomidou.mybatisplus.extension.toolkit.SqlHelper.executeBatch(SqlHelper.java:210) ~[mybatis-plus-extension-3.5.12.jar:3.5.12]
	at com.baomidou.mybatisplus.extension.repository.AbstractRepository.executeBatch(AbstractRepository.java:107) ~[mybatis-plus-extension-3.5.12.jar:3.5.12]
	at com.baomidou.mybatisplus.extension.repository.AbstractRepository.executeBatch(AbstractRepository.java:120) ~[mybatis-plus-extension-3.5.12.jar:3.5.12]
	at com.george.item.service.impl.ItemServiceImpl.deductStock(ItemServiceImpl.java:24) ~[classes/:na]
	at java.base/jdk.internal.reflect.DirectMethodHandleAccessor.invoke(DirectMethodHandleAccessor.java:103) ~[na:na]
	at java.base/java.lang.reflect.Method.invoke(Method.java:580) ~[na:na]
	at org.springframework.aop.support.AopUtils.invokeJoinpointUsingReflection(AopUtils.java:355) ~[spring-aop-6.1.15.jar:6.1.15]
	at org.springframework.aop.framework.CglibAopProxy$DynamicAdvisedInterceptor.intercept(CglibAopProxy.java:716) ~[spring-aop-6.1.15.jar:6.1.15]
	at com.george.item.service.impl.ItemServiceImpl$$SpringCGLIB$$0.deductStock(<generated>) ~[classes/:na]
	at com.george.item.controller.ItemController.deductStock(ItemController.java:69) ~[classes/:na]
	at java.base/jdk.internal.reflect.DirectMethodHandleAccessor.invoke(DirectMethodHandleAccessor.java:103) ~[na:na]
	at java.base/java.lang.reflect.Method.invoke(Method.java:580) ~[na:na]
	at org.springframework.web.method.support.InvocableHandlerMethod.doInvoke(InvocableHandlerMethod.java:255) ~[spring-web-6.1.15.jar:6.1.15]
	at org.springframework.web.method.support.InvocableHandlerMethod.invokeForRequest(InvocableHandlerMethod.java:188) ~[spring-web-6.1.15.jar:6.1.15]
	at org.springframework.web.servlet.mvc.method.annotation.ServletInvocableHandlerMethod.invokeAndHandle(ServletInvocableHandlerMethod.java:118) ~[spring-webmvc-6.1.15.jar:6.1.15]
	at org.springframework.web.servlet.mvc.method.annotation.RequestMappingHandlerAdapter.invokeHandlerMethod(RequestMappingHandlerAdapter.java:926) ~[spring-webmvc-6.1.15.jar:6.1.15]
	at org.springframework.web.servlet.mvc.method.annotation.RequestMappingHandlerAdapter.handleInternal(RequestMappingHandlerAdapter.java:831) ~[spring-webmvc-6.1.15.jar:6.1.15]
	at org.springframework.web.servlet.mvc.method.AbstractHandlerMethodAdapter.handle(AbstractHandlerMethodAdapter.java:87) ~[spring-webmvc-6.1.15.jar:6.1.15]
	at org.springframework.web.servlet.DispatcherServlet.doDispatch(DispatcherServlet.java:1089) ~[spring-webmvc-6.1.15.jar:6.1.15]
	at org.springframework.web.servlet.DispatcherServlet.doService(DispatcherServlet.java:979) ~[spring-webmvc-6.1.15.jar:6.1.15]
	at org.springframework.web.servlet.FrameworkServlet.processRequest(FrameworkServlet.java:1014) ~[spring-webmvc-6.1.15.jar:6.1.15]
	at org.springframework.web.servlet.FrameworkServlet.doPut(FrameworkServlet.java:925) ~[spring-webmvc-6.1.15.jar:6.1.15]
	at jakarta.servlet.http.HttpServlet.service(HttpServlet.java:593) ~[tomcat-embed-core-10.1.33.jar:6.0]
	at org.springframework.web.servlet.FrameworkServlet.service(FrameworkServlet.java:885) ~[spring-webmvc-6.1.15.jar:6.1.15]
	at jakarta.servlet.http.HttpServlet.service(HttpServlet.java:658) ~[tomcat-embed-core-10.1.33.jar:6.0]
	at org.apache.catalina.core.ApplicationFilterChain.internalDoFilter(ApplicationFilterChain.java:195) ~[tomcat-embed-core-10.1.33.jar:10.1.33]
	at org.apache.catalina.core.ApplicationFilterChain.doFilter(ApplicationFilterChain.java:140) ~[tomcat-embed-core-10.1.33.jar:10.1.33]
	at org.apache.tomcat.websocket.server.WsFilter.doFilter(WsFilter.java:51) ~[tomcat-embed-websocket-10.1.33.jar:10.1.33]
	at org.apache.catalina.core.ApplicationFilterChain.internalDoFilter(ApplicationFilterChain.java:164) ~[tomcat-embed-core-10.1.33.jar:10.1.33]
	at org.apache.catalina.core.ApplicationFilterChain.doFilter(ApplicationFilterChain.java:140) ~[tomcat-embed-core-10.1.33.jar:10.1.33]
	at org.springframework.web.filter.RequestContextFilter.doFilterInternal(RequestContextFilter.java:100) ~[spring-web-6.1.15.jar:6.1.15]
	at org.springframework.web.filter.OncePerRequestFilter.doFilter(OncePerRequestFilter.java:116) ~[spring-web-6.1.15.jar:6.1.15]
	at org.apache.catalina.core.ApplicationFilterChain.internalDoFilter(ApplicationFilterChain.java:164) ~[tomcat-embed-core-10.1.33.jar:10.1.33]
	at org.apache.catalina.core.ApplicationFilterChain.doFilter(ApplicationFilterChain.java:140) ~[tomcat-embed-core-10.1.33.jar:10.1.33]
	at org.springframework.web.filter.FormContentFilter.doFilterInternal(FormContentFilter.java:93) ~[spring-web-6.1.15.jar:6.1.15]
	at org.springframework.web.filter.OncePerRequestFilter.doFilter(OncePerRequestFilter.java:116) ~[spring-web-6.1.15.jar:6.1.15]
	at org.apache.catalina.core.ApplicationFilterChain.internalDoFilter(ApplicationFilterChain.java:164) ~[tomcat-embed-core-10.1.33.jar:10.1.33]
	at org.apache.catalina.core.ApplicationFilterChain.doFilter(ApplicationFilterChain.java:140) ~[tomcat-embed-core-10.1.33.jar:10.1.33]
	at org.springframework.web.filter.CharacterEncodingFilter.doFilterInternal(CharacterEncodingFilter.java:201) ~[spring-web-6.1.15.jar:6.1.15]
	at org.springframework.web.filter.OncePerRequestFilter.doFilter(OncePerRequestFilter.java:116) ~[spring-web-6.1.15.jar:6.1.15]
	at org.apache.catalina.core.ApplicationFilterChain.internalDoFilter(ApplicationFilterChain.java:164) ~[tomcat-embed-core-10.1.33.jar:10.1.33]
	at org.apache.catalina.core.ApplicationFilterChain.doFilter(ApplicationFilterChain.java:140) ~[tomcat-embed-core-10.1.33.jar:10.1.33]
	at org.apache.catalina.core.StandardWrapperValve.invoke(StandardWrapperValve.java:167) ~[tomcat-embed-core-10.1.33.jar:10.1.33]
	at org.apache.catalina.core.StandardContextValve.invoke(StandardContextValve.java:90) ~[tomcat-embed-core-10.1.33.jar:10.1.33]
	at org.apache.catalina.authenticator.AuthenticatorBase.invoke(AuthenticatorBase.java:483) ~[tomcat-embed-core-10.1.33.jar:10.1.33]
	at org.apache.catalina.core.StandardHostValve.invoke(StandardHostValve.java:115) ~[tomcat-embed-core-10.1.33.jar:10.1.33]
	at org.apache.catalina.valves.ErrorReportValve.invoke(ErrorReportValve.java:93) ~[tomcat-embed-core-10.1.33.jar:10.1.33]
	at org.apache.catalina.core.StandardEngineValve.invoke(StandardEngineValve.java:74) ~[tomcat-embed-core-10.1.33.jar:10.1.33]
	at org.apache.catalina.connector.CoyoteAdapter.service(CoyoteAdapter.java:344) ~[tomcat-embed-core-10.1.33.jar:10.1.33]
	at org.apache.coyote.http11.Http11Processor.service(Http11Processor.java:397) ~[tomcat-embed-core-10.1.33.jar:10.1.33]
	at org.apache.coyote.AbstractProcessorLight.process(AbstractProcessorLight.java:63) ~[tomcat-embed-core-10.1.33.jar:10.1.33]
	at org.apache.coyote.AbstractProtocol$ConnectionHandler.process(AbstractProtocol.java:905) ~[tomcat-embed-core-10.1.33.jar:10.1.33]
	at org.apache.tomcat.util.net.NioEndpoint$SocketProcessor.doRun(NioEndpoint.java:1741) ~[tomcat-embed-core-10.1.33.jar:10.1.33]
	at org.apache.tomcat.util.net.SocketProcessorBase.run(SocketProcessorBase.java:52) ~[tomcat-embed-core-10.1.33.jar:10.1.33]
	at org.apache.tomcat.util.threads.ThreadPoolExecutor.runWorker(ThreadPoolExecutor.java:1190) ~[tomcat-embed-core-10.1.33.jar:10.1.33]
	at org.apache.tomcat.util.threads.ThreadPoolExecutor$Worker.run(ThreadPoolExecutor.java:659) ~[tomcat-embed-core-10.1.33.jar:10.1.33]
	at org.apache.tomcat.util.threads.TaskThread$WrappingRunnable.run(TaskThread.java:63) ~[tomcat-embed-core-10.1.33.jar:10.1.33]
	at java.base/java.lang.Thread.run(Thread.java:1583) ~[na:na]

21:59:52:694  WARN 23012 --- [item-service] [Thread-8] c.a.nacos.common.notify.NotifyCenter     : [NotifyCenter] Start destroying Publisher
21:59:52:694  WARN 23012 --- [item-service] [Thread-1] c.a.n.common.executor.ThreadPoolManager  : [ThreadPoolManager] Start destroying ThreadPool
21:59:52:694  WARN 23012 --- [item-service] [Thread-6] c.a.n.common.http.HttpClientBeanHolder   : [HttpClientBeanHolder] Start destroying common HttpClient
21:59:52:694  WARN 23012 --- [item-service] [Thread-8] c.a.nacos.common.notify.NotifyCenter     : [NotifyCenter] Destruction of the end
21:59:52:694  WARN 23012 --- [item-service] [Thread-1] c.a.n.common.executor.ThreadPoolManager  : [ThreadPoolManager] Destruction of the end
21:59:52:694  WARN 23012 --- [item-service] [Thread-6] c.a.n.common.http.HttpClientBeanHolder   : [HttpClientBeanHolder] Destruction of the end
21:59:52:695  INFO 23012 --- [item-service] [SpringApplicationShutdownHook] c.a.c.n.registry.NacosServiceRegistry    : De-registering from Nacos Server now...
21:59:52:699  INFO 23012 --- [item-service] [SpringApplicationShutdownHook] c.a.c.n.registry.NacosServiceRegistry    : De-registration finished.
21:59:58:602  INFO 21924 --- [item-service] [main] com.george.item.ItemApplication          : Starting ItemApplication using Java 21.0.11 with PID 21924 (E:\hmall\hm-item\item-service\target\classes started by lindu in E:\hmall)
21:59:58:602 DEBUG 21924 --- [item-service] [main] com.george.item.ItemApplication          : Running with Spring Boot v3.3.6, Spring v6.1.15
21:59:58:603  INFO 21924 --- [item-service] [main] com.george.item.ItemApplication          : The following 1 profile is active: "local"
21:59:58:648  INFO 21924 --- [item-service] [main] c.a.c.n.c.NacosConfigDataLoader          : [Nacos Config] Load config[dataId=log.yaml, group=DEFAULT_GROUP] success
21:59:58:649  INFO 21924 --- [item-service] [main] c.a.c.n.c.NacosConfigDataLoader          : [Nacos Config] Load config[dataId=jdbc.yaml, group=DEFAULT_GROUP] success
21:59:59:409  INFO 21924 --- [item-service] [main] o.s.cloud.context.scope.GenericScope     : BeanFactory id=cc1689f0-9a86-3bbe-8a86-567f11406662
21:59:59:584  WARN 21924 --- [item-service] [main] trationDelegate$BeanPostProcessorChecker : Bean 'org.springframework.cloud.client.loadbalancer.LoadBalancerAutoConfiguration$DeferringLoadBalancerInterceptorConfig' of type [org.springframework.cloud.client.loadbalancer.LoadBalancerAutoConfiguration$DeferringLoadBalancerInterceptorConfig] is not eligible for getting processed by all BeanPostProcessors (for example: not eligible for auto-proxying). The currently created BeanPostProcessor [lbRestClientPostProcessor] is declared through a non-static factory method on that class; consider declaring it as static instead.
21:59:59:588  WARN 21924 --- [item-service] [main] trationDelegate$BeanPostProcessorChecker : Bean 'deferringLoadBalancerInterceptor' of type [org.springframework.cloud.client.loadbalancer.DeferringLoadBalancerInterceptor] is not eligible for getting processed by all BeanPostProcessors (for example: not eligible for auto-proxying). Is this bean getting eagerly injected/applied to a currently created BeanPostProcessor [lbRestClientPostProcessor]? Check the corresponding BeanPostProcessor declaration and its dependencies/advisors. If this bean does not have to be post-processed, declare it with ROLE_INFRASTRUCTURE.
21:59:59:803  INFO 21924 --- [item-service] [main] o.s.b.w.embedded.tomcat.TomcatWebServer  : Tomcat initialized with port 9001 (http)
21:59:59:816  INFO 21924 --- [item-service] [main] o.apache.catalina.core.StandardService   : Starting service [Tomcat]
21:59:59:817  INFO 21924 --- [item-service] [main] o.apache.catalina.core.StandardEngine    : Starting Servlet engine: [Apache Tomcat/10.1.33]
21:59:59:889  INFO 21924 --- [item-service] [main] o.a.c.c.C.[Tomcat].[localhost].[/]       : Initializing Spring embedded WebApplicationContext
21:59:59:889  INFO 21924 --- [item-service] [main] w.s.c.ServletWebServerApplicationContext : Root WebApplicationContext: initialization completed in 1238 ms
22:00:00:497  INFO 21924 --- [item-service] [main] m.e.s.MybatisPlusApplicationContextAware : Register ApplicationContext instances org.springframework.boot.web.servlet.context.AnnotationConfigServletWebServerApplicationContext@5fcfca62
22:00:00:671  INFO 21924 --- [item-service] [main] o.s.b.w.embedded.tomcat.TomcatWebServer  : Tomcat started on port 9001 (http) with context path '/'
22:00:00:687  INFO 21924 --- [item-service] [main] c.a.n.p.a.s.c.ClientAuthPluginManager    : [ClientAuthPluginManager] Load ClientAuthService com.alibaba.nacos.client.auth.impl.NacosClientAuthServiceImpl success.
22:00:00:687  INFO 21924 --- [item-service] [main] c.a.n.p.a.s.c.ClientAuthPluginManager    : [ClientAuthPluginManager] Load ClientAuthService com.alibaba.nacos.client.auth.ram.RamClientAuthServiceImpl success.
22:00:00:723  INFO 21924 --- [item-service] [main] c.a.c.n.registry.NacosServiceRegistry    : nacos registry, DEFAULT_GROUP item-service 192.168.108.1:9001 register finished
22:00:00:733  INFO 21924 --- [item-service] [main] com.george.item.ItemApplication          : Started ItemApplication in 3.702 seconds (process running for 4.269)
22:00:00:748  INFO 21924 --- [item-service] [main] c.a.c.n.refresh.NacosContextRefresher    : [Nacos Config] Listening config: dataId=jdbc.yaml, group=DEFAULT_GROUP
22:00:00:749  INFO 21924 --- [item-service] [main] c.a.c.n.refresh.NacosContextRefresher    : [Nacos Config] Listening config: dataId=log.yaml, group=DEFAULT_GROUP
22:00:03:566  WARN 23080 --- [item-service] [Thread-6] c.a.n.common.http.HttpClientBeanHolder   : [HttpClientBeanHolder] Start destroying common HttpClient
22:00:03:566  WARN 23080 --- [item-service] [Thread-8] c.a.nacos.common.notify.NotifyCenter     : [NotifyCenter] Start destroying Publisher
22:00:03:566  WARN 23080 --- [item-service] [Thread-1] c.a.n.common.executor.ThreadPoolManager  : [ThreadPoolManager] Start destroying ThreadPool
22:00:03:566  WARN 23080 --- [item-service] [Thread-8] c.a.nacos.common.notify.NotifyCenter     : [NotifyCenter] Destruction of the end
22:00:03:567  WARN 23080 --- [item-service] [Thread-1] c.a.n.common.executor.ThreadPoolManager  : [ThreadPoolManager] Destruction of the end
22:00:03:567  WARN 23080 --- [item-service] [Thread-6] c.a.n.common.http.HttpClientBeanHolder   : [HttpClientBeanHolder] Destruction of the end
22:00:03:567  INFO 23080 --- [item-service] [SpringApplicationShutdownHook] c.a.c.n.registry.NacosServiceRegistry    : De-registering from Nacos Server now...
22:00:03:577  INFO 23080 --- [item-service] [SpringApplicationShutdownHook] c.a.c.n.registry.NacosServiceRegistry    : De-registration finished.
22:00:07:575  INFO 26844 --- [item-service] [main] com.george.item.ItemApplication          : Starting ItemApplication using Java 21.0.11 with PID 26844 (E:\hmall\hm-item\item-service\target\classes started by lindu in E:\hmall)
22:00:07:576 DEBUG 26844 --- [item-service] [main] com.george.item.ItemApplication          : Running with Spring Boot v3.3.6, Spring v6.1.15
22:00:07:577  INFO 26844 --- [item-service] [main] com.george.item.ItemApplication          : The following 1 profile is active: "local"
22:00:07:618  INFO 26844 --- [item-service] [main] c.a.c.n.c.NacosConfigDataLoader          : [Nacos Config] Load config[dataId=log.yaml, group=DEFAULT_GROUP] success
22:00:07:619  INFO 26844 --- [item-service] [main] c.a.c.n.c.NacosConfigDataLoader          : [Nacos Config] Load config[dataId=jdbc.yaml, group=DEFAULT_GROUP] success
22:00:08:388  INFO 26844 --- [item-service] [main] o.s.cloud.context.scope.GenericScope     : BeanFactory id=cc1689f0-9a86-3bbe-8a86-567f11406662
22:00:08:558  WARN 26844 --- [item-service] [main] trationDelegate$BeanPostProcessorChecker : Bean 'org.springframework.cloud.client.loadbalancer.LoadBalancerAutoConfiguration$DeferringLoadBalancerInterceptorConfig' of type [org.springframework.cloud.client.loadbalancer.LoadBalancerAutoConfiguration$DeferringLoadBalancerInterceptorConfig] is not eligible for getting processed by all BeanPostProcessors (for example: not eligible for auto-proxying). The currently created BeanPostProcessor [lbRestClientPostProcessor] is declared through a non-static factory method on that class; consider declaring it as static instead.
22:00:08:560  WARN 26844 --- [item-service] [main] trationDelegate$BeanPostProcessorChecker : Bean 'deferringLoadBalancerInterceptor' of type [org.springframework.cloud.client.loadbalancer.DeferringLoadBalancerInterceptor] is not eligible for getting processed by all BeanPostProcessors (for example: not eligible for auto-proxying). Is this bean getting eagerly injected/applied to a currently created BeanPostProcessor [lbRestClientPostProcessor]? Check the corresponding BeanPostProcessor declaration and its dependencies/advisors. If this bean does not have to be post-processed, declare it with ROLE_INFRASTRUCTURE.
22:00:08:767  INFO 26844 --- [item-service] [main] o.s.b.w.embedded.tomcat.TomcatWebServer  : Tomcat initialized with port 9004 (http)
22:00:08:780  INFO 26844 --- [item-service] [main] o.apache.catalina.core.StandardService   : Starting service [Tomcat]
22:00:08:780  INFO 26844 --- [item-service] [main] o.apache.catalina.core.StandardEngine    : Starting Servlet engine: [Apache Tomcat/10.1.33]
22:00:08:856  INFO 26844 --- [item-service] [main] o.a.c.c.C.[Tomcat].[localhost].[/]       : Initializing Spring embedded WebApplicationContext
22:00:08:856  INFO 26844 --- [item-service] [main] w.s.c.ServletWebServerApplicationContext : Root WebApplicationContext: initialization completed in 1235 ms
22:00:09:449  INFO 26844 --- [item-service] [main] m.e.s.MybatisPlusApplicationContextAware : Register ApplicationContext instances org.springframework.boot.web.servlet.context.AnnotationConfigServletWebServerApplicationContext@5fcfca62
22:00:09:612  INFO 26844 --- [item-service] [main] o.s.b.w.embedded.tomcat.TomcatWebServer  : Tomcat started on port 9004 (http) with context path '/'
22:00:09:631  INFO 26844 --- [item-service] [main] c.a.n.p.a.s.c.ClientAuthPluginManager    : [ClientAuthPluginManager] Load ClientAuthService com.alibaba.nacos.client.auth.impl.NacosClientAuthServiceImpl success.
22:00:09:631  INFO 26844 --- [item-service] [main] c.a.n.p.a.s.c.ClientAuthPluginManager    : [ClientAuthPluginManager] Load ClientAuthService com.alibaba.nacos.client.auth.ram.RamClientAuthServiceImpl success.
22:00:09:661  INFO 26844 --- [item-service] [main] c.a.c.n.registry.NacosServiceRegistry    : nacos registry, DEFAULT_GROUP item-service 192.168.108.1:9004 register finished
22:00:09:671  INFO 26844 --- [item-service] [main] com.george.item.ItemApplication          : Started ItemApplication in 3.628 seconds (process running for 4.242)
22:00:09:687  INFO 26844 --- [item-service] [main] c.a.c.n.refresh.NacosContextRefresher    : [Nacos Config] Listening config: dataId=jdbc.yaml, group=DEFAULT_GROUP
22:00:09:689  INFO 26844 --- [item-service] [main] c.a.c.n.refresh.NacosContextRefresher    : [Nacos Config] Listening config: dataId=log.yaml, group=DEFAULT_GROUP
22:00:46:765  INFO 26844 --- [item-service] [http-nio-9004-exec-1] o.a.c.c.C.[Tomcat].[localhost].[/]       : Initializing Spring DispatcherServlet 'dispatcherServlet'
22:00:46:765  INFO 26844 --- [item-service] [http-nio-9004-exec-1] o.s.web.servlet.DispatcherServlet        : Initializing Servlet 'dispatcherServlet'
22:00:46:766  INFO 26844 --- [item-service] [http-nio-9004-exec-1] o.s.web.servlet.DispatcherServlet        : Completed initialization in 1 ms
22:00:46:853  INFO 26844 --- [item-service] [http-nio-9004-exec-1] com.zaxxer.hikari.HikariDataSource       : HikariPool-1 - Starting...
22:00:47:137  INFO 26844 --- [item-service] [http-nio-9004-exec-1] com.zaxxer.hikari.pool.HikariPool        : HikariPool-1 - Added connection com.mysql.cj.jdbc.ConnectionImpl@3067218
22:00:47:139  INFO 26844 --- [item-service] [http-nio-9004-exec-1] com.zaxxer.hikari.HikariDataSource       : HikariPool-1 - Start completed.
22:00:47:145 DEBUG 26844 --- [item-service] [http-nio-9004-exec-1] c.g.item.mapper.ItemMapper.selectByIds   : ==>  Preparing: SELECT id,name,price,stock,image,category,brand,spec,sold,comment_count,isAD,status,create_time,update_time,creater,updater FROM item WHERE id IN ( ? )
22:00:47:166 DEBUG 26844 --- [item-service] [http-nio-9004-exec-1] c.g.item.mapper.ItemMapper.selectByIds   : ==> Parameters: 5001207(Long)
22:00:47:191 DEBUG 26844 --- [item-service] [http-nio-9004-exec-1] c.g.item.mapper.ItemMapper.selectByIds   : <==      Total: 1
22:00:47:891  INFO 21924 --- [item-service] [http-nio-9001-exec-1] o.a.c.c.C.[Tomcat].[localhost].[/]       : Initializing Spring DispatcherServlet 'dispatcherServlet'
22:00:47:891  INFO 21924 --- [item-service] [http-nio-9001-exec-1] o.s.web.servlet.DispatcherServlet        : Initializing Servlet 'dispatcherServlet'
22:00:47:892  INFO 21924 --- [item-service] [http-nio-9001-exec-1] o.s.web.servlet.DispatcherServlet        : Completed initialization in 0 ms
22:00:47:950  WARN 21924 --- [item-service] [http-nio-9001-exec-1] c.g.item.service.impl.ItemServiceImpl    : SqlSession [org.apache.ibatis.session.defaults.DefaultSqlSession@17d53b53] Transaction not enabled
22:00:47:957  INFO 21924 --- [item-service] [http-nio-9001-exec-1] com.zaxxer.hikari.HikariDataSource       : HikariPool-1 - Starting...
22:00:48:238  INFO 21924 --- [item-service] [http-nio-9001-exec-1] com.zaxxer.hikari.pool.HikariPool        : HikariPool-1 - Added connection com.mysql.cj.jdbc.ConnectionImpl@268dbf77
22:00:48:240  INFO 21924 --- [item-service] [http-nio-9001-exec-1] com.zaxxer.hikari.HikariDataSource       : HikariPool-1 - Start completed.
22:00:48:245 DEBUG 21924 --- [item-service] [http-nio-9001-exec-1] c.g.item.mapper.ItemMapper.updateStock   : ==>  Preparing: UPDATE item SET stock = stock - ? WHERE id = ?
22:00:48:275 DEBUG 21924 --- [item-service] [http-nio-9001-exec-1] c.g.item.mapper.ItemMapper.updateStock   : ==> Parameters: 1(Integer), 5001207(Long)
22:02:24:192 DEBUG 26844 --- [item-service] [http-nio-9004-exec-2] c.g.item.mapper.ItemMapper.selectByIds   : ==>  Preparing: SELECT id,name,price,stock,image,category,brand,spec,sold,comment_count,isAD,status,create_time,update_time,creater,updater FROM item WHERE id IN ( ? )
22:02:24:192 DEBUG 26844 --- [item-service] [http-nio-9004-exec-2] c.g.item.mapper.ItemMapper.selectByIds   : ==> Parameters: 5001207(Long)
22:02:24:195 DEBUG 26844 --- [item-service] [http-nio-9004-exec-2] c.g.item.mapper.ItemMapper.selectByIds   : <==      Total: 1
22:02:24:213  WARN 21924 --- [item-service] [http-nio-9001-exec-3] c.g.item.service.impl.ItemServiceImpl    : SqlSession [org.apache.ibatis.session.defaults.DefaultSqlSession@545beecd] Transaction not enabled
22:02:24:214 DEBUG 21924 --- [item-service] [http-nio-9001-exec-3] c.g.item.mapper.ItemMapper.updateStock   : ==>  Preparing: UPDATE item SET stock = stock - ? WHERE id = ?
22:02:24:214 DEBUG 21924 --- [item-service] [http-nio-9001-exec-3] c.g.item.mapper.ItemMapper.updateStock   : ==> Parameters: 1(Integer), 5001207(Long)
22:02:32:242 DEBUG 21924 --- [item-service] [http-nio-9001-exec-4] c.g.i.m.ItemMapper.selectList_mpCount    : ==>  Preparing: SELECT COUNT(*) AS total FROM item WHERE (status = ?)
22:02:32:243 DEBUG 21924 --- [item-service] [http-nio-9001-exec-4] c.g.i.m.ItemMapper.selectList_mpCount    : ==> Parameters: 1(Integer)
22:02:32:280 DEBUG 21924 --- [item-service] [http-nio-9001-exec-4] c.g.i.m.ItemMapper.selectList_mpCount    : <==      Total: 1
22:02:32:295 DEBUG 21924 --- [item-service] [http-nio-9001-exec-4] c.g.item.mapper.ItemMapper.selectList    : ==>  Preparing: SELECT id, name, price, stock, image, category, brand, spec, sold, comment_count, isAD, status, create_time, update_time, creater, updater FROM item WHERE (status = ?) ORDER BY update_time DESC LIMIT ?
22:02:32:297 DEBUG 21924 --- [item-service] [http-nio-9001-exec-4] c.g.item.mapper.ItemMapper.selectList    : ==> Parameters: 1(Integer), 20(Long)
22:02:32:481 DEBUG 21924 --- [item-service] [http-nio-9001-exec-4] c.g.item.mapper.ItemMapper.selectList    : <==      Total: 20
22:02:39:320 DEBUG 26844 --- [item-service] [http-nio-9004-exec-4] c.g.item.mapper.ItemMapper.selectByIds   : ==>  Preparing: SELECT id,name,price,stock,image,category,brand,spec,sold,comment_count,isAD,status,create_time,update_time,creater,updater FROM item WHERE id IN ( ? )
22:02:39:320 DEBUG 26844 --- [item-service] [http-nio-9004-exec-4] c.g.item.mapper.ItemMapper.selectByIds   : ==> Parameters: 1713453(Long)
22:02:39:322 DEBUG 26844 --- [item-service] [http-nio-9004-exec-4] c.g.item.mapper.ItemMapper.selectByIds   : <==      Total: 1
22:02:42:538 DEBUG 21924 --- [item-service] [http-nio-9001-exec-5] c.g.item.mapper.ItemMapper.selectByIds   : ==>  Preparing: SELECT id,name,price,stock,image,category,brand,spec,sold,comment_count,isAD,status,create_time,update_time,creater,updater FROM item WHERE id IN ( ? )
22:02:42:538 DEBUG 21924 --- [item-service] [http-nio-9001-exec-5] c.g.item.mapper.ItemMapper.selectByIds   : ==> Parameters: 1713453(Long)
22:02:42:540 DEBUG 21924 --- [item-service] [http-nio-9001-exec-5] c.g.item.mapper.ItemMapper.selectByIds   : <==      Total: 1
22:02:54:598 DEBUG 26844 --- [item-service] [http-nio-9004-exec-5] c.g.item.mapper.ItemMapper.selectByIds   : ==>  Preparing: SELECT id,name,price,stock,image,category,brand,spec,sold,comment_count,isAD,status,create_time,update_time,creater,updater FROM item WHERE id IN ( ? )
22:02:54:599 DEBUG 26844 --- [item-service] [http-nio-9004-exec-5] c.g.item.mapper.ItemMapper.selectByIds   : ==> Parameters: 1713453(Long)
22:02:54:600 DEBUG 26844 --- [item-service] [http-nio-9004-exec-5] c.g.item.mapper.ItemMapper.selectByIds   : <==      Total: 1
22:02:56:710 DEBUG 21924 --- [item-service] [http-nio-9001-exec-6] c.g.item.mapper.ItemMapper.selectByIds   : ==>  Preparing: SELECT id,name,price,stock,image,category,brand,spec,sold,comment_count,isAD,status,create_time,update_time,creater,updater FROM item WHERE id IN ( ? )
22:02:56:711 DEBUG 21924 --- [item-service] [http-nio-9001-exec-6] c.g.item.mapper.ItemMapper.selectByIds   : ==> Parameters: 1713453(Long)
22:02:56:714 DEBUG 21924 --- [item-service] [http-nio-9001-exec-6] c.g.item.mapper.ItemMapper.selectByIds   : <==      Total: 1
22:03:04:567 DEBUG 26844 --- [item-service] [http-nio-9004-exec-6] c.g.item.mapper.ItemMapper.selectByIds   : ==>  Preparing: SELECT id,name,price,stock,image,category,brand,spec,sold,comment_count,isAD,status,create_time,update_time,creater,updater FROM item WHERE id IN ( ? )
22:03:04:567 DEBUG 26844 --- [item-service] [http-nio-9004-exec-6] c.g.item.mapper.ItemMapper.selectByIds   : ==> Parameters: 1713453(Long)
22:03:04:569 DEBUG 26844 --- [item-service] [http-nio-9004-exec-6] c.g.item.mapper.ItemMapper.selectByIds   : <==      Total: 1
22:03:13:856 DEBUG 21924 --- [item-service] [http-nio-9001-exec-7] c.g.item.mapper.ItemMapper.selectByIds   : ==>  Preparing: SELECT id,name,price,stock,image,category,brand,spec,sold,comment_count,isAD,status,create_time,update_time,creater,updater FROM item WHERE id IN ( ? )
22:03:13:856 DEBUG 21924 --- [item-service] [http-nio-9001-exec-7] c.g.item.mapper.ItemMapper.selectByIds   : ==> Parameters: 1713453(Long)
22:03:13:857 DEBUG 21924 --- [item-service] [http-nio-9001-exec-7] c.g.item.mapper.ItemMapper.selectByIds   : <==      Total: 1
22:03:39:276 DEBUG 26844 --- [item-service] [http-nio-9004-exec-8] c.g.item.mapper.ItemMapper.selectByIds   : ==>  Preparing: SELECT id,name,price,stock,image,category,brand,spec,sold,comment_count,isAD,status,create_time,update_time,creater,updater FROM item WHERE id IN ( ? )
22:03:39:277 DEBUG 26844 --- [item-service] [http-nio-9004-exec-8] c.g.item.mapper.ItemMapper.selectByIds   : ==> Parameters: 1713453(Long)
22:03:39:281 DEBUG 26844 --- [item-service] [http-nio-9004-exec-8] c.g.item.mapper.ItemMapper.selectByIds   : <==      Total: 1
22:03:43:159 DEBUG 26844 --- [item-service] [http-nio-9004-exec-9] c.g.item.mapper.ItemMapper.selectByIds   : ==>  Preparing: SELECT id,name,price,stock,image,category,brand,spec,sold,comment_count,isAD,status,create_time,update_time,creater,updater FROM item WHERE id IN ( ? )
22:03:43:159 DEBUG 26844 --- [item-service] [http-nio-9004-exec-9] c.g.item.mapper.ItemMapper.selectByIds   : ==> Parameters: 1713453(Long)
22:03:43:160 DEBUG 26844 --- [item-service] [http-nio-9004-exec-9] c.g.item.mapper.ItemMapper.selectByIds   : <==      Total: 1
22:03:43:184  WARN 21924 --- [item-service] [http-nio-9001-exec-9] c.g.item.service.impl.ItemServiceImpl    : SqlSession [org.apache.ibatis.session.defaults.DefaultSqlSession@31a22f14] Transaction not enabled
22:03:43:184 DEBUG 21924 --- [item-service] [http-nio-9001-exec-9] c.g.item.mapper.ItemMapper.updateStock   : ==>  Preparing: UPDATE item SET stock = stock - ? WHERE id = ?
22:03:43:186 DEBUG 21924 --- [item-service] [http-nio-9001-exec-9] c.g.item.mapper.ItemMapper.updateStock   : ==> Parameters: 1(Integer), 1713453(Long)
22:03:55:084  WARN 26844 --- [item-service] [Thread-1] c.a.n.common.executor.ThreadPoolManager  : [ThreadPoolManager] Start destroying ThreadPool
22:03:55:084  WARN 26844 --- [item-service] [Thread-6] c.a.n.common.http.HttpClientBeanHolder   : [HttpClientBeanHolder] Start destroying common HttpClient
22:03:55:085  WARN 26844 --- [item-service] [Thread-8] c.a.nacos.common.notify.NotifyCenter     : [NotifyCenter] Start destroying Publisher
22:03:55:085  WARN 26844 --- [item-service] [Thread-8] c.a.nacos.common.notify.NotifyCenter     : [NotifyCenter] Destruction of the end
22:03:55:086  INFO 26844 --- [item-service] [SpringApplicationShutdownHook] c.a.c.n.registry.NacosServiceRegistry    : De-registering from Nacos Server now...
22:03:55:086  WARN 26844 --- [item-service] [Thread-1] c.a.n.common.executor.ThreadPoolManager  : [ThreadPoolManager] Destruction of the end
22:03:55:088  WARN 26844 --- [item-service] [Thread-6] c.a.n.common.http.HttpClientBeanHolder   : [HttpClientBeanHolder] Destruction of the end
22:03:55:098  INFO 26844 --- [item-service] [SpringApplicationShutdownHook] c.a.c.n.registry.NacosServiceRegistry    : De-registration finished.
22:03:55:123  WARN 21924 --- [item-service] [Thread-8] c.a.nacos.common.notify.NotifyCenter     : [NotifyCenter] Start destroying Publisher
22:03:55:124  WARN 21924 --- [item-service] [Thread-8] c.a.nacos.common.notify.NotifyCenter     : [NotifyCenter] Destruction of the end
22:03:55:124  WARN 21924 --- [item-service] [Thread-6] c.a.n.common.http.HttpClientBeanHolder   : [HttpClientBeanHolder] Start destroying common HttpClient
22:03:55:125  WARN 21924 --- [item-service] [Thread-6] c.a.n.common.http.HttpClientBeanHolder   : [HttpClientBeanHolder] Destruction of the end
22:03:55:125  INFO 21924 --- [item-service] [SpringApplicationShutdownHook] c.a.c.n.registry.NacosServiceRegistry    : De-registering from Nacos Server now...
22:03:55:130  WARN 21924 --- [item-service] [Thread-1] c.a.n.common.executor.ThreadPoolManager  : [ThreadPoolManager] Start destroying ThreadPool
22:03:55:131  WARN 21924 --- [item-service] [Thread-1] c.a.n.common.executor.ThreadPoolManager  : [ThreadPoolManager] Destruction of the end
22:03:55:138  INFO 21924 --- [item-service] [SpringApplicationShutdownHook] c.a.c.n.registry.NacosServiceRegistry    : De-registration finished.
