00:06:01:116  INFO 22324 --- [hm-item] [SpringApplicationShutdownHook] o.s.b.w.e.tomcat.GracefulShutdown        : Commencing graceful shutdown. Waiting for active requests to complete
00:06:01:123  INFO 22324 --- [hm-item] [tomcat-shutdown] o.s.b.w.e.tomcat.GracefulShutdown        : Graceful shutdown complete
00:06:03:396  INFO 20928 --- [hm-item] [main] com.george.item.ItemApplication          : Starting ItemApplication using Java 21.0.11 with PID 20928 (E:\download\SpringCloud\day02-Docker\Source\hmall\hm-item\target\classes started by lindu in E:\download\SpringCloud\day02-Docker\Source\hmall)
00:06:03:398 DEBUG 20928 --- [hm-item] [main] com.george.item.ItemApplication          : Running with Spring Boot v3.5.15, Spring v6.2.19
00:06:03:403  INFO 20928 --- [hm-item] [main] com.george.item.ItemApplication          : The following 1 profile is active: "local"
00:06:04:082  INFO 20928 --- [hm-item] [main] .s.d.r.c.RepositoryConfigurationDelegate : Multiple Spring Data modules found, entering strict repository configuration mode
00:06:04:084  INFO 20928 --- [hm-item] [main] .s.d.r.c.RepositoryConfigurationDelegate : Bootstrapping Spring Data Redis repositories in DEFAULT mode.
00:06:04:118  INFO 20928 --- [hm-item] [main] .s.d.r.c.RepositoryConfigurationDelegate : Finished Spring Data repository scanning in 21 ms. Found 0 Redis repository interfaces.
00:06:04:631  INFO 20928 --- [hm-item] [main] o.s.b.w.embedded.tomcat.TomcatWebServer  : Tomcat initialized with port 9001 (http)
00:06:04:645  INFO 20928 --- [hm-item] [main] o.apache.catalina.core.StandardService   : Starting service [Tomcat]
00:06:04:645  INFO 20928 --- [hm-item] [main] o.apache.catalina.core.StandardEngine    : Starting Servlet engine: [Apache Tomcat/10.1.55]
00:06:04:704  INFO 20928 --- [hm-item] [main] o.a.c.c.C.[Tomcat].[localhost].[/]       : Initializing Spring embedded WebApplicationContext
00:06:04:704  INFO 20928 --- [hm-item] [main] w.s.c.ServletWebServerApplicationContext : Root WebApplicationContext: initialization completed in 1252 ms
00:06:05:324  INFO 20928 --- [hm-item] [main] m.e.s.MybatisPlusApplicationContextAware : Register ApplicationContext instances org.springframework.boot.web.servlet.context.AnnotationConfigServletWebServerApplicationContext@289710d9
00:06:05:752  INFO 20928 --- [hm-item] [main] o.s.b.w.embedded.tomcat.TomcatWebServer  : Tomcat started on port 9001 (http) with context path '/'
00:06:05:761  INFO 20928 --- [hm-item] [main] com.george.item.ItemApplication          : Started ItemApplication in 2.876 seconds (process running for 3.512)
00:08:41:585  INFO 20928 --- [hm-item] [SpringApplicationShutdownHook] o.s.b.w.e.tomcat.GracefulShutdown        : Commencing graceful shutdown. Waiting for active requests to complete
00:08:41:589  INFO 20928 --- [hm-item] [tomcat-shutdown] o.s.b.w.e.tomcat.GracefulShutdown        : Graceful shutdown complete
00:08:43:786  INFO 2816 --- [hm-item] [main] com.george.item.ItemApplication          : Starting ItemApplication using Java 21.0.11 with PID 2816 (E:\download\SpringCloud\day02-Docker\Source\hmall\hm-item\target\classes started by lindu in E:\download\SpringCloud\day02-Docker\Source\hmall)
00:08:43:788 DEBUG 2816 --- [hm-item] [main] com.george.item.ItemApplication          : Running with Spring Boot v3.5.15, Spring v6.2.19
00:08:43:789  INFO 2816 --- [hm-item] [main] com.george.item.ItemApplication          : The following 1 profile is active: "local"
00:08:44:512  INFO 2816 --- [hm-item] [main] .s.d.r.c.RepositoryConfigurationDelegate : Multiple Spring Data modules found, entering strict repository configuration mode
00:08:44:514  INFO 2816 --- [hm-item] [main] .s.d.r.c.RepositoryConfigurationDelegate : Bootstrapping Spring Data Redis repositories in DEFAULT mode.
00:08:44:542  INFO 2816 --- [hm-item] [main] .s.d.r.c.RepositoryConfigurationDelegate : Finished Spring Data repository scanning in 13 ms. Found 0 Redis repository interfaces.
00:08:45:046  INFO 2816 --- [hm-item] [main] o.s.b.w.embedded.tomcat.TomcatWebServer  : Tomcat initialized with port 9001 (http)
00:08:45:059  INFO 2816 --- [hm-item] [main] o.apache.catalina.core.StandardService   : Starting service [Tomcat]
00:08:45:060  INFO 2816 --- [hm-item] [main] o.apache.catalina.core.StandardEngine    : Starting Servlet engine: [Apache Tomcat/10.1.55]
00:08:45:131  INFO 2816 --- [hm-item] [main] o.a.c.c.C.[Tomcat].[localhost].[/]       : Initializing Spring embedded WebApplicationContext
00:08:45:131  INFO 2816 --- [hm-item] [main] w.s.c.ServletWebServerApplicationContext : Root WebApplicationContext: initialization completed in 1292 ms
00:08:45:750  INFO 2816 --- [hm-item] [main] m.e.s.MybatisPlusApplicationContextAware : Register ApplicationContext instances org.springframework.boot.web.servlet.context.AnnotationConfigServletWebServerApplicationContext@289710d9
00:08:46:167  INFO 2816 --- [hm-item] [main] o.s.b.w.embedded.tomcat.TomcatWebServer  : Tomcat started on port 9001 (http) with context path '/'
00:08:46:175  INFO 2816 --- [hm-item] [main] com.george.item.ItemApplication          : Started ItemApplication in 2.914 seconds (process running for 3.476)
00:11:17:123  INFO 2816 --- [hm-item] [SpringApplicationShutdownHook] o.s.b.w.e.tomcat.GracefulShutdown        : Commencing graceful shutdown. Waiting for active requests to complete
00:11:17:126  INFO 2816 --- [hm-item] [tomcat-shutdown] o.s.b.w.e.tomcat.GracefulShutdown        : Graceful shutdown complete
00:11:19:353  INFO 10188 --- [hm-item] [main] com.george.item.ItemApplication          : Starting ItemApplication using Java 21.0.11 with PID 10188 (E:\download\SpringCloud\day02-Docker\Source\hmall\hm-item\target\classes started by lindu in E:\download\SpringCloud\day02-Docker\Source\hmall)
00:11:19:355 DEBUG 10188 --- [hm-item] [main] com.george.item.ItemApplication          : Running with Spring Boot v3.5.15, Spring v6.2.19
00:11:19:356  INFO 10188 --- [hm-item] [main] com.george.item.ItemApplication          : The following 1 profile is active: "local"
00:11:20:045  INFO 10188 --- [hm-item] [main] .s.d.r.c.RepositoryConfigurationDelegate : Multiple Spring Data modules found, entering strict repository configuration mode
00:11:20:047  INFO 10188 --- [hm-item] [main] .s.d.r.c.RepositoryConfigurationDelegate : Bootstrapping Spring Data Redis repositories in DEFAULT mode.
00:11:20:078  INFO 10188 --- [hm-item] [main] .s.d.r.c.RepositoryConfigurationDelegate : Finished Spring Data repository scanning in 16 ms. Found 0 Redis repository interfaces.
00:11:20:601  INFO 10188 --- [hm-item] [main] o.s.b.w.embedded.tomcat.TomcatWebServer  : Tomcat initialized with port 9001 (http)
00:11:20:615  INFO 10188 --- [hm-item] [main] o.apache.catalina.core.StandardService   : Starting service [Tomcat]
00:11:20:616  INFO 10188 --- [hm-item] [main] o.apache.catalina.core.StandardEngine    : Starting Servlet engine: [Apache Tomcat/10.1.55]
00:11:20:676  INFO 10188 --- [hm-item] [main] o.a.c.c.C.[Tomcat].[localhost].[/]       : Initializing Spring embedded WebApplicationContext
00:11:20:676  INFO 10188 --- [hm-item] [main] w.s.c.ServletWebServerApplicationContext : Root WebApplicationContext: initialization completed in 1266 ms
00:11:21:322  INFO 10188 --- [hm-item] [main] m.e.s.MybatisPlusApplicationContextAware : Register ApplicationContext instances org.springframework.boot.web.servlet.context.AnnotationConfigServletWebServerApplicationContext@289710d9
00:11:21:736  INFO 10188 --- [hm-item] [main] o.s.b.w.embedded.tomcat.TomcatWebServer  : Tomcat started on port 9001 (http) with context path '/'
00:11:21:744  INFO 10188 --- [hm-item] [main] com.george.item.ItemApplication          : Started ItemApplication in 2.916 seconds (process running for 3.463)
00:13:54:060  INFO 10188 --- [hm-item] [http-nio-9001-exec-1] o.a.c.c.C.[Tomcat].[localhost].[/]       : Initializing Spring DispatcherServlet 'dispatcherServlet'
00:13:54:060  INFO 10188 --- [hm-item] [http-nio-9001-exec-1] o.s.web.servlet.DispatcherServlet        : Initializing Servlet 'dispatcherServlet'
00:13:54:061  INFO 10188 --- [hm-item] [http-nio-9001-exec-1] o.s.web.servlet.DispatcherServlet        : Completed initialization in 1 ms
00:13:54:137  INFO 10188 --- [hm-item] [http-nio-9001-exec-1] com.zaxxer.hikari.HikariDataSource       : HikariPool-1 - Starting...
00:13:54:390  INFO 10188 --- [hm-item] [http-nio-9001-exec-1] com.zaxxer.hikari.pool.HikariPool        : HikariPool-1 - Added connection com.mysql.cj.jdbc.ConnectionImpl@1f581062
00:13:54:392  INFO 10188 --- [hm-item] [http-nio-9001-exec-1] com.zaxxer.hikari.HikariDataSource       : HikariPool-1 - Start completed.
00:13:54:397 DEBUG 10188 --- [hm-item] [http-nio-9001-exec-1] c.g.item.mapper.ItemMapper.selectByIds   : ==>  Preparing: SELECT id,name,price,stock,image,category,brand,spec,sold,comment_count,isAD,status,create_time,update_time,creater,updater FROM item WHERE id IN ( ? )
00:13:54:417 DEBUG 10188 --- [hm-item] [http-nio-9001-exec-1] c.g.item.mapper.ItemMapper.selectByIds   : ==> Parameters: 100000006163(Long)
00:13:54:448 DEBUG 10188 --- [hm-item] [http-nio-9001-exec-1] c.g.item.mapper.ItemMapper.selectByIds   : <==      Total: 1
00:17:14:481  INFO 10188 --- [hm-item] [SpringApplicationShutdownHook] o.s.b.w.e.tomcat.GracefulShutdown        : Commencing graceful shutdown. Waiting for active requests to complete
00:17:14:485  INFO 10188 --- [hm-item] [tomcat-shutdown] o.s.b.w.e.tomcat.GracefulShutdown        : Graceful shutdown complete
00:17:14:499  INFO 10188 --- [hm-item] [SpringApplicationShutdownHook] com.zaxxer.hikari.HikariDataSource       : HikariPool-1 - Shutdown initiated...
00:17:14:503  INFO 10188 --- [hm-item] [SpringApplicationShutdownHook] com.zaxxer.hikari.HikariDataSource       : HikariPool-1 - Shutdown completed.
00:17:16:722  INFO 8936 --- [hm-item] [main] com.george.item.ItemApplication          : Starting ItemApplication using Java 21.0.11 with PID 8936 (E:\download\SpringCloud\day02-Docker\Source\hmall\hm-item\target\classes started by lindu in E:\download\SpringCloud\day02-Docker\Source\hmall)
00:17:16:724 DEBUG 8936 --- [hm-item] [main] com.george.item.ItemApplication          : Running with Spring Boot v3.5.15, Spring v6.2.19
00:17:16:725  INFO 8936 --- [hm-item] [main] com.george.item.ItemApplication          : The following 1 profile is active: "local"
00:17:17:394  INFO 8936 --- [hm-item] [main] .s.d.r.c.RepositoryConfigurationDelegate : Multiple Spring Data modules found, entering strict repository configuration mode
00:17:17:397  INFO 8936 --- [hm-item] [main] .s.d.r.c.RepositoryConfigurationDelegate : Bootstrapping Spring Data Redis repositories in DEFAULT mode.
00:17:17:431  INFO 8936 --- [hm-item] [main] .s.d.r.c.RepositoryConfigurationDelegate : Finished Spring Data repository scanning in 20 ms. Found 0 Redis repository interfaces.
00:17:17:946  INFO 8936 --- [hm-item] [main] o.s.b.w.embedded.tomcat.TomcatWebServer  : Tomcat initialized with port 9001 (http)
00:17:17:961  INFO 8936 --- [hm-item] [main] o.apache.catalina.core.StandardService   : Starting service [Tomcat]
00:17:17:961  INFO 8936 --- [hm-item] [main] o.apache.catalina.core.StandardEngine    : Starting Servlet engine: [Apache Tomcat/10.1.55]
00:17:18:020  INFO 8936 --- [hm-item] [main] o.a.c.c.C.[Tomcat].[localhost].[/]       : Initializing Spring embedded WebApplicationContext
00:17:18:020  INFO 8936 --- [hm-item] [main] w.s.c.ServletWebServerApplicationContext : Root WebApplicationContext: initialization completed in 1252 ms
00:17:18:673  INFO 8936 --- [hm-item] [main] m.e.s.MybatisPlusApplicationContextAware : Register ApplicationContext instances org.springframework.boot.web.servlet.context.AnnotationConfigServletWebServerApplicationContext@289710d9
00:17:19:088  INFO 8936 --- [hm-item] [main] o.s.b.w.embedded.tomcat.TomcatWebServer  : Tomcat started on port 9001 (http) with context path '/'
00:17:19:096  INFO 8936 --- [hm-item] [main] com.george.item.ItemApplication          : Started ItemApplication in 2.884 seconds (process running for 3.485)
00:20:13:770  INFO 8936 --- [hm-item] [http-nio-9001-exec-1] o.a.c.c.C.[Tomcat].[localhost].[/]       : Initializing Spring DispatcherServlet 'dispatcherServlet'
00:20:13:770  INFO 8936 --- [hm-item] [http-nio-9001-exec-1] o.s.web.servlet.DispatcherServlet        : Initializing Servlet 'dispatcherServlet'
00:20:13:771  INFO 8936 --- [hm-item] [http-nio-9001-exec-1] o.s.web.servlet.DispatcherServlet        : Completed initialization in 1 ms
00:20:13:856  INFO 8936 --- [hm-item] [http-nio-9001-exec-1] com.zaxxer.hikari.HikariDataSource       : HikariPool-1 - Starting...
00:20:14:122  INFO 8936 --- [hm-item] [http-nio-9001-exec-1] com.zaxxer.hikari.pool.HikariPool        : HikariPool-1 - Added connection com.mysql.cj.jdbc.ConnectionImpl@53d34a36
00:20:14:124  INFO 8936 --- [hm-item] [http-nio-9001-exec-1] com.zaxxer.hikari.HikariDataSource       : HikariPool-1 - Start completed.
00:20:14:131 DEBUG 8936 --- [hm-item] [http-nio-9001-exec-1] c.g.item.mapper.ItemMapper.selectByIds   : ==>  Preparing: SELECT id,name,price,stock,image,category,brand,spec,sold,comment_count,isAD,status,create_time,update_time,creater,updater FROM item WHERE id IN ( ? )
00:20:14:154 DEBUG 8936 --- [hm-item] [http-nio-9001-exec-1] c.g.item.mapper.ItemMapper.selectByIds   : ==> Parameters: 100000006163(Long)
00:20:14:181 DEBUG 8936 --- [hm-item] [http-nio-9001-exec-1] c.g.item.mapper.ItemMapper.selectByIds   : <==      Total: 1
00:20:37:504 DEBUG 8936 --- [hm-item] [http-nio-9001-exec-2] c.g.item.mapper.ItemMapper.selectByIds   : ==>  Preparing: SELECT id,name,price,stock,image,category,brand,spec,sold,comment_count,isAD,status,create_time,update_time,creater,updater FROM item WHERE id IN ( ? )
00:20:37:504 DEBUG 8936 --- [hm-item] [http-nio-9001-exec-2] c.g.item.mapper.ItemMapper.selectByIds   : ==> Parameters: 100000006163(Long)
00:20:37:506 DEBUG 8936 --- [hm-item] [http-nio-9001-exec-2] c.g.item.mapper.ItemMapper.selectByIds   : <==      Total: 1
01:34:13:692  INFO 8936 --- [hm-item] [SpringApplicationShutdownHook] o.s.b.w.e.tomcat.GracefulShutdown        : Commencing graceful shutdown. Waiting for active requests to complete
01:34:13:698  INFO 8936 --- [hm-item] [tomcat-shutdown] o.s.b.w.e.tomcat.GracefulShutdown        : Graceful shutdown complete
01:34:13:723  INFO 8936 --- [hm-item] [SpringApplicationShutdownHook] com.zaxxer.hikari.HikariDataSource       : HikariPool-1 - Shutdown initiated...
01:34:13:726  INFO 8936 --- [hm-item] [SpringApplicationShutdownHook] com.zaxxer.hikari.HikariDataSource       : HikariPool-1 - Shutdown completed.
14:35:13:013  INFO 20304 --- [hm-item] [main] c.a.nacos.client.logging.NacosLogging    : Nacos Logging Adapter Builder: com.alibaba.nacos.logger.adapter.logback12.LogbackNacosLoggingAdapterBuilder
14:35:13:021  INFO 20304 --- [hm-item] [main] c.a.nacos.client.logging.NacosLogging    : Nacos Logging Adapter Builder: com.alibaba.nacos.logger.adapter.logback14.LogbackNacosLoggingAdapterBuilder
14:35:13:022  INFO 20304 --- [hm-item] [main] c.a.nacos.client.logging.NacosLogging    : Nacos Logging Adapter: com.alibaba.nacos.logger.adapter.logback14.LogbackNacosLoggingAdapter match ch.qos.logback.classic.Logger success.
14:35:13:028  INFO 20304 --- [hm-item] [main] c.a.nacos.client.logging.NacosLogging    : Nacos Logging Adapter Builder: com.alibaba.nacos.logger.adapter.log4j2.Log4j2NacosLoggingAdapterBuilder
14:35:13:253  INFO 20304 --- [hm-item] [main] com.george.item.ItemApplication          : Starting ItemApplication using Java 21.0.11 with PID 20304 (E:\download\SpringCloud\day02-Docker\Source\hmall\hm-item\target\classes started by lindu in E:\download\SpringCloud\day02-Docker\Source\hmall)
14:35:13:253 DEBUG 20304 --- [hm-item] [main] com.george.item.ItemApplication          : Running with Spring Boot v3.5.15, Spring v6.2.19
14:35:13:254  INFO 20304 --- [hm-item] [main] com.george.item.ItemApplication          : The following 1 profile is active: "local"
14:35:14:087  INFO 20304 --- [hm-item] [main] .s.d.r.c.RepositoryConfigurationDelegate : Multiple Spring Data modules found, entering strict repository configuration mode
14:35:14:090  INFO 20304 --- [hm-item] [main] .s.d.r.c.RepositoryConfigurationDelegate : Bootstrapping Spring Data Redis repositories in DEFAULT mode.
14:35:14:128  INFO 20304 --- [hm-item] [main] .s.d.r.c.RepositoryConfigurationDelegate : Finished Spring Data repository scanning in 17 ms. Found 0 Redis repository interfaces.
14:35:14:334  INFO 20304 --- [hm-item] [main] o.s.cloud.context.scope.GenericScope     : BeanFactory id=cf9b8a4c-57fe-35a4-bbe1-589074a97b1d
14:35:14:765  INFO 20304 --- [hm-item] [main] o.s.b.w.embedded.tomcat.TomcatWebServer  : Tomcat initialized with port 9001 (http)
14:35:14:780  INFO 20304 --- [hm-item] [main] o.apache.catalina.core.StandardService   : Starting service [Tomcat]
14:35:14:781  INFO 20304 --- [hm-item] [main] o.apache.catalina.core.StandardEngine    : Starting Servlet engine: [Apache Tomcat/10.1.55]
14:35:14:849  INFO 20304 --- [hm-item] [main] o.a.c.c.C.[Tomcat].[localhost].[/]       : Initializing Spring embedded WebApplicationContext
14:35:14:850  INFO 20304 --- [hm-item] [main] w.s.c.ServletWebServerApplicationContext : Root WebApplicationContext: initialization completed in 1541 ms
14:35:15:583  INFO 20304 --- [hm-item] [main] m.e.s.MybatisPlusApplicationContextAware : Register ApplicationContext instances org.springframework.boot.web.servlet.context.AnnotationConfigServletWebServerApplicationContext@3359c978
14:35:16:115  INFO 20304 --- [hm-item] [main] o.s.b.w.embedded.tomcat.TomcatWebServer  : Tomcat started on port 9001 (http) with context path '/'
14:35:16:163  INFO 20304 --- [hm-item] [main] c.a.n.p.a.s.c.ClientAuthPluginManager    : [ClientAuthPluginManager] Load ClientAuthService com.alibaba.nacos.client.auth.impl.NacosClientAuthServiceImpl success.
14:35:16:163  INFO 20304 --- [hm-item] [main] c.a.n.p.a.s.c.ClientAuthPluginManager    : [ClientAuthPluginManager] Load ClientAuthService com.alibaba.nacos.client.auth.ram.RamClientAuthServiceImpl success.
14:35:17:229 ERROR 20304 --- [hm-item] [main] c.a.c.n.registry.NacosServiceRegistry    : nacos registry, hm-item register failed...NacosRegistration{nacosDiscoveryProperties=NacosDiscoveryProperties{serverAddr='null', username='******', password='******', endpoint='null', namespace='null', watchDelay=30000, logName='null', service='null', weight=1.0, clusterName='null', group='DEFAULT_GROUP', namingLoadCacheAtStart='false', metadata={}, registerEnabled=true, ip='null', networkInterface='', port=-1, secure=false, accessKey='null', secretKey='null', heartBeatInterval=null, heartBeatTimeout=null, ipDeleteTimeout=null, instanceEnabled=true, ephemeral=true, failureToleranceEnabled=false}, ipDeleteTimeout=null, failFast=true}},

ErrCode:-401, ErrMsg:Client not connected, current status:STARTING
	at com.alibaba.nacos.common.remote.client.RpcClient.request(RpcClient.java:645) ~[nacos-client-2.4.2.jar:na]
	at com.alibaba.nacos.common.remote.client.RpcClient.request(RpcClient.java:624) ~[nacos-client-2.4.2.jar:na]
	at com.alibaba.nacos.client.naming.remote.gprc.NamingGrpcClientProxy.requestToServer(NamingGrpcClientProxy.java:447) ~[nacos-client-2.4.2.jar:na]
	at com.alibaba.nacos.client.naming.remote.gprc.NamingGrpcClientProxy.doRegisterService(NamingGrpcClientProxy.java:250) ~[nacos-client-2.4.2.jar:na]
	at com.alibaba.nacos.client.naming.remote.gprc.NamingGrpcClientProxy.registerServiceForEphemeral(NamingGrpcClientProxy.java:145) ~[nacos-client-2.4.2.jar:na]
	at com.alibaba.nacos.client.naming.remote.gprc.NamingGrpcClientProxy.registerService(NamingGrpcClientProxy.java:136) ~[nacos-client-2.4.2.jar:na]
	at com.alibaba.nacos.client.naming.remote.NamingClientProxyDelegate.registerService(NamingClientProxyDelegate.java:95) ~[nacos-client-2.4.2.jar:na]
	at com.alibaba.nacos.client.naming.NacosNamingService.registerInstance(NacosNamingService.java:158) ~[nacos-client-2.4.2.jar:na]
	at com.alibaba.cloud.nacos.registry.NacosServiceRegistry.register(NacosServiceRegistry.java:75) ~[spring-cloud-starter-alibaba-nacos-discovery-2023.0.3.3.jar:2023.0.3.3]
	at org.springframework.cloud.client.serviceregistry.AbstractAutoServiceRegistration.register(AbstractAutoServiceRegistration.java:264) ~[spring-cloud-commons-4.3.0.jar:4.3.0]
	at com.alibaba.cloud.nacos.registry.NacosAutoServiceRegistration.register(NacosAutoServiceRegistration.java:81) ~[spring-cloud-starter-alibaba-nacos-discovery-2023.0.3.3.jar:2023.0.3.3]
	at org.springframework.cloud.client.serviceregistry.AbstractAutoServiceRegistration.start(AbstractAutoServiceRegistration.java:156) ~[spring-cloud-commons-4.3.0.jar:4.3.0]
	at org.springframework.cloud.client.serviceregistry.AbstractAutoServiceRegistration.onApplicationEvent(AbstractAutoServiceRegistration.java:119) ~[spring-cloud-commons-4.3.0.jar:4.3.0]
	at org.springframework.cloud.client.serviceregistry.AbstractAutoServiceRegistration.onApplicationEvent(AbstractAutoServiceRegistration.java:49) ~[spring-cloud-commons-4.3.0.jar:4.3.0]
	at org.springframework.context.event.SimpleApplicationEventMulticaster.doInvokeListener(SimpleApplicationEventMulticaster.java:185) ~[spring-context-6.2.19.jar:6.2.19]
	at org.springframework.context.event.SimpleApplicationEventMulticaster.invokeListener(SimpleApplicationEventMulticaster.java:178) ~[spring-context-6.2.19.jar:6.2.19]
	at org.springframework.context.event.SimpleApplicationEventMulticaster.multicastEvent(SimpleApplicationEventMulticaster.java:156) ~[spring-context-6.2.19.jar:6.2.19]
	at org.springframework.context.support.AbstractApplicationContext.publishEvent(AbstractApplicationContext.java:455) ~[spring-context-6.2.19.jar:6.2.19]
	at org.springframework.context.support.AbstractApplicationContext.publishEvent(AbstractApplicationContext.java:388) ~[spring-context-6.2.19.jar:6.2.19]
	at org.springframework.boot.web.servlet.context.WebServerStartStopLifecycle.start(WebServerStartStopLifecycle.java:47) ~[spring-boot-3.5.15.jar:3.5.15]
	at org.springframework.context.support.DefaultLifecycleProcessor.doStart(DefaultLifecycleProcessor.java:405) ~[spring-context-6.2.19.jar:6.2.19]
	at org.springframework.context.support.DefaultLifecycleProcessor.doStart(DefaultLifecycleProcessor.java:394) ~[spring-context-6.2.19.jar:6.2.19]
	at org.springframework.context.support.DefaultLifecycleProcessor$LifecycleGroup.start(DefaultLifecycleProcessor.java:586) ~[spring-context-6.2.19.jar:6.2.19]
	at java.base/java.lang.Iterable.forEach(Iterable.java:75) ~[na:na]
	at org.springframework.context.support.DefaultLifecycleProcessor.startBeans(DefaultLifecycleProcessor.java:364) ~[spring-context-6.2.19.jar:6.2.19]
	at org.springframework.context.support.DefaultLifecycleProcessor.onRefresh(DefaultLifecycleProcessor.java:310) ~[spring-context-6.2.19.jar:6.2.19]
	at org.springframework.context.support.AbstractApplicationContext.finishRefresh(AbstractApplicationContext.java:1010) ~[spring-context-6.2.19.jar:6.2.19]
	at org.springframework.context.support.AbstractApplicationContext.refresh(AbstractApplicationContext.java:631) ~[spring-context-6.2.19.jar:6.2.19]
	at org.springframework.boot.web.servlet.context.ServletWebServerApplicationContext.refresh(ServletWebServerApplicationContext.java:146) ~[spring-boot-3.5.15.jar:3.5.15]
	at org.springframework.boot.SpringApplication.refresh(SpringApplication.java:752) ~[spring-boot-3.5.15.jar:3.5.15]
	at org.springframework.boot.SpringApplication.refreshContext(SpringApplication.java:439) ~[spring-boot-3.5.15.jar:3.5.15]
	at org.springframework.boot.SpringApplication.run(SpringApplication.java:318) ~[spring-boot-3.5.15.jar:3.5.15]
	at org.springframework.boot.SpringApplication.run(SpringApplication.java:1361) ~[spring-boot-3.5.15.jar:3.5.15]
	at org.springframework.boot.SpringApplication.run(SpringApplication.java:1350) ~[spring-boot-3.5.15.jar:3.5.15]
	at com.george.item.ItemApplication.main(ItemApplication.java:12) ~[classes/:na]

14:35:17:242  WARN 20304 --- [hm-item] [main] ConfigServletWebServerApplicationContext : Exception encountered during context initialization - cancelling refresh attempt: org.springframework.context.ApplicationContextException: Failed to start bean 'webServerStartStop'
14:35:17:262  INFO 20304 --- [hm-item] [main] .s.b.a.l.ConditionEvaluationReportLogger : 

Error starting ApplicationContext. To display the condition evaluation report re-run your application with 'debug' enabled.
14:35:17:278 ERROR 20304 --- [hm-item] [main] o.s.boot.SpringApplication               : Application run failed

org.springframework.context.ApplicationContextException: Failed to start bean 'webServerStartStop'
	at org.springframework.context.support.DefaultLifecycleProcessor.doStart(DefaultLifecycleProcessor.java:408) ~[spring-context-6.2.19.jar:6.2.19]
	at org.springframework.context.support.DefaultLifecycleProcessor.doStart(DefaultLifecycleProcessor.java:394) ~[spring-context-6.2.19.jar:6.2.19]
	at org.springframework.context.support.DefaultLifecycleProcessor$LifecycleGroup.start(DefaultLifecycleProcessor.java:586) ~[spring-context-6.2.19.jar:6.2.19]
	at java.base/java.lang.Iterable.forEach(Iterable.java:75) ~[na:na]
	at org.springframework.context.support.DefaultLifecycleProcessor.startBeans(DefaultLifecycleProcessor.java:364) ~[spring-context-6.2.19.jar:6.2.19]
	at org.springframework.context.support.DefaultLifecycleProcessor.onRefresh(DefaultLifecycleProcessor.java:310) ~[spring-context-6.2.19.jar:6.2.19]
	at org.springframework.context.support.AbstractApplicationContext.finishRefresh(AbstractApplicationContext.java:1010) ~[spring-context-6.2.19.jar:6.2.19]
	at org.springframework.context.support.AbstractApplicationContext.refresh(AbstractApplicationContext.java:631) ~[spring-context-6.2.19.jar:6.2.19]
	at org.springframework.boot.web.servlet.context.ServletWebServerApplicationContext.refresh(ServletWebServerApplicationContext.java:146) ~[spring-boot-3.5.15.jar:3.5.15]
	at org.springframework.boot.SpringApplication.refresh(SpringApplication.java:752) ~[spring-boot-3.5.15.jar:3.5.15]
	at org.springframework.boot.SpringApplication.refreshContext(SpringApplication.java:439) ~[spring-boot-3.5.15.jar:3.5.15]
	at org.springframework.boot.SpringApplication.run(SpringApplication.java:318) ~[spring-boot-3.5.15.jar:3.5.15]
	at org.springframework.boot.SpringApplication.run(SpringApplication.java:1361) ~[spring-boot-3.5.15.jar:3.5.15]
	at org.springframework.boot.SpringApplication.run(SpringApplication.java:1350) ~[spring-boot-3.5.15.jar:3.5.15]
	at com.george.item.ItemApplication.main(ItemApplication.java:12) ~[classes/:na]
Caused by: java.lang.reflect.UndeclaredThrowableException
	at org.springframework.util.ReflectionUtils.rethrowRuntimeException(ReflectionUtils.java:147) ~[spring-core-6.2.19.jar:6.2.19]
	at com.alibaba.cloud.nacos.registry.NacosServiceRegistry.register(NacosServiceRegistry.java:83) ~[spring-cloud-starter-alibaba-nacos-discovery-2023.0.3.3.jar:2023.0.3.3]
	at org.springframework.cloud.client.serviceregistry.AbstractAutoServiceRegistration.register(AbstractAutoServiceRegistration.java:264) ~[spring-cloud-commons-4.3.0.jar:4.3.0]
	at com.alibaba.cloud.nacos.registry.NacosAutoServiceRegistration.register(NacosAutoServiceRegistration.java:81) ~[spring-cloud-starter-alibaba-nacos-discovery-2023.0.3.3.jar:2023.0.3.3]
	at org.springframework.cloud.client.serviceregistry.AbstractAutoServiceRegistration.start(AbstractAutoServiceRegistration.java:156) ~[spring-cloud-commons-4.3.0.jar:4.3.0]
	at org.springframework.cloud.client.serviceregistry.AbstractAutoServiceRegistration.onApplicationEvent(AbstractAutoServiceRegistration.java:119) ~[spring-cloud-commons-4.3.0.jar:4.3.0]
	at org.springframework.cloud.client.serviceregistry.AbstractAutoServiceRegistration.onApplicationEvent(AbstractAutoServiceRegistration.java:49) ~[spring-cloud-commons-4.3.0.jar:4.3.0]
	at org.springframework.context.event.SimpleApplicationEventMulticaster.doInvokeListener(SimpleApplicationEventMulticaster.java:185) ~[spring-context-6.2.19.jar:6.2.19]
	at org.springframework.context.event.SimpleApplicationEventMulticaster.invokeListener(SimpleApplicationEventMulticaster.java:178) ~[spring-context-6.2.19.jar:6.2.19]
	at org.springframework.context.event.SimpleApplicationEventMulticaster.multicastEvent(SimpleApplicationEventMulticaster.java:156) ~[spring-context-6.2.19.jar:6.2.19]
	at org.springframework.context.support.AbstractApplicationContext.publishEvent(AbstractApplicationContext.java:455) ~[spring-context-6.2.19.jar:6.2.19]
	at org.springframework.context.support.AbstractApplicationContext.publishEvent(AbstractApplicationContext.java:388) ~[spring-context-6.2.19.jar:6.2.19]
	at org.springframework.boot.web.servlet.context.WebServerStartStopLifecycle.start(WebServerStartStopLifecycle.java:47) ~[spring-boot-3.5.15.jar:3.5.15]
	at org.springframework.context.support.DefaultLifecycleProcessor.doStart(DefaultLifecycleProcessor.java:405) ~[spring-context-6.2.19.jar:6.2.19]
	... 14 common frames omitted
Caused by: ErrCode:-401, ErrMsg:Client not connected, current status:STARTING
	at com.alibaba.nacos.common.remote.client.RpcClient.request(RpcClient.java:645) ~[nacos-client-2.4.2.jar:na]
	at com.alibaba.nacos.common.remote.client.RpcClient.request(RpcClient.java:624) ~[nacos-client-2.4.2.jar:na]
	at com.alibaba.nacos.client.naming.remote.gprc.NamingGrpcClientProxy.requestToServer(NamingGrpcClientProxy.java:447) ~[nacos-client-2.4.2.jar:na]
	at com.alibaba.nacos.client.naming.remote.gprc.NamingGrpcClientProxy.doRegisterService(NamingGrpcClientProxy.java:250) ~[nacos-client-2.4.2.jar:na]
	at com.alibaba.nacos.client.naming.remote.gprc.NamingGrpcClientProxy.registerServiceForEphemeral(NamingGrpcClientProxy.java:145) ~[nacos-client-2.4.2.jar:na]
	at com.alibaba.nacos.client.naming.remote.gprc.NamingGrpcClientProxy.registerService(NamingGrpcClientProxy.java:136) ~[nacos-client-2.4.2.jar:na]
	at com.alibaba.nacos.client.naming.remote.NamingClientProxyDelegate.registerService(NamingClientProxyDelegate.java:95) ~[nacos-client-2.4.2.jar:na]
	at com.alibaba.nacos.client.naming.NacosNamingService.registerInstance(NacosNamingService.java:158) ~[nacos-client-2.4.2.jar:na]
	at com.alibaba.cloud.nacos.registry.NacosServiceRegistry.register(NacosServiceRegistry.java:75) ~[spring-cloud-starter-alibaba-nacos-discovery-2023.0.3.3.jar:2023.0.3.3]
	... 26 common frames omitted

14:35:18:252  WARN 20304 --- [hm-item] [Thread-18] c.a.n.common.http.HttpClientBeanHolder   : [HttpClientBeanHolder] Start destroying common HttpClient
14:35:18:252  WARN 20304 --- [hm-item] [Thread-16] c.a.nacos.common.notify.NotifyCenter     : [NotifyCenter] Start destroying Publisher
14:35:18:252  WARN 20304 --- [hm-item] [Thread-2] c.a.n.common.executor.ThreadPoolManager  : [ThreadPoolManager] Start destroying ThreadPool
14:35:18:252  WARN 20304 --- [hm-item] [Thread-16] c.a.nacos.common.notify.NotifyCenter     : [NotifyCenter] Destruction of the end
14:35:18:253  WARN 20304 --- [hm-item] [Thread-2] c.a.n.common.executor.ThreadPoolManager  : [ThreadPoolManager] Destruction of the end
14:35:24:242  INFO 19556 --- [hm-item] [main] c.a.nacos.client.logging.NacosLogging    : Nacos Logging Adapter Builder: com.alibaba.nacos.logger.adapter.logback12.LogbackNacosLoggingAdapterBuilder
14:35:24:249  INFO 19556 --- [hm-item] [main] c.a.nacos.client.logging.NacosLogging    : Nacos Logging Adapter Builder: com.alibaba.nacos.logger.adapter.logback14.LogbackNacosLoggingAdapterBuilder
14:35:24:250  INFO 19556 --- [hm-item] [main] c.a.nacos.client.logging.NacosLogging    : Nacos Logging Adapter: com.alibaba.nacos.logger.adapter.logback14.LogbackNacosLoggingAdapter match ch.qos.logback.classic.Logger success.
14:35:24:257  INFO 19556 --- [hm-item] [main] c.a.nacos.client.logging.NacosLogging    : Nacos Logging Adapter Builder: com.alibaba.nacos.logger.adapter.log4j2.Log4j2NacosLoggingAdapterBuilder
14:35:24:453  INFO 19556 --- [hm-item] [main] com.george.item.ItemApplication          : Starting ItemApplication using Java 21.0.11 with PID 19556 (E:\download\SpringCloud\day02-Docker\Source\hmall\hm-item\target\classes started by lindu in E:\download\SpringCloud\day02-Docker\Source\hmall)
14:35:24:454 DEBUG 19556 --- [hm-item] [main] com.george.item.ItemApplication          : Running with Spring Boot v3.5.15, Spring v6.2.19
14:35:24:455  INFO 19556 --- [hm-item] [main] com.george.item.ItemApplication          : The following 1 profile is active: "local"
14:35:25:198  INFO 19556 --- [hm-item] [main] .s.d.r.c.RepositoryConfigurationDelegate : Multiple Spring Data modules found, entering strict repository configuration mode
14:35:25:201  INFO 19556 --- [hm-item] [main] .s.d.r.c.RepositoryConfigurationDelegate : Bootstrapping Spring Data Redis repositories in DEFAULT mode.
14:35:25:232  INFO 19556 --- [hm-item] [main] .s.d.r.c.RepositoryConfigurationDelegate : Finished Spring Data repository scanning in 16 ms. Found 0 Redis repository interfaces.
14:35:25:417  INFO 19556 --- [hm-item] [main] o.s.cloud.context.scope.GenericScope     : BeanFactory id=cf9b8a4c-57fe-35a4-bbe1-589074a97b1d
14:35:25:813  INFO 19556 --- [hm-item] [main] o.s.b.w.embedded.tomcat.TomcatWebServer  : Tomcat initialized with port 9001 (http)
14:35:25:827  INFO 19556 --- [hm-item] [main] o.apache.catalina.core.StandardService   : Starting service [Tomcat]
14:35:25:827  INFO 19556 --- [hm-item] [main] o.apache.catalina.core.StandardEngine    : Starting Servlet engine: [Apache Tomcat/10.1.55]
14:35:25:890  INFO 19556 --- [hm-item] [main] o.a.c.c.C.[Tomcat].[localhost].[/]       : Initializing Spring embedded WebApplicationContext
14:35:25:891  INFO 19556 --- [hm-item] [main] w.s.c.ServletWebServerApplicationContext : Root WebApplicationContext: initialization completed in 1392 ms
14:35:26:529  INFO 19556 --- [hm-item] [main] m.e.s.MybatisPlusApplicationContextAware : Register ApplicationContext instances org.springframework.boot.web.servlet.context.AnnotationConfigServletWebServerApplicationContext@4fad94a7
14:35:26:971  INFO 19556 --- [hm-item] [main] o.s.b.w.embedded.tomcat.TomcatWebServer  : Tomcat started on port 9001 (http) with context path '/'
14:35:27:011  INFO 19556 --- [hm-item] [main] c.a.n.p.a.s.c.ClientAuthPluginManager    : [ClientAuthPluginManager] Load ClientAuthService com.alibaba.nacos.client.auth.impl.NacosClientAuthServiceImpl success.
14:35:27:011  INFO 19556 --- [hm-item] [main] c.a.n.p.a.s.c.ClientAuthPluginManager    : [ClientAuthPluginManager] Load ClientAuthService com.alibaba.nacos.client.auth.ram.RamClientAuthServiceImpl success.
14:35:27:957 ERROR 19556 --- [hm-item] [main] c.a.c.n.registry.NacosServiceRegistry    : nacos registry, hm-item register failed...NacosRegistration{nacosDiscoveryProperties=NacosDiscoveryProperties{serverAddr='null', username='******', password='******', endpoint='null', namespace='null', watchDelay=30000, logName='null', service='null', weight=1.0, clusterName='null', group='DEFAULT_GROUP', namingLoadCacheAtStart='false', metadata={}, registerEnabled=true, ip='null', networkInterface='', port=-1, secure=false, accessKey='null', secretKey='null', heartBeatInterval=null, heartBeatTimeout=null, ipDeleteTimeout=null, instanceEnabled=true, ephemeral=true, failureToleranceEnabled=false}, ipDeleteTimeout=null, failFast=true}},

ErrCode:-401, ErrMsg:Client not connected, current status:STARTING
	at com.alibaba.nacos.common.remote.client.RpcClient.request(RpcClient.java:645) ~[nacos-client-2.4.2.jar:na]
	at com.alibaba.nacos.common.remote.client.RpcClient.request(RpcClient.java:624) ~[nacos-client-2.4.2.jar:na]
	at com.alibaba.nacos.client.naming.remote.gprc.NamingGrpcClientProxy.requestToServer(NamingGrpcClientProxy.java:447) ~[nacos-client-2.4.2.jar:na]
	at com.alibaba.nacos.client.naming.remote.gprc.NamingGrpcClientProxy.doRegisterService(NamingGrpcClientProxy.java:250) ~[nacos-client-2.4.2.jar:na]
	at com.alibaba.nacos.client.naming.remote.gprc.NamingGrpcClientProxy.registerServiceForEphemeral(NamingGrpcClientProxy.java:145) ~[nacos-client-2.4.2.jar:na]
	at com.alibaba.nacos.client.naming.remote.gprc.NamingGrpcClientProxy.registerService(NamingGrpcClientProxy.java:136) ~[nacos-client-2.4.2.jar:na]
	at com.alibaba.nacos.client.naming.remote.NamingClientProxyDelegate.registerService(NamingClientProxyDelegate.java:95) ~[nacos-client-2.4.2.jar:na]
	at com.alibaba.nacos.client.naming.NacosNamingService.registerInstance(NacosNamingService.java:158) ~[nacos-client-2.4.2.jar:na]
	at com.alibaba.cloud.nacos.registry.NacosServiceRegistry.register(NacosServiceRegistry.java:75) ~[spring-cloud-starter-alibaba-nacos-discovery-2023.0.3.3.jar:2023.0.3.3]
	at org.springframework.cloud.client.serviceregistry.AbstractAutoServiceRegistration.register(AbstractAutoServiceRegistration.java:264) ~[spring-cloud-commons-4.3.0.jar:4.3.0]
	at com.alibaba.cloud.nacos.registry.NacosAutoServiceRegistration.register(NacosAutoServiceRegistration.java:81) ~[spring-cloud-starter-alibaba-nacos-discovery-2023.0.3.3.jar:2023.0.3.3]
	at org.springframework.cloud.client.serviceregistry.AbstractAutoServiceRegistration.start(AbstractAutoServiceRegistration.java:156) ~[spring-cloud-commons-4.3.0.jar:4.3.0]
	at org.springframework.cloud.client.serviceregistry.AbstractAutoServiceRegistration.onApplicationEvent(AbstractAutoServiceRegistration.java:119) ~[spring-cloud-commons-4.3.0.jar:4.3.0]
	at org.springframework.cloud.client.serviceregistry.AbstractAutoServiceRegistration.onApplicationEvent(AbstractAutoServiceRegistration.java:49) ~[spring-cloud-commons-4.3.0.jar:4.3.0]
	at org.springframework.context.event.SimpleApplicationEventMulticaster.doInvokeListener(SimpleApplicationEventMulticaster.java:185) ~[spring-context-6.2.19.jar:6.2.19]
	at org.springframework.context.event.SimpleApplicationEventMulticaster.invokeListener(SimpleApplicationEventMulticaster.java:178) ~[spring-context-6.2.19.jar:6.2.19]
	at org.springframework.context.event.SimpleApplicationEventMulticaster.multicastEvent(SimpleApplicationEventMulticaster.java:156) ~[spring-context-6.2.19.jar:6.2.19]
	at org.springframework.context.support.AbstractApplicationContext.publishEvent(AbstractApplicationContext.java:455) ~[spring-context-6.2.19.jar:6.2.19]
	at org.springframework.context.support.AbstractApplicationContext.publishEvent(AbstractApplicationContext.java:388) ~[spring-context-6.2.19.jar:6.2.19]
	at org.springframework.boot.web.servlet.context.WebServerStartStopLifecycle.start(WebServerStartStopLifecycle.java:47) ~[spring-boot-3.5.15.jar:3.5.15]
	at org.springframework.context.support.DefaultLifecycleProcessor.doStart(DefaultLifecycleProcessor.java:405) ~[spring-context-6.2.19.jar:6.2.19]
	at org.springframework.context.support.DefaultLifecycleProcessor.doStart(DefaultLifecycleProcessor.java:394) ~[spring-context-6.2.19.jar:6.2.19]
	at org.springframework.context.support.DefaultLifecycleProcessor$LifecycleGroup.start(DefaultLifecycleProcessor.java:586) ~[spring-context-6.2.19.jar:6.2.19]
	at java.base/java.lang.Iterable.forEach(Iterable.java:75) ~[na:na]
	at org.springframework.context.support.DefaultLifecycleProcessor.startBeans(DefaultLifecycleProcessor.java:364) ~[spring-context-6.2.19.jar:6.2.19]
	at org.springframework.context.support.DefaultLifecycleProcessor.onRefresh(DefaultLifecycleProcessor.java:310) ~[spring-context-6.2.19.jar:6.2.19]
	at org.springframework.context.support.AbstractApplicationContext.finishRefresh(AbstractApplicationContext.java:1010) ~[spring-context-6.2.19.jar:6.2.19]
	at org.springframework.context.support.AbstractApplicationContext.refresh(AbstractApplicationContext.java:631) ~[spring-context-6.2.19.jar:6.2.19]
	at org.springframework.boot.web.servlet.context.ServletWebServerApplicationContext.refresh(ServletWebServerApplicationContext.java:146) ~[spring-boot-3.5.15.jar:3.5.15]
	at org.springframework.boot.SpringApplication.refresh(SpringApplication.java:752) ~[spring-boot-3.5.15.jar:3.5.15]
	at org.springframework.boot.SpringApplication.refreshContext(SpringApplication.java:439) ~[spring-boot-3.5.15.jar:3.5.15]
	at org.springframework.boot.SpringApplication.run(SpringApplication.java:318) ~[spring-boot-3.5.15.jar:3.5.15]
	at org.springframework.boot.SpringApplication.run(SpringApplication.java:1361) ~[spring-boot-3.5.15.jar:3.5.15]
	at org.springframework.boot.SpringApplication.run(SpringApplication.java:1350) ~[spring-boot-3.5.15.jar:3.5.15]
	at com.george.item.ItemApplication.main(ItemApplication.java:12) ~[classes/:na]

14:35:27:969  WARN 19556 --- [hm-item] [main] ConfigServletWebServerApplicationContext : Exception encountered during context initialization - cancelling refresh attempt: org.springframework.context.ApplicationContextException: Failed to start bean 'webServerStartStop'
14:35:27:989  INFO 19556 --- [hm-item] [main] .s.b.a.l.ConditionEvaluationReportLogger : 

Error starting ApplicationContext. To display the condition evaluation report re-run your application with 'debug' enabled.
14:35:28:004 ERROR 19556 --- [hm-item] [main] o.s.boot.SpringApplication               : Application run failed

org.springframework.context.ApplicationContextException: Failed to start bean 'webServerStartStop'
	at org.springframework.context.support.DefaultLifecycleProcessor.doStart(DefaultLifecycleProcessor.java:408) ~[spring-context-6.2.19.jar:6.2.19]
	at org.springframework.context.support.DefaultLifecycleProcessor.doStart(DefaultLifecycleProcessor.java:394) ~[spring-context-6.2.19.jar:6.2.19]
	at org.springframework.context.support.DefaultLifecycleProcessor$LifecycleGroup.start(DefaultLifecycleProcessor.java:586) ~[spring-context-6.2.19.jar:6.2.19]
	at java.base/java.lang.Iterable.forEach(Iterable.java:75) ~[na:na]
	at org.springframework.context.support.DefaultLifecycleProcessor.startBeans(DefaultLifecycleProcessor.java:364) ~[spring-context-6.2.19.jar:6.2.19]
	at org.springframework.context.support.DefaultLifecycleProcessor.onRefresh(DefaultLifecycleProcessor.java:310) ~[spring-context-6.2.19.jar:6.2.19]
	at org.springframework.context.support.AbstractApplicationContext.finishRefresh(AbstractApplicationContext.java:1010) ~[spring-context-6.2.19.jar:6.2.19]
	at org.springframework.context.support.AbstractApplicationContext.refresh(AbstractApplicationContext.java:631) ~[spring-context-6.2.19.jar:6.2.19]
	at org.springframework.boot.web.servlet.context.ServletWebServerApplicationContext.refresh(ServletWebServerApplicationContext.java:146) ~[spring-boot-3.5.15.jar:3.5.15]
	at org.springframework.boot.SpringApplication.refresh(SpringApplication.java:752) ~[spring-boot-3.5.15.jar:3.5.15]
	at org.springframework.boot.SpringApplication.refreshContext(SpringApplication.java:439) ~[spring-boot-3.5.15.jar:3.5.15]
	at org.springframework.boot.SpringApplication.run(SpringApplication.java:318) ~[spring-boot-3.5.15.jar:3.5.15]
	at org.springframework.boot.SpringApplication.run(SpringApplication.java:1361) ~[spring-boot-3.5.15.jar:3.5.15]
	at org.springframework.boot.SpringApplication.run(SpringApplication.java:1350) ~[spring-boot-3.5.15.jar:3.5.15]
	at com.george.item.ItemApplication.main(ItemApplication.java:12) ~[classes/:na]
Caused by: java.lang.reflect.UndeclaredThrowableException
	at org.springframework.util.ReflectionUtils.rethrowRuntimeException(ReflectionUtils.java:147) ~[spring-core-6.2.19.jar:6.2.19]
	at com.alibaba.cloud.nacos.registry.NacosServiceRegistry.register(NacosServiceRegistry.java:83) ~[spring-cloud-starter-alibaba-nacos-discovery-2023.0.3.3.jar:2023.0.3.3]
	at org.springframework.cloud.client.serviceregistry.AbstractAutoServiceRegistration.register(AbstractAutoServiceRegistration.java:264) ~[spring-cloud-commons-4.3.0.jar:4.3.0]
	at com.alibaba.cloud.nacos.registry.NacosAutoServiceRegistration.register(NacosAutoServiceRegistration.java:81) ~[spring-cloud-starter-alibaba-nacos-discovery-2023.0.3.3.jar:2023.0.3.3]
	at org.springframework.cloud.client.serviceregistry.AbstractAutoServiceRegistration.start(AbstractAutoServiceRegistration.java:156) ~[spring-cloud-commons-4.3.0.jar:4.3.0]
	at org.springframework.cloud.client.serviceregistry.AbstractAutoServiceRegistration.onApplicationEvent(AbstractAutoServiceRegistration.java:119) ~[spring-cloud-commons-4.3.0.jar:4.3.0]
	at org.springframework.cloud.client.serviceregistry.AbstractAutoServiceRegistration.onApplicationEvent(AbstractAutoServiceRegistration.java:49) ~[spring-cloud-commons-4.3.0.jar:4.3.0]
	at org.springframework.context.event.SimpleApplicationEventMulticaster.doInvokeListener(SimpleApplicationEventMulticaster.java:185) ~[spring-context-6.2.19.jar:6.2.19]
	at org.springframework.context.event.SimpleApplicationEventMulticaster.invokeListener(SimpleApplicationEventMulticaster.java:178) ~[spring-context-6.2.19.jar:6.2.19]
	at org.springframework.context.event.SimpleApplicationEventMulticaster.multicastEvent(SimpleApplicationEventMulticaster.java:156) ~[spring-context-6.2.19.jar:6.2.19]
	at org.springframework.context.support.AbstractApplicationContext.publishEvent(AbstractApplicationContext.java:455) ~[spring-context-6.2.19.jar:6.2.19]
	at org.springframework.context.support.AbstractApplicationContext.publishEvent(AbstractApplicationContext.java:388) ~[spring-context-6.2.19.jar:6.2.19]
	at org.springframework.boot.web.servlet.context.WebServerStartStopLifecycle.start(WebServerStartStopLifecycle.java:47) ~[spring-boot-3.5.15.jar:3.5.15]
	at org.springframework.context.support.DefaultLifecycleProcessor.doStart(DefaultLifecycleProcessor.java:405) ~[spring-context-6.2.19.jar:6.2.19]
	... 14 common frames omitted
Caused by: ErrCode:-401, ErrMsg:Client not connected, current status:STARTING
	at com.alibaba.nacos.common.remote.client.RpcClient.request(RpcClient.java:645) ~[nacos-client-2.4.2.jar:na]
	at com.alibaba.nacos.common.remote.client.RpcClient.request(RpcClient.java:624) ~[nacos-client-2.4.2.jar:na]
	at com.alibaba.nacos.client.naming.remote.gprc.NamingGrpcClientProxy.requestToServer(NamingGrpcClientProxy.java:447) ~[nacos-client-2.4.2.jar:na]
	at com.alibaba.nacos.client.naming.remote.gprc.NamingGrpcClientProxy.doRegisterService(NamingGrpcClientProxy.java:250) ~[nacos-client-2.4.2.jar:na]
	at com.alibaba.nacos.client.naming.remote.gprc.NamingGrpcClientProxy.registerServiceForEphemeral(NamingGrpcClientProxy.java:145) ~[nacos-client-2.4.2.jar:na]
	at com.alibaba.nacos.client.naming.remote.gprc.NamingGrpcClientProxy.registerService(NamingGrpcClientProxy.java:136) ~[nacos-client-2.4.2.jar:na]
	at com.alibaba.nacos.client.naming.remote.NamingClientProxyDelegate.registerService(NamingClientProxyDelegate.java:95) ~[nacos-client-2.4.2.jar:na]
	at com.alibaba.nacos.client.naming.NacosNamingService.registerInstance(NacosNamingService.java:158) ~[nacos-client-2.4.2.jar:na]
	at com.alibaba.cloud.nacos.registry.NacosServiceRegistry.register(NacosServiceRegistry.java:75) ~[spring-cloud-starter-alibaba-nacos-discovery-2023.0.3.3.jar:2023.0.3.3]
	... 26 common frames omitted

14:35:28:976  WARN 19556 --- [hm-item] [Thread-16] c.a.nacos.common.notify.NotifyCenter     : [NotifyCenter] Start destroying Publisher
14:35:28:976  WARN 19556 --- [hm-item] [Thread-18] c.a.n.common.http.HttpClientBeanHolder   : [HttpClientBeanHolder] Start destroying common HttpClient
14:35:28:977  WARN 19556 --- [hm-item] [Thread-2] c.a.n.common.executor.ThreadPoolManager  : [ThreadPoolManager] Start destroying ThreadPool
14:35:28:977  WARN 19556 --- [hm-item] [Thread-16] c.a.nacos.common.notify.NotifyCenter     : [NotifyCenter] Destruction of the end
14:37:13:654  INFO 16008 --- [hm-item] [main] c.a.nacos.client.logging.NacosLogging    : Nacos Logging Adapter Builder: com.alibaba.nacos.logger.adapter.logback12.LogbackNacosLoggingAdapterBuilder
14:37:13:662  INFO 16008 --- [hm-item] [main] c.a.nacos.client.logging.NacosLogging    : Nacos Logging Adapter Builder: com.alibaba.nacos.logger.adapter.logback14.LogbackNacosLoggingAdapterBuilder
14:37:13:663  INFO 16008 --- [hm-item] [main] c.a.nacos.client.logging.NacosLogging    : Nacos Logging Adapter: com.alibaba.nacos.logger.adapter.logback14.LogbackNacosLoggingAdapter match ch.qos.logback.classic.Logger success.
14:37:13:669  INFO 16008 --- [hm-item] [main] c.a.nacos.client.logging.NacosLogging    : Nacos Logging Adapter Builder: com.alibaba.nacos.logger.adapter.log4j2.Log4j2NacosLoggingAdapterBuilder
14:37:13:859  INFO 16008 --- [hm-item] [main] com.george.item.ItemApplication          : Starting ItemApplication using Java 21.0.11 with PID 16008 (E:\download\SpringCloud\day02-Docker\Source\hmall\hm-item\target\classes started by lindu in E:\download\SpringCloud\day02-Docker\Source\hmall)
14:37:13:860 DEBUG 16008 --- [hm-item] [main] com.george.item.ItemApplication          : Running with Spring Boot v3.5.15, Spring v6.2.19
14:37:13:860  INFO 16008 --- [hm-item] [main] com.george.item.ItemApplication          : The following 1 profile is active: "local"
14:37:14:554  INFO 16008 --- [hm-item] [main] .s.d.r.c.RepositoryConfigurationDelegate : Multiple Spring Data modules found, entering strict repository configuration mode
14:37:14:556  INFO 16008 --- [hm-item] [main] .s.d.r.c.RepositoryConfigurationDelegate : Bootstrapping Spring Data Redis repositories in DEFAULT mode.
14:37:14:585  INFO 16008 --- [hm-item] [main] .s.d.r.c.RepositoryConfigurationDelegate : Finished Spring Data repository scanning in 15 ms. Found 0 Redis repository interfaces.
14:37:14:752  INFO 16008 --- [hm-item] [main] o.s.cloud.context.scope.GenericScope     : BeanFactory id=cf9b8a4c-57fe-35a4-bbe1-589074a97b1d
14:37:15:096  INFO 16008 --- [hm-item] [main] o.s.b.w.embedded.tomcat.TomcatWebServer  : Tomcat initialized with port 9001 (http)
14:37:15:109  INFO 16008 --- [hm-item] [main] o.apache.catalina.core.StandardService   : Starting service [Tomcat]
14:37:15:109  INFO 16008 --- [hm-item] [main] o.apache.catalina.core.StandardEngine    : Starting Servlet engine: [Apache Tomcat/10.1.55]
14:37:15:174  INFO 16008 --- [hm-item] [main] o.a.c.c.C.[Tomcat].[localhost].[/]       : Initializing Spring embedded WebApplicationContext
14:37:15:174  INFO 16008 --- [hm-item] [main] w.s.c.ServletWebServerApplicationContext : Root WebApplicationContext: initialization completed in 1269 ms
14:37:15:800  INFO 16008 --- [hm-item] [main] m.e.s.MybatisPlusApplicationContextAware : Register ApplicationContext instances org.springframework.boot.web.servlet.context.AnnotationConfigServletWebServerApplicationContext@fd0e5b6
14:37:16:242  INFO 16008 --- [hm-item] [main] o.s.b.w.embedded.tomcat.TomcatWebServer  : Tomcat started on port 9001 (http) with context path '/'
14:37:16:282  INFO 16008 --- [hm-item] [main] c.a.n.p.a.s.c.ClientAuthPluginManager    : [ClientAuthPluginManager] Load ClientAuthService com.alibaba.nacos.client.auth.impl.NacosClientAuthServiceImpl success.
14:37:16:282  INFO 16008 --- [hm-item] [main] c.a.n.p.a.s.c.ClientAuthPluginManager    : [ClientAuthPluginManager] Load ClientAuthService com.alibaba.nacos.client.auth.ram.RamClientAuthServiceImpl success.
14:37:17:219 ERROR 16008 --- [hm-item] [main] c.a.c.n.registry.NacosServiceRegistry    : nacos registry, hm-item register failed...NacosRegistration{nacosDiscoveryProperties=NacosDiscoveryProperties{serverAddr='null', username='******', password='******', endpoint='null', namespace='null', watchDelay=30000, logName='null', service='null', weight=1.0, clusterName='null', group='DEFAULT_GROUP', namingLoadCacheAtStart='false', metadata={}, registerEnabled=true, ip='null', networkInterface='', port=-1, secure=false, accessKey='null', secretKey='null', heartBeatInterval=null, heartBeatTimeout=null, ipDeleteTimeout=null, instanceEnabled=true, ephemeral=true, failureToleranceEnabled=false}, ipDeleteTimeout=null, failFast=true}},

ErrCode:-401, ErrMsg:Client not connected, current status:STARTING
	at com.alibaba.nacos.common.remote.client.RpcClient.request(RpcClient.java:645) ~[nacos-client-2.4.2.jar:na]
	at com.alibaba.nacos.common.remote.client.RpcClient.request(RpcClient.java:624) ~[nacos-client-2.4.2.jar:na]
	at com.alibaba.nacos.client.naming.remote.gprc.NamingGrpcClientProxy.requestToServer(NamingGrpcClientProxy.java:447) ~[nacos-client-2.4.2.jar:na]
	at com.alibaba.nacos.client.naming.remote.gprc.NamingGrpcClientProxy.doRegisterService(NamingGrpcClientProxy.java:250) ~[nacos-client-2.4.2.jar:na]
	at com.alibaba.nacos.client.naming.remote.gprc.NamingGrpcClientProxy.registerServiceForEphemeral(NamingGrpcClientProxy.java:145) ~[nacos-client-2.4.2.jar:na]
	at com.alibaba.nacos.client.naming.remote.gprc.NamingGrpcClientProxy.registerService(NamingGrpcClientProxy.java:136) ~[nacos-client-2.4.2.jar:na]
	at com.alibaba.nacos.client.naming.remote.NamingClientProxyDelegate.registerService(NamingClientProxyDelegate.java:95) ~[nacos-client-2.4.2.jar:na]
	at com.alibaba.nacos.client.naming.NacosNamingService.registerInstance(NacosNamingService.java:158) ~[nacos-client-2.4.2.jar:na]
	at com.alibaba.cloud.nacos.registry.NacosServiceRegistry.register(NacosServiceRegistry.java:75) ~[spring-cloud-starter-alibaba-nacos-discovery-2023.0.3.3.jar:2023.0.3.3]
	at org.springframework.cloud.client.serviceregistry.AbstractAutoServiceRegistration.register(AbstractAutoServiceRegistration.java:264) ~[spring-cloud-commons-4.3.0.jar:4.3.0]
	at com.alibaba.cloud.nacos.registry.NacosAutoServiceRegistration.register(NacosAutoServiceRegistration.java:81) ~[spring-cloud-starter-alibaba-nacos-discovery-2023.0.3.3.jar:2023.0.3.3]
	at org.springframework.cloud.client.serviceregistry.AbstractAutoServiceRegistration.start(AbstractAutoServiceRegistration.java:156) ~[spring-cloud-commons-4.3.0.jar:4.3.0]
	at org.springframework.cloud.client.serviceregistry.AbstractAutoServiceRegistration.onApplicationEvent(AbstractAutoServiceRegistration.java:119) ~[spring-cloud-commons-4.3.0.jar:4.3.0]
	at org.springframework.cloud.client.serviceregistry.AbstractAutoServiceRegistration.onApplicationEvent(AbstractAutoServiceRegistration.java:49) ~[spring-cloud-commons-4.3.0.jar:4.3.0]
	at org.springframework.context.event.SimpleApplicationEventMulticaster.doInvokeListener(SimpleApplicationEventMulticaster.java:185) ~[spring-context-6.2.19.jar:6.2.19]
	at org.springframework.context.event.SimpleApplicationEventMulticaster.invokeListener(SimpleApplicationEventMulticaster.java:178) ~[spring-context-6.2.19.jar:6.2.19]
	at org.springframework.context.event.SimpleApplicationEventMulticaster.multicastEvent(SimpleApplicationEventMulticaster.java:156) ~[spring-context-6.2.19.jar:6.2.19]
	at org.springframework.context.support.AbstractApplicationContext.publishEvent(AbstractApplicationContext.java:455) ~[spring-context-6.2.19.jar:6.2.19]
	at org.springframework.context.support.AbstractApplicationContext.publishEvent(AbstractApplicationContext.java:388) ~[spring-context-6.2.19.jar:6.2.19]
	at org.springframework.boot.web.servlet.context.WebServerStartStopLifecycle.start(WebServerStartStopLifecycle.java:47) ~[spring-boot-3.5.15.jar:3.5.15]
	at org.springframework.context.support.DefaultLifecycleProcessor.doStart(DefaultLifecycleProcessor.java:405) ~[spring-context-6.2.19.jar:6.2.19]
	at org.springframework.context.support.DefaultLifecycleProcessor.doStart(DefaultLifecycleProcessor.java:394) ~[spring-context-6.2.19.jar:6.2.19]
	at org.springframework.context.support.DefaultLifecycleProcessor$LifecycleGroup.start(DefaultLifecycleProcessor.java:586) ~[spring-context-6.2.19.jar:6.2.19]
	at java.base/java.lang.Iterable.forEach(Iterable.java:75) ~[na:na]
	at org.springframework.context.support.DefaultLifecycleProcessor.startBeans(DefaultLifecycleProcessor.java:364) ~[spring-context-6.2.19.jar:6.2.19]
	at org.springframework.context.support.DefaultLifecycleProcessor.onRefresh(DefaultLifecycleProcessor.java:310) ~[spring-context-6.2.19.jar:6.2.19]
	at org.springframework.context.support.AbstractApplicationContext.finishRefresh(AbstractApplicationContext.java:1010) ~[spring-context-6.2.19.jar:6.2.19]
	at org.springframework.context.support.AbstractApplicationContext.refresh(AbstractApplicationContext.java:631) ~[spring-context-6.2.19.jar:6.2.19]
	at org.springframework.boot.web.servlet.context.ServletWebServerApplicationContext.refresh(ServletWebServerApplicationContext.java:146) ~[spring-boot-3.5.15.jar:3.5.15]
	at org.springframework.boot.SpringApplication.refresh(SpringApplication.java:752) ~[spring-boot-3.5.15.jar:3.5.15]
	at org.springframework.boot.SpringApplication.refreshContext(SpringApplication.java:439) ~[spring-boot-3.5.15.jar:3.5.15]
	at org.springframework.boot.SpringApplication.run(SpringApplication.java:318) ~[spring-boot-3.5.15.jar:3.5.15]
	at org.springframework.boot.SpringApplication.run(SpringApplication.java:1361) ~[spring-boot-3.5.15.jar:3.5.15]
	at org.springframework.boot.SpringApplication.run(SpringApplication.java:1350) ~[spring-boot-3.5.15.jar:3.5.15]
	at com.george.item.ItemApplication.main(ItemApplication.java:12) ~[classes/:na]

14:37:17:231  WARN 16008 --- [hm-item] [main] ConfigServletWebServerApplicationContext : Exception encountered during context initialization - cancelling refresh attempt: org.springframework.context.ApplicationContextException: Failed to start bean 'webServerStartStop'
14:37:17:251  INFO 16008 --- [hm-item] [main] .s.b.a.l.ConditionEvaluationReportLogger : 

Error starting ApplicationContext. To display the condition evaluation report re-run your application with 'debug' enabled.
14:37:17:265 ERROR 16008 --- [hm-item] [main] o.s.boot.SpringApplication               : Application run failed

org.springframework.context.ApplicationContextException: Failed to start bean 'webServerStartStop'
	at org.springframework.context.support.DefaultLifecycleProcessor.doStart(DefaultLifecycleProcessor.java:408) ~[spring-context-6.2.19.jar:6.2.19]
	at org.springframework.context.support.DefaultLifecycleProcessor.doStart(DefaultLifecycleProcessor.java:394) ~[spring-context-6.2.19.jar:6.2.19]
	at org.springframework.context.support.DefaultLifecycleProcessor$LifecycleGroup.start(DefaultLifecycleProcessor.java:586) ~[spring-context-6.2.19.jar:6.2.19]
	at java.base/java.lang.Iterable.forEach(Iterable.java:75) ~[na:na]
	at org.springframework.context.support.DefaultLifecycleProcessor.startBeans(DefaultLifecycleProcessor.java:364) ~[spring-context-6.2.19.jar:6.2.19]
	at org.springframework.context.support.DefaultLifecycleProcessor.onRefresh(DefaultLifecycleProcessor.java:310) ~[spring-context-6.2.19.jar:6.2.19]
	at org.springframework.context.support.AbstractApplicationContext.finishRefresh(AbstractApplicationContext.java:1010) ~[spring-context-6.2.19.jar:6.2.19]
	at org.springframework.context.support.AbstractApplicationContext.refresh(AbstractApplicationContext.java:631) ~[spring-context-6.2.19.jar:6.2.19]
	at org.springframework.boot.web.servlet.context.ServletWebServerApplicationContext.refresh(ServletWebServerApplicationContext.java:146) ~[spring-boot-3.5.15.jar:3.5.15]
	at org.springframework.boot.SpringApplication.refresh(SpringApplication.java:752) ~[spring-boot-3.5.15.jar:3.5.15]
	at org.springframework.boot.SpringApplication.refreshContext(SpringApplication.java:439) ~[spring-boot-3.5.15.jar:3.5.15]
	at org.springframework.boot.SpringApplication.run(SpringApplication.java:318) ~[spring-boot-3.5.15.jar:3.5.15]
	at org.springframework.boot.SpringApplication.run(SpringApplication.java:1361) ~[spring-boot-3.5.15.jar:3.5.15]
	at org.springframework.boot.SpringApplication.run(SpringApplication.java:1350) ~[spring-boot-3.5.15.jar:3.5.15]
	at com.george.item.ItemApplication.main(ItemApplication.java:12) ~[classes/:na]
Caused by: java.lang.reflect.UndeclaredThrowableException
	at org.springframework.util.ReflectionUtils.rethrowRuntimeException(ReflectionUtils.java:147) ~[spring-core-6.2.19.jar:6.2.19]
	at com.alibaba.cloud.nacos.registry.NacosServiceRegistry.register(NacosServiceRegistry.java:83) ~[spring-cloud-starter-alibaba-nacos-discovery-2023.0.3.3.jar:2023.0.3.3]
	at org.springframework.cloud.client.serviceregistry.AbstractAutoServiceRegistration.register(AbstractAutoServiceRegistration.java:264) ~[spring-cloud-commons-4.3.0.jar:4.3.0]
	at com.alibaba.cloud.nacos.registry.NacosAutoServiceRegistration.register(NacosAutoServiceRegistration.java:81) ~[spring-cloud-starter-alibaba-nacos-discovery-2023.0.3.3.jar:2023.0.3.3]
	at org.springframework.cloud.client.serviceregistry.AbstractAutoServiceRegistration.start(AbstractAutoServiceRegistration.java:156) ~[spring-cloud-commons-4.3.0.jar:4.3.0]
	at org.springframework.cloud.client.serviceregistry.AbstractAutoServiceRegistration.onApplicationEvent(AbstractAutoServiceRegistration.java:119) ~[spring-cloud-commons-4.3.0.jar:4.3.0]
	at org.springframework.cloud.client.serviceregistry.AbstractAutoServiceRegistration.onApplicationEvent(AbstractAutoServiceRegistration.java:49) ~[spring-cloud-commons-4.3.0.jar:4.3.0]
	at org.springframework.context.event.SimpleApplicationEventMulticaster.doInvokeListener(SimpleApplicationEventMulticaster.java:185) ~[spring-context-6.2.19.jar:6.2.19]
	at org.springframework.context.event.SimpleApplicationEventMulticaster.invokeListener(SimpleApplicationEventMulticaster.java:178) ~[spring-context-6.2.19.jar:6.2.19]
	at org.springframework.context.event.SimpleApplicationEventMulticaster.multicastEvent(SimpleApplicationEventMulticaster.java:156) ~[spring-context-6.2.19.jar:6.2.19]
	at org.springframework.context.support.AbstractApplicationContext.publishEvent(AbstractApplicationContext.java:455) ~[spring-context-6.2.19.jar:6.2.19]
	at org.springframework.context.support.AbstractApplicationContext.publishEvent(AbstractApplicationContext.java:388) ~[spring-context-6.2.19.jar:6.2.19]
	at org.springframework.boot.web.servlet.context.WebServerStartStopLifecycle.start(WebServerStartStopLifecycle.java:47) ~[spring-boot-3.5.15.jar:3.5.15]
	at org.springframework.context.support.DefaultLifecycleProcessor.doStart(DefaultLifecycleProcessor.java:405) ~[spring-context-6.2.19.jar:6.2.19]
	... 14 common frames omitted
Caused by: ErrCode:-401, ErrMsg:Client not connected, current status:STARTING
	at com.alibaba.nacos.common.remote.client.RpcClient.request(RpcClient.java:645) ~[nacos-client-2.4.2.jar:na]
	at com.alibaba.nacos.common.remote.client.RpcClient.request(RpcClient.java:624) ~[nacos-client-2.4.2.jar:na]
	at com.alibaba.nacos.client.naming.remote.gprc.NamingGrpcClientProxy.requestToServer(NamingGrpcClientProxy.java:447) ~[nacos-client-2.4.2.jar:na]
	at com.alibaba.nacos.client.naming.remote.gprc.NamingGrpcClientProxy.doRegisterService(NamingGrpcClientProxy.java:250) ~[nacos-client-2.4.2.jar:na]
	at com.alibaba.nacos.client.naming.remote.gprc.NamingGrpcClientProxy.registerServiceForEphemeral(NamingGrpcClientProxy.java:145) ~[nacos-client-2.4.2.jar:na]
	at com.alibaba.nacos.client.naming.remote.gprc.NamingGrpcClientProxy.registerService(NamingGrpcClientProxy.java:136) ~[nacos-client-2.4.2.jar:na]
	at com.alibaba.nacos.client.naming.remote.NamingClientProxyDelegate.registerService(NamingClientProxyDelegate.java:95) ~[nacos-client-2.4.2.jar:na]
	at com.alibaba.nacos.client.naming.NacosNamingService.registerInstance(NacosNamingService.java:158) ~[nacos-client-2.4.2.jar:na]
	at com.alibaba.cloud.nacos.registry.NacosServiceRegistry.register(NacosServiceRegistry.java:75) ~[spring-cloud-starter-alibaba-nacos-discovery-2023.0.3.3.jar:2023.0.3.3]
	... 26 common frames omitted

14:37:18:241  WARN 16008 --- [hm-item] [Thread-16] c.a.nacos.common.notify.NotifyCenter     : [NotifyCenter] Start destroying Publisher
14:37:18:241  WARN 16008 --- [hm-item] [Thread-18] c.a.n.common.http.HttpClientBeanHolder   : [HttpClientBeanHolder] Start destroying common HttpClient
14:37:18:241  WARN 16008 --- [hm-item] [Thread-2] c.a.n.common.executor.ThreadPoolManager  : [ThreadPoolManager] Start destroying ThreadPool
14:37:18:242  WARN 16008 --- [hm-item] [Thread-16] c.a.nacos.common.notify.NotifyCenter     : [NotifyCenter] Destruction of the end
14:38:08:410  INFO 18460 --- [hm-item] [main] c.a.nacos.client.logging.NacosLogging    : Nacos Logging Adapter Builder: com.alibaba.nacos.logger.adapter.logback12.LogbackNacosLoggingAdapterBuilder
14:38:08:419  INFO 18460 --- [hm-item] [main] c.a.nacos.client.logging.NacosLogging    : Nacos Logging Adapter Builder: com.alibaba.nacos.logger.adapter.logback14.LogbackNacosLoggingAdapterBuilder
14:38:08:419  INFO 18460 --- [hm-item] [main] c.a.nacos.client.logging.NacosLogging    : Nacos Logging Adapter: com.alibaba.nacos.logger.adapter.logback14.LogbackNacosLoggingAdapter match ch.qos.logback.classic.Logger success.
14:38:08:425  INFO 18460 --- [hm-item] [main] c.a.nacos.client.logging.NacosLogging    : Nacos Logging Adapter Builder: com.alibaba.nacos.logger.adapter.log4j2.Log4j2NacosLoggingAdapterBuilder
14:38:08:606  INFO 18460 --- [hm-item] [main] com.george.item.ItemApplication          : Starting ItemApplication using Java 21.0.11 with PID 18460 (E:\download\SpringCloud\day02-Docker\Source\hmall\hm-item\target\classes started by lindu in E:\download\SpringCloud\day02-Docker\Source\hmall)
14:38:08:606 DEBUG 18460 --- [hm-item] [main] com.george.item.ItemApplication          : Running with Spring Boot v3.5.15, Spring v6.2.19
14:38:08:607  INFO 18460 --- [hm-item] [main] com.george.item.ItemApplication          : The following 1 profile is active: "local"
14:38:09:295  INFO 18460 --- [hm-item] [main] .s.d.r.c.RepositoryConfigurationDelegate : Multiple Spring Data modules found, entering strict repository configuration mode
14:38:09:297  INFO 18460 --- [hm-item] [main] .s.d.r.c.RepositoryConfigurationDelegate : Bootstrapping Spring Data Redis repositories in DEFAULT mode.
14:38:09:326  INFO 18460 --- [hm-item] [main] .s.d.r.c.RepositoryConfigurationDelegate : Finished Spring Data repository scanning in 15 ms. Found 0 Redis repository interfaces.
14:38:09:500  INFO 18460 --- [hm-item] [main] o.s.cloud.context.scope.GenericScope     : BeanFactory id=cf9b8a4c-57fe-35a4-bbe1-589074a97b1d
14:38:09:863  INFO 18460 --- [hm-item] [main] o.s.b.w.embedded.tomcat.TomcatWebServer  : Tomcat initialized with port 9001 (http)
14:38:09:876  INFO 18460 --- [hm-item] [main] o.apache.catalina.core.StandardService   : Starting service [Tomcat]
14:38:09:877  INFO 18460 --- [hm-item] [main] o.apache.catalina.core.StandardEngine    : Starting Servlet engine: [Apache Tomcat/10.1.55]
14:38:09:942  INFO 18460 --- [hm-item] [main] o.a.c.c.C.[Tomcat].[localhost].[/]       : Initializing Spring embedded WebApplicationContext
14:38:09:942  INFO 18460 --- [hm-item] [main] w.s.c.ServletWebServerApplicationContext : Root WebApplicationContext: initialization completed in 1295 ms
14:38:10:588  INFO 18460 --- [hm-item] [main] m.e.s.MybatisPlusApplicationContextAware : Register ApplicationContext instances org.springframework.boot.web.servlet.context.AnnotationConfigServletWebServerApplicationContext@226642a5
14:38:11:008  INFO 18460 --- [hm-item] [main] o.s.b.w.embedded.tomcat.TomcatWebServer  : Tomcat started on port 9001 (http) with context path '/'
14:38:11:049  INFO 18460 --- [hm-item] [main] c.a.n.p.a.s.c.ClientAuthPluginManager    : [ClientAuthPluginManager] Load ClientAuthService com.alibaba.nacos.client.auth.impl.NacosClientAuthServiceImpl success.
14:38:11:049  INFO 18460 --- [hm-item] [main] c.a.n.p.a.s.c.ClientAuthPluginManager    : [ClientAuthPluginManager] Load ClientAuthService com.alibaba.nacos.client.auth.ram.RamClientAuthServiceImpl success.
14:38:11:636  INFO 18460 --- [hm-item] [main] c.a.n.c.a.AbstractAbilityControlManager  : Ready to get current node abilities...
14:38:11:637  INFO 18460 --- [hm-item] [main] c.a.n.c.a.AbstractAbilityControlManager  : Ready to initialize current node abilities, support modes: [SDK_CLIENT]
14:38:11:638  INFO 18460 --- [hm-item] [main] c.a.n.c.a.AbstractAbilityControlManager  : Initialize current abilities finish...
14:38:11:638  INFO 18460 --- [hm-item] [main] c.a.n.c.a.d.NacosAbilityManagerHolder    : [AbilityControlManager] Successfully initialize AbilityControlManager
14:38:11:742  INFO 18460 --- [hm-item] [main] c.a.c.n.registry.NacosServiceRegistry    : nacos registry, DEFAULT_GROUP hm-item 192.168.108.1:9001 register finished
14:38:11:753  INFO 18460 --- [hm-item] [main] com.george.item.ItemApplication          : Started ItemApplication in 3.802 seconds (process running for 4.337)
14:38:52:304  INFO 15340 --- [hm-item] [main] c.a.nacos.client.logging.NacosLogging    : Nacos Logging Adapter Builder: com.alibaba.nacos.logger.adapter.logback12.LogbackNacosLoggingAdapterBuilder
14:38:52:312  INFO 15340 --- [hm-item] [main] c.a.nacos.client.logging.NacosLogging    : Nacos Logging Adapter Builder: com.alibaba.nacos.logger.adapter.logback14.LogbackNacosLoggingAdapterBuilder
14:38:52:313  INFO 15340 --- [hm-item] [main] c.a.nacos.client.logging.NacosLogging    : Nacos Logging Adapter: com.alibaba.nacos.logger.adapter.logback14.LogbackNacosLoggingAdapter match ch.qos.logback.classic.Logger success.
14:38:52:318  INFO 15340 --- [hm-item] [main] c.a.nacos.client.logging.NacosLogging    : Nacos Logging Adapter Builder: com.alibaba.nacos.logger.adapter.log4j2.Log4j2NacosLoggingAdapterBuilder
14:38:52:498  INFO 15340 --- [hm-item] [main] com.george.item.ItemApplication          : Starting ItemApplication using Java 21.0.11 with PID 15340 (E:\download\SpringCloud\day02-Docker\Source\hmall\hm-item\target\classes started by lindu in E:\download\SpringCloud\day02-Docker\Source\hmall)
14:38:52:498 DEBUG 15340 --- [hm-item] [main] com.george.item.ItemApplication          : Running with Spring Boot v3.5.15, Spring v6.2.19
14:38:52:499  INFO 15340 --- [hm-item] [main] com.george.item.ItemApplication          : The following 1 profile is active: "local"
14:38:53:189  INFO 15340 --- [hm-item] [main] .s.d.r.c.RepositoryConfigurationDelegate : Multiple Spring Data modules found, entering strict repository configuration mode
14:38:53:192  INFO 15340 --- [hm-item] [main] .s.d.r.c.RepositoryConfigurationDelegate : Bootstrapping Spring Data Redis repositories in DEFAULT mode.
14:38:53:218  INFO 15340 --- [hm-item] [main] .s.d.r.c.RepositoryConfigurationDelegate : Finished Spring Data repository scanning in 14 ms. Found 0 Redis repository interfaces.
14:38:53:386  INFO 15340 --- [hm-item] [main] o.s.cloud.context.scope.GenericScope     : BeanFactory id=cf9b8a4c-57fe-35a4-bbe1-589074a97b1d
14:38:53:743  INFO 15340 --- [hm-item] [main] o.s.b.w.embedded.tomcat.TomcatWebServer  : Tomcat initialized with port 9003 (http)
14:38:53:756  INFO 15340 --- [hm-item] [main] o.apache.catalina.core.StandardService   : Starting service [Tomcat]
14:38:53:756  INFO 15340 --- [hm-item] [main] o.apache.catalina.core.StandardEngine    : Starting Servlet engine: [Apache Tomcat/10.1.55]
14:38:53:819  INFO 15340 --- [hm-item] [main] o.a.c.c.C.[Tomcat].[localhost].[/]       : Initializing Spring embedded WebApplicationContext
14:38:53:820  INFO 15340 --- [hm-item] [main] w.s.c.ServletWebServerApplicationContext : Root WebApplicationContext: initialization completed in 1270 ms
14:38:54:428  INFO 15340 --- [hm-item] [main] m.e.s.MybatisPlusApplicationContextAware : Register ApplicationContext instances org.springframework.boot.web.servlet.context.AnnotationConfigServletWebServerApplicationContext@625e134e
14:38:54:853  INFO 15340 --- [hm-item] [main] o.s.b.w.embedded.tomcat.TomcatWebServer  : Tomcat started on port 9003 (http) with context path '/'
14:38:54:892  INFO 15340 --- [hm-item] [main] c.a.n.p.a.s.c.ClientAuthPluginManager    : [ClientAuthPluginManager] Load ClientAuthService com.alibaba.nacos.client.auth.impl.NacosClientAuthServiceImpl success.
14:38:54:893  INFO 15340 --- [hm-item] [main] c.a.n.p.a.s.c.ClientAuthPluginManager    : [ClientAuthPluginManager] Load ClientAuthService com.alibaba.nacos.client.auth.ram.RamClientAuthServiceImpl success.
14:38:55:435  INFO 15340 --- [hm-item] [main] c.a.n.c.a.AbstractAbilityControlManager  : Ready to get current node abilities...
14:38:55:437  INFO 15340 --- [hm-item] [main] c.a.n.c.a.AbstractAbilityControlManager  : Ready to initialize current node abilities, support modes: [SDK_CLIENT]
14:38:55:437  INFO 15340 --- [hm-item] [main] c.a.n.c.a.AbstractAbilityControlManager  : Initialize current abilities finish...
14:38:55:438  INFO 15340 --- [hm-item] [main] c.a.n.c.a.d.NacosAbilityManagerHolder    : [AbilityControlManager] Successfully initialize AbilityControlManager
14:38:55:473  INFO 15340 --- [hm-item] [main] c.a.c.n.registry.NacosServiceRegistry    : nacos registry, DEFAULT_GROUP hm-item 192.168.108.1:9003 register finished
14:38:55:483  INFO 15340 --- [hm-item] [main] com.george.item.ItemApplication          : Started ItemApplication in 3.613 seconds (process running for 4.142)
14:40:26:672  INFO 18460 --- [hm-item] [http-nio-9001-exec-1] o.a.c.c.C.[Tomcat].[localhost].[/]       : Initializing Spring DispatcherServlet 'dispatcherServlet'
14:40:26:672  INFO 18460 --- [hm-item] [http-nio-9001-exec-1] o.s.web.servlet.DispatcherServlet        : Initializing Servlet 'dispatcherServlet'
14:40:26:673  INFO 18460 --- [hm-item] [http-nio-9001-exec-1] o.s.web.servlet.DispatcherServlet        : Completed initialization in 1 ms
14:40:26:780  INFO 18460 --- [hm-item] [http-nio-9001-exec-1] com.zaxxer.hikari.HikariDataSource       : HikariPool-1 - Starting...
14:40:27:064  INFO 18460 --- [hm-item] [http-nio-9001-exec-1] com.zaxxer.hikari.pool.HikariPool        : HikariPool-1 - Added connection com.mysql.cj.jdbc.ConnectionImpl@70d9a24e
14:40:27:065  INFO 18460 --- [hm-item] [http-nio-9001-exec-1] com.zaxxer.hikari.HikariDataSource       : HikariPool-1 - Start completed.
14:40:27:073 DEBUG 18460 --- [hm-item] [http-nio-9001-exec-1] c.g.item.mapper.ItemMapper.selectByIds   : ==>  Preparing: SELECT id,name,price,stock,image,category,brand,spec,sold,comment_count,isAD,status,create_time,update_time,creater,updater FROM item WHERE id IN ( ? )
14:40:27:096 DEBUG 18460 --- [hm-item] [http-nio-9001-exec-1] c.g.item.mapper.ItemMapper.selectByIds   : ==> Parameters: 100000006163(Long)
14:40:27:130 DEBUG 18460 --- [hm-item] [http-nio-9001-exec-1] c.g.item.mapper.ItemMapper.selectByIds   : <==      Total: 1
14:59:37:142  WARN 18460 --- [hm-item] [Thread-16] c.a.nacos.common.notify.NotifyCenter     : [NotifyCenter] Start destroying Publisher
14:59:37:142  WARN 18460 --- [hm-item] [Thread-2] c.a.n.common.executor.ThreadPoolManager  : [ThreadPoolManager] Start destroying ThreadPool
14:59:37:142  WARN 18460 --- [hm-item] [Thread-18] c.a.n.common.http.HttpClientBeanHolder   : [HttpClientBeanHolder] Start destroying common HttpClient
14:59:37:142  WARN 18460 --- [hm-item] [Thread-16] c.a.nacos.common.notify.NotifyCenter     : [NotifyCenter] Destruction of the end
14:59:37:143  WARN 18460 --- [hm-item] [Thread-2] c.a.n.common.executor.ThreadPoolManager  : [ThreadPoolManager] Destruction of the end
14:59:37:143  WARN 18460 --- [hm-item] [Thread-18] c.a.n.common.http.HttpClientBeanHolder   : [HttpClientBeanHolder] Destruction of the end
14:59:37:144  INFO 18460 --- [hm-item] [SpringApplicationShutdownHook] c.a.c.n.registry.NacosServiceRegistry    : De-registering from Nacos Server now...
14:59:37:155  INFO 18460 --- [hm-item] [SpringApplicationShutdownHook] c.a.c.n.registry.NacosServiceRegistry    : De-registration finished.
14:59:52:806  INFO 5164 --- [hm-item] [main] c.a.nacos.client.logging.NacosLogging    : Nacos Logging Adapter Builder: com.alibaba.nacos.logger.adapter.logback12.LogbackNacosLoggingAdapterBuilder
14:59:52:813  INFO 5164 --- [hm-item] [main] c.a.nacos.client.logging.NacosLogging    : Nacos Logging Adapter Builder: com.alibaba.nacos.logger.adapter.logback14.LogbackNacosLoggingAdapterBuilder
14:59:52:814  INFO 5164 --- [hm-item] [main] c.a.nacos.client.logging.NacosLogging    : Nacos Logging Adapter: com.alibaba.nacos.logger.adapter.logback14.LogbackNacosLoggingAdapter match ch.qos.logback.classic.Logger success.
14:59:52:820  INFO 5164 --- [hm-item] [main] c.a.nacos.client.logging.NacosLogging    : Nacos Logging Adapter Builder: com.alibaba.nacos.logger.adapter.log4j2.Log4j2NacosLoggingAdapterBuilder
14:59:53:008  INFO 5164 --- [hm-item] [main] com.george.item.ItemApplication          : Starting ItemApplication using Java 21.0.11 with PID 5164 (E:\download\SpringCloud\day02-Docker\Source\hmall\hm-item\target\classes started by lindu in E:\download\SpringCloud\day02-Docker\Source\hmall)
14:59:53:009 DEBUG 5164 --- [hm-item] [main] com.george.item.ItemApplication          : Running with Spring Boot v3.5.15, Spring v6.2.19
14:59:53:009  INFO 5164 --- [hm-item] [main] com.george.item.ItemApplication          : The following 1 profile is active: "local"
14:59:53:756  INFO 5164 --- [hm-item] [main] .s.d.r.c.RepositoryConfigurationDelegate : Multiple Spring Data modules found, entering strict repository configuration mode
14:59:53:758  INFO 5164 --- [hm-item] [main] .s.d.r.c.RepositoryConfigurationDelegate : Bootstrapping Spring Data Redis repositories in DEFAULT mode.
14:59:53:786  INFO 5164 --- [hm-item] [main] .s.d.r.c.RepositoryConfigurationDelegate : Finished Spring Data repository scanning in 14 ms. Found 0 Redis repository interfaces.
14:59:53:980  INFO 5164 --- [hm-item] [main] o.s.cloud.context.scope.GenericScope     : BeanFactory id=b41734d4-5036-378c-8d8a-b32cc6c1a585
14:59:54:351  INFO 5164 --- [hm-item] [main] o.s.b.w.embedded.tomcat.TomcatWebServer  : Tomcat initialized with port 9001 (http)
14:59:54:366  INFO 5164 --- [hm-item] [main] o.apache.catalina.core.StandardService   : Starting service [Tomcat]
14:59:54:366  INFO 5164 --- [hm-item] [main] o.apache.catalina.core.StandardEngine    : Starting Servlet engine: [Apache Tomcat/10.1.55]
14:59:54:448  INFO 5164 --- [hm-item] [main] o.a.c.c.C.[Tomcat].[localhost].[/]       : Initializing Spring embedded WebApplicationContext
14:59:54:448  INFO 5164 --- [hm-item] [main] w.s.c.ServletWebServerApplicationContext : Root WebApplicationContext: initialization completed in 1392 ms
14:59:55:075  INFO 5164 --- [hm-item] [main] m.e.s.MybatisPlusApplicationContextAware : Register ApplicationContext instances org.springframework.boot.web.servlet.context.AnnotationConfigServletWebServerApplicationContext@1b28f282
14:59:55:681  INFO 5164 --- [hm-item] [main] o.s.b.w.embedded.tomcat.TomcatWebServer  : Tomcat started on port 9001 (http) with context path '/'
14:59:55:723  INFO 5164 --- [hm-item] [main] c.a.n.p.a.s.c.ClientAuthPluginManager    : [ClientAuthPluginManager] Load ClientAuthService com.alibaba.nacos.client.auth.impl.NacosClientAuthServiceImpl success.
14:59:55:723  INFO 5164 --- [hm-item] [main] c.a.n.p.a.s.c.ClientAuthPluginManager    : [ClientAuthPluginManager] Load ClientAuthService com.alibaba.nacos.client.auth.ram.RamClientAuthServiceImpl success.
14:59:56:340  INFO 5164 --- [hm-item] [main] c.a.n.c.a.AbstractAbilityControlManager  : Ready to get current node abilities...
14:59:56:342  INFO 5164 --- [hm-item] [main] c.a.n.c.a.AbstractAbilityControlManager  : Ready to initialize current node abilities, support modes: [SDK_CLIENT]
14:59:56:342  INFO 5164 --- [hm-item] [main] c.a.n.c.a.AbstractAbilityControlManager  : Initialize current abilities finish...
14:59:56:343  INFO 5164 --- [hm-item] [main] c.a.n.c.a.d.NacosAbilityManagerHolder    : [AbilityControlManager] Successfully initialize AbilityControlManager
14:59:56:377  INFO 5164 --- [hm-item] [main] c.a.c.n.registry.NacosServiceRegistry    : nacos registry, DEFAULT_GROUP hm-item 192.168.108.1:9001 register finished
14:59:56:388  INFO 5164 --- [hm-item] [main] com.george.item.ItemApplication          : Started ItemApplication in 4.02 seconds (process running for 4.879)
15:05:09:145  WARN 5164 --- [hm-item] [Thread-2] c.a.n.common.executor.ThreadPoolManager  : [ThreadPoolManager] Start destroying ThreadPool
15:05:09:145  WARN 5164 --- [hm-item] [Thread-16] c.a.nacos.common.notify.NotifyCenter     : [NotifyCenter] Start destroying Publisher
15:05:09:145  WARN 5164 --- [hm-item] [Thread-18] c.a.n.common.http.HttpClientBeanHolder   : [HttpClientBeanHolder] Start destroying common HttpClient
15:05:09:146  WARN 5164 --- [hm-item] [Thread-16] c.a.nacos.common.notify.NotifyCenter     : [NotifyCenter] Destruction of the end
15:05:09:146  WARN 5164 --- [hm-item] [Thread-2] c.a.n.common.executor.ThreadPoolManager  : [ThreadPoolManager] Destruction of the end
15:05:09:146  WARN 5164 --- [hm-item] [Thread-18] c.a.n.common.http.HttpClientBeanHolder   : [HttpClientBeanHolder] Destruction of the end
15:05:09:147  INFO 5164 --- [hm-item] [SpringApplicationShutdownHook] c.a.c.n.registry.NacosServiceRegistry    : De-registering from Nacos Server now...
15:05:09:152  INFO 5164 --- [hm-item] [SpringApplicationShutdownHook] c.a.c.n.registry.NacosServiceRegistry    : De-registration finished.
15:05:16:997  INFO 20276 --- [hm-item] [main] c.a.nacos.client.logging.NacosLogging    : Nacos Logging Adapter Builder: com.alibaba.nacos.logger.adapter.logback12.LogbackNacosLoggingAdapterBuilder
15:05:17:006  INFO 20276 --- [hm-item] [main] c.a.nacos.client.logging.NacosLogging    : Nacos Logging Adapter Builder: com.alibaba.nacos.logger.adapter.logback14.LogbackNacosLoggingAdapterBuilder
15:05:17:006  INFO 20276 --- [hm-item] [main] c.a.nacos.client.logging.NacosLogging    : Nacos Logging Adapter: com.alibaba.nacos.logger.adapter.logback14.LogbackNacosLoggingAdapter match ch.qos.logback.classic.Logger success.
15:05:17:013  INFO 20276 --- [hm-item] [main] c.a.nacos.client.logging.NacosLogging    : Nacos Logging Adapter Builder: com.alibaba.nacos.logger.adapter.log4j2.Log4j2NacosLoggingAdapterBuilder
15:05:17:186  INFO 20276 --- [hm-item] [main] com.george.item.ItemApplication          : Starting ItemApplication using Java 21.0.11 with PID 20276 (E:\download\SpringCloud\day02-Docker\Source\hmall\hm-item\target\classes started by lindu in E:\download\SpringCloud\day02-Docker\Source\hmall)
15:05:17:186 DEBUG 20276 --- [hm-item] [main] com.george.item.ItemApplication          : Running with Spring Boot v3.5.15, Spring v6.2.19
15:05:17:187  INFO 20276 --- [hm-item] [main] com.george.item.ItemApplication          : The following 1 profile is active: "local"
15:05:17:914  INFO 20276 --- [hm-item] [main] .s.d.r.c.RepositoryConfigurationDelegate : Multiple Spring Data modules found, entering strict repository configuration mode
15:05:17:916  INFO 20276 --- [hm-item] [main] .s.d.r.c.RepositoryConfigurationDelegate : Bootstrapping Spring Data Redis repositories in DEFAULT mode.
15:05:17:943  INFO 20276 --- [hm-item] [main] .s.d.r.c.RepositoryConfigurationDelegate : Finished Spring Data repository scanning in 14 ms. Found 0 Redis repository interfaces.
15:05:18:157  INFO 20276 --- [hm-item] [main] o.s.cloud.context.scope.GenericScope     : BeanFactory id=1007f783-218c-3f03-8a5c-23ae86991123
15:05:18:499  INFO 20276 --- [hm-item] [main] o.s.b.w.embedded.tomcat.TomcatWebServer  : Tomcat initialized with port 9001 (http)
15:05:18:513  INFO 20276 --- [hm-item] [main] o.apache.catalina.core.StandardService   : Starting service [Tomcat]
15:05:18:513  INFO 20276 --- [hm-item] [main] o.apache.catalina.core.StandardEngine    : Starting Servlet engine: [Apache Tomcat/10.1.55]
15:05:18:593  INFO 20276 --- [hm-item] [main] o.a.c.c.C.[Tomcat].[localhost].[/]       : Initializing Spring embedded WebApplicationContext
15:05:18:593  INFO 20276 --- [hm-item] [main] w.s.c.ServletWebServerApplicationContext : Root WebApplicationContext: initialization completed in 1365 ms
15:05:19:202  INFO 20276 --- [hm-item] [main] m.e.s.MybatisPlusApplicationContextAware : Register ApplicationContext instances org.springframework.boot.web.servlet.context.AnnotationConfigServletWebServerApplicationContext@379ab47b
15:05:19:817  INFO 20276 --- [hm-item] [main] o.s.b.w.embedded.tomcat.TomcatWebServer  : Tomcat started on port 9001 (http) with context path '/'
15:05:19:858  INFO 20276 --- [hm-item] [main] c.a.n.p.a.s.c.ClientAuthPluginManager    : [ClientAuthPluginManager] Load ClientAuthService com.alibaba.nacos.client.auth.impl.NacosClientAuthServiceImpl success.
15:05:19:858  INFO 20276 --- [hm-item] [main] c.a.n.p.a.s.c.ClientAuthPluginManager    : [ClientAuthPluginManager] Load ClientAuthService com.alibaba.nacos.client.auth.ram.RamClientAuthServiceImpl success.
15:05:20:411  INFO 20276 --- [hm-item] [main] c.a.n.c.a.AbstractAbilityControlManager  : Ready to get current node abilities...
15:05:20:412  INFO 20276 --- [hm-item] [main] c.a.n.c.a.AbstractAbilityControlManager  : Ready to initialize current node abilities, support modes: [SDK_CLIENT]
15:05:20:413  INFO 20276 --- [hm-item] [main] c.a.n.c.a.AbstractAbilityControlManager  : Initialize current abilities finish...
15:05:20:413  INFO 20276 --- [hm-item] [main] c.a.n.c.a.d.NacosAbilityManagerHolder    : [AbilityControlManager] Successfully initialize AbilityControlManager
15:05:20:447  INFO 20276 --- [hm-item] [main] c.a.c.n.registry.NacosServiceRegistry    : nacos registry, DEFAULT_GROUP hm-item 192.168.108.1:9001 register finished
15:05:20:458  INFO 20276 --- [hm-item] [main] com.george.item.ItemApplication          : Started ItemApplication in 3.892 seconds (process running for 4.517)
15:05:36:008  WARN 15340 --- [hm-item] [Thread-2] c.a.n.common.executor.ThreadPoolManager  : [ThreadPoolManager] Start destroying ThreadPool
15:05:36:008  WARN 15340 --- [hm-item] [Thread-16] c.a.nacos.common.notify.NotifyCenter     : [NotifyCenter] Start destroying Publisher
15:05:36:008  WARN 15340 --- [hm-item] [Thread-18] c.a.n.common.http.HttpClientBeanHolder   : [HttpClientBeanHolder] Start destroying common HttpClient
15:05:36:008  WARN 15340 --- [hm-item] [Thread-16] c.a.nacos.common.notify.NotifyCenter     : [NotifyCenter] Destruction of the end
15:05:36:008  WARN 15340 --- [hm-item] [Thread-2] c.a.n.common.executor.ThreadPoolManager  : [ThreadPoolManager] Destruction of the end
15:05:36:009  WARN 15340 --- [hm-item] [Thread-18] c.a.n.common.http.HttpClientBeanHolder   : [HttpClientBeanHolder] Destruction of the end
15:05:36:009  INFO 15340 --- [hm-item] [SpringApplicationShutdownHook] c.a.c.n.registry.NacosServiceRegistry    : De-registering from Nacos Server now...
15:05:36:015  INFO 15340 --- [hm-item] [SpringApplicationShutdownHook] c.a.c.n.registry.NacosServiceRegistry    : De-registration finished.
15:05:39:141  INFO 17072 --- [hm-item] [main] c.a.nacos.client.logging.NacosLogging    : Nacos Logging Adapter Builder: com.alibaba.nacos.logger.adapter.logback12.LogbackNacosLoggingAdapterBuilder
15:05:39:148  INFO 17072 --- [hm-item] [main] c.a.nacos.client.logging.NacosLogging    : Nacos Logging Adapter Builder: com.alibaba.nacos.logger.adapter.logback14.LogbackNacosLoggingAdapterBuilder
15:05:39:149  INFO 17072 --- [hm-item] [main] c.a.nacos.client.logging.NacosLogging    : Nacos Logging Adapter: com.alibaba.nacos.logger.adapter.logback14.LogbackNacosLoggingAdapter match ch.qos.logback.classic.Logger success.
15:05:39:156  INFO 17072 --- [hm-item] [main] c.a.nacos.client.logging.NacosLogging    : Nacos Logging Adapter Builder: com.alibaba.nacos.logger.adapter.log4j2.Log4j2NacosLoggingAdapterBuilder
15:05:39:325  INFO 17072 --- [hm-item] [main] com.george.item.ItemApplication          : Starting ItemApplication using Java 21.0.11 with PID 17072 (E:\download\SpringCloud\day02-Docker\Source\hmall\hm-item\target\classes started by lindu in E:\download\SpringCloud\day02-Docker\Source\hmall)
15:05:39:325 DEBUG 17072 --- [hm-item] [main] com.george.item.ItemApplication          : Running with Spring Boot v3.5.15, Spring v6.2.19
15:05:39:326  INFO 17072 --- [hm-item] [main] com.george.item.ItemApplication          : The following 1 profile is active: "local"
15:05:40:071  INFO 17072 --- [hm-item] [main] .s.d.r.c.RepositoryConfigurationDelegate : Multiple Spring Data modules found, entering strict repository configuration mode
15:05:40:074  INFO 17072 --- [hm-item] [main] .s.d.r.c.RepositoryConfigurationDelegate : Bootstrapping Spring Data Redis repositories in DEFAULT mode.
15:05:40:100  INFO 17072 --- [hm-item] [main] .s.d.r.c.RepositoryConfigurationDelegate : Finished Spring Data repository scanning in 13 ms. Found 0 Redis repository interfaces.
15:05:40:312  INFO 17072 --- [hm-item] [main] o.s.cloud.context.scope.GenericScope     : BeanFactory id=1007f783-218c-3f03-8a5c-23ae86991123
15:05:40:659  INFO 17072 --- [hm-item] [main] o.s.b.w.embedded.tomcat.TomcatWebServer  : Tomcat initialized with port 9003 (http)
15:05:40:672  INFO 17072 --- [hm-item] [main] o.apache.catalina.core.StandardService   : Starting service [Tomcat]
15:05:40:672  INFO 17072 --- [hm-item] [main] o.apache.catalina.core.StandardEngine    : Starting Servlet engine: [Apache Tomcat/10.1.55]
15:05:40:743  INFO 17072 --- [hm-item] [main] o.a.c.c.C.[Tomcat].[localhost].[/]       : Initializing Spring embedded WebApplicationContext
15:05:40:744  INFO 17072 --- [hm-item] [main] w.s.c.ServletWebServerApplicationContext : Root WebApplicationContext: initialization completed in 1380 ms
15:05:41:356  INFO 17072 --- [hm-item] [main] m.e.s.MybatisPlusApplicationContextAware : Register ApplicationContext instances org.springframework.boot.web.servlet.context.AnnotationConfigServletWebServerApplicationContext@379ab47b
15:05:41:955  INFO 17072 --- [hm-item] [main] o.s.b.w.embedded.tomcat.TomcatWebServer  : Tomcat started on port 9003 (http) with context path '/'
15:05:41:993  INFO 17072 --- [hm-item] [main] c.a.n.p.a.s.c.ClientAuthPluginManager    : [ClientAuthPluginManager] Load ClientAuthService com.alibaba.nacos.client.auth.impl.NacosClientAuthServiceImpl success.
15:05:41:994  INFO 17072 --- [hm-item] [main] c.a.n.p.a.s.c.ClientAuthPluginManager    : [ClientAuthPluginManager] Load ClientAuthService com.alibaba.nacos.client.auth.ram.RamClientAuthServiceImpl success.
15:05:42:535  INFO 17072 --- [hm-item] [main] c.a.n.c.a.AbstractAbilityControlManager  : Ready to get current node abilities...
15:05:42:536  INFO 17072 --- [hm-item] [main] c.a.n.c.a.AbstractAbilityControlManager  : Ready to initialize current node abilities, support modes: [SDK_CLIENT]
15:05:42:537  INFO 17072 --- [hm-item] [main] c.a.n.c.a.AbstractAbilityControlManager  : Initialize current abilities finish...
15:05:42:537  INFO 17072 --- [hm-item] [main] c.a.n.c.a.d.NacosAbilityManagerHolder    : [AbilityControlManager] Successfully initialize AbilityControlManager
15:05:42:583  INFO 17072 --- [hm-item] [main] c.a.c.n.registry.NacosServiceRegistry    : nacos registry, DEFAULT_GROUP hm-item 192.168.108.1:9003 register finished
15:05:42:595  INFO 17072 --- [hm-item] [main] com.george.item.ItemApplication          : Started ItemApplication in 3.924 seconds (process running for 4.633)
15:06:21:985  INFO 17072 --- [hm-item] [http-nio-9003-exec-1] o.a.c.c.C.[Tomcat].[localhost].[/]       : Initializing Spring DispatcherServlet 'dispatcherServlet'
15:06:21:985  INFO 17072 --- [hm-item] [http-nio-9003-exec-1] o.s.web.servlet.DispatcherServlet        : Initializing Servlet 'dispatcherServlet'
15:06:21:986  INFO 17072 --- [hm-item] [http-nio-9003-exec-1] o.s.web.servlet.DispatcherServlet        : Completed initialization in 0 ms
15:06:22:066  INFO 17072 --- [hm-item] [http-nio-9003-exec-1] com.zaxxer.hikari.HikariDataSource       : HikariPool-1 - Starting...
15:06:22:296  INFO 17072 --- [hm-item] [http-nio-9003-exec-1] com.zaxxer.hikari.pool.HikariPool        : HikariPool-1 - Added connection com.mysql.cj.jdbc.ConnectionImpl@46504361
15:06:22:297  INFO 17072 --- [hm-item] [http-nio-9003-exec-1] com.zaxxer.hikari.HikariDataSource       : HikariPool-1 - Start completed.
15:06:22:304 DEBUG 17072 --- [hm-item] [http-nio-9003-exec-1] c.g.item.mapper.ItemMapper.selectByIds   : ==>  Preparing: SELECT id,name,price,stock,image,category,brand,spec,sold,comment_count,isAD,status,create_time,update_time,creater,updater FROM item WHERE id IN ( ? , ? , ? )
15:06:22:324 DEBUG 17072 --- [hm-item] [http-nio-9003-exec-1] c.g.item.mapper.ItemMapper.selectByIds   : ==> Parameters: 1(Long), 2(Long), 3(Long)
15:06:22:345 DEBUG 17072 --- [hm-item] [http-nio-9003-exec-1] c.g.item.mapper.ItemMapper.selectByIds   : <==      Total: 0
15:06:25:281  INFO 20276 --- [hm-item] [http-nio-9001-exec-1] o.a.c.c.C.[Tomcat].[localhost].[/]       : Initializing Spring DispatcherServlet 'dispatcherServlet'
15:06:25:282  INFO 20276 --- [hm-item] [http-nio-9001-exec-1] o.s.web.servlet.DispatcherServlet        : Initializing Servlet 'dispatcherServlet'
15:06:25:284  INFO 20276 --- [hm-item] [http-nio-9001-exec-1] o.s.web.servlet.DispatcherServlet        : Completed initialization in 2 ms
15:06:25:369  INFO 20276 --- [hm-item] [http-nio-9001-exec-1] com.zaxxer.hikari.HikariDataSource       : HikariPool-1 - Starting...
15:06:25:592  INFO 20276 --- [hm-item] [http-nio-9001-exec-1] com.zaxxer.hikari.pool.HikariPool        : HikariPool-1 - Added connection com.mysql.cj.jdbc.ConnectionImpl@7e87bf3
15:06:25:593  INFO 20276 --- [hm-item] [http-nio-9001-exec-1] com.zaxxer.hikari.HikariDataSource       : HikariPool-1 - Start completed.
15:06:25:599 DEBUG 20276 --- [hm-item] [http-nio-9001-exec-1] c.g.item.mapper.ItemMapper.selectByIds   : ==>  Preparing: SELECT id,name,price,stock,image,category,brand,spec,sold,comment_count,isAD,status,create_time,update_time,creater,updater FROM item WHERE id IN ( ? , ? , ? )
15:06:25:620 DEBUG 20276 --- [hm-item] [http-nio-9001-exec-1] c.g.item.mapper.ItemMapper.selectByIds   : ==> Parameters: 1(Long), 2(Long), 3(Long)
15:06:25:639 DEBUG 20276 --- [hm-item] [http-nio-9001-exec-1] c.g.item.mapper.ItemMapper.selectByIds   : <==      Total: 0
15:46:05:959  WARN 17072 --- [hm-item] [Thread-16] c.a.nacos.common.notify.NotifyCenter     : [NotifyCenter] Start destroying Publisher
15:46:05:959  WARN 17072 --- [hm-item] [Thread-18] c.a.n.common.http.HttpClientBeanHolder   : [HttpClientBeanHolder] Start destroying common HttpClient
15:46:05:959  WARN 17072 --- [hm-item] [Thread-2] c.a.n.common.executor.ThreadPoolManager  : [ThreadPoolManager] Start destroying ThreadPool
15:46:05:960  WARN 17072 --- [hm-item] [Thread-16] c.a.nacos.common.notify.NotifyCenter     : [NotifyCenter] Destruction of the end
15:46:05:960  WARN 17072 --- [hm-item] [Thread-2] c.a.n.common.executor.ThreadPoolManager  : [ThreadPoolManager] Destruction of the end
15:46:05:960  WARN 17072 --- [hm-item] [Thread-18] c.a.n.common.http.HttpClientBeanHolder   : [HttpClientBeanHolder] Destruction of the end
15:46:05:962  INFO 17072 --- [hm-item] [SpringApplicationShutdownHook] c.a.c.n.registry.NacosServiceRegistry    : De-registering from Nacos Server now...
15:46:05:968  INFO 17072 --- [hm-item] [SpringApplicationShutdownHook] c.a.c.n.registry.NacosServiceRegistry    : De-registration finished.
15:46:16:727  WARN 20276 --- [hm-item] [Thread-16] c.a.nacos.common.notify.NotifyCenter     : [NotifyCenter] Start destroying Publisher
15:46:16:727  WARN 20276 --- [hm-item] [Thread-2] c.a.n.common.executor.ThreadPoolManager  : [ThreadPoolManager] Start destroying ThreadPool
15:46:16:727  WARN 20276 --- [hm-item] [Thread-18] c.a.n.common.http.HttpClientBeanHolder   : [HttpClientBeanHolder] Start destroying common HttpClient
15:46:16:727  WARN 20276 --- [hm-item] [Thread-16] c.a.nacos.common.notify.NotifyCenter     : [NotifyCenter] Destruction of the end
15:46:16:728  WARN 20276 --- [hm-item] [Thread-2] c.a.n.common.executor.ThreadPoolManager  : [ThreadPoolManager] Destruction of the end
15:46:16:728  WARN 20276 --- [hm-item] [Thread-18] c.a.n.common.http.HttpClientBeanHolder   : [HttpClientBeanHolder] Destruction of the end
15:46:16:729  INFO 20276 --- [hm-item] [SpringApplicationShutdownHook] c.a.c.n.registry.NacosServiceRegistry    : De-registering from Nacos Server now...
15:46:16:734  INFO 20276 --- [hm-item] [SpringApplicationShutdownHook] c.a.c.n.registry.NacosServiceRegistry    : De-registration finished.
17:22:24:072  INFO 16060 --- [hm-item] [main] c.a.nacos.client.logging.NacosLogging    : Nacos Logging Adapter Builder: com.alibaba.nacos.logger.adapter.logback12.LogbackNacosLoggingAdapterBuilder
17:22:24:079  INFO 16060 --- [hm-item] [main] c.a.nacos.client.logging.NacosLogging    : Nacos Logging Adapter Builder: com.alibaba.nacos.logger.adapter.logback14.LogbackNacosLoggingAdapterBuilder
17:22:24:080  INFO 16060 --- [hm-item] [main] c.a.nacos.client.logging.NacosLogging    : Nacos Logging Adapter: com.alibaba.nacos.logger.adapter.logback14.LogbackNacosLoggingAdapter match ch.qos.logback.classic.Logger success.
17:22:24:087  INFO 16060 --- [hm-item] [main] c.a.nacos.client.logging.NacosLogging    : Nacos Logging Adapter Builder: com.alibaba.nacos.logger.adapter.log4j2.Log4j2NacosLoggingAdapterBuilder
17:22:24:280  INFO 16060 --- [hm-item] [main] com.george.item.ItemApplication          : Starting ItemApplication using Java 21.0.11 with PID 16060 (E:\download\SpringCloud\day02-Docker\Source\hmall\hm-item\target\classes started by lindu in E:\download\SpringCloud\day02-Docker\Source\hmall)
17:22:24:281 DEBUG 16060 --- [hm-item] [main] com.george.item.ItemApplication          : Running with Spring Boot v3.5.15, Spring v6.2.19
17:22:24:282  INFO 16060 --- [hm-item] [main] com.george.item.ItemApplication          : The following 1 profile is active: "local"
17:22:25:143  INFO 16060 --- [hm-item] [main] .s.d.r.c.RepositoryConfigurationDelegate : Multiple Spring Data modules found, entering strict repository configuration mode
17:22:25:146  INFO 16060 --- [hm-item] [main] .s.d.r.c.RepositoryConfigurationDelegate : Bootstrapping Spring Data Redis repositories in DEFAULT mode.
17:22:25:175  INFO 16060 --- [hm-item] [main] .s.d.r.c.RepositoryConfigurationDelegate : Finished Spring Data repository scanning in 14 ms. Found 0 Redis repository interfaces.
17:22:25:412  INFO 16060 --- [hm-item] [main] o.s.cloud.context.scope.GenericScope     : BeanFactory id=1007f783-218c-3f03-8a5c-23ae86991123
17:22:25:812  INFO 16060 --- [hm-item] [main] o.s.b.w.embedded.tomcat.TomcatWebServer  : Tomcat initialized with port 9001 (http)
17:22:25:826  INFO 16060 --- [hm-item] [main] o.apache.catalina.core.StandardService   : Starting service [Tomcat]
17:22:25:826  INFO 16060 --- [hm-item] [main] o.apache.catalina.core.StandardEngine    : Starting Servlet engine: [Apache Tomcat/10.1.55]
17:22:25:906  INFO 16060 --- [hm-item] [main] o.a.c.c.C.[Tomcat].[localhost].[/]       : Initializing Spring embedded WebApplicationContext
17:22:25:906  INFO 16060 --- [hm-item] [main] w.s.c.ServletWebServerApplicationContext : Root WebApplicationContext: initialization completed in 1569 ms
17:22:26:614  INFO 16060 --- [hm-item] [main] m.e.s.MybatisPlusApplicationContextAware : Register ApplicationContext instances org.springframework.boot.web.servlet.context.AnnotationConfigServletWebServerApplicationContext@7a138fc5
17:22:27:338  INFO 16060 --- [hm-item] [main] o.s.b.w.embedded.tomcat.TomcatWebServer  : Tomcat started on port 9001 (http) with context path '/'
17:22:27:389  INFO 16060 --- [hm-item] [main] c.a.n.p.a.s.c.ClientAuthPluginManager    : [ClientAuthPluginManager] Load ClientAuthService com.alibaba.nacos.client.auth.impl.NacosClientAuthServiceImpl success.
17:22:27:389  INFO 16060 --- [hm-item] [main] c.a.n.p.a.s.c.ClientAuthPluginManager    : [ClientAuthPluginManager] Load ClientAuthService com.alibaba.nacos.client.auth.ram.RamClientAuthServiceImpl success.
17:22:28:093  INFO 16060 --- [hm-item] [main] c.a.n.c.a.AbstractAbilityControlManager  : Ready to get current node abilities...
17:22:28:094  INFO 16060 --- [hm-item] [main] c.a.n.c.a.AbstractAbilityControlManager  : Ready to initialize current node abilities, support modes: [SDK_CLIENT]
17:22:28:094  INFO 16060 --- [hm-item] [main] c.a.n.c.a.AbstractAbilityControlManager  : Initialize current abilities finish...
17:22:28:095  INFO 16060 --- [hm-item] [main] c.a.n.c.a.d.NacosAbilityManagerHolder    : [AbilityControlManager] Successfully initialize AbilityControlManager
17:22:28:153  INFO 16060 --- [hm-item] [main] c.a.c.n.registry.NacosServiceRegistry    : nacos registry, DEFAULT_GROUP hm-item 192.168.108.1:9001 register finished
17:22:28:165  INFO 16060 --- [hm-item] [main] com.george.item.ItemApplication          : Started ItemApplication in 4.559 seconds (process running for 5.467)
17:33:41:676  INFO 16060 --- [hm-item] [http-nio-9001-exec-1] o.a.c.c.C.[Tomcat].[localhost].[/]       : Initializing Spring DispatcherServlet 'dispatcherServlet'
17:33:41:677  INFO 16060 --- [hm-item] [http-nio-9001-exec-1] o.s.web.servlet.DispatcherServlet        : Initializing Servlet 'dispatcherServlet'
17:33:41:679  INFO 16060 --- [hm-item] [http-nio-9001-exec-1] o.s.web.servlet.DispatcherServlet        : Completed initialization in 1 ms
18:12:26:391  WARN 16060 --- [hm-item] [Thread-2] c.a.n.common.executor.ThreadPoolManager  : [ThreadPoolManager] Start destroying ThreadPool
18:12:26:391  WARN 16060 --- [hm-item] [Thread-18] c.a.n.common.http.HttpClientBeanHolder   : [HttpClientBeanHolder] Start destroying common HttpClient
18:12:26:391  WARN 16060 --- [hm-item] [Thread-16] c.a.nacos.common.notify.NotifyCenter     : [NotifyCenter] Start destroying Publisher
18:12:26:392  WARN 16060 --- [hm-item] [Thread-16] c.a.nacos.common.notify.NotifyCenter     : [NotifyCenter] Destruction of the end
18:12:26:392  WARN 16060 --- [hm-item] [Thread-2] c.a.n.common.executor.ThreadPoolManager  : [ThreadPoolManager] Destruction of the end
18:12:26:392  WARN 16060 --- [hm-item] [Thread-18] c.a.n.common.http.HttpClientBeanHolder   : [HttpClientBeanHolder] Destruction of the end
18:12:26:394  INFO 16060 --- [hm-item] [SpringApplicationShutdownHook] c.a.c.n.registry.NacosServiceRegistry    : De-registering from Nacos Server now...
18:12:26:400  INFO 16060 --- [hm-item] [SpringApplicationShutdownHook] c.a.c.n.registry.NacosServiceRegistry    : De-registration finished.
