00:02:07:837  WARN 24516 --- [user-service] [Thread-16] c.a.nacos.common.notify.NotifyCenter     : [NotifyCenter] Start destroying Publisher
00:02:07:837  WARN 24516 --- [user-service] [Thread-2] c.a.n.common.executor.ThreadPoolManager  : [ThreadPoolManager] Start destroying ThreadPool
00:02:07:838  INFO 24516 --- [user-service] [SpringApplicationShutdownHook] c.a.c.n.registry.NacosServiceRegistry    : De-registering from Nacos Server now...
00:02:07:837  WARN 24516 --- [user-service] [Thread-18] c.a.n.common.http.HttpClientBeanHolder   : [HttpClientBeanHolder] Start destroying common HttpClient
00:02:07:847  WARN 24516 --- [user-service] [Thread-16] c.a.nacos.common.notify.NotifyCenter     : [NotifyCenter] Destruction of the end
00:02:07:847  WARN 24516 --- [user-service] [Thread-2] c.a.n.common.executor.ThreadPoolManager  : [ThreadPoolManager] Destruction of the end
00:02:07:847  WARN 24516 --- [user-service] [Thread-18] c.a.n.common.http.HttpClientBeanHolder   : [HttpClientBeanHolder] Destruction of the end
00:02:07:852  INFO 24516 --- [user-service] [SpringApplicationShutdownHook] c.a.c.n.registry.NacosServiceRegistry    : De-registration finished.
00:02:12:853  INFO 23608 --- [user-service] [main] c.a.nacos.client.logging.NacosLogging    : Nacos Logging Adapter Builder: com.alibaba.nacos.logger.adapter.logback12.LogbackNacosLoggingAdapterBuilder
00:02:12:861  INFO 23608 --- [user-service] [main] c.a.nacos.client.logging.NacosLogging    : Nacos Logging Adapter Builder: com.alibaba.nacos.logger.adapter.logback14.LogbackNacosLoggingAdapterBuilder
00:02:12:862  INFO 23608 --- [user-service] [main] c.a.nacos.client.logging.NacosLogging    : Nacos Logging Adapter: com.alibaba.nacos.logger.adapter.logback14.LogbackNacosLoggingAdapter match ch.qos.logback.classic.Logger success.
00:02:12:868  INFO 23608 --- [user-service] [main] c.a.nacos.client.logging.NacosLogging    : Nacos Logging Adapter Builder: com.alibaba.nacos.logger.adapter.log4j2.Log4j2NacosLoggingAdapterBuilder
00:02:13:088  INFO 23608 --- [user-service] [main] com.george.user.UserApplication          : Starting UserApplication using Java 21.0.11 with PID 23608 (E:\download\SpringCloud\day02-Docker\Source\hmall\hm-user\user-service\target\classes started by lindu in E:\download\SpringCloud\day02-Docker\Source\hmall)
00:02:13:089  INFO 23608 --- [user-service] [main] com.george.user.UserApplication          : The following 1 profile is active: "local"
00:02:13:780  INFO 23608 --- [user-service] [main] .s.d.r.c.RepositoryConfigurationDelegate : Multiple Spring Data modules found, entering strict repository configuration mode
00:02:13:783  INFO 23608 --- [user-service] [main] .s.d.r.c.RepositoryConfigurationDelegate : Bootstrapping Spring Data Redis repositories in DEFAULT mode.
00:02:13:809  INFO 23608 --- [user-service] [main] .s.d.r.c.RepositoryConfigurationDelegate : Finished Spring Data repository scanning in 14 ms. Found 0 Redis repository interfaces.
00:02:14:025  INFO 23608 --- [user-service] [main] o.s.cloud.context.scope.GenericScope     : BeanFactory id=881c053e-64c3-33e6-ab09-129501b2768b
00:02:14:412  INFO 23608 --- [user-service] [main] o.s.b.w.embedded.tomcat.TomcatWebServer  : Tomcat initialized with port 9005 (http)
00:02:14:425  INFO 23608 --- [user-service] [main] o.apache.catalina.core.StandardService   : Starting service [Tomcat]
00:02:14:425  INFO 23608 --- [user-service] [main] o.apache.catalina.core.StandardEngine    : Starting Servlet engine: [Apache Tomcat/10.1.55]
00:02:14:494  INFO 23608 --- [user-service] [main] o.a.c.c.C.[Tomcat].[localhost].[/]       : Initializing Spring embedded WebApplicationContext
00:02:14:495  INFO 23608 --- [user-service] [main] w.s.c.ServletWebServerApplicationContext : Root WebApplicationContext: initialization completed in 1342 ms
00:02:15:330  INFO 23608 --- [user-service] [main] m.e.s.MybatisPlusApplicationContextAware : Register ApplicationContext instances org.springframework.boot.web.servlet.context.AnnotationConfigServletWebServerApplicationContext@72b16078
00:02:15:871  INFO 23608 --- [user-service] [main] o.s.b.w.embedded.tomcat.TomcatWebServer  : Tomcat started on port 9005 (http) with context path '/'
00:02:15:911  INFO 23608 --- [user-service] [main] c.a.n.p.a.s.c.ClientAuthPluginManager    : [ClientAuthPluginManager] Load ClientAuthService com.alibaba.nacos.client.auth.impl.NacosClientAuthServiceImpl success.
00:02:15:912  INFO 23608 --- [user-service] [main] c.a.n.p.a.s.c.ClientAuthPluginManager    : [ClientAuthPluginManager] Load ClientAuthService com.alibaba.nacos.client.auth.ram.RamClientAuthServiceImpl success.
00:02:16:517  INFO 23608 --- [user-service] [main] c.a.n.c.a.AbstractAbilityControlManager  : Ready to get current node abilities...
00:02:16:518  INFO 23608 --- [user-service] [main] c.a.n.c.a.AbstractAbilityControlManager  : Ready to initialize current node abilities, support modes: [SDK_CLIENT]
00:02:16:519  INFO 23608 --- [user-service] [main] c.a.n.c.a.AbstractAbilityControlManager  : Initialize current abilities finish...
00:02:16:519  INFO 23608 --- [user-service] [main] c.a.n.c.a.d.NacosAbilityManagerHolder    : [AbilityControlManager] Successfully initialize AbilityControlManager
00:02:16:552  INFO 23608 --- [user-service] [main] c.a.c.n.registry.NacosServiceRegistry    : nacos registry, DEFAULT_GROUP user-service 192.168.108.1:9005 register finished
00:02:16:564  INFO 23608 --- [user-service] [main] com.george.user.UserApplication          : Started UserApplication in 4.176 seconds (process running for 4.847)
00:10:12:687  INFO 23608 --- [user-service] [http-nio-9005-exec-1] o.a.c.c.C.[Tomcat].[localhost].[/]       : Initializing Spring DispatcherServlet 'dispatcherServlet'
00:10:12:688  INFO 23608 --- [user-service] [http-nio-9005-exec-1] o.s.web.servlet.DispatcherServlet        : Initializing Servlet 'dispatcherServlet'
00:10:12:690  INFO 23608 --- [user-service] [http-nio-9005-exec-1] o.s.web.servlet.DispatcherServlet        : Completed initialization in 2 ms
00:10:12:796  INFO 23608 --- [user-service] [http-nio-9005-exec-1] com.zaxxer.hikari.HikariDataSource       : HikariPool-1 - Starting...
00:10:13:028  INFO 23608 --- [user-service] [http-nio-9005-exec-1] com.zaxxer.hikari.pool.HikariPool        : HikariPool-1 - Added connection com.mysql.cj.jdbc.ConnectionImpl@37e1c46
00:10:13:029  INFO 23608 --- [user-service] [http-nio-9005-exec-1] com.zaxxer.hikari.HikariDataSource       : HikariPool-1 - Start completed.
00:37:22:833 ERROR 23608 --- [user-service] [http-nio-9005-exec-4] o.a.c.c.C.[.[.[/].[dispatcherServlet]    : Servlet.service() for servlet [dispatcherServlet] in context with path [] threw exception [Request processing failed: java.lang.NumberFormatException: Cannot parse null string] with root cause

java.lang.NumberFormatException: Cannot parse null string
	at java.base/java.lang.Long.parseLong(Long.java:672) ~[na:na]
	at java.base/java.lang.Long.valueOf(Long.java:1157) ~[na:na]
	at com.hmall.common.interceptors.UserInfoInterceptor.preHandle(UserInfoInterceptor.java:14) ~[classes/:na]
	at org.springframework.web.servlet.HandlerExecutionChain.applyPreHandle(HandlerExecutionChain.java:146) ~[spring-webmvc-6.2.19.jar:6.2.19]
	at org.springframework.web.servlet.DispatcherServlet.doDispatch(DispatcherServlet.java:1084) ~[spring-webmvc-6.2.19.jar:6.2.19]
	at org.springframework.web.servlet.DispatcherServlet.doService(DispatcherServlet.java:979) ~[spring-webmvc-6.2.19.jar:6.2.19]
	at org.springframework.web.servlet.FrameworkServlet.processRequest(FrameworkServlet.java:1014) ~[spring-webmvc-6.2.19.jar:6.2.19]
	at org.springframework.web.servlet.FrameworkServlet.doPost(FrameworkServlet.java:914) ~[spring-webmvc-6.2.19.jar:6.2.19]
	at jakarta.servlet.http.HttpServlet.service(HttpServlet.java:590) ~[tomcat-embed-core-10.1.55.jar:6.0]
	at org.springframework.web.servlet.FrameworkServlet.service(FrameworkServlet.java:885) ~[spring-webmvc-6.2.19.jar:6.2.19]
	at jakarta.servlet.http.HttpServlet.service(HttpServlet.java:658) ~[tomcat-embed-core-10.1.55.jar:6.0]
	at org.apache.catalina.core.ApplicationFilterChain.internalDoFilter(ApplicationFilterChain.java:193) ~[tomcat-embed-core-10.1.55.jar:10.1.55]
	at org.apache.catalina.core.ApplicationFilterChain.doFilter(ApplicationFilterChain.java:138) ~[tomcat-embed-core-10.1.55.jar:10.1.55]
	at org.apache.tomcat.websocket.server.WsFilter.doFilter(WsFilter.java:51) ~[tomcat-embed-websocket-10.1.55.jar:10.1.55]
	at org.apache.catalina.core.ApplicationFilterChain.internalDoFilter(ApplicationFilterChain.java:162) ~[tomcat-embed-core-10.1.55.jar:10.1.55]
	at org.apache.catalina.core.ApplicationFilterChain.doFilter(ApplicationFilterChain.java:138) ~[tomcat-embed-core-10.1.55.jar:10.1.55]
	at org.springframework.web.filter.RequestContextFilter.doFilterInternal(RequestContextFilter.java:100) ~[spring-web-6.2.19.jar:6.2.19]
	at org.springframework.web.filter.OncePerRequestFilter.doFilter(OncePerRequestFilter.java:116) ~[spring-web-6.2.19.jar:6.2.19]
	at org.apache.catalina.core.ApplicationFilterChain.internalDoFilter(ApplicationFilterChain.java:162) ~[tomcat-embed-core-10.1.55.jar:10.1.55]
	at org.apache.catalina.core.ApplicationFilterChain.doFilter(ApplicationFilterChain.java:138) ~[tomcat-embed-core-10.1.55.jar:10.1.55]
	at org.springframework.web.filter.FormContentFilter.doFilterInternal(FormContentFilter.java:93) ~[spring-web-6.2.19.jar:6.2.19]
	at org.springframework.web.filter.OncePerRequestFilter.doFilter(OncePerRequestFilter.java:116) ~[spring-web-6.2.19.jar:6.2.19]
	at org.apache.catalina.core.ApplicationFilterChain.internalDoFilter(ApplicationFilterChain.java:162) ~[tomcat-embed-core-10.1.55.jar:10.1.55]
	at org.apache.catalina.core.ApplicationFilterChain.doFilter(ApplicationFilterChain.java:138) ~[tomcat-embed-core-10.1.55.jar:10.1.55]
	at org.springframework.web.filter.CharacterEncodingFilter.doFilterInternal(CharacterEncodingFilter.java:201) ~[spring-web-6.2.19.jar:6.2.19]
	at org.springframework.web.filter.OncePerRequestFilter.doFilter(OncePerRequestFilter.java:116) ~[spring-web-6.2.19.jar:6.2.19]
	at org.apache.catalina.core.ApplicationFilterChain.internalDoFilter(ApplicationFilterChain.java:162) ~[tomcat-embed-core-10.1.55.jar:10.1.55]
	at org.apache.catalina.core.ApplicationFilterChain.doFilter(ApplicationFilterChain.java:138) ~[tomcat-embed-core-10.1.55.jar:10.1.55]
	at org.apache.catalina.core.StandardWrapperValve.invoke(StandardWrapperValve.java:165) ~[tomcat-embed-core-10.1.55.jar:10.1.55]
	at org.apache.catalina.core.StandardContextValve.invoke(StandardContextValve.java:88) ~[tomcat-embed-core-10.1.55.jar:10.1.55]
	at org.apache.catalina.authenticator.AuthenticatorBase.invoke(AuthenticatorBase.java:492) ~[tomcat-embed-core-10.1.55.jar:10.1.55]
	at org.apache.catalina.core.StandardHostValve.invoke(StandardHostValve.java:113) ~[tomcat-embed-core-10.1.55.jar:10.1.55]
	at org.apache.catalina.valves.ErrorReportValve.invoke(ErrorReportValve.java:83) ~[tomcat-embed-core-10.1.55.jar:10.1.55]
	at org.apache.catalina.core.StandardEngineValve.invoke(StandardEngineValve.java:72) ~[tomcat-embed-core-10.1.55.jar:10.1.55]
	at org.apache.catalina.connector.CoyoteAdapter.service(CoyoteAdapter.java:342) ~[tomcat-embed-core-10.1.55.jar:10.1.55]
	at org.apache.coyote.http11.Http11Processor.service(Http11Processor.java:399) ~[tomcat-embed-core-10.1.55.jar:10.1.55]
	at org.apache.coyote.AbstractProcessorLight.process(AbstractProcessorLight.java:63) ~[tomcat-embed-core-10.1.55.jar:10.1.55]
	at org.apache.coyote.AbstractProtocol$ConnectionHandler.process(AbstractProtocol.java:1272) ~[tomcat-embed-core-10.1.55.jar:10.1.55]
	at org.apache.tomcat.util.net.NioEndpoint$SocketProcessor.doRun(NioEndpoint.java:1797) ~[tomcat-embed-core-10.1.55.jar:10.1.55]
	at org.apache.tomcat.util.net.SocketProcessorBase.run(SocketProcessorBase.java:52) ~[tomcat-embed-core-10.1.55.jar:10.1.55]
	at org.apache.tomcat.util.threads.ThreadPoolExecutor.runWorker(ThreadPoolExecutor.java:973) ~[tomcat-embed-core-10.1.55.jar:10.1.55]
	at org.apache.tomcat.util.threads.ThreadPoolExecutor$Worker.run(ThreadPoolExecutor.java:491) ~[tomcat-embed-core-10.1.55.jar:10.1.55]
	at org.apache.tomcat.util.threads.TaskThread$WrappingRunnable.run(TaskThread.java:63) ~[tomcat-embed-core-10.1.55.jar:10.1.55]
	at java.base/java.lang.Thread.run(Thread.java:1583) ~[na:na]

00:37:22:843 ERROR 23608 --- [user-service] [http-nio-9005-exec-4] o.a.c.c.C.[.[.[/].[dispatcherServlet]    : Servlet.service() for servlet [dispatcherServlet] threw exception

java.lang.NumberFormatException: Cannot parse null string
	at java.base/java.lang.Long.parseLong(Long.java:672) ~[na:na]
	at java.base/java.lang.Long.valueOf(Long.java:1157) ~[na:na]
	at com.hmall.common.interceptors.UserInfoInterceptor.preHandle(UserInfoInterceptor.java:14) ~[classes/:na]
	at org.springframework.web.servlet.HandlerExecutionChain.applyPreHandle(HandlerExecutionChain.java:146) ~[spring-webmvc-6.2.19.jar:6.2.19]
	at org.springframework.web.servlet.DispatcherServlet.doDispatch(DispatcherServlet.java:1084) ~[spring-webmvc-6.2.19.jar:6.2.19]
	at org.springframework.web.servlet.DispatcherServlet.doService(DispatcherServlet.java:979) ~[spring-webmvc-6.2.19.jar:6.2.19]
	at org.springframework.web.servlet.FrameworkServlet.processRequest(FrameworkServlet.java:1014) ~[spring-webmvc-6.2.19.jar:6.2.19]
	at org.springframework.web.servlet.FrameworkServlet.doPost(FrameworkServlet.java:914) ~[spring-webmvc-6.2.19.jar:6.2.19]
	at jakarta.servlet.http.HttpServlet.service(HttpServlet.java:590) ~[tomcat-embed-core-10.1.55.jar:6.0]
	at org.springframework.web.servlet.FrameworkServlet.service(FrameworkServlet.java:885) ~[spring-webmvc-6.2.19.jar:6.2.19]
	at jakarta.servlet.http.HttpServlet.service(HttpServlet.java:658) ~[tomcat-embed-core-10.1.55.jar:6.0]
	at org.apache.catalina.core.ApplicationFilterChain.internalDoFilter(ApplicationFilterChain.java:193) ~[tomcat-embed-core-10.1.55.jar:10.1.55]
	at org.apache.catalina.core.ApplicationFilterChain.doFilter(ApplicationFilterChain.java:138) ~[tomcat-embed-core-10.1.55.jar:10.1.55]
	at org.springframework.web.filter.RequestContextFilter.doFilterInternal(RequestContextFilter.java:100) ~[spring-web-6.2.19.jar:6.2.19]
	at org.springframework.web.filter.OncePerRequestFilter.doFilter(OncePerRequestFilter.java:116) ~[spring-web-6.2.19.jar:6.2.19]
	at org.apache.catalina.core.ApplicationFilterChain.internalDoFilter(ApplicationFilterChain.java:162) ~[tomcat-embed-core-10.1.55.jar:10.1.55]
	at org.apache.catalina.core.ApplicationFilterChain.doFilter(ApplicationFilterChain.java:138) ~[tomcat-embed-core-10.1.55.jar:10.1.55]
	at org.springframework.web.filter.OncePerRequestFilter.doFilter(OncePerRequestFilter.java:101) ~[spring-web-6.2.19.jar:6.2.19]
	at org.apache.catalina.core.ApplicationFilterChain.internalDoFilter(ApplicationFilterChain.java:162) ~[tomcat-embed-core-10.1.55.jar:10.1.55]
	at org.apache.catalina.core.ApplicationFilterChain.doFilter(ApplicationFilterChain.java:138) ~[tomcat-embed-core-10.1.55.jar:10.1.55]
	at org.springframework.web.filter.OncePerRequestFilter.doFilter(OncePerRequestFilter.java:101) ~[spring-web-6.2.19.jar:6.2.19]
	at org.apache.catalina.core.ApplicationFilterChain.internalDoFilter(ApplicationFilterChain.java:162) ~[tomcat-embed-core-10.1.55.jar:10.1.55]
	at org.apache.catalina.core.ApplicationFilterChain.doFilter(ApplicationFilterChain.java:138) ~[tomcat-embed-core-10.1.55.jar:10.1.55]
	at org.apache.catalina.core.ApplicationDispatcher.invoke(ApplicationDispatcher.java:610) ~[tomcat-embed-core-10.1.55.jar:10.1.55]
	at org.apache.catalina.core.ApplicationDispatcher.processRequest(ApplicationDispatcher.java:394) ~[tomcat-embed-core-10.1.55.jar:10.1.55]
	at org.apache.catalina.core.ApplicationDispatcher.doForward(ApplicationDispatcher.java:321) ~[tomcat-embed-core-10.1.55.jar:10.1.55]
	at org.apache.catalina.core.ApplicationDispatcher.forward(ApplicationDispatcher.java:266) ~[tomcat-embed-core-10.1.55.jar:10.1.55]
	at org.apache.catalina.core.StandardHostValve.custom(StandardHostValve.java:374) ~[tomcat-embed-core-10.1.55.jar:10.1.55]
	at org.apache.catalina.core.StandardHostValve.status(StandardHostValve.java:206) ~[tomcat-embed-core-10.1.55.jar:10.1.55]
	at org.apache.catalina.core.StandardHostValve.throwable(StandardHostValve.java:283) ~[tomcat-embed-core-10.1.55.jar:10.1.55]
	at org.apache.catalina.core.StandardHostValve.invoke(StandardHostValve.java:147) ~[tomcat-embed-core-10.1.55.jar:10.1.55]
	at org.apache.catalina.valves.ErrorReportValve.invoke(ErrorReportValve.java:83) ~[tomcat-embed-core-10.1.55.jar:10.1.55]
	at org.apache.catalina.core.StandardEngineValve.invoke(StandardEngineValve.java:72) ~[tomcat-embed-core-10.1.55.jar:10.1.55]
	at org.apache.catalina.connector.CoyoteAdapter.service(CoyoteAdapter.java:342) ~[tomcat-embed-core-10.1.55.jar:10.1.55]
	at org.apache.coyote.http11.Http11Processor.service(Http11Processor.java:399) ~[tomcat-embed-core-10.1.55.jar:10.1.55]
	at org.apache.coyote.AbstractProcessorLight.process(AbstractProcessorLight.java:63) ~[tomcat-embed-core-10.1.55.jar:10.1.55]
	at org.apache.coyote.AbstractProtocol$ConnectionHandler.process(AbstractProtocol.java:1272) ~[tomcat-embed-core-10.1.55.jar:10.1.55]
	at org.apache.tomcat.util.net.NioEndpoint$SocketProcessor.doRun(NioEndpoint.java:1797) ~[tomcat-embed-core-10.1.55.jar:10.1.55]
	at org.apache.tomcat.util.net.SocketProcessorBase.run(SocketProcessorBase.java:52) ~[tomcat-embed-core-10.1.55.jar:10.1.55]
	at org.apache.tomcat.util.threads.ThreadPoolExecutor.runWorker(ThreadPoolExecutor.java:973) ~[tomcat-embed-core-10.1.55.jar:10.1.55]
	at org.apache.tomcat.util.threads.ThreadPoolExecutor$Worker.run(ThreadPoolExecutor.java:491) ~[tomcat-embed-core-10.1.55.jar:10.1.55]
	at org.apache.tomcat.util.threads.TaskThread$WrappingRunnable.run(TaskThread.java:63) ~[tomcat-embed-core-10.1.55.jar:10.1.55]
	at java.base/java.lang.Thread.run(Thread.java:1583) ~[na:na]

00:37:22:844 ERROR 23608 --- [user-service] [http-nio-9005-exec-4] o.a.c.c.C.[Tomcat].[localhost]           : Exception Processing [ErrorPage[errorCode=0, location=/error]]

jakarta.servlet.ServletException: Request processing failed: java.lang.NumberFormatException: Cannot parse null string
	at org.springframework.web.servlet.FrameworkServlet.processRequest(FrameworkServlet.java:1022) ~[spring-webmvc-6.2.19.jar:6.2.19]
	at org.springframework.web.servlet.FrameworkServlet.doPost(FrameworkServlet.java:914) ~[spring-webmvc-6.2.19.jar:6.2.19]
	at jakarta.servlet.http.HttpServlet.service(HttpServlet.java:590) ~[tomcat-embed-core-10.1.55.jar:6.0]
	at org.springframework.web.servlet.FrameworkServlet.service(FrameworkServlet.java:885) ~[spring-webmvc-6.2.19.jar:6.2.19]
	at jakarta.servlet.http.HttpServlet.service(HttpServlet.java:658) ~[tomcat-embed-core-10.1.55.jar:6.0]
	at org.apache.catalina.core.ApplicationFilterChain.internalDoFilter(ApplicationFilterChain.java:193) ~[tomcat-embed-core-10.1.55.jar:10.1.55]
	at org.apache.catalina.core.ApplicationFilterChain.doFilter(ApplicationFilterChain.java:138) ~[tomcat-embed-core-10.1.55.jar:10.1.55]
	at org.springframework.web.filter.RequestContextFilter.doFilterInternal(RequestContextFilter.java:100) ~[spring-web-6.2.19.jar:6.2.19]
	at org.springframework.web.filter.OncePerRequestFilter.doFilter(OncePerRequestFilter.java:116) ~[spring-web-6.2.19.jar:6.2.19]
	at org.apache.catalina.core.ApplicationFilterChain.internalDoFilter(ApplicationFilterChain.java:162) ~[tomcat-embed-core-10.1.55.jar:10.1.55]
	at org.apache.catalina.core.ApplicationFilterChain.doFilter(ApplicationFilterChain.java:138) ~[tomcat-embed-core-10.1.55.jar:10.1.55]
	at org.springframework.web.filter.OncePerRequestFilter.doFilter(OncePerRequestFilter.java:101) ~[spring-web-6.2.19.jar:6.2.19]
	at org.apache.catalina.core.ApplicationFilterChain.internalDoFilter(ApplicationFilterChain.java:162) ~[tomcat-embed-core-10.1.55.jar:10.1.55]
	at org.apache.catalina.core.ApplicationFilterChain.doFilter(ApplicationFilterChain.java:138) ~[tomcat-embed-core-10.1.55.jar:10.1.55]
	at org.springframework.web.filter.OncePerRequestFilter.doFilter(OncePerRequestFilter.java:101) ~[spring-web-6.2.19.jar:6.2.19]
	at org.apache.catalina.core.ApplicationFilterChain.internalDoFilter(ApplicationFilterChain.java:162) ~[tomcat-embed-core-10.1.55.jar:10.1.55]
	at org.apache.catalina.core.ApplicationFilterChain.doFilter(ApplicationFilterChain.java:138) ~[tomcat-embed-core-10.1.55.jar:10.1.55]
	at org.apache.catalina.core.ApplicationDispatcher.invoke(ApplicationDispatcher.java:610) ~[tomcat-embed-core-10.1.55.jar:10.1.55]
	at org.apache.catalina.core.ApplicationDispatcher.processRequest(ApplicationDispatcher.java:394) ~[tomcat-embed-core-10.1.55.jar:10.1.55]
	at org.apache.catalina.core.ApplicationDispatcher.doForward(ApplicationDispatcher.java:321) ~[tomcat-embed-core-10.1.55.jar:10.1.55]
	at org.apache.catalina.core.ApplicationDispatcher.forward(ApplicationDispatcher.java:266) ~[tomcat-embed-core-10.1.55.jar:10.1.55]
	at org.apache.catalina.core.StandardHostValve.custom(StandardHostValve.java:374) ~[tomcat-embed-core-10.1.55.jar:10.1.55]
	at org.apache.catalina.core.StandardHostValve.status(StandardHostValve.java:206) ~[tomcat-embed-core-10.1.55.jar:10.1.55]
	at org.apache.catalina.core.StandardHostValve.throwable(StandardHostValve.java:283) ~[tomcat-embed-core-10.1.55.jar:10.1.55]
	at org.apache.catalina.core.StandardHostValve.invoke(StandardHostValve.java:147) ~[tomcat-embed-core-10.1.55.jar:10.1.55]
	at org.apache.catalina.valves.ErrorReportValve.invoke(ErrorReportValve.java:83) ~[tomcat-embed-core-10.1.55.jar:10.1.55]
	at org.apache.catalina.core.StandardEngineValve.invoke(StandardEngineValve.java:72) ~[tomcat-embed-core-10.1.55.jar:10.1.55]
	at org.apache.catalina.connector.CoyoteAdapter.service(CoyoteAdapter.java:342) ~[tomcat-embed-core-10.1.55.jar:10.1.55]
	at org.apache.coyote.http11.Http11Processor.service(Http11Processor.java:399) ~[tomcat-embed-core-10.1.55.jar:10.1.55]
	at org.apache.coyote.AbstractProcessorLight.process(AbstractProcessorLight.java:63) ~[tomcat-embed-core-10.1.55.jar:10.1.55]
	at org.apache.coyote.AbstractProtocol$ConnectionHandler.process(AbstractProtocol.java:1272) ~[tomcat-embed-core-10.1.55.jar:10.1.55]
	at org.apache.tomcat.util.net.NioEndpoint$SocketProcessor.doRun(NioEndpoint.java:1797) ~[tomcat-embed-core-10.1.55.jar:10.1.55]
	at org.apache.tomcat.util.net.SocketProcessorBase.run(SocketProcessorBase.java:52) ~[tomcat-embed-core-10.1.55.jar:10.1.55]
	at org.apache.tomcat.util.threads.ThreadPoolExecutor.runWorker(ThreadPoolExecutor.java:973) ~[tomcat-embed-core-10.1.55.jar:10.1.55]
	at org.apache.tomcat.util.threads.ThreadPoolExecutor$Worker.run(ThreadPoolExecutor.java:491) ~[tomcat-embed-core-10.1.55.jar:10.1.55]
	at org.apache.tomcat.util.threads.TaskThread$WrappingRunnable.run(TaskThread.java:63) ~[tomcat-embed-core-10.1.55.jar:10.1.55]
	at java.base/java.lang.Thread.run(Thread.java:1583) ~[na:na]
Caused by: java.lang.NumberFormatException: Cannot parse null string
	at java.base/java.lang.Long.parseLong(Long.java:672) ~[na:na]
	at java.base/java.lang.Long.valueOf(Long.java:1157) ~[na:na]
	at com.hmall.common.interceptors.UserInfoInterceptor.preHandle(UserInfoInterceptor.java:14) ~[classes/:na]
	at org.springframework.web.servlet.HandlerExecutionChain.applyPreHandle(HandlerExecutionChain.java:146) ~[spring-webmvc-6.2.19.jar:6.2.19]
	at org.springframework.web.servlet.DispatcherServlet.doDispatch(DispatcherServlet.java:1084) ~[spring-webmvc-6.2.19.jar:6.2.19]
	at org.springframework.web.servlet.DispatcherServlet.doService(DispatcherServlet.java:979) ~[spring-webmvc-6.2.19.jar:6.2.19]
	at org.springframework.web.servlet.FrameworkServlet.processRequest(FrameworkServlet.java:1014) ~[spring-webmvc-6.2.19.jar:6.2.19]
	... 36 common frames omitted

00:37:28:697 ERROR 23608 --- [user-service] [http-nio-9005-exec-5] o.a.c.c.C.[.[.[/].[dispatcherServlet]    : Servlet.service() for servlet [dispatcherServlet] in context with path [] threw exception [Request processing failed: java.lang.NumberFormatException: Cannot parse null string] with root cause

java.lang.NumberFormatException: Cannot parse null string
	at java.base/java.lang.Long.parseLong(Long.java:672) ~[na:na]
	at java.base/java.lang.Long.valueOf(Long.java:1157) ~[na:na]
	at com.hmall.common.interceptors.UserInfoInterceptor.preHandle(UserInfoInterceptor.java:14) ~[classes/:na]
	at org.springframework.web.servlet.HandlerExecutionChain.applyPreHandle(HandlerExecutionChain.java:146) ~[spring-webmvc-6.2.19.jar:6.2.19]
	at org.springframework.web.servlet.DispatcherServlet.doDispatch(DispatcherServlet.java:1084) ~[spring-webmvc-6.2.19.jar:6.2.19]
	at org.springframework.web.servlet.DispatcherServlet.doService(DispatcherServlet.java:979) ~[spring-webmvc-6.2.19.jar:6.2.19]
	at org.springframework.web.servlet.FrameworkServlet.processRequest(FrameworkServlet.java:1014) ~[spring-webmvc-6.2.19.jar:6.2.19]
	at org.springframework.web.servlet.FrameworkServlet.doPost(FrameworkServlet.java:914) ~[spring-webmvc-6.2.19.jar:6.2.19]
	at jakarta.servlet.http.HttpServlet.service(HttpServlet.java:590) ~[tomcat-embed-core-10.1.55.jar:6.0]
	at org.springframework.web.servlet.FrameworkServlet.service(FrameworkServlet.java:885) ~[spring-webmvc-6.2.19.jar:6.2.19]
	at jakarta.servlet.http.HttpServlet.service(HttpServlet.java:658) ~[tomcat-embed-core-10.1.55.jar:6.0]
	at org.apache.catalina.core.ApplicationFilterChain.internalDoFilter(ApplicationFilterChain.java:193) ~[tomcat-embed-core-10.1.55.jar:10.1.55]
	at org.apache.catalina.core.ApplicationFilterChain.doFilter(ApplicationFilterChain.java:138) ~[tomcat-embed-core-10.1.55.jar:10.1.55]
	at org.apache.tomcat.websocket.server.WsFilter.doFilter(WsFilter.java:51) ~[tomcat-embed-websocket-10.1.55.jar:10.1.55]
	at org.apache.catalina.core.ApplicationFilterChain.internalDoFilter(ApplicationFilterChain.java:162) ~[tomcat-embed-core-10.1.55.jar:10.1.55]
	at org.apache.catalina.core.ApplicationFilterChain.doFilter(ApplicationFilterChain.java:138) ~[tomcat-embed-core-10.1.55.jar:10.1.55]
	at org.springframework.web.filter.RequestContextFilter.doFilterInternal(RequestContextFilter.java:100) ~[spring-web-6.2.19.jar:6.2.19]
	at org.springframework.web.filter.OncePerRequestFilter.doFilter(OncePerRequestFilter.java:116) ~[spring-web-6.2.19.jar:6.2.19]
	at org.apache.catalina.core.ApplicationFilterChain.internalDoFilter(ApplicationFilterChain.java:162) ~[tomcat-embed-core-10.1.55.jar:10.1.55]
	at org.apache.catalina.core.ApplicationFilterChain.doFilter(ApplicationFilterChain.java:138) ~[tomcat-embed-core-10.1.55.jar:10.1.55]
	at org.springframework.web.filter.FormContentFilter.doFilterInternal(FormContentFilter.java:93) ~[spring-web-6.2.19.jar:6.2.19]
	at org.springframework.web.filter.OncePerRequestFilter.doFilter(OncePerRequestFilter.java:116) ~[spring-web-6.2.19.jar:6.2.19]
	at org.apache.catalina.core.ApplicationFilterChain.internalDoFilter(ApplicationFilterChain.java:162) ~[tomcat-embed-core-10.1.55.jar:10.1.55]
	at org.apache.catalina.core.ApplicationFilterChain.doFilter(ApplicationFilterChain.java:138) ~[tomcat-embed-core-10.1.55.jar:10.1.55]
	at org.springframework.web.filter.CharacterEncodingFilter.doFilterInternal(CharacterEncodingFilter.java:201) ~[spring-web-6.2.19.jar:6.2.19]
	at org.springframework.web.filter.OncePerRequestFilter.doFilter(OncePerRequestFilter.java:116) ~[spring-web-6.2.19.jar:6.2.19]
	at org.apache.catalina.core.ApplicationFilterChain.internalDoFilter(ApplicationFilterChain.java:162) ~[tomcat-embed-core-10.1.55.jar:10.1.55]
	at org.apache.catalina.core.ApplicationFilterChain.doFilter(ApplicationFilterChain.java:138) ~[tomcat-embed-core-10.1.55.jar:10.1.55]
	at org.apache.catalina.core.StandardWrapperValve.invoke(StandardWrapperValve.java:165) ~[tomcat-embed-core-10.1.55.jar:10.1.55]
	at org.apache.catalina.core.StandardContextValve.invoke(StandardContextValve.java:88) ~[tomcat-embed-core-10.1.55.jar:10.1.55]
	at org.apache.catalina.authenticator.AuthenticatorBase.invoke(AuthenticatorBase.java:492) ~[tomcat-embed-core-10.1.55.jar:10.1.55]
	at org.apache.catalina.core.StandardHostValve.invoke(StandardHostValve.java:113) ~[tomcat-embed-core-10.1.55.jar:10.1.55]
	at org.apache.catalina.valves.ErrorReportValve.invoke(ErrorReportValve.java:83) ~[tomcat-embed-core-10.1.55.jar:10.1.55]
	at org.apache.catalina.core.StandardEngineValve.invoke(StandardEngineValve.java:72) ~[tomcat-embed-core-10.1.55.jar:10.1.55]
	at org.apache.catalina.connector.CoyoteAdapter.service(CoyoteAdapter.java:342) ~[tomcat-embed-core-10.1.55.jar:10.1.55]
	at org.apache.coyote.http11.Http11Processor.service(Http11Processor.java:399) ~[tomcat-embed-core-10.1.55.jar:10.1.55]
	at org.apache.coyote.AbstractProcessorLight.process(AbstractProcessorLight.java:63) ~[tomcat-embed-core-10.1.55.jar:10.1.55]
	at org.apache.coyote.AbstractProtocol$ConnectionHandler.process(AbstractProtocol.java:1272) ~[tomcat-embed-core-10.1.55.jar:10.1.55]
	at org.apache.tomcat.util.net.NioEndpoint$SocketProcessor.doRun(NioEndpoint.java:1797) ~[tomcat-embed-core-10.1.55.jar:10.1.55]
	at org.apache.tomcat.util.net.SocketProcessorBase.run(SocketProcessorBase.java:52) ~[tomcat-embed-core-10.1.55.jar:10.1.55]
	at org.apache.tomcat.util.threads.ThreadPoolExecutor.runWorker(ThreadPoolExecutor.java:973) ~[tomcat-embed-core-10.1.55.jar:10.1.55]
	at org.apache.tomcat.util.threads.ThreadPoolExecutor$Worker.run(ThreadPoolExecutor.java:491) ~[tomcat-embed-core-10.1.55.jar:10.1.55]
	at org.apache.tomcat.util.threads.TaskThread$WrappingRunnable.run(TaskThread.java:63) ~[tomcat-embed-core-10.1.55.jar:10.1.55]
	at java.base/java.lang.Thread.run(Thread.java:1583) ~[na:na]

00:37:28:705 ERROR 23608 --- [user-service] [http-nio-9005-exec-5] o.a.c.c.C.[.[.[/].[dispatcherServlet]    : Servlet.service() for servlet [dispatcherServlet] threw exception

java.lang.NumberFormatException: Cannot parse null string
	at java.base/java.lang.Long.parseLong(Long.java:672) ~[na:na]
	at java.base/java.lang.Long.valueOf(Long.java:1157) ~[na:na]
	at com.hmall.common.interceptors.UserInfoInterceptor.preHandle(UserInfoInterceptor.java:14) ~[classes/:na]
	at org.springframework.web.servlet.HandlerExecutionChain.applyPreHandle(HandlerExecutionChain.java:146) ~[spring-webmvc-6.2.19.jar:6.2.19]
	at org.springframework.web.servlet.DispatcherServlet.doDispatch(DispatcherServlet.java:1084) ~[spring-webmvc-6.2.19.jar:6.2.19]
	at org.springframework.web.servlet.DispatcherServlet.doService(DispatcherServlet.java:979) ~[spring-webmvc-6.2.19.jar:6.2.19]
	at org.springframework.web.servlet.FrameworkServlet.processRequest(FrameworkServlet.java:1014) ~[spring-webmvc-6.2.19.jar:6.2.19]
	at org.springframework.web.servlet.FrameworkServlet.doPost(FrameworkServlet.java:914) ~[spring-webmvc-6.2.19.jar:6.2.19]
	at jakarta.servlet.http.HttpServlet.service(HttpServlet.java:590) ~[tomcat-embed-core-10.1.55.jar:6.0]
	at org.springframework.web.servlet.FrameworkServlet.service(FrameworkServlet.java:885) ~[spring-webmvc-6.2.19.jar:6.2.19]
	at jakarta.servlet.http.HttpServlet.service(HttpServlet.java:658) ~[tomcat-embed-core-10.1.55.jar:6.0]
	at org.apache.catalina.core.ApplicationFilterChain.internalDoFilter(ApplicationFilterChain.java:193) ~[tomcat-embed-core-10.1.55.jar:10.1.55]
	at org.apache.catalina.core.ApplicationFilterChain.doFilter(ApplicationFilterChain.java:138) ~[tomcat-embed-core-10.1.55.jar:10.1.55]
	at org.springframework.web.filter.RequestContextFilter.doFilterInternal(RequestContextFilter.java:100) ~[spring-web-6.2.19.jar:6.2.19]
	at org.springframework.web.filter.OncePerRequestFilter.doFilter(OncePerRequestFilter.java:116) ~[spring-web-6.2.19.jar:6.2.19]
	at org.apache.catalina.core.ApplicationFilterChain.internalDoFilter(ApplicationFilterChain.java:162) ~[tomcat-embed-core-10.1.55.jar:10.1.55]
	at org.apache.catalina.core.ApplicationFilterChain.doFilter(ApplicationFilterChain.java:138) ~[tomcat-embed-core-10.1.55.jar:10.1.55]
	at org.springframework.web.filter.OncePerRequestFilter.doFilter(OncePerRequestFilter.java:101) ~[spring-web-6.2.19.jar:6.2.19]
	at org.apache.catalina.core.ApplicationFilterChain.internalDoFilter(ApplicationFilterChain.java:162) ~[tomcat-embed-core-10.1.55.jar:10.1.55]
	at org.apache.catalina.core.ApplicationFilterChain.doFilter(ApplicationFilterChain.java:138) ~[tomcat-embed-core-10.1.55.jar:10.1.55]
	at org.springframework.web.filter.OncePerRequestFilter.doFilter(OncePerRequestFilter.java:101) ~[spring-web-6.2.19.jar:6.2.19]
	at org.apache.catalina.core.ApplicationFilterChain.internalDoFilter(ApplicationFilterChain.java:162) ~[tomcat-embed-core-10.1.55.jar:10.1.55]
	at org.apache.catalina.core.ApplicationFilterChain.doFilter(ApplicationFilterChain.java:138) ~[tomcat-embed-core-10.1.55.jar:10.1.55]
	at org.apache.catalina.core.ApplicationDispatcher.invoke(ApplicationDispatcher.java:610) ~[tomcat-embed-core-10.1.55.jar:10.1.55]
	at org.apache.catalina.core.ApplicationDispatcher.processRequest(ApplicationDispatcher.java:394) ~[tomcat-embed-core-10.1.55.jar:10.1.55]
	at org.apache.catalina.core.ApplicationDispatcher.doForward(ApplicationDispatcher.java:321) ~[tomcat-embed-core-10.1.55.jar:10.1.55]
	at org.apache.catalina.core.ApplicationDispatcher.forward(ApplicationDispatcher.java:266) ~[tomcat-embed-core-10.1.55.jar:10.1.55]
	at org.apache.catalina.core.StandardHostValve.custom(StandardHostValve.java:374) ~[tomcat-embed-core-10.1.55.jar:10.1.55]
	at org.apache.catalina.core.StandardHostValve.status(StandardHostValve.java:206) ~[tomcat-embed-core-10.1.55.jar:10.1.55]
	at org.apache.catalina.core.StandardHostValve.throwable(StandardHostValve.java:283) ~[tomcat-embed-core-10.1.55.jar:10.1.55]
	at org.apache.catalina.core.StandardHostValve.invoke(StandardHostValve.java:147) ~[tomcat-embed-core-10.1.55.jar:10.1.55]
	at org.apache.catalina.valves.ErrorReportValve.invoke(ErrorReportValve.java:83) ~[tomcat-embed-core-10.1.55.jar:10.1.55]
	at org.apache.catalina.core.StandardEngineValve.invoke(StandardEngineValve.java:72) ~[tomcat-embed-core-10.1.55.jar:10.1.55]
	at org.apache.catalina.connector.CoyoteAdapter.service(CoyoteAdapter.java:342) ~[tomcat-embed-core-10.1.55.jar:10.1.55]
	at org.apache.coyote.http11.Http11Processor.service(Http11Processor.java:399) ~[tomcat-embed-core-10.1.55.jar:10.1.55]
	at org.apache.coyote.AbstractProcessorLight.process(AbstractProcessorLight.java:63) ~[tomcat-embed-core-10.1.55.jar:10.1.55]
	at org.apache.coyote.AbstractProtocol$ConnectionHandler.process(AbstractProtocol.java:1272) ~[tomcat-embed-core-10.1.55.jar:10.1.55]
	at org.apache.tomcat.util.net.NioEndpoint$SocketProcessor.doRun(NioEndpoint.java:1797) ~[tomcat-embed-core-10.1.55.jar:10.1.55]
	at org.apache.tomcat.util.net.SocketProcessorBase.run(SocketProcessorBase.java:52) ~[tomcat-embed-core-10.1.55.jar:10.1.55]
	at org.apache.tomcat.util.threads.ThreadPoolExecutor.runWorker(ThreadPoolExecutor.java:973) ~[tomcat-embed-core-10.1.55.jar:10.1.55]
	at org.apache.tomcat.util.threads.ThreadPoolExecutor$Worker.run(ThreadPoolExecutor.java:491) ~[tomcat-embed-core-10.1.55.jar:10.1.55]
	at org.apache.tomcat.util.threads.TaskThread$WrappingRunnable.run(TaskThread.java:63) ~[tomcat-embed-core-10.1.55.jar:10.1.55]
	at java.base/java.lang.Thread.run(Thread.java:1583) ~[na:na]

00:37:28:706 ERROR 23608 --- [user-service] [http-nio-9005-exec-5] o.a.c.c.C.[Tomcat].[localhost]           : Exception Processing [ErrorPage[errorCode=0, location=/error]]

jakarta.servlet.ServletException: Request processing failed: java.lang.NumberFormatException: Cannot parse null string
	at org.springframework.web.servlet.FrameworkServlet.processRequest(FrameworkServlet.java:1022) ~[spring-webmvc-6.2.19.jar:6.2.19]
	at org.springframework.web.servlet.FrameworkServlet.doPost(FrameworkServlet.java:914) ~[spring-webmvc-6.2.19.jar:6.2.19]
	at jakarta.servlet.http.HttpServlet.service(HttpServlet.java:590) ~[tomcat-embed-core-10.1.55.jar:6.0]
	at org.springframework.web.servlet.FrameworkServlet.service(FrameworkServlet.java:885) ~[spring-webmvc-6.2.19.jar:6.2.19]
	at jakarta.servlet.http.HttpServlet.service(HttpServlet.java:658) ~[tomcat-embed-core-10.1.55.jar:6.0]
	at org.apache.catalina.core.ApplicationFilterChain.internalDoFilter(ApplicationFilterChain.java:193) ~[tomcat-embed-core-10.1.55.jar:10.1.55]
	at org.apache.catalina.core.ApplicationFilterChain.doFilter(ApplicationFilterChain.java:138) ~[tomcat-embed-core-10.1.55.jar:10.1.55]
	at org.springframework.web.filter.RequestContextFilter.doFilterInternal(RequestContextFilter.java:100) ~[spring-web-6.2.19.jar:6.2.19]
	at org.springframework.web.filter.OncePerRequestFilter.doFilter(OncePerRequestFilter.java:116) ~[spring-web-6.2.19.jar:6.2.19]
	at org.apache.catalina.core.ApplicationFilterChain.internalDoFilter(ApplicationFilterChain.java:162) ~[tomcat-embed-core-10.1.55.jar:10.1.55]
	at org.apache.catalina.core.ApplicationFilterChain.doFilter(ApplicationFilterChain.java:138) ~[tomcat-embed-core-10.1.55.jar:10.1.55]
	at org.springframework.web.filter.OncePerRequestFilter.doFilter(OncePerRequestFilter.java:101) ~[spring-web-6.2.19.jar:6.2.19]
	at org.apache.catalina.core.ApplicationFilterChain.internalDoFilter(ApplicationFilterChain.java:162) ~[tomcat-embed-core-10.1.55.jar:10.1.55]
	at org.apache.catalina.core.ApplicationFilterChain.doFilter(ApplicationFilterChain.java:138) ~[tomcat-embed-core-10.1.55.jar:10.1.55]
	at org.springframework.web.filter.OncePerRequestFilter.doFilter(OncePerRequestFilter.java:101) ~[spring-web-6.2.19.jar:6.2.19]
	at org.apache.catalina.core.ApplicationFilterChain.internalDoFilter(ApplicationFilterChain.java:162) ~[tomcat-embed-core-10.1.55.jar:10.1.55]
	at org.apache.catalina.core.ApplicationFilterChain.doFilter(ApplicationFilterChain.java:138) ~[tomcat-embed-core-10.1.55.jar:10.1.55]
	at org.apache.catalina.core.ApplicationDispatcher.invoke(ApplicationDispatcher.java:610) ~[tomcat-embed-core-10.1.55.jar:10.1.55]
	at org.apache.catalina.core.ApplicationDispatcher.processRequest(ApplicationDispatcher.java:394) ~[tomcat-embed-core-10.1.55.jar:10.1.55]
	at org.apache.catalina.core.ApplicationDispatcher.doForward(ApplicationDispatcher.java:321) ~[tomcat-embed-core-10.1.55.jar:10.1.55]
	at org.apache.catalina.core.ApplicationDispatcher.forward(ApplicationDispatcher.java:266) ~[tomcat-embed-core-10.1.55.jar:10.1.55]
	at org.apache.catalina.core.StandardHostValve.custom(StandardHostValve.java:374) ~[tomcat-embed-core-10.1.55.jar:10.1.55]
	at org.apache.catalina.core.StandardHostValve.status(StandardHostValve.java:206) ~[tomcat-embed-core-10.1.55.jar:10.1.55]
	at org.apache.catalina.core.StandardHostValve.throwable(StandardHostValve.java:283) ~[tomcat-embed-core-10.1.55.jar:10.1.55]
	at org.apache.catalina.core.StandardHostValve.invoke(StandardHostValve.java:147) ~[tomcat-embed-core-10.1.55.jar:10.1.55]
	at org.apache.catalina.valves.ErrorReportValve.invoke(ErrorReportValve.java:83) ~[tomcat-embed-core-10.1.55.jar:10.1.55]
	at org.apache.catalina.core.StandardEngineValve.invoke(StandardEngineValve.java:72) ~[tomcat-embed-core-10.1.55.jar:10.1.55]
	at org.apache.catalina.connector.CoyoteAdapter.service(CoyoteAdapter.java:342) ~[tomcat-embed-core-10.1.55.jar:10.1.55]
	at org.apache.coyote.http11.Http11Processor.service(Http11Processor.java:399) ~[tomcat-embed-core-10.1.55.jar:10.1.55]
	at org.apache.coyote.AbstractProcessorLight.process(AbstractProcessorLight.java:63) ~[tomcat-embed-core-10.1.55.jar:10.1.55]
	at org.apache.coyote.AbstractProtocol$ConnectionHandler.process(AbstractProtocol.java:1272) ~[tomcat-embed-core-10.1.55.jar:10.1.55]
	at org.apache.tomcat.util.net.NioEndpoint$SocketProcessor.doRun(NioEndpoint.java:1797) ~[tomcat-embed-core-10.1.55.jar:10.1.55]
	at org.apache.tomcat.util.net.SocketProcessorBase.run(SocketProcessorBase.java:52) ~[tomcat-embed-core-10.1.55.jar:10.1.55]
	at org.apache.tomcat.util.threads.ThreadPoolExecutor.runWorker(ThreadPoolExecutor.java:973) ~[tomcat-embed-core-10.1.55.jar:10.1.55]
	at org.apache.tomcat.util.threads.ThreadPoolExecutor$Worker.run(ThreadPoolExecutor.java:491) ~[tomcat-embed-core-10.1.55.jar:10.1.55]
	at org.apache.tomcat.util.threads.TaskThread$WrappingRunnable.run(TaskThread.java:63) ~[tomcat-embed-core-10.1.55.jar:10.1.55]
	at java.base/java.lang.Thread.run(Thread.java:1583) ~[na:na]
Caused by: java.lang.NumberFormatException: Cannot parse null string
	at java.base/java.lang.Long.parseLong(Long.java:672) ~[na:na]
	at java.base/java.lang.Long.valueOf(Long.java:1157) ~[na:na]
	at com.hmall.common.interceptors.UserInfoInterceptor.preHandle(UserInfoInterceptor.java:14) ~[classes/:na]
	at org.springframework.web.servlet.HandlerExecutionChain.applyPreHandle(HandlerExecutionChain.java:146) ~[spring-webmvc-6.2.19.jar:6.2.19]
	at org.springframework.web.servlet.DispatcherServlet.doDispatch(DispatcherServlet.java:1084) ~[spring-webmvc-6.2.19.jar:6.2.19]
	at org.springframework.web.servlet.DispatcherServlet.doService(DispatcherServlet.java:979) ~[spring-webmvc-6.2.19.jar:6.2.19]
	at org.springframework.web.servlet.FrameworkServlet.processRequest(FrameworkServlet.java:1014) ~[spring-webmvc-6.2.19.jar:6.2.19]
	... 36 common frames omitted

00:37:29:586 ERROR 23608 --- [user-service] [http-nio-9005-exec-6] o.a.c.c.C.[.[.[/].[dispatcherServlet]    : Servlet.service() for servlet [dispatcherServlet] in context with path [] threw exception [Request processing failed: java.lang.NumberFormatException: Cannot parse null string] with root cause

java.lang.NumberFormatException: Cannot parse null string
	at java.base/java.lang.Long.parseLong(Long.java:672) ~[na:na]
	at java.base/java.lang.Long.valueOf(Long.java:1157) ~[na:na]
	at com.hmall.common.interceptors.UserInfoInterceptor.preHandle(UserInfoInterceptor.java:14) ~[classes/:na]
	at org.springframework.web.servlet.HandlerExecutionChain.applyPreHandle(HandlerExecutionChain.java:146) ~[spring-webmvc-6.2.19.jar:6.2.19]
	at org.springframework.web.servlet.DispatcherServlet.doDispatch(DispatcherServlet.java:1084) ~[spring-webmvc-6.2.19.jar:6.2.19]
	at org.springframework.web.servlet.DispatcherServlet.doService(DispatcherServlet.java:979) ~[spring-webmvc-6.2.19.jar:6.2.19]
	at org.springframework.web.servlet.FrameworkServlet.processRequest(FrameworkServlet.java:1014) ~[spring-webmvc-6.2.19.jar:6.2.19]
	at org.springframework.web.servlet.FrameworkServlet.doPost(FrameworkServlet.java:914) ~[spring-webmvc-6.2.19.jar:6.2.19]
	at jakarta.servlet.http.HttpServlet.service(HttpServlet.java:590) ~[tomcat-embed-core-10.1.55.jar:6.0]
	at org.springframework.web.servlet.FrameworkServlet.service(FrameworkServlet.java:885) ~[spring-webmvc-6.2.19.jar:6.2.19]
	at jakarta.servlet.http.HttpServlet.service(HttpServlet.java:658) ~[tomcat-embed-core-10.1.55.jar:6.0]
	at org.apache.catalina.core.ApplicationFilterChain.internalDoFilter(ApplicationFilterChain.java:193) ~[tomcat-embed-core-10.1.55.jar:10.1.55]
	at org.apache.catalina.core.ApplicationFilterChain.doFilter(ApplicationFilterChain.java:138) ~[tomcat-embed-core-10.1.55.jar:10.1.55]
	at org.apache.tomcat.websocket.server.WsFilter.doFilter(WsFilter.java:51) ~[tomcat-embed-websocket-10.1.55.jar:10.1.55]
	at org.apache.catalina.core.ApplicationFilterChain.internalDoFilter(ApplicationFilterChain.java:162) ~[tomcat-embed-core-10.1.55.jar:10.1.55]
	at org.apache.catalina.core.ApplicationFilterChain.doFilter(ApplicationFilterChain.java:138) ~[tomcat-embed-core-10.1.55.jar:10.1.55]
	at org.springframework.web.filter.RequestContextFilter.doFilterInternal(RequestContextFilter.java:100) ~[spring-web-6.2.19.jar:6.2.19]
	at org.springframework.web.filter.OncePerRequestFilter.doFilter(OncePerRequestFilter.java:116) ~[spring-web-6.2.19.jar:6.2.19]
	at org.apache.catalina.core.ApplicationFilterChain.internalDoFilter(ApplicationFilterChain.java:162) ~[tomcat-embed-core-10.1.55.jar:10.1.55]
	at org.apache.catalina.core.ApplicationFilterChain.doFilter(ApplicationFilterChain.java:138) ~[tomcat-embed-core-10.1.55.jar:10.1.55]
	at org.springframework.web.filter.FormContentFilter.doFilterInternal(FormContentFilter.java:93) ~[spring-web-6.2.19.jar:6.2.19]
	at org.springframework.web.filter.OncePerRequestFilter.doFilter(OncePerRequestFilter.java:116) ~[spring-web-6.2.19.jar:6.2.19]
	at org.apache.catalina.core.ApplicationFilterChain.internalDoFilter(ApplicationFilterChain.java:162) ~[tomcat-embed-core-10.1.55.jar:10.1.55]
	at org.apache.catalina.core.ApplicationFilterChain.doFilter(ApplicationFilterChain.java:138) ~[tomcat-embed-core-10.1.55.jar:10.1.55]
	at org.springframework.web.filter.CharacterEncodingFilter.doFilterInternal(CharacterEncodingFilter.java:201) ~[spring-web-6.2.19.jar:6.2.19]
	at org.springframework.web.filter.OncePerRequestFilter.doFilter(OncePerRequestFilter.java:116) ~[spring-web-6.2.19.jar:6.2.19]
	at org.apache.catalina.core.ApplicationFilterChain.internalDoFilter(ApplicationFilterChain.java:162) ~[tomcat-embed-core-10.1.55.jar:10.1.55]
	at org.apache.catalina.core.ApplicationFilterChain.doFilter(ApplicationFilterChain.java:138) ~[tomcat-embed-core-10.1.55.jar:10.1.55]
	at org.apache.catalina.core.StandardWrapperValve.invoke(StandardWrapperValve.java:165) ~[tomcat-embed-core-10.1.55.jar:10.1.55]
	at org.apache.catalina.core.StandardContextValve.invoke(StandardContextValve.java:88) ~[tomcat-embed-core-10.1.55.jar:10.1.55]
	at org.apache.catalina.authenticator.AuthenticatorBase.invoke(AuthenticatorBase.java:492) ~[tomcat-embed-core-10.1.55.jar:10.1.55]
	at org.apache.catalina.core.StandardHostValve.invoke(StandardHostValve.java:113) ~[tomcat-embed-core-10.1.55.jar:10.1.55]
	at org.apache.catalina.valves.ErrorReportValve.invoke(ErrorReportValve.java:83) ~[tomcat-embed-core-10.1.55.jar:10.1.55]
	at org.apache.catalina.core.StandardEngineValve.invoke(StandardEngineValve.java:72) ~[tomcat-embed-core-10.1.55.jar:10.1.55]
	at org.apache.catalina.connector.CoyoteAdapter.service(CoyoteAdapter.java:342) ~[tomcat-embed-core-10.1.55.jar:10.1.55]
	at org.apache.coyote.http11.Http11Processor.service(Http11Processor.java:399) ~[tomcat-embed-core-10.1.55.jar:10.1.55]
	at org.apache.coyote.AbstractProcessorLight.process(AbstractProcessorLight.java:63) ~[tomcat-embed-core-10.1.55.jar:10.1.55]
	at org.apache.coyote.AbstractProtocol$ConnectionHandler.process(AbstractProtocol.java:1272) ~[tomcat-embed-core-10.1.55.jar:10.1.55]
	at org.apache.tomcat.util.net.NioEndpoint$SocketProcessor.doRun(NioEndpoint.java:1797) ~[tomcat-embed-core-10.1.55.jar:10.1.55]
	at org.apache.tomcat.util.net.SocketProcessorBase.run(SocketProcessorBase.java:52) ~[tomcat-embed-core-10.1.55.jar:10.1.55]
	at org.apache.tomcat.util.threads.ThreadPoolExecutor.runWorker(ThreadPoolExecutor.java:973) ~[tomcat-embed-core-10.1.55.jar:10.1.55]
	at org.apache.tomcat.util.threads.ThreadPoolExecutor$Worker.run(ThreadPoolExecutor.java:491) ~[tomcat-embed-core-10.1.55.jar:10.1.55]
	at org.apache.tomcat.util.threads.TaskThread$WrappingRunnable.run(TaskThread.java:63) ~[tomcat-embed-core-10.1.55.jar:10.1.55]
	at java.base/java.lang.Thread.run(Thread.java:1583) ~[na:na]

00:37:29:587 ERROR 23608 --- [user-service] [http-nio-9005-exec-6] o.a.c.c.C.[.[.[/].[dispatcherServlet]    : Servlet.service() for servlet [dispatcherServlet] threw exception

java.lang.NumberFormatException: Cannot parse null string
	at java.base/java.lang.Long.parseLong(Long.java:672) ~[na:na]
	at java.base/java.lang.Long.valueOf(Long.java:1157) ~[na:na]
	at com.hmall.common.interceptors.UserInfoInterceptor.preHandle(UserInfoInterceptor.java:14) ~[classes/:na]
	at org.springframework.web.servlet.HandlerExecutionChain.applyPreHandle(HandlerExecutionChain.java:146) ~[spring-webmvc-6.2.19.jar:6.2.19]
	at org.springframework.web.servlet.DispatcherServlet.doDispatch(DispatcherServlet.java:1084) ~[spring-webmvc-6.2.19.jar:6.2.19]
	at org.springframework.web.servlet.DispatcherServlet.doService(DispatcherServlet.java:979) ~[spring-webmvc-6.2.19.jar:6.2.19]
	at org.springframework.web.servlet.FrameworkServlet.processRequest(FrameworkServlet.java:1014) ~[spring-webmvc-6.2.19.jar:6.2.19]
	at org.springframework.web.servlet.FrameworkServlet.doPost(FrameworkServlet.java:914) ~[spring-webmvc-6.2.19.jar:6.2.19]
	at jakarta.servlet.http.HttpServlet.service(HttpServlet.java:590) ~[tomcat-embed-core-10.1.55.jar:6.0]
	at org.springframework.web.servlet.FrameworkServlet.service(FrameworkServlet.java:885) ~[spring-webmvc-6.2.19.jar:6.2.19]
	at jakarta.servlet.http.HttpServlet.service(HttpServlet.java:658) ~[tomcat-embed-core-10.1.55.jar:6.0]
	at org.apache.catalina.core.ApplicationFilterChain.internalDoFilter(ApplicationFilterChain.java:193) ~[tomcat-embed-core-10.1.55.jar:10.1.55]
	at org.apache.catalina.core.ApplicationFilterChain.doFilter(ApplicationFilterChain.java:138) ~[tomcat-embed-core-10.1.55.jar:10.1.55]
	at org.springframework.web.filter.RequestContextFilter.doFilterInternal(RequestContextFilter.java:100) ~[spring-web-6.2.19.jar:6.2.19]
	at org.springframework.web.filter.OncePerRequestFilter.doFilter(OncePerRequestFilter.java:116) ~[spring-web-6.2.19.jar:6.2.19]
	at org.apache.catalina.core.ApplicationFilterChain.internalDoFilter(ApplicationFilterChain.java:162) ~[tomcat-embed-core-10.1.55.jar:10.1.55]
	at org.apache.catalina.core.ApplicationFilterChain.doFilter(ApplicationFilterChain.java:138) ~[tomcat-embed-core-10.1.55.jar:10.1.55]
	at org.springframework.web.filter.OncePerRequestFilter.doFilter(OncePerRequestFilter.java:101) ~[spring-web-6.2.19.jar:6.2.19]
	at org.apache.catalina.core.ApplicationFilterChain.internalDoFilter(ApplicationFilterChain.java:162) ~[tomcat-embed-core-10.1.55.jar:10.1.55]
	at org.apache.catalina.core.ApplicationFilterChain.doFilter(ApplicationFilterChain.java:138) ~[tomcat-embed-core-10.1.55.jar:10.1.55]
	at org.springframework.web.filter.OncePerRequestFilter.doFilter(OncePerRequestFilter.java:101) ~[spring-web-6.2.19.jar:6.2.19]
	at org.apache.catalina.core.ApplicationFilterChain.internalDoFilter(ApplicationFilterChain.java:162) ~[tomcat-embed-core-10.1.55.jar:10.1.55]
	at org.apache.catalina.core.ApplicationFilterChain.doFilter(ApplicationFilterChain.java:138) ~[tomcat-embed-core-10.1.55.jar:10.1.55]
	at org.apache.catalina.core.ApplicationDispatcher.invoke(ApplicationDispatcher.java:610) ~[tomcat-embed-core-10.1.55.jar:10.1.55]
	at org.apache.catalina.core.ApplicationDispatcher.processRequest(ApplicationDispatcher.java:394) ~[tomcat-embed-core-10.1.55.jar:10.1.55]
	at org.apache.catalina.core.ApplicationDispatcher.doForward(ApplicationDispatcher.java:321) ~[tomcat-embed-core-10.1.55.jar:10.1.55]
	at org.apache.catalina.core.ApplicationDispatcher.forward(ApplicationDispatcher.java:266) ~[tomcat-embed-core-10.1.55.jar:10.1.55]
	at org.apache.catalina.core.StandardHostValve.custom(StandardHostValve.java:374) ~[tomcat-embed-core-10.1.55.jar:10.1.55]
	at org.apache.catalina.core.StandardHostValve.status(StandardHostValve.java:206) ~[tomcat-embed-core-10.1.55.jar:10.1.55]
	at org.apache.catalina.core.StandardHostValve.throwable(StandardHostValve.java:283) ~[tomcat-embed-core-10.1.55.jar:10.1.55]
	at org.apache.catalina.core.StandardHostValve.invoke(StandardHostValve.java:147) ~[tomcat-embed-core-10.1.55.jar:10.1.55]
	at org.apache.catalina.valves.ErrorReportValve.invoke(ErrorReportValve.java:83) ~[tomcat-embed-core-10.1.55.jar:10.1.55]
	at org.apache.catalina.core.StandardEngineValve.invoke(StandardEngineValve.java:72) ~[tomcat-embed-core-10.1.55.jar:10.1.55]
	at org.apache.catalina.connector.CoyoteAdapter.service(CoyoteAdapter.java:342) ~[tomcat-embed-core-10.1.55.jar:10.1.55]
	at org.apache.coyote.http11.Http11Processor.service(Http11Processor.java:399) ~[tomcat-embed-core-10.1.55.jar:10.1.55]
	at org.apache.coyote.AbstractProcessorLight.process(AbstractProcessorLight.java:63) ~[tomcat-embed-core-10.1.55.jar:10.1.55]
	at org.apache.coyote.AbstractProtocol$ConnectionHandler.process(AbstractProtocol.java:1272) ~[tomcat-embed-core-10.1.55.jar:10.1.55]
	at org.apache.tomcat.util.net.NioEndpoint$SocketProcessor.doRun(NioEndpoint.java:1797) ~[tomcat-embed-core-10.1.55.jar:10.1.55]
	at org.apache.tomcat.util.net.SocketProcessorBase.run(SocketProcessorBase.java:52) ~[tomcat-embed-core-10.1.55.jar:10.1.55]
	at org.apache.tomcat.util.threads.ThreadPoolExecutor.runWorker(ThreadPoolExecutor.java:973) ~[tomcat-embed-core-10.1.55.jar:10.1.55]
	at org.apache.tomcat.util.threads.ThreadPoolExecutor$Worker.run(ThreadPoolExecutor.java:491) ~[tomcat-embed-core-10.1.55.jar:10.1.55]
	at org.apache.tomcat.util.threads.TaskThread$WrappingRunnable.run(TaskThread.java:63) ~[tomcat-embed-core-10.1.55.jar:10.1.55]
	at java.base/java.lang.Thread.run(Thread.java:1583) ~[na:na]

00:37:29:588 ERROR 23608 --- [user-service] [http-nio-9005-exec-6] o.a.c.c.C.[Tomcat].[localhost]           : Exception Processing [ErrorPage[errorCode=0, location=/error]]

jakarta.servlet.ServletException: Request processing failed: java.lang.NumberFormatException: Cannot parse null string
	at org.springframework.web.servlet.FrameworkServlet.processRequest(FrameworkServlet.java:1022) ~[spring-webmvc-6.2.19.jar:6.2.19]
	at org.springframework.web.servlet.FrameworkServlet.doPost(FrameworkServlet.java:914) ~[spring-webmvc-6.2.19.jar:6.2.19]
	at jakarta.servlet.http.HttpServlet.service(HttpServlet.java:590) ~[tomcat-embed-core-10.1.55.jar:6.0]
	at org.springframework.web.servlet.FrameworkServlet.service(FrameworkServlet.java:885) ~[spring-webmvc-6.2.19.jar:6.2.19]
	at jakarta.servlet.http.HttpServlet.service(HttpServlet.java:658) ~[tomcat-embed-core-10.1.55.jar:6.0]
	at org.apache.catalina.core.ApplicationFilterChain.internalDoFilter(ApplicationFilterChain.java:193) ~[tomcat-embed-core-10.1.55.jar:10.1.55]
	at org.apache.catalina.core.ApplicationFilterChain.doFilter(ApplicationFilterChain.java:138) ~[tomcat-embed-core-10.1.55.jar:10.1.55]
	at org.springframework.web.filter.RequestContextFilter.doFilterInternal(RequestContextFilter.java:100) ~[spring-web-6.2.19.jar:6.2.19]
	at org.springframework.web.filter.OncePerRequestFilter.doFilter(OncePerRequestFilter.java:116) ~[spring-web-6.2.19.jar:6.2.19]
	at org.apache.catalina.core.ApplicationFilterChain.internalDoFilter(ApplicationFilterChain.java:162) ~[tomcat-embed-core-10.1.55.jar:10.1.55]
	at org.apache.catalina.core.ApplicationFilterChain.doFilter(ApplicationFilterChain.java:138) ~[tomcat-embed-core-10.1.55.jar:10.1.55]
	at org.springframework.web.filter.OncePerRequestFilter.doFilter(OncePerRequestFilter.java:101) ~[spring-web-6.2.19.jar:6.2.19]
	at org.apache.catalina.core.ApplicationFilterChain.internalDoFilter(ApplicationFilterChain.java:162) ~[tomcat-embed-core-10.1.55.jar:10.1.55]
	at org.apache.catalina.core.ApplicationFilterChain.doFilter(ApplicationFilterChain.java:138) ~[tomcat-embed-core-10.1.55.jar:10.1.55]
	at org.springframework.web.filter.OncePerRequestFilter.doFilter(OncePerRequestFilter.java:101) ~[spring-web-6.2.19.jar:6.2.19]
	at org.apache.catalina.core.ApplicationFilterChain.internalDoFilter(ApplicationFilterChain.java:162) ~[tomcat-embed-core-10.1.55.jar:10.1.55]
	at org.apache.catalina.core.ApplicationFilterChain.doFilter(ApplicationFilterChain.java:138) ~[tomcat-embed-core-10.1.55.jar:10.1.55]
	at org.apache.catalina.core.ApplicationDispatcher.invoke(ApplicationDispatcher.java:610) ~[tomcat-embed-core-10.1.55.jar:10.1.55]
	at org.apache.catalina.core.ApplicationDispatcher.processRequest(ApplicationDispatcher.java:394) ~[tomcat-embed-core-10.1.55.jar:10.1.55]
	at org.apache.catalina.core.ApplicationDispatcher.doForward(ApplicationDispatcher.java:321) ~[tomcat-embed-core-10.1.55.jar:10.1.55]
	at org.apache.catalina.core.ApplicationDispatcher.forward(ApplicationDispatcher.java:266) ~[tomcat-embed-core-10.1.55.jar:10.1.55]
	at org.apache.catalina.core.StandardHostValve.custom(StandardHostValve.java:374) ~[tomcat-embed-core-10.1.55.jar:10.1.55]
	at org.apache.catalina.core.StandardHostValve.status(StandardHostValve.java:206) ~[tomcat-embed-core-10.1.55.jar:10.1.55]
	at org.apache.catalina.core.StandardHostValve.throwable(StandardHostValve.java:283) ~[tomcat-embed-core-10.1.55.jar:10.1.55]
	at org.apache.catalina.core.StandardHostValve.invoke(StandardHostValve.java:147) ~[tomcat-embed-core-10.1.55.jar:10.1.55]
	at org.apache.catalina.valves.ErrorReportValve.invoke(ErrorReportValve.java:83) ~[tomcat-embed-core-10.1.55.jar:10.1.55]
	at org.apache.catalina.core.StandardEngineValve.invoke(StandardEngineValve.java:72) ~[tomcat-embed-core-10.1.55.jar:10.1.55]
	at org.apache.catalina.connector.CoyoteAdapter.service(CoyoteAdapter.java:342) ~[tomcat-embed-core-10.1.55.jar:10.1.55]
	at org.apache.coyote.http11.Http11Processor.service(Http11Processor.java:399) ~[tomcat-embed-core-10.1.55.jar:10.1.55]
	at org.apache.coyote.AbstractProcessorLight.process(AbstractProcessorLight.java:63) ~[tomcat-embed-core-10.1.55.jar:10.1.55]
	at org.apache.coyote.AbstractProtocol$ConnectionHandler.process(AbstractProtocol.java:1272) ~[tomcat-embed-core-10.1.55.jar:10.1.55]
	at org.apache.tomcat.util.net.NioEndpoint$SocketProcessor.doRun(NioEndpoint.java:1797) ~[tomcat-embed-core-10.1.55.jar:10.1.55]
	at org.apache.tomcat.util.net.SocketProcessorBase.run(SocketProcessorBase.java:52) ~[tomcat-embed-core-10.1.55.jar:10.1.55]
	at org.apache.tomcat.util.threads.ThreadPoolExecutor.runWorker(ThreadPoolExecutor.java:973) ~[tomcat-embed-core-10.1.55.jar:10.1.55]
	at org.apache.tomcat.util.threads.ThreadPoolExecutor$Worker.run(ThreadPoolExecutor.java:491) ~[tomcat-embed-core-10.1.55.jar:10.1.55]
	at org.apache.tomcat.util.threads.TaskThread$WrappingRunnable.run(TaskThread.java:63) ~[tomcat-embed-core-10.1.55.jar:10.1.55]
	at java.base/java.lang.Thread.run(Thread.java:1583) ~[na:na]
Caused by: java.lang.NumberFormatException: Cannot parse null string
	at java.base/java.lang.Long.parseLong(Long.java:672) ~[na:na]
	at java.base/java.lang.Long.valueOf(Long.java:1157) ~[na:na]
	at com.hmall.common.interceptors.UserInfoInterceptor.preHandle(UserInfoInterceptor.java:14) ~[classes/:na]
	at org.springframework.web.servlet.HandlerExecutionChain.applyPreHandle(HandlerExecutionChain.java:146) ~[spring-webmvc-6.2.19.jar:6.2.19]
	at org.springframework.web.servlet.DispatcherServlet.doDispatch(DispatcherServlet.java:1084) ~[spring-webmvc-6.2.19.jar:6.2.19]
	at org.springframework.web.servlet.DispatcherServlet.doService(DispatcherServlet.java:979) ~[spring-webmvc-6.2.19.jar:6.2.19]
	at org.springframework.web.servlet.FrameworkServlet.processRequest(FrameworkServlet.java:1014) ~[spring-webmvc-6.2.19.jar:6.2.19]
	... 36 common frames omitted

00:37:43:114 ERROR 23608 --- [user-service] [http-nio-9005-exec-7] o.a.c.c.C.[.[.[/].[dispatcherServlet]    : Servlet.service() for servlet [dispatcherServlet] in context with path [] threw exception [Request processing failed: java.lang.NumberFormatException: Cannot parse null string] with root cause

java.lang.NumberFormatException: Cannot parse null string
	at java.base/java.lang.Long.parseLong(Long.java:672) ~[na:na]
	at java.base/java.lang.Long.valueOf(Long.java:1157) ~[na:na]
	at com.hmall.common.interceptors.UserInfoInterceptor.preHandle(UserInfoInterceptor.java:14) ~[classes/:na]
	at org.springframework.web.servlet.HandlerExecutionChain.applyPreHandle(HandlerExecutionChain.java:146) ~[spring-webmvc-6.2.19.jar:6.2.19]
	at org.springframework.web.servlet.DispatcherServlet.doDispatch(DispatcherServlet.java:1084) ~[spring-webmvc-6.2.19.jar:6.2.19]
	at org.springframework.web.servlet.DispatcherServlet.doService(DispatcherServlet.java:979) ~[spring-webmvc-6.2.19.jar:6.2.19]
	at org.springframework.web.servlet.FrameworkServlet.processRequest(FrameworkServlet.java:1014) ~[spring-webmvc-6.2.19.jar:6.2.19]
	at org.springframework.web.servlet.FrameworkServlet.doPost(FrameworkServlet.java:914) ~[spring-webmvc-6.2.19.jar:6.2.19]
	at jakarta.servlet.http.HttpServlet.service(HttpServlet.java:590) ~[tomcat-embed-core-10.1.55.jar:6.0]
	at org.springframework.web.servlet.FrameworkServlet.service(FrameworkServlet.java:885) ~[spring-webmvc-6.2.19.jar:6.2.19]
	at jakarta.servlet.http.HttpServlet.service(HttpServlet.java:658) ~[tomcat-embed-core-10.1.55.jar:6.0]
	at org.apache.catalina.core.ApplicationFilterChain.internalDoFilter(ApplicationFilterChain.java:193) ~[tomcat-embed-core-10.1.55.jar:10.1.55]
	at org.apache.catalina.core.ApplicationFilterChain.doFilter(ApplicationFilterChain.java:138) ~[tomcat-embed-core-10.1.55.jar:10.1.55]
	at org.apache.tomcat.websocket.server.WsFilter.doFilter(WsFilter.java:51) ~[tomcat-embed-websocket-10.1.55.jar:10.1.55]
	at org.apache.catalina.core.ApplicationFilterChain.internalDoFilter(ApplicationFilterChain.java:162) ~[tomcat-embed-core-10.1.55.jar:10.1.55]
	at org.apache.catalina.core.ApplicationFilterChain.doFilter(ApplicationFilterChain.java:138) ~[tomcat-embed-core-10.1.55.jar:10.1.55]
	at org.springframework.web.filter.RequestContextFilter.doFilterInternal(RequestContextFilter.java:100) ~[spring-web-6.2.19.jar:6.2.19]
	at org.springframework.web.filter.OncePerRequestFilter.doFilter(OncePerRequestFilter.java:116) ~[spring-web-6.2.19.jar:6.2.19]
	at org.apache.catalina.core.ApplicationFilterChain.internalDoFilter(ApplicationFilterChain.java:162) ~[tomcat-embed-core-10.1.55.jar:10.1.55]
	at org.apache.catalina.core.ApplicationFilterChain.doFilter(ApplicationFilterChain.java:138) ~[tomcat-embed-core-10.1.55.jar:10.1.55]
	at org.springframework.web.filter.FormContentFilter.doFilterInternal(FormContentFilter.java:93) ~[spring-web-6.2.19.jar:6.2.19]
	at org.springframework.web.filter.OncePerRequestFilter.doFilter(OncePerRequestFilter.java:116) ~[spring-web-6.2.19.jar:6.2.19]
	at org.apache.catalina.core.ApplicationFilterChain.internalDoFilter(ApplicationFilterChain.java:162) ~[tomcat-embed-core-10.1.55.jar:10.1.55]
	at org.apache.catalina.core.ApplicationFilterChain.doFilter(ApplicationFilterChain.java:138) ~[tomcat-embed-core-10.1.55.jar:10.1.55]
	at org.springframework.web.filter.CharacterEncodingFilter.doFilterInternal(CharacterEncodingFilter.java:201) ~[spring-web-6.2.19.jar:6.2.19]
	at org.springframework.web.filter.OncePerRequestFilter.doFilter(OncePerRequestFilter.java:116) ~[spring-web-6.2.19.jar:6.2.19]
	at org.apache.catalina.core.ApplicationFilterChain.internalDoFilter(ApplicationFilterChain.java:162) ~[tomcat-embed-core-10.1.55.jar:10.1.55]
	at org.apache.catalina.core.ApplicationFilterChain.doFilter(ApplicationFilterChain.java:138) ~[tomcat-embed-core-10.1.55.jar:10.1.55]
	at org.apache.catalina.core.StandardWrapperValve.invoke(StandardWrapperValve.java:165) ~[tomcat-embed-core-10.1.55.jar:10.1.55]
	at org.apache.catalina.core.StandardContextValve.invoke(StandardContextValve.java:88) ~[tomcat-embed-core-10.1.55.jar:10.1.55]
	at org.apache.catalina.authenticator.AuthenticatorBase.invoke(AuthenticatorBase.java:492) ~[tomcat-embed-core-10.1.55.jar:10.1.55]
	at org.apache.catalina.core.StandardHostValve.invoke(StandardHostValve.java:113) ~[tomcat-embed-core-10.1.55.jar:10.1.55]
	at org.apache.catalina.valves.ErrorReportValve.invoke(ErrorReportValve.java:83) ~[tomcat-embed-core-10.1.55.jar:10.1.55]
	at org.apache.catalina.core.StandardEngineValve.invoke(StandardEngineValve.java:72) ~[tomcat-embed-core-10.1.55.jar:10.1.55]
	at org.apache.catalina.connector.CoyoteAdapter.service(CoyoteAdapter.java:342) ~[tomcat-embed-core-10.1.55.jar:10.1.55]
	at org.apache.coyote.http11.Http11Processor.service(Http11Processor.java:399) ~[tomcat-embed-core-10.1.55.jar:10.1.55]
	at org.apache.coyote.AbstractProcessorLight.process(AbstractProcessorLight.java:63) ~[tomcat-embed-core-10.1.55.jar:10.1.55]
	at org.apache.coyote.AbstractProtocol$ConnectionHandler.process(AbstractProtocol.java:1272) ~[tomcat-embed-core-10.1.55.jar:10.1.55]
	at org.apache.tomcat.util.net.NioEndpoint$SocketProcessor.doRun(NioEndpoint.java:1797) ~[tomcat-embed-core-10.1.55.jar:10.1.55]
	at org.apache.tomcat.util.net.SocketProcessorBase.run(SocketProcessorBase.java:52) ~[tomcat-embed-core-10.1.55.jar:10.1.55]
	at org.apache.tomcat.util.threads.ThreadPoolExecutor.runWorker(ThreadPoolExecutor.java:973) ~[tomcat-embed-core-10.1.55.jar:10.1.55]
	at org.apache.tomcat.util.threads.ThreadPoolExecutor$Worker.run(ThreadPoolExecutor.java:491) ~[tomcat-embed-core-10.1.55.jar:10.1.55]
	at org.apache.tomcat.util.threads.TaskThread$WrappingRunnable.run(TaskThread.java:63) ~[tomcat-embed-core-10.1.55.jar:10.1.55]
	at java.base/java.lang.Thread.run(Thread.java:1583) ~[na:na]

00:37:43:116 ERROR 23608 --- [user-service] [http-nio-9005-exec-7] o.a.c.c.C.[.[.[/].[dispatcherServlet]    : Servlet.service() for servlet [dispatcherServlet] threw exception

java.lang.NumberFormatException: Cannot parse null string
	at java.base/java.lang.Long.parseLong(Long.java:672) ~[na:na]
	at java.base/java.lang.Long.valueOf(Long.java:1157) ~[na:na]
	at com.hmall.common.interceptors.UserInfoInterceptor.preHandle(UserInfoInterceptor.java:14) ~[classes/:na]
	at org.springframework.web.servlet.HandlerExecutionChain.applyPreHandle(HandlerExecutionChain.java:146) ~[spring-webmvc-6.2.19.jar:6.2.19]
	at org.springframework.web.servlet.DispatcherServlet.doDispatch(DispatcherServlet.java:1084) ~[spring-webmvc-6.2.19.jar:6.2.19]
	at org.springframework.web.servlet.DispatcherServlet.doService(DispatcherServlet.java:979) ~[spring-webmvc-6.2.19.jar:6.2.19]
	at org.springframework.web.servlet.FrameworkServlet.processRequest(FrameworkServlet.java:1014) ~[spring-webmvc-6.2.19.jar:6.2.19]
	at org.springframework.web.servlet.FrameworkServlet.doPost(FrameworkServlet.java:914) ~[spring-webmvc-6.2.19.jar:6.2.19]
	at jakarta.servlet.http.HttpServlet.service(HttpServlet.java:590) ~[tomcat-embed-core-10.1.55.jar:6.0]
	at org.springframework.web.servlet.FrameworkServlet.service(FrameworkServlet.java:885) ~[spring-webmvc-6.2.19.jar:6.2.19]
	at jakarta.servlet.http.HttpServlet.service(HttpServlet.java:658) ~[tomcat-embed-core-10.1.55.jar:6.0]
	at org.apache.catalina.core.ApplicationFilterChain.internalDoFilter(ApplicationFilterChain.java:193) ~[tomcat-embed-core-10.1.55.jar:10.1.55]
	at org.apache.catalina.core.ApplicationFilterChain.doFilter(ApplicationFilterChain.java:138) ~[tomcat-embed-core-10.1.55.jar:10.1.55]
	at org.springframework.web.filter.RequestContextFilter.doFilterInternal(RequestContextFilter.java:100) ~[spring-web-6.2.19.jar:6.2.19]
	at org.springframework.web.filter.OncePerRequestFilter.doFilter(OncePerRequestFilter.java:116) ~[spring-web-6.2.19.jar:6.2.19]
	at org.apache.catalina.core.ApplicationFilterChain.internalDoFilter(ApplicationFilterChain.java:162) ~[tomcat-embed-core-10.1.55.jar:10.1.55]
	at org.apache.catalina.core.ApplicationFilterChain.doFilter(ApplicationFilterChain.java:138) ~[tomcat-embed-core-10.1.55.jar:10.1.55]
	at org.springframework.web.filter.OncePerRequestFilter.doFilter(OncePerRequestFilter.java:101) ~[spring-web-6.2.19.jar:6.2.19]
	at org.apache.catalina.core.ApplicationFilterChain.internalDoFilter(ApplicationFilterChain.java:162) ~[tomcat-embed-core-10.1.55.jar:10.1.55]
	at org.apache.catalina.core.ApplicationFilterChain.doFilter(ApplicationFilterChain.java:138) ~[tomcat-embed-core-10.1.55.jar:10.1.55]
	at org.springframework.web.filter.OncePerRequestFilter.doFilter(OncePerRequestFilter.java:101) ~[spring-web-6.2.19.jar:6.2.19]
	at org.apache.catalina.core.ApplicationFilterChain.internalDoFilter(ApplicationFilterChain.java:162) ~[tomcat-embed-core-10.1.55.jar:10.1.55]
	at org.apache.catalina.core.ApplicationFilterChain.doFilter(ApplicationFilterChain.java:138) ~[tomcat-embed-core-10.1.55.jar:10.1.55]
	at org.apache.catalina.core.ApplicationDispatcher.invoke(ApplicationDispatcher.java:610) ~[tomcat-embed-core-10.1.55.jar:10.1.55]
	at org.apache.catalina.core.ApplicationDispatcher.processRequest(ApplicationDispatcher.java:394) ~[tomcat-embed-core-10.1.55.jar:10.1.55]
	at org.apache.catalina.core.ApplicationDispatcher.doForward(ApplicationDispatcher.java:321) ~[tomcat-embed-core-10.1.55.jar:10.1.55]
	at org.apache.catalina.core.ApplicationDispatcher.forward(ApplicationDispatcher.java:266) ~[tomcat-embed-core-10.1.55.jar:10.1.55]
	at org.apache.catalina.core.StandardHostValve.custom(StandardHostValve.java:374) ~[tomcat-embed-core-10.1.55.jar:10.1.55]
	at org.apache.catalina.core.StandardHostValve.status(StandardHostValve.java:206) ~[tomcat-embed-core-10.1.55.jar:10.1.55]
	at org.apache.catalina.core.StandardHostValve.throwable(StandardHostValve.java:283) ~[tomcat-embed-core-10.1.55.jar:10.1.55]
	at org.apache.catalina.core.StandardHostValve.invoke(StandardHostValve.java:147) ~[tomcat-embed-core-10.1.55.jar:10.1.55]
	at org.apache.catalina.valves.ErrorReportValve.invoke(ErrorReportValve.java:83) ~[tomcat-embed-core-10.1.55.jar:10.1.55]
	at org.apache.catalina.core.StandardEngineValve.invoke(StandardEngineValve.java:72) ~[tomcat-embed-core-10.1.55.jar:10.1.55]
	at org.apache.catalina.connector.CoyoteAdapter.service(CoyoteAdapter.java:342) ~[tomcat-embed-core-10.1.55.jar:10.1.55]
	at org.apache.coyote.http11.Http11Processor.service(Http11Processor.java:399) ~[tomcat-embed-core-10.1.55.jar:10.1.55]
	at org.apache.coyote.AbstractProcessorLight.process(AbstractProcessorLight.java:63) ~[tomcat-embed-core-10.1.55.jar:10.1.55]
	at org.apache.coyote.AbstractProtocol$ConnectionHandler.process(AbstractProtocol.java:1272) ~[tomcat-embed-core-10.1.55.jar:10.1.55]
	at org.apache.tomcat.util.net.NioEndpoint$SocketProcessor.doRun(NioEndpoint.java:1797) ~[tomcat-embed-core-10.1.55.jar:10.1.55]
	at org.apache.tomcat.util.net.SocketProcessorBase.run(SocketProcessorBase.java:52) ~[tomcat-embed-core-10.1.55.jar:10.1.55]
	at org.apache.tomcat.util.threads.ThreadPoolExecutor.runWorker(ThreadPoolExecutor.java:973) ~[tomcat-embed-core-10.1.55.jar:10.1.55]
	at org.apache.tomcat.util.threads.ThreadPoolExecutor$Worker.run(ThreadPoolExecutor.java:491) ~[tomcat-embed-core-10.1.55.jar:10.1.55]
	at org.apache.tomcat.util.threads.TaskThread$WrappingRunnable.run(TaskThread.java:63) ~[tomcat-embed-core-10.1.55.jar:10.1.55]
	at java.base/java.lang.Thread.run(Thread.java:1583) ~[na:na]

00:37:43:117 ERROR 23608 --- [user-service] [http-nio-9005-exec-7] o.a.c.c.C.[Tomcat].[localhost]           : Exception Processing [ErrorPage[errorCode=0, location=/error]]

jakarta.servlet.ServletException: Request processing failed: java.lang.NumberFormatException: Cannot parse null string
	at org.springframework.web.servlet.FrameworkServlet.processRequest(FrameworkServlet.java:1022) ~[spring-webmvc-6.2.19.jar:6.2.19]
	at org.springframework.web.servlet.FrameworkServlet.doPost(FrameworkServlet.java:914) ~[spring-webmvc-6.2.19.jar:6.2.19]
	at jakarta.servlet.http.HttpServlet.service(HttpServlet.java:590) ~[tomcat-embed-core-10.1.55.jar:6.0]
	at org.springframework.web.servlet.FrameworkServlet.service(FrameworkServlet.java:885) ~[spring-webmvc-6.2.19.jar:6.2.19]
	at jakarta.servlet.http.HttpServlet.service(HttpServlet.java:658) ~[tomcat-embed-core-10.1.55.jar:6.0]
	at org.apache.catalina.core.ApplicationFilterChain.internalDoFilter(ApplicationFilterChain.java:193) ~[tomcat-embed-core-10.1.55.jar:10.1.55]
	at org.apache.catalina.core.ApplicationFilterChain.doFilter(ApplicationFilterChain.java:138) ~[tomcat-embed-core-10.1.55.jar:10.1.55]
	at org.springframework.web.filter.RequestContextFilter.doFilterInternal(RequestContextFilter.java:100) ~[spring-web-6.2.19.jar:6.2.19]
	at org.springframework.web.filter.OncePerRequestFilter.doFilter(OncePerRequestFilter.java:116) ~[spring-web-6.2.19.jar:6.2.19]
	at org.apache.catalina.core.ApplicationFilterChain.internalDoFilter(ApplicationFilterChain.java:162) ~[tomcat-embed-core-10.1.55.jar:10.1.55]
	at org.apache.catalina.core.ApplicationFilterChain.doFilter(ApplicationFilterChain.java:138) ~[tomcat-embed-core-10.1.55.jar:10.1.55]
	at org.springframework.web.filter.OncePerRequestFilter.doFilter(OncePerRequestFilter.java:101) ~[spring-web-6.2.19.jar:6.2.19]
	at org.apache.catalina.core.ApplicationFilterChain.internalDoFilter(ApplicationFilterChain.java:162) ~[tomcat-embed-core-10.1.55.jar:10.1.55]
	at org.apache.catalina.core.ApplicationFilterChain.doFilter(ApplicationFilterChain.java:138) ~[tomcat-embed-core-10.1.55.jar:10.1.55]
	at org.springframework.web.filter.OncePerRequestFilter.doFilter(OncePerRequestFilter.java:101) ~[spring-web-6.2.19.jar:6.2.19]
	at org.apache.catalina.core.ApplicationFilterChain.internalDoFilter(ApplicationFilterChain.java:162) ~[tomcat-embed-core-10.1.55.jar:10.1.55]
	at org.apache.catalina.core.ApplicationFilterChain.doFilter(ApplicationFilterChain.java:138) ~[tomcat-embed-core-10.1.55.jar:10.1.55]
	at org.apache.catalina.core.ApplicationDispatcher.invoke(ApplicationDispatcher.java:610) ~[tomcat-embed-core-10.1.55.jar:10.1.55]
	at org.apache.catalina.core.ApplicationDispatcher.processRequest(ApplicationDispatcher.java:394) ~[tomcat-embed-core-10.1.55.jar:10.1.55]
	at org.apache.catalina.core.ApplicationDispatcher.doForward(ApplicationDispatcher.java:321) ~[tomcat-embed-core-10.1.55.jar:10.1.55]
	at org.apache.catalina.core.ApplicationDispatcher.forward(ApplicationDispatcher.java:266) ~[tomcat-embed-core-10.1.55.jar:10.1.55]
	at org.apache.catalina.core.StandardHostValve.custom(StandardHostValve.java:374) ~[tomcat-embed-core-10.1.55.jar:10.1.55]
	at org.apache.catalina.core.StandardHostValve.status(StandardHostValve.java:206) ~[tomcat-embed-core-10.1.55.jar:10.1.55]
	at org.apache.catalina.core.StandardHostValve.throwable(StandardHostValve.java:283) ~[tomcat-embed-core-10.1.55.jar:10.1.55]
	at org.apache.catalina.core.StandardHostValve.invoke(StandardHostValve.java:147) ~[tomcat-embed-core-10.1.55.jar:10.1.55]
	at org.apache.catalina.valves.ErrorReportValve.invoke(ErrorReportValve.java:83) ~[tomcat-embed-core-10.1.55.jar:10.1.55]
	at org.apache.catalina.core.StandardEngineValve.invoke(StandardEngineValve.java:72) ~[tomcat-embed-core-10.1.55.jar:10.1.55]
	at org.apache.catalina.connector.CoyoteAdapter.service(CoyoteAdapter.java:342) ~[tomcat-embed-core-10.1.55.jar:10.1.55]
	at org.apache.coyote.http11.Http11Processor.service(Http11Processor.java:399) ~[tomcat-embed-core-10.1.55.jar:10.1.55]
	at org.apache.coyote.AbstractProcessorLight.process(AbstractProcessorLight.java:63) ~[tomcat-embed-core-10.1.55.jar:10.1.55]
	at org.apache.coyote.AbstractProtocol$ConnectionHandler.process(AbstractProtocol.java:1272) ~[tomcat-embed-core-10.1.55.jar:10.1.55]
	at org.apache.tomcat.util.net.NioEndpoint$SocketProcessor.doRun(NioEndpoint.java:1797) ~[tomcat-embed-core-10.1.55.jar:10.1.55]
	at org.apache.tomcat.util.net.SocketProcessorBase.run(SocketProcessorBase.java:52) ~[tomcat-embed-core-10.1.55.jar:10.1.55]
	at org.apache.tomcat.util.threads.ThreadPoolExecutor.runWorker(ThreadPoolExecutor.java:973) ~[tomcat-embed-core-10.1.55.jar:10.1.55]
	at org.apache.tomcat.util.threads.ThreadPoolExecutor$Worker.run(ThreadPoolExecutor.java:491) ~[tomcat-embed-core-10.1.55.jar:10.1.55]
	at org.apache.tomcat.util.threads.TaskThread$WrappingRunnable.run(TaskThread.java:63) ~[tomcat-embed-core-10.1.55.jar:10.1.55]
	at java.base/java.lang.Thread.run(Thread.java:1583) ~[na:na]
Caused by: java.lang.NumberFormatException: Cannot parse null string
	at java.base/java.lang.Long.parseLong(Long.java:672) ~[na:na]
	at java.base/java.lang.Long.valueOf(Long.java:1157) ~[na:na]
	at com.hmall.common.interceptors.UserInfoInterceptor.preHandle(UserInfoInterceptor.java:14) ~[classes/:na]
	at org.springframework.web.servlet.HandlerExecutionChain.applyPreHandle(HandlerExecutionChain.java:146) ~[spring-webmvc-6.2.19.jar:6.2.19]
	at org.springframework.web.servlet.DispatcherServlet.doDispatch(DispatcherServlet.java:1084) ~[spring-webmvc-6.2.19.jar:6.2.19]
	at org.springframework.web.servlet.DispatcherServlet.doService(DispatcherServlet.java:979) ~[spring-webmvc-6.2.19.jar:6.2.19]
	at org.springframework.web.servlet.FrameworkServlet.processRequest(FrameworkServlet.java:1014) ~[spring-webmvc-6.2.19.jar:6.2.19]
	... 36 common frames omitted

00:38:54:590  WARN 23608 --- [user-service] [Thread-16] c.a.nacos.common.notify.NotifyCenter     : [NotifyCenter] Start destroying Publisher
00:38:54:590  WARN 23608 --- [user-service] [Thread-18] c.a.n.common.http.HttpClientBeanHolder   : [HttpClientBeanHolder] Start destroying common HttpClient
00:38:54:590  WARN 23608 --- [user-service] [Thread-2] c.a.n.common.executor.ThreadPoolManager  : [ThreadPoolManager] Start destroying ThreadPool
00:38:54:591  WARN 23608 --- [user-service] [Thread-16] c.a.nacos.common.notify.NotifyCenter     : [NotifyCenter] Destruction of the end
00:38:54:591  WARN 23608 --- [user-service] [Thread-2] c.a.n.common.executor.ThreadPoolManager  : [ThreadPoolManager] Destruction of the end
00:38:54:591  WARN 23608 --- [user-service] [Thread-18] c.a.n.common.http.HttpClientBeanHolder   : [HttpClientBeanHolder] Destruction of the end
00:38:54:592  INFO 23608 --- [user-service] [SpringApplicationShutdownHook] c.a.c.n.registry.NacosServiceRegistry    : De-registering from Nacos Server now...
00:38:54:597  INFO 23608 --- [user-service] [SpringApplicationShutdownHook] c.a.c.n.registry.NacosServiceRegistry    : De-registration finished.
00:38:57:697  INFO 22132 --- [user-service] [main] c.a.nacos.client.logging.NacosLogging    : Nacos Logging Adapter Builder: com.alibaba.nacos.logger.adapter.logback12.LogbackNacosLoggingAdapterBuilder
00:38:57:706  INFO 22132 --- [user-service] [main] c.a.nacos.client.logging.NacosLogging    : Nacos Logging Adapter Builder: com.alibaba.nacos.logger.adapter.logback14.LogbackNacosLoggingAdapterBuilder
00:38:57:707  INFO 22132 --- [user-service] [main] c.a.nacos.client.logging.NacosLogging    : Nacos Logging Adapter: com.alibaba.nacos.logger.adapter.logback14.LogbackNacosLoggingAdapter match ch.qos.logback.classic.Logger success.
00:38:57:715  INFO 22132 --- [user-service] [main] c.a.nacos.client.logging.NacosLogging    : Nacos Logging Adapter Builder: com.alibaba.nacos.logger.adapter.log4j2.Log4j2NacosLoggingAdapterBuilder
00:38:57:964  INFO 22132 --- [user-service] [main] com.george.user.UserApplication          : Starting UserApplication using Java 21.0.11 with PID 22132 (E:\download\SpringCloud\day02-Docker\Source\hmall\hm-user\user-service\target\classes started by lindu in E:\download\SpringCloud\day02-Docker\Source\hmall)
00:38:57:966  INFO 22132 --- [user-service] [main] com.george.user.UserApplication          : The following 1 profile is active: "local"
00:38:58:639  INFO 22132 --- [user-service] [main] .s.d.r.c.RepositoryConfigurationDelegate : Multiple Spring Data modules found, entering strict repository configuration mode
00:38:58:642  INFO 22132 --- [user-service] [main] .s.d.r.c.RepositoryConfigurationDelegate : Bootstrapping Spring Data Redis repositories in DEFAULT mode.
00:38:58:674  INFO 22132 --- [user-service] [main] .s.d.r.c.RepositoryConfigurationDelegate : Finished Spring Data repository scanning in 16 ms. Found 0 Redis repository interfaces.
00:38:58:904  INFO 22132 --- [user-service] [main] o.s.cloud.context.scope.GenericScope     : BeanFactory id=881c053e-64c3-33e6-ab09-129501b2768b
00:38:59:288  INFO 22132 --- [user-service] [main] o.s.b.w.embedded.tomcat.TomcatWebServer  : Tomcat initialized with port 9005 (http)
00:38:59:301  INFO 22132 --- [user-service] [main] o.apache.catalina.core.StandardService   : Starting service [Tomcat]
00:38:59:302  INFO 22132 --- [user-service] [main] o.apache.catalina.core.StandardEngine    : Starting Servlet engine: [Apache Tomcat/10.1.55]
00:38:59:385  INFO 22132 --- [user-service] [main] o.a.c.c.C.[Tomcat].[localhost].[/]       : Initializing Spring embedded WebApplicationContext
00:38:59:385  INFO 22132 --- [user-service] [main] w.s.c.ServletWebServerApplicationContext : Root WebApplicationContext: initialization completed in 1375 ms
00:39:00:218  INFO 22132 --- [user-service] [main] m.e.s.MybatisPlusApplicationContextAware : Register ApplicationContext instances org.springframework.boot.web.servlet.context.AnnotationConfigServletWebServerApplicationContext@72b16078
00:39:00:785  INFO 22132 --- [user-service] [main] o.s.b.w.embedded.tomcat.TomcatWebServer  : Tomcat started on port 9005 (http) with context path '/'
00:39:00:829  INFO 22132 --- [user-service] [main] c.a.n.p.a.s.c.ClientAuthPluginManager    : [ClientAuthPluginManager] Load ClientAuthService com.alibaba.nacos.client.auth.impl.NacosClientAuthServiceImpl success.
00:39:00:829  INFO 22132 --- [user-service] [main] c.a.n.p.a.s.c.ClientAuthPluginManager    : [ClientAuthPluginManager] Load ClientAuthService com.alibaba.nacos.client.auth.ram.RamClientAuthServiceImpl success.
00:39:01:463  INFO 22132 --- [user-service] [main] c.a.n.c.a.AbstractAbilityControlManager  : Ready to get current node abilities...
00:39:01:466  INFO 22132 --- [user-service] [main] c.a.n.c.a.AbstractAbilityControlManager  : Ready to initialize current node abilities, support modes: [SDK_CLIENT]
00:39:01:467  INFO 22132 --- [user-service] [main] c.a.n.c.a.AbstractAbilityControlManager  : Initialize current abilities finish...
00:39:01:467  INFO 22132 --- [user-service] [main] c.a.n.c.a.d.NacosAbilityManagerHolder    : [AbilityControlManager] Successfully initialize AbilityControlManager
00:39:01:504  INFO 22132 --- [user-service] [main] c.a.c.n.registry.NacosServiceRegistry    : nacos registry, DEFAULT_GROUP user-service 192.168.108.1:9005 register finished
00:39:01:516  INFO 22132 --- [user-service] [main] com.george.user.UserApplication          : Started UserApplication in 4.438 seconds (process running for 5.299)
00:39:29:307  INFO 22132 --- [user-service] [http-nio-9005-exec-1] o.a.c.c.C.[Tomcat].[localhost].[/]       : Initializing Spring DispatcherServlet 'dispatcherServlet'
00:39:29:307  INFO 22132 --- [user-service] [http-nio-9005-exec-1] o.s.web.servlet.DispatcherServlet        : Initializing Servlet 'dispatcherServlet'
00:39:29:308  INFO 22132 --- [user-service] [http-nio-9005-exec-1] o.s.web.servlet.DispatcherServlet        : Completed initialization in 1 ms
00:39:29:455  INFO 22132 --- [user-service] [http-nio-9005-exec-1] com.zaxxer.hikari.HikariDataSource       : HikariPool-1 - Starting...
00:39:29:707  INFO 22132 --- [user-service] [http-nio-9005-exec-1] com.zaxxer.hikari.pool.HikariPool        : HikariPool-1 - Added connection com.mysql.cj.jdbc.ConnectionImpl@21566855
00:39:29:708  INFO 22132 --- [user-service] [http-nio-9005-exec-1] com.zaxxer.hikari.HikariDataSource       : HikariPool-1 - Start completed.
00:40:25:722  WARN 22132 --- [user-service] [Thread-16] c.a.nacos.common.notify.NotifyCenter     : [NotifyCenter] Start destroying Publisher
00:40:25:722  WARN 22132 --- [user-service] [Thread-18] c.a.n.common.http.HttpClientBeanHolder   : [HttpClientBeanHolder] Start destroying common HttpClient
00:40:25:723  WARN 22132 --- [user-service] [Thread-16] c.a.nacos.common.notify.NotifyCenter     : [NotifyCenter] Destruction of the end
00:40:25:723  WARN 22132 --- [user-service] [Thread-2] c.a.n.common.executor.ThreadPoolManager  : [ThreadPoolManager] Start destroying ThreadPool
00:40:25:723  WARN 22132 --- [user-service] [Thread-18] c.a.n.common.http.HttpClientBeanHolder   : [HttpClientBeanHolder] Destruction of the end
00:40:25:725  WARN 22132 --- [user-service] [Thread-2] c.a.n.common.executor.ThreadPoolManager  : [ThreadPoolManager] Destruction of the end
00:40:25:727  INFO 22132 --- [user-service] [SpringApplicationShutdownHook] c.a.c.n.registry.NacosServiceRegistry    : De-registering from Nacos Server now...
00:40:25:748  INFO 22132 --- [user-service] [SpringApplicationShutdownHook] c.a.c.n.registry.NacosServiceRegistry    : De-registration finished.
00:40:35:765  INFO 22132 --- [user-service] [SpringApplicationShutdownHook] o.s.b.w.e.tomcat.GracefulShutdown        : Commencing graceful shutdown. Waiting for active requests to complete
00:40:35:771  INFO 22132 --- [user-service] [tomcat-shutdown] o.s.b.w.e.tomcat.GracefulShutdown        : Graceful shutdown complete
00:40:35:787  INFO 22132 --- [user-service] [SpringApplicationShutdownHook] com.zaxxer.hikari.HikariDataSource       : HikariPool-1 - Shutdown initiated...
00:40:35:792  INFO 22132 --- [user-service] [SpringApplicationShutdownHook] com.zaxxer.hikari.HikariDataSource       : HikariPool-1 - Shutdown completed.
19:43:06:905  INFO 25192 --- [user-service] [main] com.george.user.UserApplication          : Starting UserApplication using Java 21.0.11 with PID 25192 (E:\hmall\hm-user\user-service\target\classes started by lindu in E:\hmall)
19:43:06:906  INFO 25192 --- [user-service] [main] com.george.user.UserApplication          : The following 1 profile is active: "local"
19:43:06:946  INFO 25192 --- [user-service] [main] c.a.c.n.c.NacosConfigDataLoader          : [Nacos Config] Load config[dataId=log.yaml, group=DEFAULT_GROUP] success
19:43:06:946  INFO 25192 --- [user-service] [main] c.a.c.n.c.NacosConfigDataLoader          : [Nacos Config] Load config[dataId=jdbc.yaml, group=DEFAULT_GROUP] success
19:43:07:634  INFO 25192 --- [user-service] [main] o.s.cloud.context.scope.GenericScope     : BeanFactory id=247d1874-a064-3b39-aa87-9fa1353a5f0a
19:43:07:883  INFO 25192 --- [user-service] [main] o.s.b.w.embedded.tomcat.TomcatWebServer  : Tomcat initialized with port 9005 (http)
19:43:07:897  INFO 25192 --- [user-service] [main] o.apache.catalina.core.StandardService   : Starting service [Tomcat]
19:43:07:897  INFO 25192 --- [user-service] [main] o.apache.catalina.core.StandardEngine    : Starting Servlet engine: [Apache Tomcat/10.1.33]
19:43:07:960  INFO 25192 --- [user-service] [main] o.a.c.c.C.[Tomcat].[localhost].[/]       : Initializing Spring embedded WebApplicationContext
19:43:07:961  INFO 25192 --- [user-service] [main] w.s.c.ServletWebServerApplicationContext : Root WebApplicationContext: initialization completed in 1012 ms
19:43:08:890  INFO 25192 --- [user-service] [main] m.e.s.MybatisPlusApplicationContextAware : Register ApplicationContext instances org.springframework.boot.web.servlet.context.AnnotationConfigServletWebServerApplicationContext@639aba11
19:43:09:018  INFO 25192 --- [user-service] [main] o.s.b.w.embedded.tomcat.TomcatWebServer  : Tomcat started on port 9005 (http) with context path '/'
19:43:09:033  INFO 25192 --- [user-service] [main] c.a.n.p.a.s.c.ClientAuthPluginManager    : [ClientAuthPluginManager] Load ClientAuthService com.alibaba.nacos.client.auth.impl.NacosClientAuthServiceImpl success.
19:43:09:034  INFO 25192 --- [user-service] [main] c.a.n.p.a.s.c.ClientAuthPluginManager    : [ClientAuthPluginManager] Load ClientAuthService com.alibaba.nacos.client.auth.ram.RamClientAuthServiceImpl success.
19:43:09:069  INFO 25192 --- [user-service] [main] c.a.c.n.registry.NacosServiceRegistry    : nacos registry, DEFAULT_GROUP user-service 192.168.108.1:9005 register finished
19:43:09:078  INFO 25192 --- [user-service] [main] com.george.user.UserApplication          : Started UserApplication in 3.589 seconds (process running for 4.144)
19:43:09:097  INFO 25192 --- [user-service] [main] c.a.c.n.refresh.NacosContextRefresher    : [Nacos Config] Listening config: dataId=jdbc.yaml, group=DEFAULT_GROUP
19:43:09:099  INFO 25192 --- [user-service] [main] c.a.c.n.refresh.NacosContextRefresher    : [Nacos Config] Listening config: dataId=log.yaml, group=DEFAULT_GROUP
19:49:43:951  WARN 25192 --- [user-service] [Thread-1] c.a.n.common.executor.ThreadPoolManager  : [ThreadPoolManager] Start destroying ThreadPool
19:49:43:951  WARN 25192 --- [user-service] [Thread-6] c.a.n.common.http.HttpClientBeanHolder   : [HttpClientBeanHolder] Start destroying common HttpClient
19:49:43:951  WARN 25192 --- [user-service] [Thread-8] c.a.nacos.common.notify.NotifyCenter     : [NotifyCenter] Start destroying Publisher
19:49:43:951  WARN 25192 --- [user-service] [Thread-8] c.a.nacos.common.notify.NotifyCenter     : [NotifyCenter] Destruction of the end
19:49:43:951  WARN 25192 --- [user-service] [Thread-1] c.a.n.common.executor.ThreadPoolManager  : [ThreadPoolManager] Destruction of the end
19:49:43:952  WARN 25192 --- [user-service] [Thread-6] c.a.n.common.http.HttpClientBeanHolder   : [HttpClientBeanHolder] Destruction of the end
19:49:43:953  INFO 25192 --- [user-service] [SpringApplicationShutdownHook] c.a.c.n.registry.NacosServiceRegistry    : De-registering from Nacos Server now...
19:49:43:963  INFO 25192 --- [user-service] [SpringApplicationShutdownHook] c.a.c.n.registry.NacosServiceRegistry    : De-registration finished.
19:49:48:350  INFO 8108 --- [user-service] [main] com.george.user.UserApplication          : Starting UserApplication using Java 21.0.11 with PID 8108 (E:\hmall\hm-user\user-service\target\classes started by lindu in E:\hmall)
19:49:48:351  INFO 8108 --- [user-service] [main] com.george.user.UserApplication          : The following 1 profile is active: "local"
19:49:48:397  INFO 8108 --- [user-service] [main] c.a.c.n.c.NacosConfigDataLoader          : [Nacos Config] Load config[dataId=log.yaml, group=DEFAULT_GROUP] success
19:49:48:398  INFO 8108 --- [user-service] [main] c.a.c.n.c.NacosConfigDataLoader          : [Nacos Config] Load config[dataId=jdbc.yaml, group=DEFAULT_GROUP] success
19:49:49:069  INFO 8108 --- [user-service] [main] o.s.cloud.context.scope.GenericScope     : BeanFactory id=247d1874-a064-3b39-aa87-9fa1353a5f0a
19:49:49:335  INFO 8108 --- [user-service] [main] o.s.b.w.embedded.tomcat.TomcatWebServer  : Tomcat initialized with port 9005 (http)
19:49:49:347  INFO 8108 --- [user-service] [main] o.apache.catalina.core.StandardService   : Starting service [Tomcat]
19:49:49:348  INFO 8108 --- [user-service] [main] o.apache.catalina.core.StandardEngine    : Starting Servlet engine: [Apache Tomcat/10.1.33]
19:49:49:427  INFO 8108 --- [user-service] [main] o.a.c.c.C.[Tomcat].[localhost].[/]       : Initializing Spring embedded WebApplicationContext
19:49:49:427  INFO 8108 --- [user-service] [main] w.s.c.ServletWebServerApplicationContext : Root WebApplicationContext: initialization completed in 1027 ms
19:49:50:320  INFO 8108 --- [user-service] [main] m.e.s.MybatisPlusApplicationContextAware : Register ApplicationContext instances org.springframework.boot.web.servlet.context.AnnotationConfigServletWebServerApplicationContext@639aba11
19:49:50:443  INFO 8108 --- [user-service] [main] o.s.b.w.embedded.tomcat.TomcatWebServer  : Tomcat started on port 9005 (http) with context path '/'
19:49:50:462  INFO 8108 --- [user-service] [main] c.a.n.p.a.s.c.ClientAuthPluginManager    : [ClientAuthPluginManager] Load ClientAuthService com.alibaba.nacos.client.auth.impl.NacosClientAuthServiceImpl success.
19:49:50:463  INFO 8108 --- [user-service] [main] c.a.n.p.a.s.c.ClientAuthPluginManager    : [ClientAuthPluginManager] Load ClientAuthService com.alibaba.nacos.client.auth.ram.RamClientAuthServiceImpl success.
19:49:50:500  INFO 8108 --- [user-service] [main] c.a.c.n.registry.NacosServiceRegistry    : nacos registry, DEFAULT_GROUP user-service 192.168.108.1:9005 register finished
19:49:50:509  INFO 8108 --- [user-service] [main] com.george.user.UserApplication          : Started UserApplication in 3.634 seconds (process running for 4.172)
19:49:50:522  INFO 8108 --- [user-service] [main] c.a.c.n.refresh.NacosContextRefresher    : [Nacos Config] Listening config: dataId=jdbc.yaml, group=DEFAULT_GROUP
19:49:50:524  INFO 8108 --- [user-service] [main] c.a.c.n.refresh.NacosContextRefresher    : [Nacos Config] Listening config: dataId=log.yaml, group=DEFAULT_GROUP
20:09:12:320  WARN 8108 --- [user-service] [Thread-6] c.a.n.common.http.HttpClientBeanHolder   : [HttpClientBeanHolder] Start destroying common HttpClient
20:09:12:319  WARN 8108 --- [user-service] [Thread-8] c.a.nacos.common.notify.NotifyCenter     : [NotifyCenter] Start destroying Publisher
20:09:12:319  WARN 8108 --- [user-service] [Thread-1] c.a.n.common.executor.ThreadPoolManager  : [ThreadPoolManager] Start destroying ThreadPool
20:09:12:320  WARN 8108 --- [user-service] [Thread-8] c.a.nacos.common.notify.NotifyCenter     : [NotifyCenter] Destruction of the end
20:09:12:320  WARN 8108 --- [user-service] [Thread-1] c.a.n.common.executor.ThreadPoolManager  : [ThreadPoolManager] Destruction of the end
20:09:12:321  WARN 8108 --- [user-service] [Thread-6] c.a.n.common.http.HttpClientBeanHolder   : [HttpClientBeanHolder] Destruction of the end
20:09:12:322  INFO 8108 --- [user-service] [SpringApplicationShutdownHook] c.a.c.n.registry.NacosServiceRegistry    : De-registering from Nacos Server now...
20:09:12:331  INFO 8108 --- [user-service] [SpringApplicationShutdownHook] c.a.c.n.registry.NacosServiceRegistry    : De-registration finished.
20:09:18:657  INFO 26368 --- [user-service] [main] com.george.user.UserApplication          : Starting UserApplication using Java 21.0.11 with PID 26368 (E:\hmall\hm-user\user-service\target\classes started by lindu in E:\hmall)
20:09:18:658  INFO 26368 --- [user-service] [main] com.george.user.UserApplication          : The following 1 profile is active: "local"
20:09:18:702  INFO 26368 --- [user-service] [main] c.a.c.n.c.NacosConfigDataLoader          : [Nacos Config] Load config[dataId=log.yaml, group=DEFAULT_GROUP] success
20:09:18:702  INFO 26368 --- [user-service] [main] c.a.c.n.c.NacosConfigDataLoader          : [Nacos Config] Load config[dataId=jdbc.yaml, group=DEFAULT_GROUP] success
20:09:19:477  INFO 26368 --- [user-service] [main] o.s.cloud.context.scope.GenericScope     : BeanFactory id=73ec1c5f-ab23-3869-b031-c6e07a7e14c9
20:09:19:645  WARN 26368 --- [user-service] [main] trationDelegate$BeanPostProcessorChecker : Bean 'org.springframework.cloud.client.loadbalancer.LoadBalancerAutoConfiguration$DeferringLoadBalancerInterceptorConfig' of type [org.springframework.cloud.client.loadbalancer.LoadBalancerAutoConfiguration$DeferringLoadBalancerInterceptorConfig] is not eligible for getting processed by all BeanPostProcessors (for example: not eligible for auto-proxying). The currently created BeanPostProcessor [lbRestClientPostProcessor] is declared through a non-static factory method on that class; consider declaring it as static instead.
20:09:19:647  WARN 26368 --- [user-service] [main] trationDelegate$BeanPostProcessorChecker : Bean 'deferringLoadBalancerInterceptor' of type [org.springframework.cloud.client.loadbalancer.DeferringLoadBalancerInterceptor] is not eligible for getting processed by all BeanPostProcessors (for example: not eligible for auto-proxying). Is this bean getting eagerly injected/applied to a currently created BeanPostProcessor [lbRestClientPostProcessor]? Check the corresponding BeanPostProcessor declaration and its dependencies/advisors. If this bean does not have to be post-processed, declare it with ROLE_INFRASTRUCTURE.
20:09:19:848  INFO 26368 --- [user-service] [main] o.s.b.w.embedded.tomcat.TomcatWebServer  : Tomcat initialized with port 9005 (http)
20:09:19:861  INFO 26368 --- [user-service] [main] o.apache.catalina.core.StandardService   : Starting service [Tomcat]
20:09:19:861  INFO 26368 --- [user-service] [main] o.apache.catalina.core.StandardEngine    : Starting Servlet engine: [Apache Tomcat/10.1.33]
20:09:19:924  INFO 26368 --- [user-service] [main] o.a.c.c.C.[Tomcat].[localhost].[/]       : Initializing Spring embedded WebApplicationContext
20:09:19:924  INFO 26368 --- [user-service] [main] w.s.c.ServletWebServerApplicationContext : Root WebApplicationContext: initialization completed in 1220 ms
20:09:20:876  INFO 26368 --- [user-service] [main] m.e.s.MybatisPlusApplicationContextAware : Register ApplicationContext instances org.springframework.boot.web.servlet.context.AnnotationConfigServletWebServerApplicationContext@3f9f71ff
20:09:21:028  INFO 26368 --- [user-service] [main] o.s.b.w.embedded.tomcat.TomcatWebServer  : Tomcat started on port 9005 (http) with context path '/'
20:09:21:041  INFO 26368 --- [user-service] [main] c.a.n.p.a.s.c.ClientAuthPluginManager    : [ClientAuthPluginManager] Load ClientAuthService com.alibaba.nacos.client.auth.impl.NacosClientAuthServiceImpl success.
20:09:21:041  INFO 26368 --- [user-service] [main] c.a.n.p.a.s.c.ClientAuthPluginManager    : [ClientAuthPluginManager] Load ClientAuthService com.alibaba.nacos.client.auth.ram.RamClientAuthServiceImpl success.
20:09:21:069  INFO 26368 --- [user-service] [main] c.a.c.n.registry.NacosServiceRegistry    : nacos registry, DEFAULT_GROUP user-service 192.168.108.1:9005 register finished
20:09:21:078  INFO 26368 --- [user-service] [main] com.george.user.UserApplication          : Started UserApplication in 3.972 seconds (process running for 4.53)
20:09:21:101  INFO 26368 --- [user-service] [main] c.a.c.n.refresh.NacosContextRefresher    : [Nacos Config] Listening config: dataId=jdbc.yaml, group=DEFAULT_GROUP
20:09:21:104  INFO 26368 --- [user-service] [main] c.a.c.n.refresh.NacosContextRefresher    : [Nacos Config] Listening config: dataId=log.yaml, group=DEFAULT_GROUP
20:10:47:379  WARN 26368 --- [user-service] [Thread-1] c.a.n.common.executor.ThreadPoolManager  : [ThreadPoolManager] Start destroying ThreadPool
20:10:47:379  WARN 26368 --- [user-service] [Thread-8] c.a.nacos.common.notify.NotifyCenter     : [NotifyCenter] Start destroying Publisher
20:10:47:379  WARN 26368 --- [user-service] [Thread-6] c.a.n.common.http.HttpClientBeanHolder   : [HttpClientBeanHolder] Start destroying common HttpClient
20:10:47:380  WARN 26368 --- [user-service] [Thread-8] c.a.nacos.common.notify.NotifyCenter     : [NotifyCenter] Destruction of the end
20:10:47:380  WARN 26368 --- [user-service] [Thread-1] c.a.n.common.executor.ThreadPoolManager  : [ThreadPoolManager] Destruction of the end
20:10:47:380  WARN 26368 --- [user-service] [Thread-6] c.a.n.common.http.HttpClientBeanHolder   : [HttpClientBeanHolder] Destruction of the end
20:10:47:381  INFO 26368 --- [user-service] [SpringApplicationShutdownHook] c.a.c.n.registry.NacosServiceRegistry    : De-registering from Nacos Server now...
20:10:47:387  INFO 26368 --- [user-service] [SpringApplicationShutdownHook] c.a.c.n.registry.NacosServiceRegistry    : De-registration finished.
20:10:53:965  INFO 20704 --- [user-service] [main] com.george.user.UserApplication          : Starting UserApplication using Java 21.0.11 with PID 20704 (E:\hmall\hm-user\user-service\target\classes started by lindu in E:\hmall)
20:10:53:967  INFO 20704 --- [user-service] [main] com.george.user.UserApplication          : The following 1 profile is active: "local"
20:10:54:012  INFO 20704 --- [user-service] [main] c.a.c.n.c.NacosConfigDataLoader          : [Nacos Config] Load config[dataId=log.yaml, group=DEFAULT_GROUP] success
20:10:54:012  INFO 20704 --- [user-service] [main] c.a.c.n.c.NacosConfigDataLoader          : [Nacos Config] Load config[dataId=jdbc.yaml, group=DEFAULT_GROUP] success
20:10:54:758  INFO 20704 --- [user-service] [main] o.s.cloud.context.scope.GenericScope     : BeanFactory id=73ec1c5f-ab23-3869-b031-c6e07a7e14c9
20:10:54:911  WARN 20704 --- [user-service] [main] trationDelegate$BeanPostProcessorChecker : Bean 'org.springframework.cloud.client.loadbalancer.LoadBalancerAutoConfiguration$DeferringLoadBalancerInterceptorConfig' of type [org.springframework.cloud.client.loadbalancer.LoadBalancerAutoConfiguration$DeferringLoadBalancerInterceptorConfig] is not eligible for getting processed by all BeanPostProcessors (for example: not eligible for auto-proxying). The currently created BeanPostProcessor [lbRestClientPostProcessor] is declared through a non-static factory method on that class; consider declaring it as static instead.
20:10:54:913  WARN 20704 --- [user-service] [main] trationDelegate$BeanPostProcessorChecker : Bean 'deferringLoadBalancerInterceptor' of type [org.springframework.cloud.client.loadbalancer.DeferringLoadBalancerInterceptor] is not eligible for getting processed by all BeanPostProcessors (for example: not eligible for auto-proxying). Is this bean getting eagerly injected/applied to a currently created BeanPostProcessor [lbRestClientPostProcessor]? Check the corresponding BeanPostProcessor declaration and its dependencies/advisors. If this bean does not have to be post-processed, declare it with ROLE_INFRASTRUCTURE.
20:10:55:147  INFO 20704 --- [user-service] [main] o.s.b.w.embedded.tomcat.TomcatWebServer  : Tomcat initialized with port 9005 (http)
20:10:55:162  INFO 20704 --- [user-service] [main] o.apache.catalina.core.StandardService   : Starting service [Tomcat]
20:10:55:162  INFO 20704 --- [user-service] [main] o.apache.catalina.core.StandardEngine    : Starting Servlet engine: [Apache Tomcat/10.1.33]
20:10:55:234  INFO 20704 --- [user-service] [main] o.a.c.c.C.[Tomcat].[localhost].[/]       : Initializing Spring embedded WebApplicationContext
20:10:55:234  INFO 20704 --- [user-service] [main] w.s.c.ServletWebServerApplicationContext : Root WebApplicationContext: initialization completed in 1220 ms
20:10:56:165  INFO 20704 --- [user-service] [main] m.e.s.MybatisPlusApplicationContextAware : Register ApplicationContext instances org.springframework.boot.web.servlet.context.AnnotationConfigServletWebServerApplicationContext@4422dd48
20:10:56:335  INFO 20704 --- [user-service] [main] o.s.b.w.embedded.tomcat.TomcatWebServer  : Tomcat started on port 9005 (http) with context path '/'
20:10:56:350  INFO 20704 --- [user-service] [main] c.a.n.p.a.s.c.ClientAuthPluginManager    : [ClientAuthPluginManager] Load ClientAuthService com.alibaba.nacos.client.auth.impl.NacosClientAuthServiceImpl success.
20:10:56:350  INFO 20704 --- [user-service] [main] c.a.n.p.a.s.c.ClientAuthPluginManager    : [ClientAuthPluginManager] Load ClientAuthService com.alibaba.nacos.client.auth.ram.RamClientAuthServiceImpl success.
20:10:56:387  INFO 20704 --- [user-service] [main] c.a.c.n.registry.NacosServiceRegistry    : nacos registry, DEFAULT_GROUP user-service 192.168.108.1:9005 register finished
20:10:56:399  INFO 20704 --- [user-service] [main] com.george.user.UserApplication          : Started UserApplication in 4.198 seconds (process running for 4.867)
20:10:56:414  INFO 20704 --- [user-service] [main] c.a.c.n.refresh.NacosContextRefresher    : [Nacos Config] Listening config: dataId=jdbc.yaml, group=DEFAULT_GROUP
20:10:56:415  INFO 20704 --- [user-service] [main] c.a.c.n.refresh.NacosContextRefresher    : [Nacos Config] Listening config: dataId=log.yaml, group=DEFAULT_GROUP
20:30:24:999  INFO 20704 --- [user-service] [nacos.client.config.listener.task-0] c.a.c.n.refresh.NacosContextRefresher    : [Nacos Config] Receive Nacos config change: dataId=jdbc.yaml, group=DEFAULT_GROUP
20:30:25:131  WARN 20704 --- [user-service] [nacos.client.config.listener.task-0] c.a.c.n.c.NacosConfigDataLoader          : [Nacos Config] config[dataId=log.yaml, group=DEFAULT_GROUP] is empty
20:30:25:166  WARN 20704 --- [user-service] [nacos.client.config.listener.task-0] c.a.c.n.c.NacosConfigDataLoader          : [Nacos Config] config[dataId=jdbc.yaml, group=DEFAULT_GROUP] is empty
20:30:25:315  INFO 20704 --- [user-service] [nacos.client.config.listener.task-0] o.s.c.e.event.RefreshEventListener       : Refresh keys changed: []
20:30:25:334  INFO 20704 --- [user-service] [nacos.client.config.listener.task-0] c.a.c.n.refresh.NacosContextRefresher    : [Nacos Config] Receive Nacos config change: dataId=log.yaml, group=DEFAULT_GROUP
20:30:25:538  WARN 20704 --- [user-service] [nacos.client.config.listener.task-0] c.a.c.n.c.NacosConfigDataLoader          : [Nacos Config] config[dataId=log.yaml, group=DEFAULT_GROUP] is empty
20:30:25:548  WARN 20704 --- [user-service] [nacos.client.config.listener.task-0] c.a.c.n.c.NacosConfigDataLoader          : [Nacos Config] config[dataId=jdbc.yaml, group=DEFAULT_GROUP] is empty
20:30:25:608  INFO 20704 --- [user-service] [nacos.client.config.listener.task-0] o.s.c.e.event.RefreshEventListener       : Refresh keys changed: []
20:36:09:780  INFO 20704 --- [user-service] [http-nio-9005-exec-1] o.a.c.c.C.[Tomcat].[localhost].[/]       : Initializing Spring DispatcherServlet 'dispatcherServlet'
20:36:09:780  INFO 20704 --- [user-service] [http-nio-9005-exec-1] o.s.web.servlet.DispatcherServlet        : Initializing Servlet 'dispatcherServlet'
20:36:09:782  INFO 20704 --- [user-service] [http-nio-9005-exec-1] o.s.web.servlet.DispatcherServlet        : Completed initialization in 2 ms
20:36:09:981  INFO 20704 --- [user-service] [http-nio-9005-exec-1] com.zaxxer.hikari.HikariDataSource       : HikariPool-1 - Starting...
20:36:15:454 ERROR 20704 --- [user-service] [http-nio-9005-exec-1] o.a.c.c.C.[.[.[/].[dispatcherServlet]    : Servlet.service() for servlet [dispatcherServlet] in context with path [] threw exception [Request processing failed: org.mybatis.spring.MyBatisSystemException: 
### Error querying database.  Cause: org.springframework.jdbc.CannotGetJdbcConnectionException: Failed to obtain JDBC Connection
### The error may exist in com/george/user/mapper/UserMapper.java (best guess)
### The error may involve com.george.user.mapper.UserMapper.selectList
### The error occurred while executing a query
### Cause: org.springframework.jdbc.CannotGetJdbcConnectionException: Failed to obtain JDBC Connection] with root cause

com.mysql.cj.exceptions.CJException: Unknown database 'user-service'
	at java.base/jdk.internal.reflect.DirectConstructorHandleAccessor.newInstance(DirectConstructorHandleAccessor.java:62) ~[na:na]
	at java.base/java.lang.reflect.Constructor.newInstanceWithCaller(Constructor.java:502) ~[na:na]
	at java.base/java.lang.reflect.Constructor.newInstance(Constructor.java:486) ~[na:na]
	at com.mysql.cj.exceptions.ExceptionFactory.createException(ExceptionFactory.java:52) ~[mysql-connector-j-9.7.0.jar:9.7.0]
	at com.mysql.cj.exceptions.ExceptionFactory.createException(ExceptionFactory.java:95) ~[mysql-connector-j-9.7.0.jar:9.7.0]
	at com.mysql.cj.exceptions.ExceptionFactory.createException(ExceptionFactory.java:140) ~[mysql-connector-j-9.7.0.jar:9.7.0]
	at com.mysql.cj.exceptions.ExceptionFactory.createException(ExceptionFactory.java:118) ~[mysql-connector-j-9.7.0.jar:9.7.0]
	at com.mysql.cj.protocol.a.NativeProtocol.checkErrorMessage(NativeProtocol.java:853) ~[mysql-connector-j-9.7.0.jar:9.7.0]
	at com.mysql.cj.protocol.a.NativeProtocol.checkErrorMessage(NativeProtocol.java:776) ~[mysql-connector-j-9.7.0.jar:9.7.0]
	at com.mysql.cj.protocol.a.NativeProtocol.checkErrorMessage(NativeProtocol.java:745) ~[mysql-connector-j-9.7.0.jar:9.7.0]
	at com.mysql.cj.protocol.a.NativeProtocol.checkErrorMessage(NativeProtocol.java:147) ~[mysql-connector-j-9.7.0.jar:9.7.0]
	at com.mysql.cj.protocol.a.NativeAuthenticationProvider.proceedHandshakeWithPluggableAuthentication(NativeAuthenticationProvider.java:461) ~[mysql-connector-j-9.7.0.jar:9.7.0]
	at com.mysql.cj.protocol.a.NativeAuthenticationProvider.connect(NativeAuthenticationProvider.java:206) ~[mysql-connector-j-9.7.0.jar:9.7.0]
	at com.mysql.cj.protocol.a.NativeProtocol.connect(NativeProtocol.java:1334) ~[mysql-connector-j-9.7.0.jar:9.7.0]
	at com.mysql.cj.NativeSession.connect(NativeSession.java:155) ~[mysql-connector-j-9.7.0.jar:9.7.0]
	at com.mysql.cj.jdbc.ConnectionImpl.connectWithRetries(ConnectionImpl.java:854) ~[mysql-connector-j-9.7.0.jar:9.7.0]
	at com.mysql.cj.jdbc.ConnectionImpl.createNewIO(ConnectionImpl.java:833) ~[mysql-connector-j-9.7.0.jar:9.7.0]
	at com.mysql.cj.jdbc.ConnectionImpl.<init>(ConnectionImpl.java:416) ~[mysql-connector-j-9.7.0.jar:9.7.0]
	at com.mysql.cj.jdbc.ConnectionImpl.getInstance(ConnectionImpl.java:237) ~[mysql-connector-j-9.7.0.jar:9.7.0]
	at com.mysql.cj.jdbc.NonRegisteringDriver.connect(NonRegisteringDriver.java:180) ~[mysql-connector-j-9.7.0.jar:9.7.0]
	at com.zaxxer.hikari.util.DriverDataSource.getConnection(DriverDataSource.java:137) ~[HikariCP-5.1.0.jar:na]
	at com.zaxxer.hikari.pool.PoolBase.newConnection(PoolBase.java:360) ~[HikariCP-5.1.0.jar:na]
	at com.zaxxer.hikari.pool.PoolBase.newPoolEntry(PoolBase.java:202) ~[HikariCP-5.1.0.jar:na]
	at com.zaxxer.hikari.pool.HikariPool.createPoolEntry(HikariPool.java:461) ~[HikariCP-5.1.0.jar:na]
	at com.zaxxer.hikari.pool.HikariPool.checkFailFast(HikariPool.java:550) ~[HikariCP-5.1.0.jar:na]
	at com.zaxxer.hikari.pool.HikariPool.<init>(HikariPool.java:98) ~[HikariCP-5.1.0.jar:na]
	at com.zaxxer.hikari.HikariDataSource.getConnection(HikariDataSource.java:111) ~[HikariCP-5.1.0.jar:na]
	at org.springframework.jdbc.datasource.DataSourceUtils.fetchConnection(DataSourceUtils.java:160) ~[spring-jdbc-6.1.15.jar:6.1.15]
	at org.springframework.jdbc.datasource.DataSourceUtils.doGetConnection(DataSourceUtils.java:118) ~[spring-jdbc-6.1.15.jar:6.1.15]
	at org.springframework.jdbc.datasource.DataSourceUtils.getConnection(DataSourceUtils.java:81) ~[spring-jdbc-6.1.15.jar:6.1.15]
	at org.mybatis.spring.transaction.SpringManagedTransaction.openConnection(SpringManagedTransaction.java:77) ~[mybatis-spring-3.0.4.jar:3.0.4]
	at org.mybatis.spring.transaction.SpringManagedTransaction.getConnection(SpringManagedTransaction.java:64) ~[mybatis-spring-3.0.4.jar:3.0.4]
	at org.apache.ibatis.executor.BaseExecutor.getConnection(BaseExecutor.java:348) ~[mybatis-3.5.19.jar:3.5.19]
	at org.apache.ibatis.executor.SimpleExecutor.prepareStatement(SimpleExecutor.java:89) ~[mybatis-3.5.19.jar:3.5.19]
	at org.apache.ibatis.executor.SimpleExecutor.doQuery(SimpleExecutor.java:64) ~[mybatis-3.5.19.jar:3.5.19]
	at org.apache.ibatis.executor.BaseExecutor.queryFromDatabase(BaseExecutor.java:336) ~[mybatis-3.5.19.jar:3.5.19]
	at org.apache.ibatis.executor.BaseExecutor.query(BaseExecutor.java:158) ~[mybatis-3.5.19.jar:3.5.19]
	at org.apache.ibatis.executor.CachingExecutor.query(CachingExecutor.java:110) ~[mybatis-3.5.19.jar:3.5.19]
	at com.baomidou.mybatisplus.extension.plugins.MybatisPlusInterceptor.intercept(MybatisPlusInterceptor.java:81) ~[mybatis-plus-extension-3.5.12.jar:3.5.12]
	at org.apache.ibatis.plugin.Plugin.invoke(Plugin.java:59) ~[mybatis-3.5.19.jar:3.5.19]
	at jdk.proxy2/jdk.proxy2.$Proxy108.query(Unknown Source) ~[na:na]
	at org.apache.ibatis.session.defaults.DefaultSqlSession.selectList(DefaultSqlSession.java:154) ~[mybatis-3.5.19.jar:3.5.19]
	at org.apache.ibatis.session.defaults.DefaultSqlSession.selectList(DefaultSqlSession.java:147) ~[mybatis-3.5.19.jar:3.5.19]
	at org.apache.ibatis.session.defaults.DefaultSqlSession.selectList(DefaultSqlSession.java:142) ~[mybatis-3.5.19.jar:3.5.19]
	at java.base/jdk.internal.reflect.DirectMethodHandleAccessor.invoke(DirectMethodHandleAccessor.java:103) ~[na:na]
	at java.base/java.lang.reflect.Method.invoke(Method.java:580) ~[na:na]
	at org.mybatis.spring.SqlSessionTemplate$SqlSessionInterceptor.invoke(SqlSessionTemplate.java:333) ~[mybatis-spring-3.0.4.jar:3.0.4]
	at jdk.proxy2/jdk.proxy2.$Proxy79.selectList(Unknown Source) ~[na:na]
	at org.mybatis.spring.SqlSessionTemplate.selectList(SqlSessionTemplate.java:194) ~[mybatis-spring-3.0.4.jar:3.0.4]
	at com.baomidou.mybatisplus.core.override.MybatisMapperMethod.executeForMany(MybatisMapperMethod.java:164) ~[mybatis-plus-core-3.5.12.jar:3.5.12]
	at com.baomidou.mybatisplus.core.override.MybatisMapperMethod.execute(MybatisMapperMethod.java:77) ~[mybatis-plus-core-3.5.12.jar:3.5.12]
	at com.baomidou.mybatisplus.core.override.MybatisMapperProxy$PlainMethodInvoker.invoke(MybatisMapperProxy.java:156) ~[mybatis-plus-core-3.5.12.jar:3.5.12]
	at com.baomidou.mybatisplus.core.override.MybatisMapperProxy.invoke(MybatisMapperProxy.java:93) ~[mybatis-plus-core-3.5.12.jar:3.5.12]
	at jdk.proxy2/jdk.proxy2.$Proxy87.selectList(Unknown Source) ~[na:na]
	at com.baomidou.mybatisplus.core.mapper.BaseMapper.selectOne(BaseMapper.java:332) ~[mybatis-plus-core-3.5.12.jar:3.5.12]
	at java.base/java.lang.invoke.MethodHandle.invokeWithArguments(MethodHandle.java:733) ~[na:na]
	at com.baomidou.mybatisplus.core.override.MybatisMapperProxy$DefaultMethodInvoker.invoke(MybatisMapperProxy.java:172) ~[mybatis-plus-core-3.5.12.jar:3.5.12]
	at com.baomidou.mybatisplus.core.override.MybatisMapperProxy.invoke(MybatisMapperProxy.java:93) ~[mybatis-plus-core-3.5.12.jar:3.5.12]
	at jdk.proxy2/jdk.proxy2.$Proxy87.selectOne(Unknown Source) ~[na:na]
	at com.baomidou.mybatisplus.core.mapper.BaseMapper.selectOne(BaseMapper.java:321) ~[mybatis-plus-core-3.5.12.jar:3.5.12]
	at java.base/java.lang.invoke.MethodHandle.invokeWithArguments(MethodHandle.java:733) ~[na:na]
	at com.baomidou.mybatisplus.core.override.MybatisMapperProxy$DefaultMethodInvoker.invoke(MybatisMapperProxy.java:182) ~[mybatis-plus-core-3.5.12.jar:3.5.12]
	at com.baomidou.mybatisplus.core.override.MybatisMapperProxy.invoke(MybatisMapperProxy.java:93) ~[mybatis-plus-core-3.5.12.jar:3.5.12]
	at jdk.proxy2/jdk.proxy2.$Proxy87.selectOne(Unknown Source) ~[na:na]
	at com.baomidou.mybatisplus.extension.conditions.query.ChainQuery.lambda$one$cd9f9c92$1(ChainQuery.java:59) ~[mybatis-plus-extension-3.5.12.jar:3.5.12]
	at com.baomidou.mybatisplus.extension.conditions.ChainWrapper.execute(ChainWrapper.java:63) ~[mybatis-plus-extension-3.5.12.jar:3.5.12]
	at com.baomidou.mybatisplus.extension.conditions.query.ChainQuery.one(ChainQuery.java:59) ~[mybatis-plus-extension-3.5.12.jar:3.5.12]
	at com.george.user.service.impl.UserServiceImpl.login(UserServiceImpl.java:40) ~[classes/:na]
	at java.base/jdk.internal.reflect.DirectMethodHandleAccessor.invoke(DirectMethodHandleAccessor.java:103) ~[na:na]
	at java.base/java.lang.reflect.Method.invoke(Method.java:580) ~[na:na]
	at org.springframework.aop.support.AopUtils.invokeJoinpointUsingReflection(AopUtils.java:355) ~[spring-aop-6.1.15.jar:6.1.15]
	at org.springframework.aop.framework.CglibAopProxy$DynamicAdvisedInterceptor.intercept(CglibAopProxy.java:716) ~[spring-aop-6.1.15.jar:6.1.15]
	at com.george.user.service.impl.UserServiceImpl$$SpringCGLIB$$0.login(<generated>) ~[classes/:na]
	at com.george.user.controller.UserController.login(UserController.java:19) ~[classes/:na]
	at java.base/jdk.internal.reflect.DirectMethodHandleAccessor.invoke(DirectMethodHandleAccessor.java:103) ~[na:na]
	at java.base/java.lang.reflect.Method.invoke(Method.java:580) ~[na:na]
	at org.springframework.web.method.support.InvocableHandlerMethod.doInvoke(InvocableHandlerMethod.java:255) ~[spring-web-6.1.15.jar:6.1.15]
	at org.springframework.web.method.support.InvocableHandlerMethod.invokeForRequest(InvocableHandlerMethod.java:188) ~[spring-web-6.1.15.jar:6.1.15]
	at org.springframework.web.servlet.mvc.method.annotation.ServletInvocableHandlerMethod.invokeAndHandle(ServletInvocableHandlerMethod.java:118) ~[spring-webmvc-6.1.15.jar:6.1.15]
	at org.springframework.web.servlet.mvc.method.annotation.RequestMappingHandlerAdapter.invokeHandlerMethod(RequestMappingHandlerAdapter.java:926) ~[spring-webmvc-6.1.15.jar:6.1.15]
	at org.springframework.web.servlet.mvc.method.annotation.RequestMappingHandlerAdapter.handleInternal(RequestMappingHandlerAdapter.java:831) ~[spring-webmvc-6.1.15.jar:6.1.15]
	at org.springframework.web.servlet.mvc.method.AbstractHandlerMethodAdapter.handle(AbstractHandlerMethodAdapter.java:87) ~[spring-webmvc-6.1.15.jar:6.1.15]
	at org.springframework.web.servlet.DispatcherServlet.doDispatch(DispatcherServlet.java:1089) ~[spring-webmvc-6.1.15.jar:6.1.15]
	at org.springframework.web.servlet.DispatcherServlet.doService(DispatcherServlet.java:979) ~[spring-webmvc-6.1.15.jar:6.1.15]
	at org.springframework.web.servlet.FrameworkServlet.processRequest(FrameworkServlet.java:1014) ~[spring-webmvc-6.1.15.jar:6.1.15]
	at org.springframework.web.servlet.FrameworkServlet.doPost(FrameworkServlet.java:914) ~[spring-webmvc-6.1.15.jar:6.1.15]
	at jakarta.servlet.http.HttpServlet.service(HttpServlet.java:590) ~[tomcat-embed-core-10.1.33.jar:6.0]
	at org.springframework.web.servlet.FrameworkServlet.service(FrameworkServlet.java:885) ~[spring-webmvc-6.1.15.jar:6.1.15]
	at jakarta.servlet.http.HttpServlet.service(HttpServlet.java:658) ~[tomcat-embed-core-10.1.33.jar:6.0]
	at org.apache.catalina.core.ApplicationFilterChain.internalDoFilter(ApplicationFilterChain.java:195) ~[tomcat-embed-core-10.1.33.jar:10.1.33]
	at org.apache.catalina.core.ApplicationFilterChain.doFilter(ApplicationFilterChain.java:140) ~[tomcat-embed-core-10.1.33.jar:10.1.33]
	at org.apache.tomcat.websocket.server.WsFilter.doFilter(WsFilter.java:51) ~[tomcat-embed-websocket-10.1.33.jar:10.1.33]
	at org.apache.catalina.core.ApplicationFilterChain.internalDoFilter(ApplicationFilterChain.java:164) ~[tomcat-embed-core-10.1.33.jar:10.1.33]
	at org.apache.catalina.core.ApplicationFilterChain.doFilter(ApplicationFilterChain.java:140) ~[tomcat-embed-core-10.1.33.jar:10.1.33]
	at org.springframework.web.filter.RequestContextFilter.doFilterInternal(RequestContextFilter.java:100) ~[spring-web-6.1.15.jar:6.1.15]
	at org.springframework.web.filter.OncePerRequestFilter.doFilter(OncePerRequestFilter.java:116) ~[spring-web-6.1.15.jar:6.1.15]
	at org.apache.catalina.core.ApplicationFilterChain.internalDoFilter(ApplicationFilterChain.java:164) ~[tomcat-embed-core-10.1.33.jar:10.1.33]
	at org.apache.catalina.core.ApplicationFilterChain.doFilter(ApplicationFilterChain.java:140) ~[tomcat-embed-core-10.1.33.jar:10.1.33]
	at org.springframework.web.filter.FormContentFilter.doFilterInternal(FormContentFilter.java:93) ~[spring-web-6.1.15.jar:6.1.15]
	at org.springframework.web.filter.OncePerRequestFilter.doFilter(OncePerRequestFilter.java:116) ~[spring-web-6.1.15.jar:6.1.15]
	at org.apache.catalina.core.ApplicationFilterChain.internalDoFilter(ApplicationFilterChain.java:164) ~[tomcat-embed-core-10.1.33.jar:10.1.33]
	at org.apache.catalina.core.ApplicationFilterChain.doFilter(ApplicationFilterChain.java:140) ~[tomcat-embed-core-10.1.33.jar:10.1.33]
	at org.springframework.web.filter.CharacterEncodingFilter.doFilterInternal(CharacterEncodingFilter.java:201) ~[spring-web-6.1.15.jar:6.1.15]
	at org.springframework.web.filter.OncePerRequestFilter.doFilter(OncePerRequestFilter.java:116) ~[spring-web-6.1.15.jar:6.1.15]
	at org.apache.catalina.core.ApplicationFilterChain.internalDoFilter(ApplicationFilterChain.java:164) ~[tomcat-embed-core-10.1.33.jar:10.1.33]
	at org.apache.catalina.core.ApplicationFilterChain.doFilter(ApplicationFilterChain.java:140) ~[tomcat-embed-core-10.1.33.jar:10.1.33]
	at org.apache.catalina.core.StandardWrapperValve.invoke(StandardWrapperValve.java:167) ~[tomcat-embed-core-10.1.33.jar:10.1.33]
	at org.apache.catalina.core.StandardContextValve.invoke(StandardContextValve.java:90) ~[tomcat-embed-core-10.1.33.jar:10.1.33]
	at org.apache.catalina.authenticator.AuthenticatorBase.invoke(AuthenticatorBase.java:483) ~[tomcat-embed-core-10.1.33.jar:10.1.33]
	at org.apache.catalina.core.StandardHostValve.invoke(StandardHostValve.java:115) ~[tomcat-embed-core-10.1.33.jar:10.1.33]
	at org.apache.catalina.valves.ErrorReportValve.invoke(ErrorReportValve.java:93) ~[tomcat-embed-core-10.1.33.jar:10.1.33]
	at org.apache.catalina.core.StandardEngineValve.invoke(StandardEngineValve.java:74) ~[tomcat-embed-core-10.1.33.jar:10.1.33]
	at org.apache.catalina.connector.CoyoteAdapter.service(CoyoteAdapter.java:344) ~[tomcat-embed-core-10.1.33.jar:10.1.33]
	at org.apache.coyote.http11.Http11Processor.service(Http11Processor.java:397) ~[tomcat-embed-core-10.1.33.jar:10.1.33]
	at org.apache.coyote.AbstractProcessorLight.process(AbstractProcessorLight.java:63) ~[tomcat-embed-core-10.1.33.jar:10.1.33]
	at org.apache.coyote.AbstractProtocol$ConnectionHandler.process(AbstractProtocol.java:905) ~[tomcat-embed-core-10.1.33.jar:10.1.33]
	at org.apache.tomcat.util.net.NioEndpoint$SocketProcessor.doRun(NioEndpoint.java:1741) ~[tomcat-embed-core-10.1.33.jar:10.1.33]
	at org.apache.tomcat.util.net.SocketProcessorBase.run(SocketProcessorBase.java:52) ~[tomcat-embed-core-10.1.33.jar:10.1.33]
	at org.apache.tomcat.util.threads.ThreadPoolExecutor.runWorker(ThreadPoolExecutor.java:1190) ~[tomcat-embed-core-10.1.33.jar:10.1.33]
	at org.apache.tomcat.util.threads.ThreadPoolExecutor$Worker.run(ThreadPoolExecutor.java:659) ~[tomcat-embed-core-10.1.33.jar:10.1.33]
	at org.apache.tomcat.util.threads.TaskThread$WrappingRunnable.run(TaskThread.java:63) ~[tomcat-embed-core-10.1.33.jar:10.1.33]
	at java.base/java.lang.Thread.run(Thread.java:1583) ~[na:na]

20:41:58:440  INFO 20704 --- [user-service] [nacos.client.config.listener.task-0] c.a.c.n.refresh.NacosContextRefresher    : [Nacos Config] Receive Nacos config change: dataId=jdbc.yaml, group=DEFAULT_GROUP
20:41:58:518  WARN 20704 --- [user-service] [nacos.client.config.listener.task-0] c.a.c.n.c.NacosConfigDataLoader          : [Nacos Config] config[dataId=log.yaml, group=DEFAULT_GROUP] is empty
20:41:58:631  INFO 20704 --- [user-service] [nacos.client.config.listener.task-0] c.a.c.n.c.NacosConfigDataLoader          : [Nacos Config] Load config[dataId=jdbc.yaml, group=DEFAULT_GROUP] success
20:41:58:717  INFO 20704 --- [user-service] [nacos.client.config.listener.task-0] o.s.c.e.event.RefreshEventListener       : Refresh keys changed: [spring.datasource.url]
20:43:00:153  INFO 20704 --- [user-service] [nacos.client.config.listener.task-0] c.a.c.n.refresh.NacosContextRefresher    : [Nacos Config] Receive Nacos config change: dataId=log.yaml, group=DEFAULT_GROUP
20:43:00:353  INFO 20704 --- [user-service] [nacos.client.config.listener.task-0] c.a.c.n.c.NacosConfigDataLoader          : [Nacos Config] Load config[dataId=log.yaml, group=DEFAULT_GROUP] success
20:43:00:359  INFO 20704 --- [user-service] [nacos.client.config.listener.task-0] c.a.c.n.c.NacosConfigDataLoader          : [Nacos Config] Load config[dataId=jdbc.yaml, group=DEFAULT_GROUP] success
20:43:00:455  INFO 20704 --- [user-service] [nacos.client.config.listener.task-0] o.s.c.e.event.RefreshEventListener       : Refresh keys changed: []
20:44:09:091  WARN 20704 --- [user-service] [Thread-6] c.a.n.common.http.HttpClientBeanHolder   : [HttpClientBeanHolder] Start destroying common HttpClient
20:44:09:091  WARN 20704 --- [user-service] [Thread-8] c.a.nacos.common.notify.NotifyCenter     : [NotifyCenter] Start destroying Publisher
20:44:09:092  WARN 20704 --- [user-service] [Thread-1] c.a.n.common.executor.ThreadPoolManager  : [ThreadPoolManager] Start destroying ThreadPool
20:44:09:092  WARN 20704 --- [user-service] [Thread-8] c.a.nacos.common.notify.NotifyCenter     : [NotifyCenter] Destruction of the end
20:44:09:092  WARN 20704 --- [user-service] [Thread-1] c.a.n.common.executor.ThreadPoolManager  : [ThreadPoolManager] Destruction of the end
20:44:09:093  WARN 20704 --- [user-service] [Thread-6] c.a.n.common.http.HttpClientBeanHolder   : [HttpClientBeanHolder] Destruction of the end
20:44:09:093  INFO 20704 --- [user-service] [SpringApplicationShutdownHook] c.a.c.n.registry.NacosServiceRegistry    : De-registering from Nacos Server now...
20:44:09:099  INFO 20704 --- [user-service] [SpringApplicationShutdownHook] c.a.c.n.registry.NacosServiceRegistry    : De-registration finished.
20:44:13:794  INFO 16428 --- [user-service] [main] com.george.user.UserApplication          : Starting UserApplication using Java 21.0.11 with PID 16428 (E:\hmall\hm-user\user-service\target\classes started by lindu in E:\hmall)
20:44:13:795  INFO 16428 --- [user-service] [main] com.george.user.UserApplication          : The following 1 profile is active: "local"
20:44:13:835  INFO 16428 --- [user-service] [main] c.a.c.n.c.NacosConfigDataLoader          : [Nacos Config] Load config[dataId=log.yaml, group=DEFAULT_GROUP] success
20:44:13:836  INFO 16428 --- [user-service] [main] c.a.c.n.c.NacosConfigDataLoader          : [Nacos Config] Load config[dataId=jdbc.yaml, group=DEFAULT_GROUP] success
20:44:14:601  INFO 16428 --- [user-service] [main] o.s.cloud.context.scope.GenericScope     : BeanFactory id=73ec1c5f-ab23-3869-b031-c6e07a7e14c9
20:44:14:775  WARN 16428 --- [user-service] [main] trationDelegate$BeanPostProcessorChecker : Bean 'org.springframework.cloud.client.loadbalancer.LoadBalancerAutoConfiguration$DeferringLoadBalancerInterceptorConfig' of type [org.springframework.cloud.client.loadbalancer.LoadBalancerAutoConfiguration$DeferringLoadBalancerInterceptorConfig] is not eligible for getting processed by all BeanPostProcessors (for example: not eligible for auto-proxying). The currently created BeanPostProcessor [lbRestClientPostProcessor] is declared through a non-static factory method on that class; consider declaring it as static instead.
20:44:14:777  WARN 16428 --- [user-service] [main] trationDelegate$BeanPostProcessorChecker : Bean 'deferringLoadBalancerInterceptor' of type [org.springframework.cloud.client.loadbalancer.DeferringLoadBalancerInterceptor] is not eligible for getting processed by all BeanPostProcessors (for example: not eligible for auto-proxying). Is this bean getting eagerly injected/applied to a currently created BeanPostProcessor [lbRestClientPostProcessor]? Check the corresponding BeanPostProcessor declaration and its dependencies/advisors. If this bean does not have to be post-processed, declare it with ROLE_INFRASTRUCTURE.
20:44:15:020  INFO 16428 --- [user-service] [main] o.s.b.w.embedded.tomcat.TomcatWebServer  : Tomcat initialized with port 9005 (http)
20:44:15:035  INFO 16428 --- [user-service] [main] o.apache.catalina.core.StandardService   : Starting service [Tomcat]
20:44:15:035  INFO 16428 --- [user-service] [main] o.apache.catalina.core.StandardEngine    : Starting Servlet engine: [Apache Tomcat/10.1.33]
20:44:15:112  INFO 16428 --- [user-service] [main] o.a.c.c.C.[Tomcat].[localhost].[/]       : Initializing Spring embedded WebApplicationContext
20:44:15:112  INFO 16428 --- [user-service] [main] w.s.c.ServletWebServerApplicationContext : Root WebApplicationContext: initialization completed in 1275 ms
20:44:16:114  INFO 16428 --- [user-service] [main] m.e.s.MybatisPlusApplicationContextAware : Register ApplicationContext instances org.springframework.boot.web.servlet.context.AnnotationConfigServletWebServerApplicationContext@3f9f71ff
20:44:16:281  INFO 16428 --- [user-service] [main] o.s.b.w.embedded.tomcat.TomcatWebServer  : Tomcat started on port 9005 (http) with context path '/'
20:44:16:295  INFO 16428 --- [user-service] [main] c.a.n.p.a.s.c.ClientAuthPluginManager    : [ClientAuthPluginManager] Load ClientAuthService com.alibaba.nacos.client.auth.impl.NacosClientAuthServiceImpl success.
20:44:16:295  INFO 16428 --- [user-service] [main] c.a.n.p.a.s.c.ClientAuthPluginManager    : [ClientAuthPluginManager] Load ClientAuthService com.alibaba.nacos.client.auth.ram.RamClientAuthServiceImpl success.
20:44:16:326  INFO 16428 --- [user-service] [main] c.a.c.n.registry.NacosServiceRegistry    : nacos registry, DEFAULT_GROUP user-service 192.168.108.1:9005 register finished
20:44:16:337  INFO 16428 --- [user-service] [main] com.george.user.UserApplication          : Started UserApplication in 4.349 seconds (process running for 5.001)
20:44:16:360  INFO 16428 --- [user-service] [main] c.a.c.n.refresh.NacosContextRefresher    : [Nacos Config] Listening config: dataId=jdbc.yaml, group=DEFAULT_GROUP
20:44:16:367  INFO 16428 --- [user-service] [main] c.a.c.n.refresh.NacosContextRefresher    : [Nacos Config] Listening config: dataId=log.yaml, group=DEFAULT_GROUP
20:44:32:220  INFO 16428 --- [user-service] [http-nio-9005-exec-1] o.a.c.c.C.[Tomcat].[localhost].[/]       : Initializing Spring DispatcherServlet 'dispatcherServlet'
20:44:32:220  INFO 16428 --- [user-service] [http-nio-9005-exec-1] o.s.web.servlet.DispatcherServlet        : Initializing Servlet 'dispatcherServlet'
20:44:32:221  INFO 16428 --- [user-service] [http-nio-9005-exec-1] o.s.web.servlet.DispatcherServlet        : Completed initialization in 1 ms
20:44:32:373  INFO 16428 --- [user-service] [http-nio-9005-exec-1] com.zaxxer.hikari.HikariDataSource       : HikariPool-1 - Starting...
20:44:37:755 ERROR 16428 --- [user-service] [http-nio-9005-exec-1] o.a.c.c.C.[.[.[/].[dispatcherServlet]    : Servlet.service() for servlet [dispatcherServlet] in context with path [] threw exception [Request processing failed: org.mybatis.spring.MyBatisSystemException: 
### Error querying database.  Cause: org.springframework.jdbc.CannotGetJdbcConnectionException: Failed to obtain JDBC Connection
### The error may exist in com/george/user/mapper/UserMapper.java (best guess)
### The error may involve com.george.user.mapper.UserMapper.selectList
### The error occurred while executing a query
### Cause: org.springframework.jdbc.CannotGetJdbcConnectionException: Failed to obtain JDBC Connection] with root cause

com.mysql.cj.exceptions.CJException: Unknown database '{hm.db.dbname}'
	at java.base/jdk.internal.reflect.DirectConstructorHandleAccessor.newInstance(DirectConstructorHandleAccessor.java:62) ~[na:na]
	at java.base/java.lang.reflect.Constructor.newInstanceWithCaller(Constructor.java:502) ~[na:na]
	at java.base/java.lang.reflect.Constructor.newInstance(Constructor.java:486) ~[na:na]
	at com.mysql.cj.exceptions.ExceptionFactory.createException(ExceptionFactory.java:52) ~[mysql-connector-j-9.7.0.jar:9.7.0]
	at com.mysql.cj.exceptions.ExceptionFactory.createException(ExceptionFactory.java:95) ~[mysql-connector-j-9.7.0.jar:9.7.0]
	at com.mysql.cj.exceptions.ExceptionFactory.createException(ExceptionFactory.java:140) ~[mysql-connector-j-9.7.0.jar:9.7.0]
	at com.mysql.cj.exceptions.ExceptionFactory.createException(ExceptionFactory.java:118) ~[mysql-connector-j-9.7.0.jar:9.7.0]
	at com.mysql.cj.protocol.a.NativeProtocol.checkErrorMessage(NativeProtocol.java:853) ~[mysql-connector-j-9.7.0.jar:9.7.0]
	at com.mysql.cj.protocol.a.NativeProtocol.checkErrorMessage(NativeProtocol.java:776) ~[mysql-connector-j-9.7.0.jar:9.7.0]
	at com.mysql.cj.protocol.a.NativeProtocol.checkErrorMessage(NativeProtocol.java:745) ~[mysql-connector-j-9.7.0.jar:9.7.0]
	at com.mysql.cj.protocol.a.NativeProtocol.checkErrorMessage(NativeProtocol.java:147) ~[mysql-connector-j-9.7.0.jar:9.7.0]
	at com.mysql.cj.protocol.a.NativeAuthenticationProvider.proceedHandshakeWithPluggableAuthentication(NativeAuthenticationProvider.java:461) ~[mysql-connector-j-9.7.0.jar:9.7.0]
	at com.mysql.cj.protocol.a.NativeAuthenticationProvider.connect(NativeAuthenticationProvider.java:206) ~[mysql-connector-j-9.7.0.jar:9.7.0]
	at com.mysql.cj.protocol.a.NativeProtocol.connect(NativeProtocol.java:1334) ~[mysql-connector-j-9.7.0.jar:9.7.0]
	at com.mysql.cj.NativeSession.connect(NativeSession.java:155) ~[mysql-connector-j-9.7.0.jar:9.7.0]
	at com.mysql.cj.jdbc.ConnectionImpl.connectWithRetries(ConnectionImpl.java:854) ~[mysql-connector-j-9.7.0.jar:9.7.0]
	at com.mysql.cj.jdbc.ConnectionImpl.createNewIO(ConnectionImpl.java:833) ~[mysql-connector-j-9.7.0.jar:9.7.0]
	at com.mysql.cj.jdbc.ConnectionImpl.<init>(ConnectionImpl.java:416) ~[mysql-connector-j-9.7.0.jar:9.7.0]
	at com.mysql.cj.jdbc.ConnectionImpl.getInstance(ConnectionImpl.java:237) ~[mysql-connector-j-9.7.0.jar:9.7.0]
	at com.mysql.cj.jdbc.NonRegisteringDriver.connect(NonRegisteringDriver.java:180) ~[mysql-connector-j-9.7.0.jar:9.7.0]
	at com.zaxxer.hikari.util.DriverDataSource.getConnection(DriverDataSource.java:137) ~[HikariCP-5.1.0.jar:na]
	at com.zaxxer.hikari.pool.PoolBase.newConnection(PoolBase.java:360) ~[HikariCP-5.1.0.jar:na]
	at com.zaxxer.hikari.pool.PoolBase.newPoolEntry(PoolBase.java:202) ~[HikariCP-5.1.0.jar:na]
	at com.zaxxer.hikari.pool.HikariPool.createPoolEntry(HikariPool.java:461) ~[HikariCP-5.1.0.jar:na]
	at com.zaxxer.hikari.pool.HikariPool.checkFailFast(HikariPool.java:550) ~[HikariCP-5.1.0.jar:na]
	at com.zaxxer.hikari.pool.HikariPool.<init>(HikariPool.java:98) ~[HikariCP-5.1.0.jar:na]
	at com.zaxxer.hikari.HikariDataSource.getConnection(HikariDataSource.java:111) ~[HikariCP-5.1.0.jar:na]
	at org.springframework.jdbc.datasource.DataSourceUtils.fetchConnection(DataSourceUtils.java:160) ~[spring-jdbc-6.1.15.jar:6.1.15]
	at org.springframework.jdbc.datasource.DataSourceUtils.doGetConnection(DataSourceUtils.java:118) ~[spring-jdbc-6.1.15.jar:6.1.15]
	at org.springframework.jdbc.datasource.DataSourceUtils.getConnection(DataSourceUtils.java:81) ~[spring-jdbc-6.1.15.jar:6.1.15]
	at org.mybatis.spring.transaction.SpringManagedTransaction.openConnection(SpringManagedTransaction.java:77) ~[mybatis-spring-3.0.4.jar:3.0.4]
	at org.mybatis.spring.transaction.SpringManagedTransaction.getConnection(SpringManagedTransaction.java:64) ~[mybatis-spring-3.0.4.jar:3.0.4]
	at org.apache.ibatis.executor.BaseExecutor.getConnection(BaseExecutor.java:348) ~[mybatis-3.5.19.jar:3.5.19]
	at org.apache.ibatis.executor.SimpleExecutor.prepareStatement(SimpleExecutor.java:89) ~[mybatis-3.5.19.jar:3.5.19]
	at org.apache.ibatis.executor.SimpleExecutor.doQuery(SimpleExecutor.java:64) ~[mybatis-3.5.19.jar:3.5.19]
	at org.apache.ibatis.executor.BaseExecutor.queryFromDatabase(BaseExecutor.java:336) ~[mybatis-3.5.19.jar:3.5.19]
	at org.apache.ibatis.executor.BaseExecutor.query(BaseExecutor.java:158) ~[mybatis-3.5.19.jar:3.5.19]
	at org.apache.ibatis.executor.CachingExecutor.query(CachingExecutor.java:110) ~[mybatis-3.5.19.jar:3.5.19]
	at com.baomidou.mybatisplus.extension.plugins.MybatisPlusInterceptor.intercept(MybatisPlusInterceptor.java:81) ~[mybatis-plus-extension-3.5.12.jar:3.5.12]
	at org.apache.ibatis.plugin.Plugin.invoke(Plugin.java:59) ~[mybatis-3.5.19.jar:3.5.19]
	at jdk.proxy2/jdk.proxy2.$Proxy108.query(Unknown Source) ~[na:na]
	at org.apache.ibatis.session.defaults.DefaultSqlSession.selectList(DefaultSqlSession.java:154) ~[mybatis-3.5.19.jar:3.5.19]
	at org.apache.ibatis.session.defaults.DefaultSqlSession.selectList(DefaultSqlSession.java:147) ~[mybatis-3.5.19.jar:3.5.19]
	at org.apache.ibatis.session.defaults.DefaultSqlSession.selectList(DefaultSqlSession.java:142) ~[mybatis-3.5.19.jar:3.5.19]
	at java.base/jdk.internal.reflect.DirectMethodHandleAccessor.invoke(DirectMethodHandleAccessor.java:103) ~[na:na]
	at java.base/java.lang.reflect.Method.invoke(Method.java:580) ~[na:na]
	at org.mybatis.spring.SqlSessionTemplate$SqlSessionInterceptor.invoke(SqlSessionTemplate.java:333) ~[mybatis-spring-3.0.4.jar:3.0.4]
	at jdk.proxy2/jdk.proxy2.$Proxy79.selectList(Unknown Source) ~[na:na]
	at org.mybatis.spring.SqlSessionTemplate.selectList(SqlSessionTemplate.java:194) ~[mybatis-spring-3.0.4.jar:3.0.4]
	at com.baomidou.mybatisplus.core.override.MybatisMapperMethod.executeForMany(MybatisMapperMethod.java:164) ~[mybatis-plus-core-3.5.12.jar:3.5.12]
	at com.baomidou.mybatisplus.core.override.MybatisMapperMethod.execute(MybatisMapperMethod.java:77) ~[mybatis-plus-core-3.5.12.jar:3.5.12]
	at com.baomidou.mybatisplus.core.override.MybatisMapperProxy$PlainMethodInvoker.invoke(MybatisMapperProxy.java:156) ~[mybatis-plus-core-3.5.12.jar:3.5.12]
	at com.baomidou.mybatisplus.core.override.MybatisMapperProxy.invoke(MybatisMapperProxy.java:93) ~[mybatis-plus-core-3.5.12.jar:3.5.12]
	at jdk.proxy2/jdk.proxy2.$Proxy87.selectList(Unknown Source) ~[na:na]
	at com.baomidou.mybatisplus.core.mapper.BaseMapper.selectOne(BaseMapper.java:332) ~[mybatis-plus-core-3.5.12.jar:3.5.12]
	at java.base/java.lang.invoke.MethodHandle.invokeWithArguments(MethodHandle.java:733) ~[na:na]
	at com.baomidou.mybatisplus.core.override.MybatisMapperProxy$DefaultMethodInvoker.invoke(MybatisMapperProxy.java:172) ~[mybatis-plus-core-3.5.12.jar:3.5.12]
	at com.baomidou.mybatisplus.core.override.MybatisMapperProxy.invoke(MybatisMapperProxy.java:93) ~[mybatis-plus-core-3.5.12.jar:3.5.12]
	at jdk.proxy2/jdk.proxy2.$Proxy87.selectOne(Unknown Source) ~[na:na]
	at com.baomidou.mybatisplus.core.mapper.BaseMapper.selectOne(BaseMapper.java:321) ~[mybatis-plus-core-3.5.12.jar:3.5.12]
	at java.base/java.lang.invoke.MethodHandle.invokeWithArguments(MethodHandle.java:733) ~[na:na]
	at com.baomidou.mybatisplus.core.override.MybatisMapperProxy$DefaultMethodInvoker.invoke(MybatisMapperProxy.java:182) ~[mybatis-plus-core-3.5.12.jar:3.5.12]
	at com.baomidou.mybatisplus.core.override.MybatisMapperProxy.invoke(MybatisMapperProxy.java:93) ~[mybatis-plus-core-3.5.12.jar:3.5.12]
	at jdk.proxy2/jdk.proxy2.$Proxy87.selectOne(Unknown Source) ~[na:na]
	at com.baomidou.mybatisplus.extension.conditions.query.ChainQuery.lambda$one$cd9f9c92$1(ChainQuery.java:59) ~[mybatis-plus-extension-3.5.12.jar:3.5.12]
	at com.baomidou.mybatisplus.extension.conditions.ChainWrapper.execute(ChainWrapper.java:63) ~[mybatis-plus-extension-3.5.12.jar:3.5.12]
	at com.baomidou.mybatisplus.extension.conditions.query.ChainQuery.one(ChainQuery.java:59) ~[mybatis-plus-extension-3.5.12.jar:3.5.12]
	at com.george.user.service.impl.UserServiceImpl.login(UserServiceImpl.java:40) ~[classes/:na]
	at java.base/jdk.internal.reflect.DirectMethodHandleAccessor.invoke(DirectMethodHandleAccessor.java:103) ~[na:na]
	at java.base/java.lang.reflect.Method.invoke(Method.java:580) ~[na:na]
	at org.springframework.aop.support.AopUtils.invokeJoinpointUsingReflection(AopUtils.java:355) ~[spring-aop-6.1.15.jar:6.1.15]
	at org.springframework.aop.framework.CglibAopProxy$DynamicAdvisedInterceptor.intercept(CglibAopProxy.java:716) ~[spring-aop-6.1.15.jar:6.1.15]
	at com.george.user.service.impl.UserServiceImpl$$SpringCGLIB$$0.login(<generated>) ~[classes/:na]
	at com.george.user.controller.UserController.login(UserController.java:19) ~[classes/:na]
	at java.base/jdk.internal.reflect.DirectMethodHandleAccessor.invoke(DirectMethodHandleAccessor.java:103) ~[na:na]
	at java.base/java.lang.reflect.Method.invoke(Method.java:580) ~[na:na]
	at org.springframework.web.method.support.InvocableHandlerMethod.doInvoke(InvocableHandlerMethod.java:255) ~[spring-web-6.1.15.jar:6.1.15]
	at org.springframework.web.method.support.InvocableHandlerMethod.invokeForRequest(InvocableHandlerMethod.java:188) ~[spring-web-6.1.15.jar:6.1.15]
	at org.springframework.web.servlet.mvc.method.annotation.ServletInvocableHandlerMethod.invokeAndHandle(ServletInvocableHandlerMethod.java:118) ~[spring-webmvc-6.1.15.jar:6.1.15]
	at org.springframework.web.servlet.mvc.method.annotation.RequestMappingHandlerAdapter.invokeHandlerMethod(RequestMappingHandlerAdapter.java:926) ~[spring-webmvc-6.1.15.jar:6.1.15]
	at org.springframework.web.servlet.mvc.method.annotation.RequestMappingHandlerAdapter.handleInternal(RequestMappingHandlerAdapter.java:831) ~[spring-webmvc-6.1.15.jar:6.1.15]
	at org.springframework.web.servlet.mvc.method.AbstractHandlerMethodAdapter.handle(AbstractHandlerMethodAdapter.java:87) ~[spring-webmvc-6.1.15.jar:6.1.15]
	at org.springframework.web.servlet.DispatcherServlet.doDispatch(DispatcherServlet.java:1089) ~[spring-webmvc-6.1.15.jar:6.1.15]
	at org.springframework.web.servlet.DispatcherServlet.doService(DispatcherServlet.java:979) ~[spring-webmvc-6.1.15.jar:6.1.15]
	at org.springframework.web.servlet.FrameworkServlet.processRequest(FrameworkServlet.java:1014) ~[spring-webmvc-6.1.15.jar:6.1.15]
	at org.springframework.web.servlet.FrameworkServlet.doPost(FrameworkServlet.java:914) ~[spring-webmvc-6.1.15.jar:6.1.15]
	at jakarta.servlet.http.HttpServlet.service(HttpServlet.java:590) ~[tomcat-embed-core-10.1.33.jar:6.0]
	at org.springframework.web.servlet.FrameworkServlet.service(FrameworkServlet.java:885) ~[spring-webmvc-6.1.15.jar:6.1.15]
	at jakarta.servlet.http.HttpServlet.service(HttpServlet.java:658) ~[tomcat-embed-core-10.1.33.jar:6.0]
	at org.apache.catalina.core.ApplicationFilterChain.internalDoFilter(ApplicationFilterChain.java:195) ~[tomcat-embed-core-10.1.33.jar:10.1.33]
	at org.apache.catalina.core.ApplicationFilterChain.doFilter(ApplicationFilterChain.java:140) ~[tomcat-embed-core-10.1.33.jar:10.1.33]
	at org.apache.tomcat.websocket.server.WsFilter.doFilter(WsFilter.java:51) ~[tomcat-embed-websocket-10.1.33.jar:10.1.33]
	at org.apache.catalina.core.ApplicationFilterChain.internalDoFilter(ApplicationFilterChain.java:164) ~[tomcat-embed-core-10.1.33.jar:10.1.33]
	at org.apache.catalina.core.ApplicationFilterChain.doFilter(ApplicationFilterChain.java:140) ~[tomcat-embed-core-10.1.33.jar:10.1.33]
	at org.springframework.web.filter.RequestContextFilter.doFilterInternal(RequestContextFilter.java:100) ~[spring-web-6.1.15.jar:6.1.15]
	at org.springframework.web.filter.OncePerRequestFilter.doFilter(OncePerRequestFilter.java:116) ~[spring-web-6.1.15.jar:6.1.15]
	at org.apache.catalina.core.ApplicationFilterChain.internalDoFilter(ApplicationFilterChain.java:164) ~[tomcat-embed-core-10.1.33.jar:10.1.33]
	at org.apache.catalina.core.ApplicationFilterChain.doFilter(ApplicationFilterChain.java:140) ~[tomcat-embed-core-10.1.33.jar:10.1.33]
	at org.springframework.web.filter.FormContentFilter.doFilterInternal(FormContentFilter.java:93) ~[spring-web-6.1.15.jar:6.1.15]
	at org.springframework.web.filter.OncePerRequestFilter.doFilter(OncePerRequestFilter.java:116) ~[spring-web-6.1.15.jar:6.1.15]
	at org.apache.catalina.core.ApplicationFilterChain.internalDoFilter(ApplicationFilterChain.java:164) ~[tomcat-embed-core-10.1.33.jar:10.1.33]
	at org.apache.catalina.core.ApplicationFilterChain.doFilter(ApplicationFilterChain.java:140) ~[tomcat-embed-core-10.1.33.jar:10.1.33]
	at org.springframework.web.filter.CharacterEncodingFilter.doFilterInternal(CharacterEncodingFilter.java:201) ~[spring-web-6.1.15.jar:6.1.15]
	at org.springframework.web.filter.OncePerRequestFilter.doFilter(OncePerRequestFilter.java:116) ~[spring-web-6.1.15.jar:6.1.15]
	at org.apache.catalina.core.ApplicationFilterChain.internalDoFilter(ApplicationFilterChain.java:164) ~[tomcat-embed-core-10.1.33.jar:10.1.33]
	at org.apache.catalina.core.ApplicationFilterChain.doFilter(ApplicationFilterChain.java:140) ~[tomcat-embed-core-10.1.33.jar:10.1.33]
	at org.apache.catalina.core.StandardWrapperValve.invoke(StandardWrapperValve.java:167) ~[tomcat-embed-core-10.1.33.jar:10.1.33]
	at org.apache.catalina.core.StandardContextValve.invoke(StandardContextValve.java:90) ~[tomcat-embed-core-10.1.33.jar:10.1.33]
	at org.apache.catalina.authenticator.AuthenticatorBase.invoke(AuthenticatorBase.java:483) ~[tomcat-embed-core-10.1.33.jar:10.1.33]
	at org.apache.catalina.core.StandardHostValve.invoke(StandardHostValve.java:115) ~[tomcat-embed-core-10.1.33.jar:10.1.33]
	at org.apache.catalina.valves.ErrorReportValve.invoke(ErrorReportValve.java:93) ~[tomcat-embed-core-10.1.33.jar:10.1.33]
	at org.apache.catalina.core.StandardEngineValve.invoke(StandardEngineValve.java:74) ~[tomcat-embed-core-10.1.33.jar:10.1.33]
	at org.apache.catalina.connector.CoyoteAdapter.service(CoyoteAdapter.java:344) ~[tomcat-embed-core-10.1.33.jar:10.1.33]
	at org.apache.coyote.http11.Http11Processor.service(Http11Processor.java:397) ~[tomcat-embed-core-10.1.33.jar:10.1.33]
	at org.apache.coyote.AbstractProcessorLight.process(AbstractProcessorLight.java:63) ~[tomcat-embed-core-10.1.33.jar:10.1.33]
	at org.apache.coyote.AbstractProtocol$ConnectionHandler.process(AbstractProtocol.java:905) ~[tomcat-embed-core-10.1.33.jar:10.1.33]
	at org.apache.tomcat.util.net.NioEndpoint$SocketProcessor.doRun(NioEndpoint.java:1741) ~[tomcat-embed-core-10.1.33.jar:10.1.33]
	at org.apache.tomcat.util.net.SocketProcessorBase.run(SocketProcessorBase.java:52) ~[tomcat-embed-core-10.1.33.jar:10.1.33]
	at org.apache.tomcat.util.threads.ThreadPoolExecutor.runWorker(ThreadPoolExecutor.java:1190) ~[tomcat-embed-core-10.1.33.jar:10.1.33]
	at org.apache.tomcat.util.threads.ThreadPoolExecutor$Worker.run(ThreadPoolExecutor.java:659) ~[tomcat-embed-core-10.1.33.jar:10.1.33]
	at org.apache.tomcat.util.threads.TaskThread$WrappingRunnable.run(TaskThread.java:63) ~[tomcat-embed-core-10.1.33.jar:10.1.33]
	at java.base/java.lang.Thread.run(Thread.java:1583) ~[na:na]

20:45:27:656  INFO 16428 --- [user-service] [nacos.client.config.listener.task-0] c.a.c.n.refresh.NacosContextRefresher    : [Nacos Config] Receive Nacos config change: dataId=jdbc.yaml, group=DEFAULT_GROUP
20:45:27:722  INFO 16428 --- [user-service] [nacos.client.config.listener.task-0] c.a.c.n.c.NacosConfigDataLoader          : [Nacos Config] Load config[dataId=log.yaml, group=DEFAULT_GROUP] success
20:45:27:855  INFO 16428 --- [user-service] [nacos.client.config.listener.task-0] c.a.c.n.c.NacosConfigDataLoader          : [Nacos Config] Load config[dataId=jdbc.yaml, group=DEFAULT_GROUP] success
20:45:27:955  INFO 16428 --- [user-service] [nacos.client.config.listener.task-0] o.s.c.e.event.RefreshEventListener       : Refresh keys changed: [spring.datasource.url]
20:45:35:159  WARN 16428 --- [user-service] [Thread-8] c.a.nacos.common.notify.NotifyCenter     : [NotifyCenter] Start destroying Publisher
20:45:35:159  WARN 16428 --- [user-service] [Thread-6] c.a.n.common.http.HttpClientBeanHolder   : [HttpClientBeanHolder] Start destroying common HttpClient
20:45:35:159  WARN 16428 --- [user-service] [Thread-1] c.a.n.common.executor.ThreadPoolManager  : [ThreadPoolManager] Start destroying ThreadPool
20:45:35:159  WARN 16428 --- [user-service] [Thread-8] c.a.nacos.common.notify.NotifyCenter     : [NotifyCenter] Destruction of the end
20:45:35:159  WARN 16428 --- [user-service] [Thread-1] c.a.n.common.executor.ThreadPoolManager  : [ThreadPoolManager] Destruction of the end
20:45:35:160  WARN 16428 --- [user-service] [Thread-6] c.a.n.common.http.HttpClientBeanHolder   : [HttpClientBeanHolder] Destruction of the end
20:45:35:160  INFO 16428 --- [user-service] [SpringApplicationShutdownHook] c.a.c.n.registry.NacosServiceRegistry    : De-registering from Nacos Server now...
20:45:35:166  INFO 16428 --- [user-service] [SpringApplicationShutdownHook] c.a.c.n.registry.NacosServiceRegistry    : De-registration finished.
20:45:39:932  INFO 20012 --- [user-service] [main] com.george.user.UserApplication          : Starting UserApplication using Java 21.0.11 with PID 20012 (E:\hmall\hm-user\user-service\target\classes started by lindu in E:\hmall)
20:45:39:933  INFO 20012 --- [user-service] [main] com.george.user.UserApplication          : The following 1 profile is active: "local"
20:45:39:980  INFO 20012 --- [user-service] [main] c.a.c.n.c.NacosConfigDataLoader          : [Nacos Config] Load config[dataId=log.yaml, group=DEFAULT_GROUP] success
20:45:39:981  INFO 20012 --- [user-service] [main] c.a.c.n.c.NacosConfigDataLoader          : [Nacos Config] Load config[dataId=jdbc.yaml, group=DEFAULT_GROUP] success
20:45:40:741  INFO 20012 --- [user-service] [main] o.s.cloud.context.scope.GenericScope     : BeanFactory id=73ec1c5f-ab23-3869-b031-c6e07a7e14c9
20:45:40:902  WARN 20012 --- [user-service] [main] trationDelegate$BeanPostProcessorChecker : Bean 'org.springframework.cloud.client.loadbalancer.LoadBalancerAutoConfiguration$DeferringLoadBalancerInterceptorConfig' of type [org.springframework.cloud.client.loadbalancer.LoadBalancerAutoConfiguration$DeferringLoadBalancerInterceptorConfig] is not eligible for getting processed by all BeanPostProcessors (for example: not eligible for auto-proxying). The currently created BeanPostProcessor [lbRestClientPostProcessor] is declared through a non-static factory method on that class; consider declaring it as static instead.
20:45:40:910  WARN 20012 --- [user-service] [main] trationDelegate$BeanPostProcessorChecker : Bean 'deferringLoadBalancerInterceptor' of type [org.springframework.cloud.client.loadbalancer.DeferringLoadBalancerInterceptor] is not eligible for getting processed by all BeanPostProcessors (for example: not eligible for auto-proxying). Is this bean getting eagerly injected/applied to a currently created BeanPostProcessor [lbRestClientPostProcessor]? Check the corresponding BeanPostProcessor declaration and its dependencies/advisors. If this bean does not have to be post-processed, declare it with ROLE_INFRASTRUCTURE.
20:45:41:109  INFO 20012 --- [user-service] [main] o.s.b.w.embedded.tomcat.TomcatWebServer  : Tomcat initialized with port 9005 (http)
20:45:41:122  INFO 20012 --- [user-service] [main] o.apache.catalina.core.StandardService   : Starting service [Tomcat]
20:45:41:123  INFO 20012 --- [user-service] [main] o.apache.catalina.core.StandardEngine    : Starting Servlet engine: [Apache Tomcat/10.1.33]
20:45:41:194  INFO 20012 --- [user-service] [main] o.a.c.c.C.[Tomcat].[localhost].[/]       : Initializing Spring embedded WebApplicationContext
20:45:41:195  INFO 20012 --- [user-service] [main] w.s.c.ServletWebServerApplicationContext : Root WebApplicationContext: initialization completed in 1207 ms
20:45:42:127  INFO 20012 --- [user-service] [main] m.e.s.MybatisPlusApplicationContextAware : Register ApplicationContext instances org.springframework.boot.web.servlet.context.AnnotationConfigServletWebServerApplicationContext@4422dd48
20:45:42:300  INFO 20012 --- [user-service] [main] o.s.b.w.embedded.tomcat.TomcatWebServer  : Tomcat started on port 9005 (http) with context path '/'
20:45:42:316  INFO 20012 --- [user-service] [main] c.a.n.p.a.s.c.ClientAuthPluginManager    : [ClientAuthPluginManager] Load ClientAuthService com.alibaba.nacos.client.auth.impl.NacosClientAuthServiceImpl success.
20:45:42:316  INFO 20012 --- [user-service] [main] c.a.n.p.a.s.c.ClientAuthPluginManager    : [ClientAuthPluginManager] Load ClientAuthService com.alibaba.nacos.client.auth.ram.RamClientAuthServiceImpl success.
20:45:42:351  INFO 20012 --- [user-service] [main] c.a.c.n.registry.NacosServiceRegistry    : nacos registry, DEFAULT_GROUP user-service 192.168.108.1:9005 register finished
20:45:42:362  INFO 20012 --- [user-service] [main] com.george.user.UserApplication          : Started UserApplication in 4.214 seconds (process running for 4.83)
20:45:42:384  INFO 20012 --- [user-service] [main] c.a.c.n.refresh.NacosContextRefresher    : [Nacos Config] Listening config: dataId=jdbc.yaml, group=DEFAULT_GROUP
20:45:42:386  INFO 20012 --- [user-service] [main] c.a.c.n.refresh.NacosContextRefresher    : [Nacos Config] Listening config: dataId=log.yaml, group=DEFAULT_GROUP
20:45:46:991  INFO 20012 --- [user-service] [http-nio-9005-exec-1] o.a.c.c.C.[Tomcat].[localhost].[/]       : Initializing Spring DispatcherServlet 'dispatcherServlet'
20:45:46:991  INFO 20012 --- [user-service] [http-nio-9005-exec-1] o.s.web.servlet.DispatcherServlet        : Initializing Servlet 'dispatcherServlet'
20:45:46:992  INFO 20012 --- [user-service] [http-nio-9005-exec-1] o.s.web.servlet.DispatcherServlet        : Completed initialization in 1 ms
20:45:47:159  INFO 20012 --- [user-service] [http-nio-9005-exec-1] com.zaxxer.hikari.HikariDataSource       : HikariPool-1 - Starting...
20:45:47:436  INFO 20012 --- [user-service] [http-nio-9005-exec-1] com.zaxxer.hikari.pool.HikariPool        : HikariPool-1 - Added connection com.mysql.cj.jdbc.ConnectionImpl@1c00cefe
20:45:47:438  INFO 20012 --- [user-service] [http-nio-9005-exec-1] com.zaxxer.hikari.HikariDataSource       : HikariPool-1 - Start completed.
20:55:55:687  WARN 20012 --- [user-service] [Thread-8] c.a.nacos.common.notify.NotifyCenter     : [NotifyCenter] Start destroying Publisher
20:55:55:687  WARN 20012 --- [user-service] [Thread-1] c.a.n.common.executor.ThreadPoolManager  : [ThreadPoolManager] Start destroying ThreadPool
20:55:55:687  WARN 20012 --- [user-service] [Thread-6] c.a.n.common.http.HttpClientBeanHolder   : [HttpClientBeanHolder] Start destroying common HttpClient
20:55:55:687  WARN 20012 --- [user-service] [Thread-8] c.a.nacos.common.notify.NotifyCenter     : [NotifyCenter] Destruction of the end
20:55:55:688  WARN 20012 --- [user-service] [Thread-1] c.a.n.common.executor.ThreadPoolManager  : [ThreadPoolManager] Destruction of the end
20:55:55:688  WARN 20012 --- [user-service] [Thread-6] c.a.n.common.http.HttpClientBeanHolder   : [HttpClientBeanHolder] Destruction of the end
20:55:55:689  INFO 20012 --- [user-service] [SpringApplicationShutdownHook] c.a.c.n.registry.NacosServiceRegistry    : De-registering from Nacos Server now...
20:55:55:694  INFO 20012 --- [user-service] [SpringApplicationShutdownHook] c.a.c.n.registry.NacosServiceRegistry    : De-registration finished.
20:56:01:276  INFO 24580 --- [user-service] [main] com.george.user.UserApplication          : Starting UserApplication using Java 21.0.11 with PID 24580 (E:\hmall\hm-user\user-service\target\classes started by lindu in E:\hmall)
20:56:01:277  INFO 24580 --- [user-service] [main] com.george.user.UserApplication          : The following 1 profile is active: "local"
20:56:01:325  INFO 24580 --- [user-service] [main] c.a.c.n.c.NacosConfigDataLoader          : [Nacos Config] Load config[dataId=log.yaml, group=DEFAULT_GROUP] success
20:56:01:330  INFO 24580 --- [user-service] [main] c.a.c.n.c.NacosConfigDataLoader          : [Nacos Config] Load config[dataId=jdbc.yaml, group=DEFAULT_GROUP] success
20:56:02:064  INFO 24580 --- [user-service] [main] o.s.cloud.context.scope.GenericScope     : BeanFactory id=73ec1c5f-ab23-3869-b031-c6e07a7e14c9
20:56:02:225  WARN 24580 --- [user-service] [main] trationDelegate$BeanPostProcessorChecker : Bean 'org.springframework.cloud.client.loadbalancer.LoadBalancerAutoConfiguration$DeferringLoadBalancerInterceptorConfig' of type [org.springframework.cloud.client.loadbalancer.LoadBalancerAutoConfiguration$DeferringLoadBalancerInterceptorConfig] is not eligible for getting processed by all BeanPostProcessors (for example: not eligible for auto-proxying). The currently created BeanPostProcessor [lbRestClientPostProcessor] is declared through a non-static factory method on that class; consider declaring it as static instead.
20:56:02:227  WARN 24580 --- [user-service] [main] trationDelegate$BeanPostProcessorChecker : Bean 'deferringLoadBalancerInterceptor' of type [org.springframework.cloud.client.loadbalancer.DeferringLoadBalancerInterceptor] is not eligible for getting processed by all BeanPostProcessors (for example: not eligible for auto-proxying). Is this bean getting eagerly injected/applied to a currently created BeanPostProcessor [lbRestClientPostProcessor]? Check the corresponding BeanPostProcessor declaration and its dependencies/advisors. If this bean does not have to be post-processed, declare it with ROLE_INFRASTRUCTURE.
20:56:02:445  INFO 24580 --- [user-service] [main] o.s.b.w.embedded.tomcat.TomcatWebServer  : Tomcat initialized with port 9005 (http)
20:56:02:459  INFO 24580 --- [user-service] [main] o.apache.catalina.core.StandardService   : Starting service [Tomcat]
20:56:02:459  INFO 24580 --- [user-service] [main] o.apache.catalina.core.StandardEngine    : Starting Servlet engine: [Apache Tomcat/10.1.33]
20:56:02:541  INFO 24580 --- [user-service] [main] o.a.c.c.C.[Tomcat].[localhost].[/]       : Initializing Spring embedded WebApplicationContext
20:56:02:541  INFO 24580 --- [user-service] [main] w.s.c.ServletWebServerApplicationContext : Root WebApplicationContext: initialization completed in 1209 ms
20:56:03:521  INFO 24580 --- [user-service] [main] m.e.s.MybatisPlusApplicationContextAware : Register ApplicationContext instances org.springframework.boot.web.servlet.context.AnnotationConfigServletWebServerApplicationContext@4422dd48
20:56:03:722  INFO 24580 --- [user-service] [main] o.s.b.w.embedded.tomcat.TomcatWebServer  : Tomcat started on port 9005 (http) with context path '/'
20:56:03:740  INFO 24580 --- [user-service] [main] c.a.n.p.a.s.c.ClientAuthPluginManager    : [ClientAuthPluginManager] Load ClientAuthService com.alibaba.nacos.client.auth.impl.NacosClientAuthServiceImpl success.
20:56:03:741  INFO 24580 --- [user-service] [main] c.a.n.p.a.s.c.ClientAuthPluginManager    : [ClientAuthPluginManager] Load ClientAuthService com.alibaba.nacos.client.auth.ram.RamClientAuthServiceImpl success.
20:56:03:771  INFO 24580 --- [user-service] [main] c.a.c.n.registry.NacosServiceRegistry    : nacos registry, DEFAULT_GROUP user-service 192.168.108.1:9005 register finished
20:56:03:781  INFO 24580 --- [user-service] [main] com.george.user.UserApplication          : Started UserApplication in 4.147 seconds (process running for 4.785)
20:56:03:794  INFO 24580 --- [user-service] [main] c.a.c.n.refresh.NacosContextRefresher    : [Nacos Config] Listening config: dataId=jdbc.yaml, group=DEFAULT_GROUP
20:56:03:796  INFO 24580 --- [user-service] [main] c.a.c.n.refresh.NacosContextRefresher    : [Nacos Config] Listening config: dataId=log.yaml, group=DEFAULT_GROUP
20:58:41:400  INFO 24580 --- [user-service] [http-nio-9005-exec-1] o.a.c.c.C.[Tomcat].[localhost].[/]       : Initializing Spring DispatcherServlet 'dispatcherServlet'
20:58:41:401  INFO 24580 --- [user-service] [http-nio-9005-exec-1] o.s.web.servlet.DispatcherServlet        : Initializing Servlet 'dispatcherServlet'
20:58:41:402  INFO 24580 --- [user-service] [http-nio-9005-exec-1] o.s.web.servlet.DispatcherServlet        : Completed initialization in 1 ms
20:58:41:541  INFO 24580 --- [user-service] [http-nio-9005-exec-1] com.zaxxer.hikari.HikariDataSource       : HikariPool-1 - Starting...
20:58:41:844  INFO 24580 --- [user-service] [http-nio-9005-exec-1] com.zaxxer.hikari.pool.HikariPool        : HikariPool-1 - Added connection com.mysql.cj.jdbc.ConnectionImpl@206311d0
20:58:41:845  INFO 24580 --- [user-service] [http-nio-9005-exec-1] com.zaxxer.hikari.HikariDataSource       : HikariPool-1 - Start completed.
21:44:23:806  WARN 24580 --- [user-service] [Thread-6] c.a.n.common.http.HttpClientBeanHolder   : [HttpClientBeanHolder] Start destroying common HttpClient
21:44:23:806  WARN 24580 --- [user-service] [Thread-8] c.a.nacos.common.notify.NotifyCenter     : [NotifyCenter] Start destroying Publisher
21:44:23:806  WARN 24580 --- [user-service] [Thread-1] c.a.n.common.executor.ThreadPoolManager  : [ThreadPoolManager] Start destroying ThreadPool
21:44:23:809  WARN 24580 --- [user-service] [Thread-8] c.a.nacos.common.notify.NotifyCenter     : [NotifyCenter] Destruction of the end
21:44:23:809  WARN 24580 --- [user-service] [Thread-1] c.a.n.common.executor.ThreadPoolManager  : [ThreadPoolManager] Destruction of the end
21:44:23:810  WARN 24580 --- [user-service] [Thread-6] c.a.n.common.http.HttpClientBeanHolder   : [HttpClientBeanHolder] Destruction of the end
21:44:23:814  INFO 24580 --- [user-service] [SpringApplicationShutdownHook] c.a.c.n.registry.NacosServiceRegistry    : De-registering from Nacos Server now...
21:44:23:827  INFO 24580 --- [user-service] [SpringApplicationShutdownHook] c.a.c.n.registry.NacosServiceRegistry    : De-registration finished.
21:53:33:496  INFO 26772 --- [user-service] [main] com.george.user.UserApplication          : Starting UserApplication using Java 21.0.11 with PID 26772 (E:\hmall\hm-user\user-service\target\classes started by lindu in E:\hmall)
21:53:33:497  INFO 26772 --- [user-service] [main] com.george.user.UserApplication          : The following 1 profile is active: "local"
21:53:33:542  INFO 26772 --- [user-service] [main] c.a.c.n.c.NacosConfigDataLoader          : [Nacos Config] Load config[dataId=log.yaml, group=DEFAULT_GROUP] success
21:53:33:542  INFO 26772 --- [user-service] [main] c.a.c.n.c.NacosConfigDataLoader          : [Nacos Config] Load config[dataId=jdbc.yaml, group=DEFAULT_GROUP] success
21:53:34:268  INFO 26772 --- [user-service] [main] o.s.cloud.context.scope.GenericScope     : BeanFactory id=73ec1c5f-ab23-3869-b031-c6e07a7e14c9
21:53:34:430  WARN 26772 --- [user-service] [main] trationDelegate$BeanPostProcessorChecker : Bean 'org.springframework.cloud.client.loadbalancer.LoadBalancerAutoConfiguration$DeferringLoadBalancerInterceptorConfig' of type [org.springframework.cloud.client.loadbalancer.LoadBalancerAutoConfiguration$DeferringLoadBalancerInterceptorConfig] is not eligible for getting processed by all BeanPostProcessors (for example: not eligible for auto-proxying). The currently created BeanPostProcessor [lbRestClientPostProcessor] is declared through a non-static factory method on that class; consider declaring it as static instead.
21:53:34:432  WARN 26772 --- [user-service] [main] trationDelegate$BeanPostProcessorChecker : Bean 'deferringLoadBalancerInterceptor' of type [org.springframework.cloud.client.loadbalancer.DeferringLoadBalancerInterceptor] is not eligible for getting processed by all BeanPostProcessors (for example: not eligible for auto-proxying). Is this bean getting eagerly injected/applied to a currently created BeanPostProcessor [lbRestClientPostProcessor]? Check the corresponding BeanPostProcessor declaration and its dependencies/advisors. If this bean does not have to be post-processed, declare it with ROLE_INFRASTRUCTURE.
21:53:34:648  INFO 26772 --- [user-service] [main] o.s.b.w.embedded.tomcat.TomcatWebServer  : Tomcat initialized with port 9005 (http)
21:53:34:660  INFO 26772 --- [user-service] [main] o.apache.catalina.core.StandardService   : Starting service [Tomcat]
21:53:34:660  INFO 26772 --- [user-service] [main] o.apache.catalina.core.StandardEngine    : Starting Servlet engine: [Apache Tomcat/10.1.33]
21:53:34:729  INFO 26772 --- [user-service] [main] o.a.c.c.C.[Tomcat].[localhost].[/]       : Initializing Spring embedded WebApplicationContext
21:53:34:729  INFO 26772 --- [user-service] [main] w.s.c.ServletWebServerApplicationContext : Root WebApplicationContext: initialization completed in 1185 ms
21:53:35:633  INFO 26772 --- [user-service] [main] m.e.s.MybatisPlusApplicationContextAware : Register ApplicationContext instances org.springframework.boot.web.servlet.context.AnnotationConfigServletWebServerApplicationContext@5e2a3040
21:53:35:793  INFO 26772 --- [user-service] [main] o.s.b.w.embedded.tomcat.TomcatWebServer  : Tomcat started on port 9005 (http) with context path '/'
21:53:35:808  INFO 26772 --- [user-service] [main] c.a.n.p.a.s.c.ClientAuthPluginManager    : [ClientAuthPluginManager] Load ClientAuthService com.alibaba.nacos.client.auth.impl.NacosClientAuthServiceImpl success.
21:53:35:808  INFO 26772 --- [user-service] [main] c.a.n.p.a.s.c.ClientAuthPluginManager    : [ClientAuthPluginManager] Load ClientAuthService com.alibaba.nacos.client.auth.ram.RamClientAuthServiceImpl success.
21:53:35:841  INFO 26772 --- [user-service] [main] c.a.c.n.registry.NacosServiceRegistry    : nacos registry, DEFAULT_GROUP user-service 192.168.108.1:9005 register finished
21:53:35:852  INFO 26772 --- [user-service] [main] com.george.user.UserApplication          : Started UserApplication in 3.92 seconds (process running for 4.461)
21:53:35:869  INFO 26772 --- [user-service] [main] c.a.c.n.refresh.NacosContextRefresher    : [Nacos Config] Listening config: dataId=jdbc.yaml, group=DEFAULT_GROUP
21:53:35:871  INFO 26772 --- [user-service] [main] c.a.c.n.refresh.NacosContextRefresher    : [Nacos Config] Listening config: dataId=log.yaml, group=DEFAULT_GROUP
21:54:04:569  INFO 26772 --- [user-service] [http-nio-9005-exec-1] o.a.c.c.C.[Tomcat].[localhost].[/]       : Initializing Spring DispatcherServlet 'dispatcherServlet'
21:54:04:570  INFO 26772 --- [user-service] [http-nio-9005-exec-1] o.s.web.servlet.DispatcherServlet        : Initializing Servlet 'dispatcherServlet'
21:54:04:571  INFO 26772 --- [user-service] [http-nio-9005-exec-1] o.s.web.servlet.DispatcherServlet        : Completed initialization in 1 ms
21:54:04:707  INFO 26772 --- [user-service] [http-nio-9005-exec-1] com.zaxxer.hikari.HikariDataSource       : HikariPool-1 - Starting...
21:54:04:959  INFO 26772 --- [user-service] [http-nio-9005-exec-1] com.zaxxer.hikari.pool.HikariPool        : HikariPool-1 - Added connection com.mysql.cj.jdbc.ConnectionImpl@3597d35e
21:54:04:961  INFO 26772 --- [user-service] [http-nio-9005-exec-1] com.zaxxer.hikari.HikariDataSource       : HikariPool-1 - Start completed.
22:03:55:151  WARN 26772 --- [user-service] [Thread-8] c.a.nacos.common.notify.NotifyCenter     : [NotifyCenter] Start destroying Publisher
22:03:55:151  WARN 26772 --- [user-service] [Thread-1] c.a.n.common.executor.ThreadPoolManager  : [ThreadPoolManager] Start destroying ThreadPool
22:03:55:152  WARN 26772 --- [user-service] [Thread-8] c.a.nacos.common.notify.NotifyCenter     : [NotifyCenter] Destruction of the end
22:03:55:153  WARN 26772 --- [user-service] [Thread-1] c.a.n.common.executor.ThreadPoolManager  : [ThreadPoolManager] Destruction of the end
22:03:55:159  WARN 26772 --- [user-service] [Thread-6] c.a.n.common.http.HttpClientBeanHolder   : [HttpClientBeanHolder] Start destroying common HttpClient
22:03:55:174  WARN 26772 --- [user-service] [Thread-6] c.a.n.common.http.HttpClientBeanHolder   : [HttpClientBeanHolder] Destruction of the end
22:03:55:178  INFO 26772 --- [user-service] [SpringApplicationShutdownHook] c.a.c.n.registry.NacosServiceRegistry    : De-registering from Nacos Server now...
22:03:55:188  INFO 26772 --- [user-service] [SpringApplicationShutdownHook] c.a.c.n.registry.NacosServiceRegistry    : De-registration finished.
